dim,e_v,e_m
0,-0.01344506516,0.007658058154
1,-0.002409559811,0.003165530154
2,0.01100603101,0.01041267692
3,0.01895493139,0.009550288993
4,0.006471832059,0.003323465502
5,0.002595496556,0.001050008175
6,0.00917463309,-0.001300578503
7,-0.0006742382804,-0.01814670883
8,0.02289496147,-0.0131167252
9,-0.02345611365,0.01552073147
10,-0.01293317085,0.01214314766
11,-0.02214760464,0.0302021755
12,0.007033251469,0.02061041123
13,0.001209391355,-0.004674898628
14,0.00251446661,-0.04131363246
15,0.004938103667,-0.0005266226446
16,-0.006567373484,0.006779828721
17,0.01818110778,0.0156981112
18,0.001272008237,0.00168023162
19,-0.00780428456,0.05396450475
20,-0.007235362893,0.03528108522
21,-0.01095597099,-0.007373278969
22,0.02027115992,-0.01097128768
23,0.01443022301,-0.00738928524
24,-0.03370773675,-0.005740202909
25,0.001990165915,-0.001541741384
26,-0.004611127562,0.02980553253
27,0.002678105244,-0.0004424902104
28,-0.01506178661,0.001622992285
29,0.002160630422,-0.0102659186
30,-0.01816272812,-0.000301123836
31,0.01650553766,0.03223755103
32,-0.04009712699,-0.04999527941
33,-0.003888716694,-0.01289819591
34,0.005657038291,0.001602562138
35,-0.003621231952,-0.001863274297
36,-0.007336819325,-0.03179522302
37,-0.0206484806,-0.02351102796
38,-0.006338962661,0.002001399721
39,-0.01890086128,0.02508505235
40,0.01414466759,0.006265977278
41,-0.001579460608,0.002794957383
42,-0.00606674106,-0.002539297508
43,0.01100494483,0.006303922219
44,-0.01562163575,-0.00429473621
45,-0.01563931394,0.004826178204
46,0.02479780617,-0.08980966965
47,-0.01409761542,0.002719944804
48,-0.01602604187,-0.00857146654
49,-0.02502200622,0.0387690892
50,-0.00260164537,0.008448305163
51,0.003475689175,-0.01494745329
52,-0.003530928805,-0.002634477489
53,0.002795869761,0.002704294646
54,-0.01369748678,-0.01782851017
55,0.01182938799,-0.00917743586
56,-0.0004138548682,0.002477747454
57,-0.0009084971979,0.001510658737
58,-0.0009895021182,-0.006757725134
59,-0.00672465514,-0.02571221575
60,-0.02019690515,0.0007129442172
61,0.01117519221,0.009874051709
62,-0.00268044475,-0.002475642158
63,0.004173704098,-0.01081392372
64,-0.003446957893,0.002548617566
65,-0.00639072702,-0.0003512904261
66,-0.02402942993,0.02152832431
67,0.007172236601,0.008368996949
68,-0.01165935039,-0.04364999538
69,-0.009304027206,0.01665680609
70,0.007404858076,-0.007363202084
71,0.0004055587751,-0.008445618977
72,0.01043077627,-0.00449872796
73,0.003611298627,0.01076202596
74,0.00681483274,0.005146727451
75,0.001053656048,0.009984190117
76,-0.002034678303,-0.007833241373
77,0.02006106197,-0.007332218678
78,0.0145566429,0.01662474299
79,-0.01054311041,-0.002426625667
80,0.01010658988,0.003564935936
81,-0.004777530956,-0.001564679116
82,-0.002285078285,0.001286131883
83,0.02399420735,0.02063212603
84,-0.002962574835,-0.00232557626
85,0.001369730419,0.0002978286881
86,0.004006999222,-0.002081523706
87,0.01018525556,0.002450714301
88,-0.0006758423423,0.004187484686
89,0.02171972302,-0.04476752284
90,0.0009723921858,-0.001866309833
91,-0.002864142616,0.00320889001
92,0.001214337319,0.001239140012
93,-0.004392674489,-0.002179845139
94,-0.001102504669,-0.01256624468
95,0.01945783648,-0.01592637308
96,-0.02383393578,0.03786718433
97,0.0159391051,-0.009446931167
98,0.0006882654307,0.007491309493
99,-0.0686419754,-0.04087130954
100,0.01813017902,0.006279581519
101,-0.02933598201,0.002727491961
102,0.0007743163574,0.01078497074
103,0.009221485241,0.003997577431
104,0.006929689828,-0.009891827887
105,-0.0009415809909,-0.008076187032
106,-0.002745292072,-0.009312699613
107,-0.02929992419,0.01799709337
108,-0.004425490656,-0.002912167453
109,-0.008099146996,0.002472230746
110,-0.010591583,-0.01185918284
111,-0.02009302603,-0.008144122284
112,-0.003213108426,0.009667696709
113,-0.009813482087,-0.00413033944
114,0.001081200751,-0.0005963019915
115,0.02260115166,0.002809273082
116,0.009515879487,0.006967358519
117,0.007603593861,-0.001408205604
118,-0.006730218771,-0.003292662034
119,0.005128969536,0.02413523548
120,-0.01966790097,0.007603536576
121,0.008007849447,0.005849858544
122,0.01144270201,0.001387368746
123,0.009975575313,-0.001947096839
124,-0.005069018069,-0.00415519432
125,0.01571874837,-0.01542924201
126,-0.007063060426,0.009776279506
127,0.00282046555,-0.008437969721
128,0.01278539714,0.003293523943
129,-0.005433005081,-0.01342757572
130,-0.02242290067,-0.004866273432
131,-0.001853253134,-0.00458797558
132,-0.01881938865,-0.004416541353
133,0.01687858091,0.004692107329
134,-0.02290164472,0.01776111525
135,-0.009450647893,-0.01940570004
136,-1.456962426e-05,0.004795454328
137,0.003171971108,0.002564119406
138,-0.01127039933,-0.009528722598
139,0.003016126856,0.01234165186
140,-0.003876702955,-0.01242328541
141,0.009090687758,-0.006492687335
142,-0.00649489036,-0.0008849167856
143,0.09243320218,-0.008396862285
144,-0.03093315398,-0.04461586854
145,-0.05223077606,-0.01408260699
146,-0.01378151598,-0.0009604934833
147,-0.004961813614,0.001643319068
148,-0.01779783886,0.004636515266
149,0.009338731647,0.004575443761
150,0.009650837267,-0.006567387293
151,-0.003562341576,-0.001137595519
152,-0.01102025031,-0.00266004723
153,-0.01084181609,-0.00770946157
154,-0.01181019799,-0.00403315504
155,0.009674881558,-0.005764266155
156,-0.0117198024,0.006611561019
157,-0.07252619692,0.03594076106
158,-0.002441774458,0.008107391516
159,0.004363567469,0.007658583032
160,0.04565929223,-0.01128461478
161,0.009273065158,0.04807620444
162,0.01916122026,-0.01234887085
163,-0.002246347056,0.00416210859
164,0.009246582003,0.006067362214
165,0.02424718061,-0.005932225137
166,-0.03167406098,0.002117949609
167,0.02958136924,0.01526431648
168,0.01991302074,0.005552187629
169,-0.005483499664,0.007953561901
170,0.018943001,0.003716327283
171,0.0260960725,0.003082335966
172,-0.008227270981,-0.0251508316
173,0.00428958035,0.04169763434
174,0.001239835144,0.01337633212
175,-0.01277503771,0.007839019669
176,0.01104955758,-0.006470519377
177,-0.01141439708,0.01365142068
178,-0.005055550571,0.00828258477
179,-0.02306741397,0.006547851437
180,0.02170969759,-0.05295627183
181,-0.004902998328,-0.008305735402
182,0.006682564877,-0.01222843568
183,-0.008320808176,-0.005058119614
184,-0.03731318716,-0.002346647697
185,0.01686177184,-0.004271521093
186,0.005963546624,0.01042584164
187,-0.004683844045,-0.02492297817
188,-0.01237504276,0.006740519843
189,0.004434279554,0.007715141768
190,-0.03109329279,-0.004726355829
191,-0.01607384606,-0.0008657907162
192,0.0003151968827,0.004836211439
193,-0.005699946855,0.01510400658
194,0.006124687486,-0.007046999367
195,-0.005827636477,0.006652232139
196,-0.00125726267,-0.003342846365
197,-0.004746669644,0.0009111346479
198,-0.0006410878814,0.01072258611
199,-0.02598925217,0.005275075954
200,0.01089568536,0.002034277469
201,0.00244398012,0.0009823328352
202,0.004528350876,-0.003156586472
203,0.01511889786,0.007724780127
204,-0.01258796459,-0.008158102971
205,-0.008480945875,0.0005544776763
206,-0.002934019645,-0.01733188857
207,-0.01419445182,-0.02660846921
208,0.005687314989,0.003791092489
209,0.02553553885,0.004443457064
210,-0.004063608916,0.0009624228638
211,0.00136017277,0.01250061827
212,0.02669416851,0.01900843076
213,0.009816121988,0.01221463201
214,0.004936449644,-0.006796909399
215,0.007360178567,-0.0002010553821
216,0.01487775489,0.02132949788
217,-0.0385812274,-0.00658900603
218,0.001449857888,0.004120853629
219,-0.01782908441,-0.0119131305
220,0.002727630639,0.01425876303
221,-0.009944337806,-0.006213423143
222,-0.01225672684,0.004476571851
223,-0.008680483776,0.004912991178
224,-0.01445000649,-0.01063567029
225,-0.002644152936,-0.001697588609
226,0.01057475729,0.003111863958
227,0.01763222004,0.01210722323
228,-0.004180304071,-0.01819279594
229,0.003256401115,-0.008930470653
230,0.001114618519,0.002640860995
231,0.01243267192,0.007551129655
232,-0.01537668314,0.003484622151
233,0.01075766961,-0.008618265181
234,-0.01031187573,0.002302204781
235,-0.004371053086,-0.008334181544
236,0.003539216185,0.01753823865
237,0.0007507649744,-0.003060526802
238,-0.01774687662,0.01442467789
239,-0.002544267235,-0.007314519166
240,-0.01371359411,0.004693949225
241,-0.0002419618183,0.01234314804
242,-0.01751986909,0.003194100887
243,-0.01586374801,0.005211770922
244,-0.02316624722,0.01371075474
245,-0.02200698243,0.005589078714
246,-0.01030633662,0.003682936337
247,-0.007902833924,0.003134125691
248,-0.001300789416,-0.003744499903
249,-0.009019407463,0.01195274775
250,-0.001415111698,0.006195054352
251,-0.01364669153,0.002769334964
252,-0.003021306677,0.02121670672
253,0.00246222629,-0.01011506511
254,-0.0294983091,-0.01442857879
255,-0.04042448837,-0.01738137878
256,-0.003320546717,-0.01074453734
257,-0.01366375131,-0.0689959232
258,0.002162601817,-0.005535071399
259,-0.0515170713,0.02318151009
260,0.01011093424,0.001287895247
261,-4.479661577e-05,-0.002841725205
262,0.01200602638,0.006141407643
263,-0.006754346336,-0.007347596677
264,0.005828004294,0.01908630132
265,0.01112539951,0.007782582917
266,0.004838668772,-0.0001394006968
267,0.007908297774,0.005885209139
268,0.01291910191,-0.01560406481
269,0.004078947661,0.003346865146
270,-0.009399368177,-0.003204848618
271,-0.0004432542522,0.002609728342
272,0.008368561568,0.009796608135
273,-0.02786412682,-0.01210705739
274,-0.007276366522,-0.01029322415
275,-0.01088856735,0.002440317939
276,-0.006076014555,0.008499428193
277,-0.02358176197,-0.05947717202
278,0.003248147064,0.006427328442
279,-0.008113516539,-0.009421745915
280,-0.006777421528,-0.01293258444
281,0.00832434976,0.0003064582756
282,-0.009395625621,-4.27979594e-05
283,-0.001476433433,0.01786832432
284,-0.007185904419,-0.02320910031
285,0.007028405949,0.005870646179
286,0.01997998985,-0.02320259325
287,-0.01280998839,-0.003239952183
288,-0.002951998127,0.00814957798
289,0.0318693217,-0.03118506026
290,0.005490968336,-0.005670671863
291,0.03747924032,-0.05330918728
292,-0.01461156498,-0.003528561151
293,-0.01917047661,-0.0007691378189
294,-0.01063041427,-0.01396555054
295,0.0006301266869,0.02128364495
296,0.003713791329,0.009815517194
297,0.007168894769,0.01352786521
298,0.0168939531,-0.006705033931
299,-0.006803470799,0.01741116049
300,-0.01227919201,-0.005467792667
301,0.01894811445,-0.01520967603
302,-0.007819707201,0.01610596816
303,-0.001115821579,-0.02098451407
304,0.005033394625,0.00207637746
305,0.001492841784,-0.01227385528
306,0.007291504878,0.007280657132
307,-0.02115382509,-0.001830595658
308,0.000412142039,0.00893422504
309,-0.003916770986,-0.004930076812
310,0.01590515269,-0.003086696368
311,0.009906985317,0.001017105162
312,-0.007712277043,0.004690106684
313,-0.005022166218,-0.01464590825
314,-0.003323603239,-0.03678210363
315,0.009717105038,-0.007027561568
316,-0.007301730646,0.005539159591
317,0.005161602048,-0.002389908552
318,-0.002653576789,-0.001662360764
319,-0.007031146276,0.005494058694
320,0.008735205428,0.001035793235
321,-0.0008508514069,-0.002107406729
322,-0.009198443643,0.0243164321
323,-0.0129401551,0.01130286726
324,-0.02416946742,0.02118240702
325,-0.005865745187,0.007935227394
326,-0.007071381418,-0.005281738171
327,0.01444997305,-0.003893780533
328,-0.004833355305,0.01484014764
329,-0.006839428048,-0.004302052058
330,-0.01466815794,-0.04778345506
331,0.009080862922,-0.004204526153
332,0.02315685699,0.01437916727
333,0.01226374486,-0.001093316476
334,-0.01821933813,0.0365760855
335,-0.001792933914,-0.0119778447
336,-0.007021597196,-0.004295370476
337,0.005251479464,-0.004860245018
338,0.001348610236,0.01130902358
339,-0.02581556338,-0.004736198971
340,-0.0002793400435,-0.02787676692
341,1.273243843e-05,-0.01244306081
342,-0.01729647112,0.0001548100003
343,-0.008352621056,-0.004804098296
344,0.01854878783,-0.006546909111
345,5.393632457e-05,0.004301408726
346,-0.001894239969,-0.001190692939
347,0.0005449781448,-0.002069810231
348,-0.02036048571,0.008995530208
349,-0.009455510112,-0.00728705162
350,-0.003552015277,0.01436862862
351,-0.0121308755,-0.002494203284
352,-0.001048760395,-0.0007545031324
353,0.005060212513,0.00921378609
354,-0.008269945616,-0.002197770364
355,0.01558851866,-0.004036097605
356,0.0006039939997,-0.003843587422
357,-0.006485232491,0.003533272328
358,0.007286625791,0.009596865944
359,-0.007469287463,-0.01007562734
360,-0.00320583985,-0.006246016109
361,0.005014513536,-0.01117878152
362,0.04635326346,-4.975761105e-07
363,0.003650764885,-0.007022350409
364,0.00269294428,-0.02588045597
365,0.01837017374,0.02444480178
366,-0.009119159603,0.02053671907
367,-0.002667411768,0.006850035841
368,0.004166302196,0.003197576284
369,-0.02017755629,0.03234824598
370,0.000537125046,-0.01146600797
371,0.0005184444539,0.001631741787
372,0.004609188509,-0.01093998302
373,-0.01273867914,0.001716033035
374,0.00974504234,-0.00140749363
375,-0.005927689331,-0.005512059475
376,0.03592036473,-0.08809815022
377,0.01454922389,0.005852209991
378,0.008862009187,-0.01427431696
379,-0.01778610927,-0.005932267578
380,0.007558112312,0.004034559869
381,-0.01500009742,-0.009780121011
382,-0.003569292384,0.03942722452
383,-0.003065234238,0.008472663872
384,0.01246819077,-0.003736123101
385,0.0417936844,0.05190279972
386,0.01747592492,-0.008765336609
387,-0.02958547961,-0.003985459188
388,0.005531855191,0.00838906914
389,0.01607775575,0.004735035899
390,-0.01463575956,-0.002143217634
391,0.01313554921,-7.802639535e-05
392,-0.008469951404,-0.0341255619
393,-0.0009939131771,-0.04363602782
394,-0.03584898447,-0.00787475209
395,0.000671364514,0.00876337193
396,0.01425852228,0.00590938366
397,0.003087139779,-0.02274905512
398,-0.005071524525,0.01357524609
399,-0.003682537296,0.06016221097
400,-0.01114631949,0.004398116391
401,0.001650038993,0.01531212331
402,0.01153413319,0.01511519684
403,0.001672412419,-0.004117218342
404,-0.005795254774,0.03697218204
405,-0.004957536108,0.01175807312
406,0.006456643505,-0.005370338896
407,0.009163037423,-0.001534430782
408,0.005309927143,0.00434153943
409,-0.01522583478,-0.0122944754
410,0.002324544527,-0.02650764657
411,-0.005615600026,-0.005537280805
412,-0.007795345529,-0.009940069307
413,0.0008431655184,-0.005361595917
414,-0.005175203317,0.01598138918
415,-0.005114733359,0.00565973956
416,0.006092405858,-0.01145913842
417,0.01129837021,-0.002598589659
418,-0.01963688082,-0.001890856172
419,0.007671164805,-0.003710806788
420,0.005721267279,0.04931551757
421,-0.01316876656,-0.001641311124
422,-0.01292548481,0.001803828902
423,0.02367508377,-0.01563596718
424,-0.001044775303,0.008724791193
425,-0.01550654472,0.004977317582
426,0.003726155777,-0.01011641693
427,0.003262549985,-0.01301614866
428,0.05066464851,-0.006852814455
429,0.002725224557,-0.002723785207
430,0.0001971651303,-0.006737824891
431,-0.01141204084,0.00407261691
432,0.02177118692,-0.02877877664
433,0.02215729586,0.01661718664
434,-0.01162038447,0.0008187555776
435,0.03347591717,-0.01656669529
436,0.03369206406,0.004440587688
437,0.004233154302,-0.004142847387
438,0.002533640045,-0.01035768127
439,-0.01734933808,-0.00800301188
440,0.008698395773,0.003207281088
441,0.002324594924,-0.003847255929
442,0.01004309598,0.00961514336
443,-0.01487671886,0.002797331167
444,-0.01837772172,0.001299583821
445,-0.0134078043,-0.005325188553
446,0.004169510124,-0.007728010105
447,0.001872067292,0.006302786394
448,-0.007715994862,0.003349654122
449,-0.008837012882,0.004360512829
450,0.005994792428,-0.0165172412
451,0.01758760728,-0.000128923943
452,0.0006016882939,-0.01257362293
453,-0.003970690768,0.002526414719
454,0.003821931176,0.002828230167
455,0.001616320343,-0.0004988537813
456,0.04378204523,0.009985047904
457,0.01662507314,-0.006541427383
458,-0.003079792573,-0.1434930754
459,-0.002151874883,0.00938173307
460,0.02236990021,0.008872412478
461,0.009965934198,0.01093324311
462,0.00261700103,-0.0003794342985
463,-0.01131835394,0.01433171545
464,0.005135184973,-0.02268364179
465,-0.01481132011,-0.01022072144
466,0.01719414563,-0.009327744179
467,-0.001760017217,0.004341049849
468,0.02088501209,-0.002222632148
469,0.0003996105589,-0.006507438657
470,0.02010874913,-0.005864748138
471,0.01338491293,-0.01758503278
472,0.0002255223695,0.01409482538
473,-0.01362303203,0.001191761912
474,-0.02117837046,0.01130155132
475,-0.02224324657,0.03009493476
476,-0.023620262,-0.01241978316
477,-0.004924653022,-0.01363738078
478,0.01186069215,0.01365588773
479,0.009527024365,0.01853852009
480,0.01029284421,0.0006304959463
481,0.005596151017,-0.002439981401
482,-0.04893450738,-0.004969753798
483,0.01078450416,-0.007940116621
484,-0.01679172805,0.000557997531
485,-0.004339606902,0.006971704537
486,0.002274852475,0.001783756564
487,-0.008651477006,0.004459449796
488,0.01305170389,0.001993861254
489,0.006894133077,-0.003200589768
490,0.0168787815,-0.01403423371
491,-0.007946093331,0.009918086626
492,-0.008572761334,-0.001568388821
493,0.002488726528,-0.006333244023
494,-0.004111814279,-0.0007494658498
495,-0.02712676222,0.01265127204
496,-0.0137013801,-0.01423892693
497,0.00496405262,0.003994021499
498,-0.0118232308,0.00133669318
499,0.00274410569,0.001021410517
500,0.01090758194,0.0002766449955
501,0.02071822382,0.03240335082
502,0.003212323153,0.03928037472
503,0.001399680978,0.02826576255
504,0.01001291969,-4.333654137e-05
505,0.01812205897,0.001700381393
506,-0.00474132272,-0.004539328447
507,-0.02299541528,0.03454348541
508,0.0005769922289,0.006619548505
509,0.005642936072,-0.001409342101
510,-0.001399271681,0.01158248507
511,0.006014876557,3.637138924e-05
512,0.001049186512,-0.02110855619
513,0.0003111535075,-0.0002719433362
514,-0.00835452604,0.005962256517
515,-0.01052060365,-0.01861871014
516,0.01048553147,-0.02027207931
517,-0.01375608504,0.01174050449
518,-0.0001989699025,0.0007248383563
519,-0.0135117673,-0.004003127318
520,0.001428144625,-0.01832605875
521,-0.004773470801,0.001675117023
522,0.003940848547,0.001693936923
523,-0.007678216073,0.06401691025
524,-0.01263279466,-0.00573914379
525,-0.01422791157,-0.0228081823
526,0.01483319214,-0.008114018766
527,-0.005083387593,0.0005276533653
528,0.003801011563,-0.01029367495
529,0.01673066104,0.01167123552
530,-0.01778791376,-0.009471380504
531,0.002916976203,-0.0009909420647
532,-0.008418521164,-0.002348566908
533,0.01096499406,0.001138834556
534,0.02457196855,-0.002908984625
535,0.001198697872,0.008401076121
536,0.04107118999,-0.02781533939
537,-0.004572094802,-0.0004307824738
538,0.01264952036,-0.001380885518
539,-0.00167538642,0.0002177767555
540,0.003432747149,-0.01382646987
541,-0.05301920343,-0.02003868662
542,-0.04458801621,0.02572447626
543,-0.006556111801,0.007721563609
544,-0.01560399141,0.0386089162
545,0.008039496327,8.883806232e-05
546,-0.006743953466,-0.005359665869
547,0.01761634643,-0.02736737015
548,0.03450077553,-0.02904263034
549,0.002458099152,-0.0006600520563
550,0.02024071613,-0.02132851114
551,-0.001306136219,0.003598814235
552,-0.0003105184989,0.017222708
553,-0.003487376886,-0.003752828954
554,0.01724514129,-0.01653306005
555,-0.001741169517,0.01614696343
556,0.007172269839,0.01002684609
557,5.82138308e-05,0.005281343693
558,-0.002037585786,0.01114835394
559,-0.01448278936,-0.01609823269
560,0.004977319429,-0.001876261072
561,-0.005029016841,0.006093077053
562,0.0298029291,-0.03593163072
563,0.04368192547,0.008065105895
564,0.0074473991,0.03300731239
565,-0.002280800798,-0.001602081904
566,0.0225382594,0.01471887419
567,-0.005451652164,-0.0002250872371
568,0.009263274119,-0.01218080751
569,-0.03270923284,0.007699332372
570,-0.02342341438,-0.003149110213
571,0.008795975782,0.01058587582
572,-0.03061103971,-0.03534032814
573,0.02791786298,-0.01267147841
574,0.002232144476,0.0005170609018
575,-0.01535008243,-0.0002536783938
576,0.003935518474,-0.005075404716
577,0.008692063047,-0.00685883215
578,0.01860992598,0.02221974676
579,-0.01481656662,0.004148246809
580,-0.007635825556,0.009964927251
581,0.009463613989,0.004841504981
582,-0.002840716775,0.006565745445
583,-0.03070845243,-0.0004536287701
584,-0.01783683752,0.002360540021
585,-0.0006847315248,-0.0112086104
586,0.01945142016,0.01714866548
587,0.002049549634,-0.02223700816
588,0.008077826482,-0.002423268475
589,0.01578565079,-0.008299831062
590,0.008557923774,-0.0007346229033
591,-0.004318787495,0.0002965287934
592,0.01148604474,-0.005141291213
593,-0.01642921147,0.0007421572129
594,0.005036870101,0.006423770008
595,-0.03645211018,-0.002825045151
596,0.006033122753,0.002747296512
597,-0.003273744997,0.03071709579
598,0.005829173485,-0.01850610923
599,-0.03214735802,0.003208740456
600,0.001384500964,0.005764548912
601,0.001294606924,0.003134010813
602,-0.009124506593,-0.004348816253
603,-0.006603682066,0.0004781452197
604,0.00228608088,-0.003154205884
605,-0.01378567648,0.005151710947
606,0.01352680536,6.919062306e-05
607,0.01334668306,-0.004649092904
608,0.1233155622,-0.05611578814
609,-0.0001659361945,-0.001635747375
610,-0.009774182617,0.001543479749
611,-0.01485292541,0.0102355171
612,-0.01340239074,0.01838883136
613,0.0283766228,0.0006548602142
614,0.002013023581,-0.001684323436
615,-0.01933649616,-0.0121687974
616,-0.017646623,-0.02012352789
617,-0.008697694063,0.01542280088
618,-0.00672236559,0.00179273877
619,0.005392703308,-0.002425861397
620,-0.006544482565,-0.004584132744
621,0.01453366804,-0.00632628647
622,-0.02111024839,-0.005916281271
623,0.01810367886,-0.01215529115
624,-0.01526754058,-0.01981019323
625,0.002421255849,0.003372232427
626,-0.005433681866,-0.005080984851
627,0.01139285906,-0.001333139366
628,-0.02086526217,0.003410355722
629,-0.006904158512,0.005195109582
630,0.01227998582,-0.01534899541
631,0.003101868569,0.0138907953
632,0.00627276195,-0.01591141872
633,-0.00914793259,0.004020976125
634,0.004180437692,0.005303163733
635,0.01078052735,-0.0260967804
636,-0.003099771715,-0.0108177062
637,0.03529819307,0.00433263442
638,-0.002122157819,-0.003421688046
639,-0.00672610005,-0.0007083396593
640,0.001895393063,0.005597971646
641,0.01463086369,0.02176333959
642,-0.001749858125,-0.003422170127
643,-0.01011778488,-0.002906426743
644,0.0008222123963,0.01356388542
645,0.003509641472,-0.008277883887
646,-0.004735708583,-0.01059986726
647,0.03260484795,0.006759617208
648,-0.004464656517,0.01163229474
649,0.02124819724,-0.01070727575
650,-0.02179631697,0.0001812386425
651,0.002142150275,-0.01094740338
652,0.01171096371,0.00621971726
653,-0.02004776148,-0.001719919251
654,-0.01183853622,0.002696010015
655,0.003517143937,0.009489789929
656,-0.0003778890273,-0.00957204431
657,-0.0141310332,-0.006908495197
658,0.006621944934,-0.01053918243
659,0.02842818622,-0.003683657295
660,0.0340922094,-0.009310136584
661,0.008635102276,0.0005742001859
662,0.02572612007,-0.05766578952
663,0.003807703583,-0.01384417714
664,0.01341886529,-0.02512317708
665,-0.004630233688,-0.005443508875
666,-0.02259617228,0.008544447122
667,0.00345253039,0.002266303951
668,0.005147349348,-0.001846529026
669,-0.002416677828,0.01244959751
670,0.00968622697,-0.001577989303
671,0.002837708913,0.0006840210324
672,-0.00248628709,-0.003032662578
673,-0.009071706576,-0.00397193418
674,0.001623672317,0.003184628852
675,-0.004702090222,-0.001707880506
676,0.008571675451,0.0008656757774
677,0.02237187192,0.001498793607
678,0.01372109685,0.001881135013
679,0.007083612618,-0.01233886934
680,0.002972583568,0.003295675502
681,-0.01425835491,0.0001702631918
682,-0.02896450944,0.002850925551
683,-0.006703651458,-0.003164190511
684,0.03095434062,0.01929201089
685,-0.01371385335,0.01388273352
686,-0.02083015229,0.01612102507
687,-0.01203573469,0.01077929236
688,-0.008876646534,-0.01758592123
689,-0.02375186141,-0.03155600216
690,0.003309635652,-0.007017934756
691,0.0004008469545,-0.001393815287
692,-0.005550101237,-0.008867059998
693,0.005643771373,-0.00212590977
694,0.02398652152,-0.003757283385
695,-0.004741456709,-0.1172612556
696,0.00339271242,-0.00113747135
697,0.00760483035,0.0006780846802
698,0.03575107021,0.01279082723
699,0.01131561386,-0.01520543247
700,0.01433083851,0.005150683882
701,0.0147770668,-0.007471088489
702,-0.0216537225,0.007231798209
703,-0.000637462003,0.01131793161
704,-0.00190154178,-0.008979370382
705,-0.0051648604,0.01095265984
706,0.002921019896,-0.004096623097
707,0.01312856438,-0.05238001173
708,-0.004704463025,0.0004825023112
709,-0.002562479773,-0.001503190689
710,0.01439346345,-0.008075899728
711,-0.03489764594,-0.002496154772
712,-0.009216639592,0.003460420103
713,0.01345268461,0.01322133602
714,0.006711805483,-0.0002642228462
715,0.01398352697,-0.0008864095594
716,-0.03452690898,-0.016148283
717,0.01592289755,0.01192749864
718,-0.008760152109,-0.02238709541
719,-0.001670006332,0.01088476551
720,0.008075954798,-0.0009946051271
721,-0.006545150787,0.004541775895
722,0.0008108170363,-0.00453258369
723,-0.008855960991,-0.002429623862
724,-0.001782473997,-0.01561473266
725,0.01661785492,-0.00447038695
726,-0.007182428894,-0.004217834283
727,0.02223803364,0.01593502633
728,0.00867587246,-0.02492473553
729,-0.001210327431,0.005016804752
730,-0.0004209979195,0.003164119877
731,0.003198655125,0.006434787523
732,0.04362237484,-0.0003438647924
733,0.01386720766,0.007674779062
734,-0.002858277786,0.002887314735
735,-0.0005797995494,0.01548040665
736,-0.01689686027,-0.01994551828
737,-0.005204894772,0.003553730215
738,-0.006111119938,-0.01336905365
739,-0.007694657572,0.001672711847
740,0.006408120865,-0.0022184586
741,-0.01111111357,0.003309029602
742,0.01122197662,0.00246284371
743,-0.04171331417,0.02258759406
744,0.02141508579,-0.001914008561
745,-0.02096387817,0.003122384216
746,0.007446730475,-0.004033268556
747,-0.02071685336,0.0003429523638
748,-0.01438367195,-0.00885213274
749,0.006584316424,0.0003952617514
750,0.1018743431,0.06711313988
751,-0.003884288896,0.01532795404
752,0.007222162681,-0.004285534525
753,-0.002870625565,-0.01410171231
754,-0.002101447179,-0.009871360336
755,0.01574701967,0.004873447788
756,-0.02916227589,0.03342291911
757,-0.005327087219,0.002007978789
758,0.007196732046,-0.001917086538
759,0.009111189511,0.01180805218
760,0.01644612086,0.0109645883
761,0.002996142889,0.009991116141
762,-0.005492112996,0.0113484822
763,0.008724507446,-0.00591949927
764,-0.001009820147,-0.001006654538
765,-0.009149335971,-0.004429862174
766,-0.0006954251297,-0.004224469287
767,-0.01470705676,-0.03180359247
768,0.02023951285,-0.07422951324
769,-0.002554860476,0.002180372778
770,0.000705684463,-0.006891110383
771,0.005975710911,-0.008517779129
772,0.01933983816,0.04485394144
773,0.0223449704,-0.004562015801
774,3.863116698e-05,-0.006076864412
775,-0.0007342901219,0.07643126779
776,0.01534994911,0.007801025226
777,0.004365129829,-0.01349010127
778,0.001045878097,0.005831762602
779,-0.0004537807305,0.007706760271
780,0.005536132592,-0.008239080708
781,-0.002609381523,0.005294836714
782,0.0002714195227,0.008597619743
783,0.01089528439,0.0004847448605
784,0.05771660638,0.004312328196
785,0.008917817243,-0.002801692659
786,0.003649027342,0.004906141973
787,0.02593090507,0.01265305556
788,0.01161443624,-0.007609856323
789,0.009287067686,-0.01977094429
790,-0.006928018893,0.005746824963
791,-0.03493627698,0.02985178105
792,-0.01602411964,0.02670077877
793,-0.01793842767,0.002943674993
794,-0.007140923915,0.01223365715
795,0.01259264303,-0.06205312019
796,0.01745239864,0.02033162274
797,-0.0001876744563,0.006916107396
798,-0.007171016762,-0.001743561805
799,0.01120079031,0.00727217741
800,0.01148337141,-0.001649863739
801,-0.007339359,0.02173546488
802,-0.01276096861,0.003200420184
803,-0.00138085836,0.01147487231
804,-0.001450818842,-0.0005340974454
805,0.007322783505,-0.04179038498
806,-0.004066817,0.007503618208
807,0.00206545613,-0.01842754111
808,-0.006716216675,-0.01292002379
809,-0.01396625065,-0.03750475005
810,-0.01433718765,-0.003627668295
811,0.01348072208,-0.006071910272
812,0.009022782765,-0.01224525105
813,-0.003059436357,-0.004464148281
814,-0.007457023324,0.01435008511
815,0.005215321155,-0.0009696490488
816,-0.01795707486,0.0001339049384
817,-0.01454327541,0.005628218105
818,0.01260728004,0.007162535863
819,0.007700238512,0.03163800775
820,-0.0097487851,0.001217566219
821,-0.002782937237,0.003512741124
822,-0.03541593138,0.0286835385
823,0.01132069338,-0.005557772439
824,-0.03688119543,0.04677159862
825,0.002388840619,-0.009224071375
826,-0.0004684512922,-0.0001474096605
827,0.004542837598,-0.01043871099
828,0.01991236923,-0.005392125356
829,0.006689849821,-0.001767168555
830,0.005650521742,-0.01144139306
831,0.001574882346,-0.001717902699
832,0.02136462493,0.004652625645
833,-0.006455390428,-0.001565488445
834,-0.02482203423,-0.002992522296
835,0.005022266779,0.007157518094
836,0.01404167389,0.00162012377
837,0.01794323996,0.00248253958
838,-0.0004745665812,0.0007329139625
839,0.001313053472,-0.009332992052
840,-0.01161984984,-0.007406585882
841,-0.03248942243,0.001505344882
842,0.0196157357,-0.009243511802
843,-0.0005320787836,-0.003070586922
844,0.02310315428,-0.02909098304
845,0.01214925526,0.001616172816
846,-0.02808976407,-0.001173346965
847,-0.02215849884,-0.001827626497
848,-0.006579604354,0.002926052855
849,-0.008637341287,-0.001389254387
850,0.002340785768,0.002589101364
851,-0.0007236296618,-0.0119250705
852,0.001445454961,-0.01683971426
853,0.004393810733,0.03170294849
854,0.01476547076,0.008439992072
855,0.004090075955,-0.004962670423
856,-0.0069247774,0.01723420339
857,0.001180142571,-0.01760385336
858,-0.0003611968824,-0.002955761277
859,-0.001601165656,-0.01374397706
860,0.01265015523,-0.002624058524
861,0.02089844597,-0.001507497818
862,-0.006392706908,-0.002028724407
863,-0.007321313212,0.006187334632
864,-0.01707230465,9.430657832e-05
865,0.02795291819,0.001888171171
866,0.01248401835,-0.007520377008
867,-0.01657898978,0.01854329088
868,-0.003283185474,0.00517454652
869,-0.002180898094,-0.0005991775371
870,0.01841763932,-0.006773258185
871,-0.01686411099,0.004516925008
872,0.007886843458,-9.603272227e-05
873,0.004040500533,-0.001998964947
874,-0.004112866856,6.593033144e-05
875,0.001456015252,0.003149694929
876,-0.008903932507,0.01693010695
877,0.007127957905,-0.03146764494
878,-0.01889103646,-0.008741633796
879,0.009326183004,-0.0008791492507
880,0.003336019208,0.000641789143
881,-0.001645578066,-0.002206379353
882,0.06055432331,-0.02993427698
883,0.007414716322,0.00199452712
884,0.002289790255,0.004681850902
885,0.001177444031,0.005260424406
886,0.004226888629,0.007767399122
887,-0.001152982282,-0.002074520256
888,0.02929982352,-0.04962179285
889,0.007031480383,0.0002238135238
890,0.01959107333,-0.01024685741
891,0.01733393246,-0.0002338386388
892,0.01572068611,0.008048999878
893,-0.007934163158,-0.01349130269
894,-0.001333806066,0.01048191567
895,0.008636505925,0.0014172329
896,-0.00097969394,0.01325248801
897,-0.001002000365,0.0003477877614
898,0.007942350648,-0.002344681446
899,0.006873447643,-0.01476370794
900,-0.00292011748,0.0008743354706
901,0.01393249787,0.003323265823
902,0.006502493009,0.007314066329
903,-0.006462258005,-0.005387589684
904,0.008420208959,-0.0008334419015
905,0.02000618988,0.006587120588
906,-0.002832329096,0.003274574298
907,-0.003661759485,0.005169887187
908,-0.00458322294,0.004055654624
909,0.01451122806,0.005600697822
910,0.005961909347,-0.006352595606
911,-0.0004710245537,-0.005424904373
912,0.003413414785,-0.001725772293
913,-0.009542396622,0.02694520565
914,0.001341659245,-0.006735672242
915,-0.009651940396,-0.009111182916
916,0.01685025931,-0.000158721651
917,0.01406050485,-0.002875481717
918,0.001454344409,0.009441885171
919,-0.008073348388,0.005693485887
920,0.001919771109,0.0007161223649
921,0.01559369852,-0.01231427751
922,-0.005228721853,0.005220641989
923,-0.003676212658,-0.009693050052
924,-0.005527243356,0.005046585719
925,0.01422224709,0.003516753866
926,0.005345057703,-0.01132465086
927,0.01246194591,-0.007343151019
928,0.004118489567,0.009409816875
929,0.01167522328,0.003726305443
930,0.008159666682,-0.0004952237123
931,-0.01621968169,0.00139811732
932,0.0006746893825,-0.00144794833
933,-0.01484828026,-0.01914849533
934,0.0035516645,0.00429064676
935,-0.003460684506,0.002100338453
936,-0.006826795955,0.03791037763
937,-0.02595169089,-0.008231494383
938,0.02730344239,-0.0245424633
939,0.003162664261,0.009783521792
940,0.01275274798,-0.000152521028
941,0.0003558665889,-0.004169059491
942,0.01545254131,0.005601449086
943,-0.03867653508,-0.02099270789
944,0.009368790796,-0.004866149757
945,0.009148868013,0.01434095254
946,0.005527017902,-0.002773550386
947,0.002228468421,0.01322360017
948,-0.01549668671,0.03120718716
949,0.01061261957,-0.003067783782
950,0.01075681951,-0.001881954461
951,-0.0007099620174,-0.01223318699
952,-0.02196861878,0.005274314493
953,0.01412358142,0.003930532328
954,-0.009052123436,-0.01031300796
955,-0.01132440268,0.0006782575287
956,-0.003954499741,-0.005499904492
957,-0.03331821872,0.05011192643
958,-0.02099472291,0.006873545272
959,-0.03797225413,0.03257636176
960,0.005267586644,0.0202864955
961,0.007652517525,-0.01352972241
962,-0.0007481919085,-0.00690536494
963,-0.04815256353,-0.01969818063
964,0.003724818981,-0.01608946899
965,0.001392137022,0.01150096408
966,-0.004189059527,-0.001549664659
967,-0.006705514939,-0.008762827161
968,0.01438868488,-0.02151667125
969,-0.006341168311,0.002928546477
970,0.003451928742,0.001033344095
971,-0.002566990984,0.01737145469
972,-0.007461800966,0.000360825923
973,-0.0004684510831,-0.008587976651
974,0.0061651231,-0.00253936276
975,0.001915126089,-0.01036489049
976,0.00359836584,-0.01203817971
977,0.006889822339,-0.003732223205
978,-0.005399420158,-0.006973720819
979,0.003581138861,0.01018111153
980,0.008916062954,-0.02183088622
981,-0.0147436823,0.01437538509
982,-0.00376699216,-0.003476186521
983,0.004907610639,0.005113823899
984,0.003752889815,-0.01162996744
985,-0.01251531425,-0.007928497138
986,-0.0444358983,-0.01181130042
987,-0.0275479943,-0.02622167634
988,0.006043782949,0.003649078282
989,0.005396379069,0.00529521215
990,0.008733350871,0.004800957632
991,-0.008994611302,-0.002922510444
992,-0.01552759788,-0.008617442837
993,0.00210221575,-0.001195693075
994,0.03113840663,-0.007266199354
995,-0.002916541763,-0.0003807545884
996,0.004489017901,-0.003455402241
997,-0.02651311038,-0.01043584618
998,-0.002375273267,-0.01175979127
999,-0.005461911436,0.0234689971
1000,0.02113374105,0.01186512815
1001,0.006832243461,-0.008314654159
1002,-0.00519440182,-0.003288575522
1003,-0.09576325652,-0.003806074066
1004,0.03312228978,0.006006435923
1005,0.004018294336,0.01993556996
1006,-0.02445834802,-0.003865679753
1007,-0.01773233981,0.01724871472
1008,-0.003417830157,-0.001546582123
1009,0.04248469777,0.009579065341
1010,-0.0005910277993,-0.002382407336
1011,0.005360371515,-0.003647300128
1012,-0.003852107577,-0.005616542025
1013,0.04864587775,-0.01646526995
1014,-0.0006638120353,-0.04609783726
1015,0.003620889555,-0.003452577209
1016,-0.006966349201,-0.0006526851036
1017,0.004161773843,-0.01041560765
1018,-0.01833409481,-0.01161454771
1019,0.02825347764,-0.0001107816757
1020,-0.007390922597,0.01232727279
1021,-0.01646122545,0.009310896675
1022,0.001979271568,0.002747860214
1023,-0.00107638846,-0.03394411012
1024,-0.0102942979,-0.01895433347
1025,-0.00223130888,-0.001996722782
1026,0.003792188983,-0.01067814571
1027,-0.0209278203,0.001939213944
1028,0.01847391511,0.01233722259
1029,0.00339932929,-0.01964882978
1030,0.0003596009395,-0.006135044969
1031,0.01252861466,-0.01487436187
1032,-0.002538218386,-0.003299999427
1033,0.03633414468,-0.007744594238
1034,0.01737450158,-0.006092079384
1035,-0.001454277431,-0.0007580611568
1036,-0.001794003176,-0.00349534011
1037,-0.01236934512,0.002325351724
1038,0.02404476891,0.06034305752
1039,-0.009469161391,0.01069714287
1040,-0.02342924526,0.003135732151
1041,-0.05465727901,-0.02607884305
1042,0.0009258746081,-0.002559005805
1043,0.07078940501,-0.05396744959
1044,-0.003944357541,0.00565368988
1045,-0.01137950849,-0.01213923168
1046,0.0005333653838,0.0002793100399
1047,-0.02140559502,-0.00316495228
1048,-0.02146347062,-0.009365988962
1049,-0.01489031996,-0.008809320418
1050,0.01307382652,0.01087474438
1051,0.0342540183,-0.01912138124
1052,-0.007230049242,-0.006307109234
1053,0.02476747965,0.01272185434
1054,-0.01098761766,0.001641123164
1055,-0.004616640827,0.007216570877
1056,-0.002490297167,-0.007525584588
1057,-0.009541227009,0.004840015892
1058,-0.008799985664,0.02438450668
1059,-0.006374252046,-0.01001888465
1060,-0.003476006397,0.01145028279
1061,-0.03064188407,-0.01068686267
1062,-0.007501034695,-0.02772239784
1063,-0.02127352773,0.01039735438
1064,-0.02653102229,0.01349543212
1065,0.04063181252,-0.01904976761
1066,0.009288922122,0.01156372182
1067,-0.008014499636,-0.001215589989
1068,0.009635097383,0.01435013565
1069,-0.001036186778,-0.02015282849
1070,0.001776959996,0.0001030768772
1071,-0.0074561211,0.02311262289
1072,-0.006582010655,0.005793516941
1073,-0.00554039337,0.005812761282
1074,0.01802720215,-0.005530684484
1075,0.003095059947,-0.001055079045
1076,0.002130453831,-0.005052284814
1077,-0.006873781856,-0.005367237281
1078,-0.0001400208325,-0.01044152944
1079,-0.01070735902,-0.005062459998
1080,0.009301637827,0.01887057847
1081,-0.006758892053,-0.007016685688
1082,-0.04982626277,-0.04976753989
1083,-0.003404191541,-0.007713299925
1084,-0.009482728878,0.005385673291
1085,-0.004089691647,0.009317381455
1086,0.02029685829,-0.008960984538
1087,-0.01625476992,0.0005524681435
1088,-0.0340754753,0.0007160435365
1089,-0.01411415712,0.003399661565
1090,-0.01498870205,-0.01361684814
1091,-0.005655033263,-0.003549675754
1092,0.04157533164,-0.021217138
1093,0.02073804033,0.02795673769
1094,0.002867208573,0.004383990868
1095,0.01384213609,0.006289578206
1096,-0.004390201595,-0.004195346392
1097,-0.00391296145,0.001968008348
1098,-0.001772348507,-0.01512984922
1099,-0.03045083455,0.03382725577
1100,-0.005632710161,-0.001338336014
1101,-0.0001166283453,-0.00169430286
1102,-0.02393539234,-0.01089975757
1103,0.01167806355,0.01172579467
1104,-0.0119582389,-0.002716112812
1105,0.01399559068,0.005830356045
1106,0.004680368793,0.0179915835
1107,0.003870370206,-0.01261007848
1108,-0.006630165856,-0.002893408966
1109,0.0193120177,0.002498266687
1110,0.09162663008,0.06354645045
1111,0.05282905304,-0.02653130571
1112,-0.002426803339,-0.00495101115
1113,0.02020061458,-0.009648539866
1114,0.0226264825,-0.02239948323
1115,0.005896193076,-0.002472958222
1116,-0.1516577642,-0.09059649503
1117,0.006668295368,-0.01225403816
1118,-0.001429281077,0.02180787755
1119,-0.006418329988,0.001830494566
1120,-0.006910207083,-0.002000306946
1121,0.004440696383,-0.02641219053
1122,0.01769955668,-0.002822789771
1123,-0.01171091338,-0.005585497274
1124,-0.02633325577,-0.00485902721
1125,-0.007396971437,0.004624209022
1126,0.08390116148,0.0107894492
1127,0.00189323741,0.003777693014
1128,-0.008187102823,0.004557218323
1129,-0.005565072327,0.01520319017
1130,-0.01337558959,0.0068905885
1131,-0.02258153564,-0.01811269561
1132,-0.01606672793,0.002878466558
1133,-0.02139597076,0.004786102146
1134,-0.001336613264,0.003515605133
1135,0.002003666735,0.008120631446
1136,-0.02937459641,0.003735323
1137,-0.004256195829,0.008281045975
1138,-0.001089488534,0.008852596432
1139,-0.05035280262,-0.00190799402
1140,0.01369910781,-0.0196409362
1141,-0.003743265545,-0.01873949088
1142,-0.01505620602,-0.008967116051
1143,0.0128342373,-0.005883101654
1144,-0.01560907078,-0.0003785561098
1145,-0.00635232983,-0.004846186913
1146,0.01480089371,0.00450338335
1147,-0.02703452891,-0.01330399765
1148,-0.003159355714,-0.0006436610792
1149,-0.0225185929,0.01111750286
1150,0.005862357386,-0.01770509066
1151,0.001680716646,-0.005194149671
1152,-0.04972761316,0.02289233481
1153,-0.01028179957,-0.007585759476
1154,-0.0209612049,-0.001449054813
1155,0.009589131284,-0.006187681285
1156,-0.009533223282,-0.003116693434
1157,0.008240504441,-0.01022030741
1158,0.0127906772,-0.005861896257
1159,0.009600343099,0.006035120719
1160,-0.02468034261,-0.0175633814
1161,0.0125750151,-0.004851448533
1162,-0.02030504561,0.006926151875
1163,0.02326325904,0.01263101839
1164,0.00646100476,-0.003762407251
1165,0.01884866268,0.01126099111
1166,-0.000483522657,0.000766397845
1167,0.01457699433,-0.01543471318
1168,0.001768806116,-0.009423068972
1169,0.02030360844,0.007352445162
1170,-0.01478451903,-0.008900495436
1171,0.003585734239,-0.01604455894
1172,0.01503892902,-0.005607761546
1173,-0.01647947163,-0.0006668115608
1174,0.004782760926,0.00513367099
1175,0.04500513797,-0.001183250391
1176,0.009102484096,-0.004726694971
1177,0.02322031722,-0.0007712059152
1178,-0.007861663139,-0.001215247259
1179,0.004798367124,-0.008373847449
1180,-8.69865603e-05,3.368616601e-05
1181,0.0004416501453,0.008407212259
1182,-0.006736434566,0.001700205208
1183,-0.004813973221,-0.0008831687396
1184,0.004629673681,0.008293943832
1185,-0.0003127910717,-0.006008953216
1186,0.003511145213,0.002866147175
1187,0.005652627233,-0.01057429991
1188,-0.003904039035,0.00539965066
1189,-0.01314955126,0.002656655522
1190,-0.01233659529,-0.01213792265
1191,0.02806590358,-0.003985707405
1192,0.0006341033431,-0.001772471552
1193,-0.01039240018,0.003966855355
1194,-0.01164290826,-0.002137923581
1195,0.005321656916,-0.00585016435
1196,-0.01331049168,0.002982163311
1197,-0.0009975225578,0.01125700116
1198,-0.001742673315,0.005094533743
1199,-0.02069864058,0.008675105777
1200,-0.003193441948,-0.002000255121
1201,0.01326155119,0.002521795877
1202,-0.002683485715,0.006711646161
1203,-0.007247259563,0.002184061234
1204,-0.01362238014,-0.001692653497
1205,0.009624637964,-0.008962490951
1206,0.02508768929,-9.933128694e-05
1207,0.0110835267,-0.009293519459
1208,-0.02179659205,0.003215162475
1209,-0.008405738973,0.009654666716
1210,-0.01911182821,-0.02222729446
1211,-0.0003077114564,0.01025912013
1212,-0.00641816306,0.01509046696
1213,0.0003100173319,0.01004721526
1214,-0.004077978759,0.005220636495
1215,0.007592465757,-0.002055422716
1216,-0.00609855461,-0.01254609553
1217,0.001632461221,0.00703440393
1218,0.003621775076,-0.003965706328
1219,0.008025226865,-0.0009834225
1220,-0.006443226226,-0.02259098434
1221,0.002927135284,-0.02753833559
1222,-0.0005082684158,-0.00623228087
1223,0.00108892028,-0.004783558027
1224,-0.01097080859,0.008374578042
1225,-0.01398703569,0.004737474731
1226,0.008682455417,-0.01751833397
1227,-0.0002211591305,-0.005547417921
1228,-0.008235959711,0.00267793722
1229,-0.007783682601,0.005407047439
1230,-0.003825189184,0.002478776983
1231,-0.00333256032,-0.001311830311
1232,1.83799392e-06,0.0005664304894
1233,-0.002792578297,0.008528763034
1234,-0.0543423157,0.03150334592
1235,-0.005215755726,0.004703397488
1236,-0.003224854518,-0.01027346398
1237,0.02614898973,0.004919928907
1238,-0.01938161035,0.005380395312
1239,-0.009379451137,-0.0005900645034
1240,-0.002517432619,-0.01133713803
1241,-0.01751836537,0.006174248905
1242,-0.002818193122,-0.008762637932
1243,0.003230920164,-0.0168992978
1244,-0.001156056633,0.005947711099
1245,-0.00588701998,-0.01206025371
1246,-0.0040073751,-0.008508692639
1247,-0.007935850659,0.01024863077
1248,0.0003895851395,0.00652605028
1249,0.01972370901,-0.008415835779
1250,0.002348179513,-0.001361547469
1251,-0.003648358947,-0.01483407614
1252,0.001364550535,0.007133417424
1253,-0.006671353144,0.007273961852
1254,-0.001611942864,0.0008172086873
1255,0.003938993988,-0.003046977668
1256,-0.00735763856,0.001389295248
1257,-0.01692712029,-0.01859766796
1258,-0.0118236986,-0.009513279947
1259,-0.02675386953,-0.007252737856
1260,-0.003142212335,0.003170733574
1261,0.03131842841,0.009532998762
1262,-0.009894954763,-0.001475410362
1263,0.002961054459,0.001962978082
1264,0.002504232496,-0.004498028387
1265,-0.03182647969,-0.03716969517
1266,0.003788246313,-0.0001928974606
1267,0.0004637894369,0.001055657016
1268,0.01856865469,-0.00439858031
1269,0.007776464304,-0.01832551229
1270,-0.01508153668,-0.01063403836
1271,0.01201476514,0.008725946583
1272,-0.006594876496,-0.001463611266
1273,0.01937987262,-0.01550405722
1274,-0.001172097255,0.009106624922
1275,0.02180181362,0.01990297268
1276,-0.0026727587,0.001097436257
1277,-0.0279675217,0.00268942178
1278,-0.01149008826,0.01694546124
1279,0.00525929938,-0.01897412792
1280,0.002783104222,0.002581931873
1281,0.02116664079,0.002087982446
1282,0.004594083818,0.01487828029
1283,-0.02461925461,-0.01430806163
1284,-0.01300520288,0.01070491347
1285,-0.009102249967,-0.05114719124
1286,-0.006266017932,-0.00467305701
1287,0.01786450707,0.006745309358
1288,-0.02226028751,0.03485583224
1289,0.00289749363,0.00635993685
1290,0.07789587599,0.09401589275
1291,-0.03358776667,0.0004368591569
1292,-0.007388483335,-0.01738710188
1293,0.01525915261,-0.006989718315
1294,0.006776352066,-0.005260396266
1295,0.03169336822,-0.01589089407
1296,-0.01455574053,-0.00544864238
1297,0.007387915263,-0.002912390101
1298,0.02781714159,-0.02410429581
1299,0.015223663,0.01926201161
1300,-0.04839995581,-0.048801878
1301,-0.007258488022,-0.01370970326
1302,0.0183001422,-0.004435895081
1303,0.01544264975,-0.03645357252
1304,0.004435081642,0.005510737485
1305,-0.009192110846,-0.01064698633
1306,0.0187314581,-0.01498239445
1307,0.01291761485,-0.002626533738
1308,-0.006997143683,-0.002023352818
1309,-0.002014026369,0.007387704073
1310,0.006131905794,0.002144529766
1311,0.01240740786,0.0275029543
1312,0.002263356691,-0.005330947227
1313,-0.02735510645,0.009271615036
1314,0.01110138897,0.01394386608
1315,0.02366972034,-0.009910198579
1316,0.002266765226,-0.01114900106
1317,-0.03430768738,-0.005895675191
1318,0.003698118123,-0.005122123069
1319,2.55979924e-05,-0.03589098477
1320,0.00318345002,0.001568885764
1321,-0.001200301886,0.01079879383
1322,0.01015521282,-0.01565543466
1323,0.006084678009,0.007366353861
1324,-0.01670089833,0.05780213604
1325,0.002005579951,0.001615243939
1326,0.001877464238,-0.004514279042
1327,6.449650861e-06,-0.004937557993
1328,0.003188596267,-0.002266401011
1329,0.006361787303,0.001528701434
1330,-0.00659096659,0.0001973454397
1331,0.002601444675,0.008804439418
1332,0.01029616938,0.005671242045
1333,-0.01068455152,0.01577716054
1334,0.001073013266,-0.01522426683
1335,0.001344316054,0.007334307728
1336,0.00981152715,0.01246049245
1337,0.001696590131,-0.002598033665
1338,0.01026908422,-0.007025474881
1339,-0.02169188586,-0.01470431558
1340,0.02079185998,0.003781069161
1341,-0.01380784939,-0.004505714527
1342,-0.04215813879,0.03441066805
1343,-0.007389686183,-0.001427116787
1344,-0.0103151505,0.002703678887
1345,0.006514907498,0.006218058762
1346,0.008767871464,-0.00200067197
1347,-0.01215025753,0.005980998583
1348,3.492147936e-05,-0.002757797789
1349,-0.004335195794,-0.009510866972
1350,0.0003446381958,0.004107746732
1351,-0.01504257149,-0.002227933482
1352,0.0002837839005,-0.02132100508
1353,-0.03444207714,0.002115931028
1354,-0.03759626987,-0.003391370865
1355,0.0309271391,0.001838427114
1356,-0.01916312454,-0.008257697721
1357,0.003750082884,0.01293806321
1358,0.01532241249,0.007728609233
1359,0.009953636091,0.02380952167
1360,0.02286545339,0.006151374426
1361,7.244970208e-05,-0.008635656026
1362,-0.004015119773,-0.001276836357
1363,0.000491142008,0.01839340193
1364,-0.003184486008,-0.0007237166067
1365,-0.006124386753,-0.006562078501
1366,0.001844998938,0.01688884426
1367,-0.01480951541,0.01539092178
1368,0.003334966045,-0.03560635912
1369,0.00290929012,-0.006694474477
1370,-0.07224867899,0.04722959516
1371,0.00316020798,0.00738677597
1372,-0.001773016768,0.0001868868339
1373,-0.01854171967,-0.01106848659
1374,0.006669732564,-0.007557845193
1375,-0.002741967092,-0.001014445855
1376,-0.001846744875,-0.003433013347
1377,-0.0009596266972,-0.0003425012498
1378,0.008372939357,-0.004378477326
1379,0.001636805784,0.006165902985
1380,-0.01761935402,0.03029566754
1381,0.02608950592,0.0309719079
1382,0.0009034845724,0.001800884601
1383,-0.03609358693,-0.002803596812
1384,-0.001679547032,-0.0009345544146
1385,-0.002479503267,-0.003854664448
1386,0.01024433837,-0.0002134901842
1387,0.01731899465,0.0001735287272
1388,-0.02138574475,-0.004134175561
1389,7.645157235e-05,-0.01078289993
1390,-0.001268407578,0.002811171909
1391,0.008888609989,0.007867216485
1392,-0.03175670257,0.01818373359
1393,-0.01180575309,-0.00320576634
1394,0.01668529261,0.02312208612
1395,-0.005391767696,0.06846649496
1396,0.007567268667,-0.01272809105
1397,0.02120729377,0.008707156418
1398,-0.00461386724,-0.003022236615
1399,0.01829870538,-0.002446149436
1400,-0.002037285146,0.00339285291
1401,-0.002584067592,-0.009590794313
1402,0.0001464536353,-0.002226468103
1403,0.00138700735,-0.0034429931
1404,-0.02165334673,-0.006996662451
1405,0.001569969928,0.01922524217
1406,0.005026443703,0.00475594763
1407,-0.003770902225,0.01312919421
1408,0.006558400973,-0.0053222642
1409,-0.003847562732,0.003126592397
1410,-0.006070466918,-0.01429461948
1411,-0.02011884115,-0.04519410071
1412,0.007881772343,-0.02004223245
1413,-0.004450721395,-0.005372660789
1414,-0.002243339258,-0.0001599302766
1415,-0.002893015464,0.003487365094
1416,0.004455499956,-0.006281878026
1417,0.001857029218,-0.002286471579
1418,-0.002871728527,0.005187242991
1419,0.01384146756,0.008972357796
1420,-0.02094001773,-0.0003759554341
1421,-0.01859936563,0.000734898603
1422,0.006770053132,0.04531171738
1423,-0.00305704711,0.004005940957
1424,-0.01189360883,0.001729913668
1425,-0.006110083999,0.003045668794
1426,-0.01029941089,0.001685230836
1427,0.02076717851,0.06164949848
1428,0.01043846247,-0.03640486442
1429,-0.01479965723,-0.01920744308
1430,-0.006546988813,0.007393588405
1431,0.04690888533,-0.03031973241
1432,0.02463422611,-0.01669532253
1433,0.001257379655,0.006054692015
1434,0.001056187289,0.006218362547
1435,0.002482878495,-0.008201340646
1436,0.01173281879,0.0005318059543
1437,-0.003669955342,0.01571991726
1438,0.01498818413,0.004323015491
1439,0.0001742740138,0.002507499973
1440,-0.02317717496,-0.003490031294
1441,-0.007671891631,-0.004004821136
1442,-0.001332803577,0.0007058246607
1443,0.0307006325,0.02816097042
1444,0.00203304093,-0.003243930735
1445,0.03621003108,0.00905295899
1446,0.01347594337,0.0001078957422
1447,0.005914071497,0.002892037059
1448,0.0066565659,-0.01148299349
1449,0.004248677013,0.005711351167
1450,-0.00650174087,-0.001460717944
1451,0.005380539704,0.07688399509
1452,-0.007979252065,-0.001277913283
1453,-0.01467353842,0.008297477838
1454,-0.004592112076,-0.003542829028
1455,-0.004526880469,-0.007271354173
1456,0.01881397495,-0.005399624972
1457,0.007227242218,-0.0112419475
1458,-0.01616046479,0.01259185168
1459,-0.0143711402,0.00955271785
1460,0.01551002024,0.008920848294
1461,0.03255164768,0.05294445606
1462,-0.001588082471,-0.01131970639
1463,0.01222302501,-0.01360285652
1464,0.0009977228793,0.008000331622
1465,0.01901505024,-0.008226391255
1466,0.005574897254,0.01253185557
1467,0.02699569745,0.008625182152
1468,-0.009395090615,0.007686830111
1469,0.01820207774,-0.0001602751674
1470,0.01539710144,-0.01254027012
1471,0.005027212151,-0.001096257573
1472,-0.006826328468,0.008134192775
1473,-0.01184174439,-0.007403793427
1474,-0.01291334572,-0.0007907882837
1475,0.02359463073,-0.004614241624
1476,0.008132230633,0.008220638356
1477,0.002229905613,-0.00393451513
1478,0.00683785767,0.0007379094069
1479,-0.007005113832,0.003022600719
1480,0.01485655116,-0.009600244932
1481,0.001049687791,-0.002564479971
1482,-0.004612680756,-0.006524245589
1483,0.01320761474,-0.001639254213
1484,0.004134889211,-0.02055592397
1485,0.0003339965638,0.005402815394
1486,-0.0001426941202,0.0009463043702
1487,-0.0006556914331,-0.0104453288
1488,0.01295151724,-0.00658340936
1489,0.00189447389,-0.004271020584
1490,0.007590961737,0.001818731064
1491,0.04283899416,-0.01211824396
1492,0.008508782841,0.01331144028
1493,0.006013339291,-0.004448403109
1494,-0.0008071076897,0.003420681328
1495,0.01001328738,-0.004306410074
1496,0.004372289599,-0.004623418677
1497,0.004884384459,-0.002896268
1498,0.0005394307243,0.008229942792
1499,0.007038799075,0.000667935009
1500,-0.009777399123,-0.009265077365
1501,0.00746220288,-0.007642288292
1502,0.04013669387,-0.002923792269
1503,-0.02542074812,-0.006340811694
1504,0.001497821163,-0.001754005698
1505,-0.002061024284,0.001531355866
1506,0.005417399003,0.0002746061372
1507,0.003412395546,-0.003005303481
1508,-0.003762581055,-0.002512062836
1509,-0.03023094516,0.001596884618
1510,0.009612975022,-0.009802422031
1511,-0.001850212134,-0.009994170956
1512,0.008088654065,0.009351048752
1513,-0.005516366123,0.001262635211
1514,0.006459233591,0.008121110401
1515,0.02596378833,-0.04107313126
1516,0.005876392892,-0.00412357996
1517,0.002034177163,0.002119046775
1518,-0.001824814466,-0.0004171623374
1519,-0.01360974831,-0.004215576296
1520,-0.0198181809,-0.001555327172
1521,-0.005326836619,0.003653457018
1522,-0.004398004616,0.009093378203
1523,-0.01482744414,0.01107433347
1524,-0.01044370922,-0.005628034423
1525,-0.003297738873,0.001152873011
1526,-0.01711765227,-0.00758290584
1527,0.0006420236735,-0.02560716642
1528,0.01019635036,0.01196556891
1529,-0.00822419654,-0.008628601734
1530,0.006608444262,-0.01710301841
1531,-0.03650082884,0.03163497572
1532,-0.0121713778,0.002422214118
1533,-0.01076047668,0.001340046344
1534,-0.007917019734,-0.004991850294
1535,-0.001905418429,0.0003112266968
1536,0.005672853285,0.00544347681
1537,0.001027164103,0.007225650273
1538,-0.001236794182,-0.005901363685
1539,0.002175425753,0.004061983226
1540,0.001537788536,0.00969444822
1541,0.003278139497,0.01501046505
1542,-0.003358692847,0.02842233011
1543,0.0165173008,0.01305168189
1544,-0.02177426078,0.007115804989
1545,-0.09742729842,0.04818524589
1546,-0.006183837224,-0.011426362
1547,-0.00447137348,-0.03780036482
1548,0.004974011275,0.004845617256
1549,-0.02224805846,-0.001250870942
1550,-0.02724903816,-0.01299224128
1551,0.02250651245,-0.009660223622
1552,0.02170013958,-0.006096286021
1553,0.01309935776,0.005235329081
1554,-0.0008617790704,0.004811436182
1555,0.006467303593,-0.01015135249
1556,-0.001410307876,-0.003735215473
1557,0.05590025505,-0.004428252788
1558,0.01942515375,-0.006644003346
1559,0.01025984403,0.009911318695
1560,-0.05217291362,0.04430292074
1561,0.01004693896,0.01554655007
1562,0.01206390588,0.02176119114
1563,-0.01865928375,-0.01279921509
1564,-0.0001166283373,0.008527756282
1565,-0.008346948587,0.006809944937
1566,0.005250276378,0.002961519582
1567,-0.002586206372,-0.003549410318
1568,-0.01399694432,0.008723776003
1569,0.01351968743,0.004505144854
1570,-0.008608234315,-0.01267381448
1571,0.03228176425,-0.005734680225
1572,0.01366281608,-0.07538004481
1573,-0.00684484175,0.01158633829
1574,0.007724198888,0.02034397982
1575,-0.01012451865,-0.003551148157
1576,0.02431324759,-0.009247389911
1577,0.0140886593,0.01274965629
1578,0.003787042694,-0.0002728313128
1579,-0.04898906203,0.005269189327
1580,0.01648602588,0.001884781014
1581,-0.007331004645,-0.005831185335
1582,-0.001544037825,0.01333673429
1583,0.004410753584,0.01296288749
1584,0.007937404598,-0.00462783251
1585,0.02740235902,0.002415790757
1586,-0.009979376562,0.02343756262
1587,0.004309798357,-0.002521680458
1588,-0.02097370307,-0.02367881546
1589,0.01412291258,-0.00109034922
1590,-0.002164373064,-0.006195327348
1591,-0.01519615997,0.001810369586
1592,0.002983678145,-0.004775370871
1593,-0.004048972095,0.007401667653
1594,-0.001413875184,-0.02408479047
1595,0.005919401635,0.006640221194
1596,0.006607775838,-0.00982192306
1597,0.009162235295,-0.001288903031
1598,0.02914850766,0.002791463297
1599,-0.005962444006,0.002374377488
1600,-0.02172400033,0.003786867189
1601,0.01167219896,0.004299632582
1602,-0.007048222835,-0.002035099305
1603,-0.008500979752,0.00440583872
1604,-0.01067726649,-0.01439897312
1605,0.001858098998,0.001368074863
1606,-0.008890681847,0.01236943666
1607,-0.005088529825,0.01176843344
1608,0.001697692965,-1.566177866e-05
1609,0.001717208831,-0.009909779212
1610,0.04563275867,0.02334149224
1611,-0.01469241978,0.0007834258532
1612,-0.01425745296,-0.006713704248
1613,0.0001640816079,-0.0001482268648
1614,0.01408628649,-0.008579963718
1615,-0.02909026076,-0.00240442504
1616,0.002943927646,0.001053947437
1617,0.00600000542,-0.0003194204692
1618,-0.006304809848,0.00875190976
1619,0.01946555589,0.00872549286
1620,0.04693735721,-0.03949944447
1621,-0.01390502775,0.01166597984
1622,0.01165811328,-0.00437351838
1623,0.003576209937,0.003784814633
1624,0.00739830829,-0.01157401221
1625,-0.03016167005,-0.0183041794
1626,-0.007233624981,-0.01300858679
1627,-0.02519270524,0.02224346754
1628,0.02218790709,-0.09623947447
1629,0.01571253243,-0.01616547231
1630,-0.006018009365,0.006066965184
1631,0.002247349558,0.01488407478
1632,-0.001146866581,0.002205938173
1633,0.002942649304,0.0009033700166
1634,0.007092869352,0.05500860403
1635,-0.02079354739,-0.02839323309
1636,-0.007691048398,-0.001426384338
1637,-0.001885551299,-0.005000861473
1638,0.001507745948,0.01702853008
1639,0.0314808056,-0.04000172043
1640,0.0109458789,0.008540566664
1641,0.009021546149,-0.004329639265
1642,0.02766181519,0.01318377374
1643,-0.00657736539,-0.01880190491
1644,-0.08706716691,0.0003512041651
1645,-0.00378224779,0.004027655907
1646,-0.003564480178,-0.01448712656
1647,-0.004463687264,0.004253704827
1648,0.001193033561,-0.01061996546
1649,0.001815223391,0.001347653767
1650,-0.01561573714,0.06423626915
1651,0.008813052277,0.006052430805
1652,0.003296335561,-0.001180219543
1653,-0.0004811166305,0.01021834975
1654,0.01474859496,0.0008772276739
1655,-0.03599826225,-0.005281990721
1656,-0.005809064603,0.005524932025
1657,-0.03262717126,0.02508546001
1658,-0.005988442994,-0.004562433719
1659,-0.01134983378,0.008236424093
1660,-0.004129843126,-0.03138401311
1661,-0.02642388449,0.02667875623
1662,0.004134755538,-0.003371004815
1663,0.008580430614,-0.0002268851987
1664,-0.004756461009,0.005666741128
1665,-0.007565213532,-0.001697764115
1666,-0.003199841241,0.002489333931
1667,0.007604696638,0.00607622298
1668,-0.002361271008,0.009829189737
1669,0.01544916629,0.005140590827
1670,0.01404237559,0.02220031651
1671,0.00556697733,-0.00832800757
1672,0.01703998926,-0.006930661879
1673,0.0007377322826,-0.007910944615
1674,0.02072831577,0.005657579762
1675,-0.006060391579,0.01388124334
1676,-0.02573073194,0.008243301311
1677,-0.01101478656,-0.01984953011
1678,0.01236832603,0.000773901682
1679,-0.01952694429,-0.0007424674651
1680,-0.01263087298,-0.009396969865
1681,6.176462413e-05,-0.001028449935
1682,0.01264858466,-0.01176976862
1683,0.008647667337,0.002268680433
1684,0.02050598703,-0.004610310857
1685,0.01762765861,-0.01317735203
1686,-0.03588527648,0.02174995684
1687,-0.01826682482,-0.002465646927
1688,-0.01812128999,0.004033672752
1689,-0.003422621395,-0.005586483818
1690,-0.005806516274,-0.01552632461
1691,-0.007660437549,-0.003986843595
1692,-0.04161349424,0.01823614841
1693,-0.006948370343,0.01739045073
1694,-0.0001995712193,-0.01319442836
1695,-0.008534982385,0.01129368446
1696,-0.01664397099,0.001108278233
1697,-0.001421127072,-0.005415051427
1698,0.004118364039,0.0003000046809
1699,0.02004709353,0.01685433349
1700,0.03275315644,-5.216956896e-05
1701,0.01499284556,0.003444109269
1702,0.01245220469,-0.009369005107
1703,-0.003100306359,-0.007110597562
1704,0.003817787402,-0.005667405032
1705,0.01119297058,-0.006036553866
1706,0.02279781547,0.01307224915
1707,0.01390542918,-0.03018251987
1708,0.0119004262,-0.01155125993
1709,0.005126997945,-0.01171673058
1710,-0.01791670619,0.003599160051
1711,-0.01372163151,-0.006556621882
1712,-0.008115488185,0.00274180204
1713,0.003720232403,-0.001651359728
1714,0.009029131784,-0.006396243034
1715,-0.003877906087,-3.900592693e-05
1716,-0.006019888827,-0.01243858146
1717,-0.01128901334,0.002179260997
1718,0.00754175423,0.008965450382
1719,0.02306472385,-0.06080923566
1720,0.01352767397,0.01976460708
1721,-0.0009778729594,-0.009641808917
1722,-0.01948259895,-0.006753243973
1723,-0.0115283518,-0.001467341252
1724,0.005814001667,-0.003950890729
1725,-0.0177773371,-0.01589517517
1726,0.006479777028,-0.004341544251
1727,0.004105214173,0.01215776923
1728,-0.0004626365685,-0.008889560485
1729,-0.006028243783,0.004713628673
1730,0.009223590187,-0.0141095934
1731,0.0005201485372,-0.002935152597
1732,-0.004892521611,0.009885707133
1733,0.001458554834,-0.008520946066
1734,-0.009225595429,0.002572700378
1735,-0.003239792657,-0.01298996208
1736,0.0007796380255,0.006006753981
1737,0.02299437933,0.01211172762
1738,0.004290282388,0.0303390861
1739,0.006098153563,0.0003251403172
1740,-0.0003436354549,-0.002788150414
1741,-0.01564409268,0.01024624788
1742,-0.000201709942,0.01922723737
1743,0.0144750364,0.01782794803
1744,-0.009726729446,-0.00468443682
1745,-0.01998463534,0.02361367134
1746,-0.01031401435,0.002156133836
1747,0.001365486339,0.002401741729
1748,0.04300907384,0.01629750486
1749,-0.004281359629,-0.005880319192
1750,-0.02498497973,-0.007932555233
1751,0.02975470762,0.00478316555
1752,-0.0230515405,0.04459196282
1753,0.02464443516,-0.03221431789
1754,0.001866920929,0.0003787834182
1755,0.01226045309,0.003329210271
1756,-0.01506506175,0.0001357696964
1757,0.001862877278,-0.01152020918
1758,0.02290525388,-0.01437080846
1759,-0.01181881941,0.08989762491
1760,0.001244212975,0.001075088273
1761,-0.02013179071,0.004267331187
1762,0.004983769251,0.009225588598
1763,-0.02518959699,0.01467510649
1764,-0.01907503518,0.002144222364
1765,0.005851630435,-0.008344820205
1766,0.005875056331,-0.002461222092
1767,-0.001711018498,-0.002125339193
1768,-0.0111570294,-0.002565205733
1769,-0.0156585959,0.006803811598
1770,-0.01116641994,0.00549874362
1771,0.002524968154,0.01042739794
1772,0.00312020676,-0.004202331654
1773,-0.005999738282,0.001126536295
1774,0.003852408046,-0.0003613225982
1775,-0.009211610167,0.006720388584
1776,-0.02079658872,0.06083966558
1777,-0.02890355536,-0.007468186568
1778,-0.01726265182,-0.01555321328
1779,-0.005165495543,0.00507895254
1780,-0.001740710026,-0.001346464735
1781,0.01328198642,0.00872439474
1782,-0.003949453632,0.007114845839
1783,0.003203534095,-0.00323045103
1784,0.002714330353,-0.008840940359
1785,-0.03778895676,-0.006331406823
1786,-0.007051214142,-0.01961332485
1787,-0.01588794257,-0.007779702012
1788,0.0176323365,0.02242172374
1789,-0.001537675769,0.009349509905
1790,0.01463581008,-0.08471046109
1791,0.01328472653,-0.007978497683
1792,-0.003619185224,-0.008667737345
1793,-0.003139505609,-0.0009886122013
1794,-0.01504962268,0.006813969807
1795,-0.01204806604,-0.01013749876
1796,0.005952736158,0.01679700179
1797,-0.002523447633,-0.007808614577
1798,-0.02069359467,-0.003332298131
1799,-0.01547499848,0.02336475255
1800,-0.004138231132,-0.002617350387
1801,0.00176820481,-0.007484751602
1802,0.003710365643,-0.0002461025294
1803,0.0797667741,0.105199694
1804,0.004631578474,0.007628868386
1805,9.089462532e-06,-0.005773192049
1806,-0.008305536263,-0.01391551515
1807,0.002226597187,-0.006060135833
1808,0.01145189181,-0.002470003552
1809,-0.01174977829,0.01343172555
1810,-0.008916848228,-0.01292884283
1811,-0.02542392291,-0.01372028443
1812,0.02072872522,-0.003803737258
1813,0.01394964131,-0.0140843221
1814,-0.008493185163,0.0002453282232
1815,-0.02054094209,0.005354411159
1816,0.01372072878,0.009993773772
1817,0.005672945274,0.03222727555
1818,0.00568173423,-0.005334585618
1819,0.00597522621,0.003545901519
1820,-0.01833523102,-0.001730239754
1821,-3.543963755e-05,0.001115141705
1822,0.01017619928,0.004764350975
1823,0.009944480305,-0.04727108957
1824,0.0003991426702,0.01227750407
1825,0.009759077903,0.001138975393
1826,-0.004251475709,0.006906917659
1827,-0.0007026767718,-0.01594314972
1828,-0.008589386403,0.006688080326
1829,0.002272479654,0.01154195982
1830,-0.0002092040823,-0.008007011091
1831,0.001926605173,-0.01543377287
1832,-0.009188903266,-0.0005696653321
1833,-0.02671395142,0.0121651599
1834,-0.02380133649,0.003935172686
1835,0.04758238819,-0.007494676469
1836,-0.009707213245,0.001791628972
1837,0.01123860236,0.006870674826
1838,0.0175169952,0.004476668572
1839,0.01373633522,-0.001134304831
1840,0.01632006867,0.003393112839
1841,0.0033346989,-0.0675706804
1842,0.003383622983,-0.0003689868146
1843,0.0009989593952,0.00090086155
1844,0.004127303456,0.01121130695
1845,0.0151872707,0.001856419988
1846,-0.001601616717,-0.006995991427
1847,-0.009154582419,-0.002130042741
1848,0.001908476007,-0.01396762305
1849,0.0162441099,-0.00322663529
1850,0.03022142106,-0.008501763466
1851,-0.01007243695,0.001104211115
1852,0.002357093844,-0.003612376114
1853,0.02567739695,-0.006691463744
1854,-0.01644418235,0.01772562601
1855,0.01274922254,0.005782917794
1856,-0.01029563464,0.01016237089
1857,-0.01230123944,0.0008471357758
1858,-0.00575197837,-0.01973784184
1859,-0.003922452078,-0.006429751967
1860,-0.009330794772,0.03768107344
1861,0.008760218823,0.001564266974
1862,-0.0001153583851,0.004197963246
1863,-0.005091107157,-0.009420547603
1864,0.004915563312,0.01581006511
1865,-0.008900640318,-0.001319638839
1866,0.04065246429,0.03095613993
1867,-0.006249135805,-0.006197167333
1868,-0.00537415612,0.005077796548
1869,-0.01095446756,-0.01041427291
1870,0.009145734979,-0.0002543068685
1871,0.01139768813,0.02244624514
1872,0.05005223383,0.01772381983
1873,0.008569837275,-0.01014297079
1874,9.054562134e-05,-0.005431813159
1875,0.01305908928,0.009360434829
1876,0.002735985398,0.0004893934571
1877,-0.005823024739,-0.008511327358
1878,-0.004121923125,-0.02814090047
1879,0.001486625932,0.003661619515
1880,-0.01469683076,-0.007574264806
1881,0.007228412016,0.004329068479
1882,-0.003114141418,-0.005488559881
1883,-0.001726231905,-0.006678338728
1884,-0.01568974145,0.01132736772
1885,-0.008538591359,0.02399603143
1886,0.002868687373,-0.0007616809802
1887,-0.01614367264,-0.008974043057
1888,-0.01111343574,-0.003117129479
1889,-0.008936196988,0.01317454637
1890,0.01589586289,-0.008036840585
1891,-0.003544630058,-0.008499994768
1892,0.02394284453,-0.003124135102
1893,0.01728771535,-0.01124204575
1894,-0.01695995343,0.01100717038
1895,0.03448146008,-0.005368985675
1896,0.001001482569,0.005894293708
1897,-0.003120023013,0.01797476688
1898,0.02681273479,0.006205383553
1899,0.001970048318,0.01127326255
1900,0.04996822143,-0.0254229858
1901,-0.002101146354,0.01065034181
1902,-0.01181708212,-0.004234448262
1903,-0.001328960527,0.002049900373
1904,0.02074270231,0.01976056218
1905,0.0006914819331,-6.728577695e-05
1906,-8.765495092e-05,-0.002296011077
1907,0.003706439168,-0.01578459843
1908,-0.001421878869,-0.01251051283
1909,-0.02484449102,0.02858044841
1910,-0.001306770927,0.007311499419
1911,0.004109257776,-0.005485065031
1912,4.324267792e-05,-0.004983662469
1913,-0.01135137085,-0.0082010179
1914,-0.003192004987,-0.01674738349
1915,-0.00983680805,-0.01676274092
1916,0.01363619835,0.01251476191
1917,0.004703627317,0.009401996378
1918,-0.02672050171,-0.001034837484
1919,0.01729707233,-0.0004756433522
1920,0.003933346276,0.003164524975
1921,0.005525973581,-0.005016234394
1922,-0.00310371507,-0.003088236797
1923,-0.005773132825,-0.008452412725
1924,0.005589734801,0.0009533835901
1925,-0.001168254263,-0.05221494838
1926,0.01003056365,-0.003430060923
1927,0.00356865732,-0.002530142618
1928,0.0084744294,-0.004045895397
1929,-0.120374257,0.001542689794
1930,0.002202937321,-0.0007985998184
1931,0.0007670731422,0.002295000404
1932,0.03263311956,-0.04179387102
1933,0.006436676456,-0.008837763513
1934,-0.02167786653,-0.01054571797
1935,-5.446276297e-05,0.01331617894
1936,0.01904062324,0.00410572386
1937,0.0195707553,0.01236758862
1938,-0.01046593196,0.003521806698
1939,0.0105821258,-0.002178190822
1940,-0.0001962296992,-0.01595110406
1941,-0.006554106671,0.01235647203
1942,0.0001197694737,-0.003306210188
1943,-0.0008525890985,-0.0006934727447
1944,0.02049957071,-0.00106116264
1945,0.0167000295,0.01177483982
1946,-0.0005842775982,0.002316986473
1947,0.002599774195,-0.008648481637
1948,-0.01312244957,-0.01745660076
1949,-0.001769808496,-0.00407621035
1950,-0.001416849323,0.001696843682
1951,0.008549820143,-0.01487307082
1952,0.00146814611,0.002828022034
1953,-0.006627358694,-0.009240067349
1954,-0.01647399112,-0.000240492172
1955,0.015963634,0.004404212428
1956,0.001353389075,0.008701365981
1957,0.006672807136,-0.01342642914
1958,-0.010096364,0.008481435966
1959,-0.01049617509,-0.0004814173795
1960,0.0146292263,0.004582722376
1961,0.01251678454,0.003628134617
1962,0.006626673729,0.004406759204
1963,-0.01705915847,-0.01026094831
1964,-0.003204118823,-0.01507194911
1965,-0.003738286205,0.001018967057
1966,-0.009839146756,-0.01025970206
1967,-9.507351067e-05,0.01938626842
1968,-0.006078086518,0.006744487526
1969,-0.005193666227,0.003628613958
1970,0.0184392273,0.00196243696
1971,-0.04539859959,-0.01710696133
1972,0.01156350732,0.0002797432591
1973,0.008791698308,0.01316938135
1974,0.007748025767,0.01544232699
1975,0.01019193907,-0.01009537496
1976,0.0176996237,-0.0045178883
1977,0.01664362016,-0.01221909826
1978,-0.007399811906,-0.008890766816
1979,0.007384723792,-0.008202479381
1980,0.03020898965,-0.000669904878
1981,-0.001614482633,0.01936887438
1982,0.01540759461,0.008519340812
1983,0.004207205488,0.001061164233
1984,-0.0105725349,-0.02298439892
1985,-0.02134771528,-0.002472406726
1986,0.009375942297,0.01123034596
1987,-0.005648583502,0.01078623169
1988,-0.01410967938,0.005219874253
1989,-0.02135018823,0.01239076235
1990,0.009352182367,-0.02059408977
1991,0.02875197196,0.03106227498
1992,-0.01441597034,-0.003574909493
1993,-0.02774054716,0.01014900818
1994,0.01668919361,0.007189255316
1995,-0.00310628828,0.00739987464
1996,0.003007338092,0.01455900787
1997,0.002363677049,-0.02232785111
1998,-0.008686365308,-0.007758303094
1999,-0.03108874757,-0.00721307759
2000,-0.008127217832,-0.001245066029
2001,-0.009784007711,-0.009725361793
2002,0.01036765002,0.009265803416
2003,0.002245310973,-0.009379488689
2004,-0.00678983609,0.02303652261
2005,-0.004075539275,-0.0005385158709
2006,0.02242086244,0.002408580559
2007,-0.004430603658,0.006688968427
2008,-0.007399778547,0.01341547782
2009,-0.008225316181,0.002176780524
2010,-0.04420424619,-0.02657784461
2011,-0.003917522951,-0.003447259085
2012,-0.02147274822,0.0006229547998
2013,0.008391670098,0.007195802421
2014,-0.01290526703,0.01485078902
2015,-0.01606662779,0.0006404399517
2016,-0.05139693443,0.0002020713355
2017,-0.006995021717,-0.01094813008
2018,0.0001752097443,-0.005457151812
2019,-0.004352723387,0.01657292432
2020,0.001089972769,-0.01527346615
2021,-0.01097501918,0.01154213483
2022,0.01719481397,-0.005979137227
2023,-0.0155015363,-0.003276155248
2024,0.02166266208,-0.03025809697
2025,-0.01227570879,0.008511183074
2026,-0.01249132012,0.02219135492
2027,-0.03041342357,0.01541491225
2028,0.001845099152,0.0007715747817
2029,0.05603412687,0.07995972841
2030,-0.01041045869,0.04302988899
2031,0.009053126056,-3.026678039e-05
2032,0.003495772954,0.007322678605
2033,0.002358898291,0.01228832847
2034,0.006897675454,-0.01218791739
2035,-0.009227466843,0.0005033221865
2036,0.004029280563,0.02783216795
2037,0.0089104655,0.01398478337
2038,5.881752678e-06,0.02701737471
2039,0.04915095533,0.009306646206
2040,-0.01070760969,-0.01125445878
2041,0.001876477944,0.07894924723
2042,-0.01158756814,-0.01209343668
2043,-0.004664428467,0.006022758789
2044,0.009892849396,-0.01187943234
2045,0.04139895221,0.01013158841
2046,0.002068363509,-0.004462555372
2047,-0.01254391972,-0.00318270783
2048,0.009659793589,0.005624964133
2049,-0.005782889851,0.0002899112005
2050,0.007742678974,-0.009447562486
2051,0.003098100962,0.007479780962
2052,0.009837342566,-0.004632194901
2053,0.00119582382,-0.0004500244757
2054,-0.006021526574,0.001468567577
2055,0.01132500427,-0.0007098926035
2056,0.008530705101,0.01448692927
2057,0.0202902416,-0.0007588257452
2058,0.02135199281,0.003422174983
2059,0.00609695055,-0.003334854286
2060,0.004494398301,-0.01818786271
2061,0.01635250929,0.003292118438
2062,-0.003758053054,0.0007890470116
2063,-0.05538525267,-0.01272282925
2064,-0.006997010131,-0.002335846604
2065,-0.00150122977,-0.005298119386
2066,-0.02153405328,0.0208207781
2067,0.01014084327,0.001718812867
2068,-0.003279192142,0.01040514374
2069,-0.03153340542,0.03040672445
2070,0.001073982498,-0.01166161522
2071,0.004757563956,-0.006653386816
2072,0.01289951895,-0.06053157457
2073,-0.01866690309,-0.006888122095
2074,0.006323139396,-0.01264001423
2075,-0.01015785272,-0.006088853886
2076,-0.006347718179,-0.005527461758
2077,-0.01469562772,-0.02239604032
2078,-0.0214513691,0.03268565253
2079,-0.005133180194,-0.01118069777
2080,0.01232890972,-0.003765585306
2081,0.0146858697,0.002581097949
2082,-0.007304203484,-0.000328540454
2083,-0.00222515991,0.008357252202
2084,0.004724095978,0.005973593347
2085,-0.01098484404,-0.02234661394
2086,0.01754513323,0.0005405600082
2087,0.007636142812,-0.008157042677
2088,0.01357559544,-0.02329021997
2089,-0.009728366853,0.004902794385
2090,-0.001848073426,0.01613108404
2091,-0.009619529234,-0.0009625638367
2092,0.01415359021,0.01259466835
2093,0.01212425878,-0.004583907313
2094,0.03457855567,0.01406415371
2095,0.02377515361,0.02001668607
2096,-0.01059479096,0.00465300845
2097,-0.008839218631,0.01783611155
2098,-0.005388292098,0.003460306707
2099,-0.01593877121,0.01530533244
2100,0.0008924568368,-0.0005707914271
2101,0.0111665702,0.01180163377
2102,-0.003448821116,0.009866177606
2103,0.03578134705,-0.01369777794
2104,-0.001379555123,0.002860361145
2105,0.006540037733,0.009017210474
2106,-0.01148551026,0.01441922776
2107,-0.06338909097,-0.03180384984
2108,0.0002059874054,-0.005979796253
2109,0.004233371588,-0.0009644179707
2110,0.009413904929,-0.007881718713
2111,0.03480347458,0.01034049051
2112,0.004354227336,0.003607323293
2113,-0.01185641466,0.0009447699849
2114,0.003534738195,0.01183038289
2115,-0.0006142198869,-0.01590588804
2116,-0.05321326077,-0.002900970478
2117,-0.02302746302,0.0124701991
2118,-0.009672458687,0.0002795935879
2119,-0.006006939672,-0.005834899497
2120,0.002900635029,-0.006139299141
2121,-0.001194553995,-0.004547525994
2122,0.009882890827,-0.01042566613
2123,0.003551480528,-0.007364624798
2124,-0.00599001372,0.005134967751
2125,-0.02234049247,0.00928707528
2126,-0.0200957162,0.02130846981
2127,0.01070156031,-0.0111116032
2128,-0.01285176514,0.01337282419
2129,-0.004094186491,0.006837203935
2130,0.003393681561,-0.010109896
2131,0.0095728736,0.001924364049
2132,0.01297769997,0.02600658942
2133,0.001062620394,0.01744383249
2134,-0.005814494691,-0.006240525017
2135,-0.01278596534,0.01621037118
2136,0.004500346621,-0.006917859743
2137,0.006732223903,-0.00739961323
2138,0.007355432843,-0.01398150076
2139,0.01078801317,0.009935745653
2140,-0.008716909171,0.002986414206
2141,-0.01861781221,-0.008566689524
2142,-0.001806902509,-0.001633311418
2143,0.04903586446,-0.02287498991
2144,0.02017909341,0.01050616127
2145,-0.01156223741,-0.002222639771
2146,0.00181717851,-0.003769273441
2147,-0.003327480821,0.0006444267262
2148,-0.05417459165,-0.01837729469
2149,-0.003633454535,0.02651326886
2150,0.02613081044,-0.01220808923
2151,0.001322043058,0.0006209146773
2152,0.008713767867,-0.006630887489
2153,-0.0564445985,-0.0134209407
2154,-0.01473536147,0.008964952376
2155,-0.01631325146,-0.001379583397
2156,-0.00599516006,-0.005950465561
2157,-0.009219513344,-0.01658016708
2158,-0.01462947708,0.01187501065
2159,-0.007304036377,0.03016357631
2160,0.003538748377,-0.00125925285
2161,0.01301384167,-0.0153111469
2162,-0.009281135916,0.0008040379465
2163,-0.01818972981,-0.01333919294
2164,0.003698669434,-0.01308356176
2165,-0.009812145231,-0.008852046928
2166,0.005963312519,0.002713493238
2167,0.0003544625994,-0.04553064748
2168,-0.00677730451,-0.0007016684326
2169,0.006931928656,0.003672056844
2170,-0.00930666704,0.0005724603984
2171,0.0002883625398,-0.008197667177
2172,-0.005735770748,-0.001406327702
2173,0.0191079182,-0.00571570397
2174,0.008594265516,-0.004629489015
2175,-0.02424151657,0.07191361467
2176,-0.009390311986,-0.01155841039
2177,-0.01579587654,0.01220919798
2178,-0.02581392604,0.01819269649
2179,-0.005326535856,0.01458804455
2180,-0.006019454455,-0.01673840369
2181,-0.001167719406,-0.003365656589
2182,0.004420160449,-0.009948268099
2183,0.002279564419,-0.001881962083
2184,0.01382830107,-0.003117051143
2185,0.006702348253,0.006403489151
2186,0.007470691007,0.01344967162
2187,0.01181763342,-0.005074343425
2188,-0.00990477957,-0.0009352737146
2189,0.03610316103,0.007727530782
2190,-0.005689186257,-0.01354300879
2191,0.0009127744133,0.00137499126
2192,0.003928834692,-0.003206117714
2193,-0.006474739214,0.005925390952
2194,-0.02069546187,0.0002796403796
2195,0.006366499102,0.005784347009
2196,0.004185851543,-0.004235726958
2197,0.004576689708,0.0007226509919
2198,-0.004479928136,-0.003535655498
2199,0.006647342634,0.007522304349
2200,-0.02834988836,0.06072157884
2201,0.005430832735,0.001092703915
2202,-0.000581286469,-0.02281703335
2203,0.009193146677,-0.009994720837
2204,-0.01472942135,0.01233646973
2205,0.01485481988,-0.004944606628
2206,0.005213216038,-0.0001108295974
2207,-0.002793831068,0.01358761778
2208,-0.04370993794,-0.01152824789
2209,0.008131862843,-0.005206277524
2210,0.002607994869,0.01113514633
2211,0.002182518905,0.009370669377
2212,-0.03096012272,0.007341969171
2213,0.008668954649,0.01178656058
2214,-0.008801088806,0.001557427308
2215,0.001390382579,-0.003025506113
2216,0.03524632754,-0.0406183542
2217,-0.002018504285,0.003173992399
2218,-0.006044885861,0.01023492495
2219,0.008707794309,-0.004608006611
2220,0.004668739148,0.01310635798
2221,0.01056962742,-0.002122092747
2222,-0.001073046935,-0.001324990281
2223,-0.01010922998,0.03985123706
2224,-0.007491911494,-0.001481821521
2225,0.01558912022,-0.02116518153
2226,-0.03073209578,0.005988412338
2227,0.005731025337,-0.00097335235
2228,-0.03141904947,0.01323360822
2229,0.0005741518085,0.002410444392
2230,-0.006391228085,-0.05877246062
2231,0.006928821041,-0.008071154159
2232,-0.01276412664,-0.006552824441
2233,-0.01532552043,-0.006079906038
2234,0.007841361748,-0.005063780569
2235,0.002413469559,-0.0003622941973
2236,-0.008901718799,-0.05045292834
2237,0.008355144323,0.006203469528
2238,-1.767811208e-05,-0.006096325663
2239,0.0002945784163,0.00832243929
2240,-0.02277385492,0.02135989819
2241,0.01107273302,-0.0295302503
2242,0.02372860251,-0.00931900449
2243,-0.008296646473,0.005299651263
2244,0.004088839537,0.01033600781
2245,-0.001836243504,0.007813650358
2246,0.0174222556,0.003197027057
2247,-0.0261408357,0.008023947959
2248,0.01159004133,0.003332175255
2249,-0.006680292652,0.009069342674
2250,-0.0148106517,-0.005643718426
2251,0.003607071359,-0.006871072307
2252,-0.01402010266,-0.002835649677
2253,-0.01017312477,0.001297762177
2254,0.03309769462,-0.006239365951
2255,0.004118982045,-0.02291069095
2256,-0.01505513666,0.01850812889
2257,-0.01623127761,0.01253554699
2258,-0.03020598189,0.007503316246
2259,-0.005747199641,0.01620040707
2260,0.01052608405,-0.003580056968
2261,0.003137801126,0.01482573231
2262,-0.01898738022,-0.01035973678
2263,0.007216581953,-0.005719610925
2264,0.01079733659,0.006435286844
2265,0.005024605755,0.003987460166
2266,0.02153599153,-0.009396716262
2267,-0.001888056674,0.003147927828
2268,0.0152710161,0.05056387769
2269,-0.01346491557,-0.01176401684
2270,0.01250177987,-0.01048792586
2271,-0.002487690642,-0.007978258821
2272,-0.01661364432,0.005503007191
2273,0.005412753626,-0.02270240523
2274,0.007522288413,-0.009307057869
2275,0.03727646152,0.02627605061
2276,-0.01118802471,-0.004334243346
2277,0.01754426422,-0.01572310946
2278,-0.004588837195,0.00516325261
2279,0.007791335431,0.003602447688
2280,0.01652139443,-0.009644125185
2281,0.05090769741,0.02965534593
2282,-0.01076502172,-0.007399658869
2283,-0.00592585142,0.006604659106
2284,-0.008370265909,-0.01442776854
2285,0.04041894059,0.000305632215
2286,-0.003337706739,0.009536189203
2287,0.002815419372,0.004454673445
2288,-0.01762947977,0.02071337388
2289,0.01969540391,-0.02686683507
2290,0.03879690584,0.00999415229
2291,-0.01922711974,0.0008514516414
2292,-0.00313198658,0.006084819348
2293,0.02155128008,-0.01725878815
2294,-0.05869388547,-0.03551501414
2295,0.004923700768,-0.008300372645
2296,0.002222687274,-0.002273651562
2297,0.001280070346,-0.005473025018
2298,-0.01003771572,-0.003386332627
2299,0.06142318829,-0.002309647279
2300,0.003038349724,9.520912515e-05
2301,0.003512515457,-0.00929441718
2302,0.001625677616,0.005090323935
2303,0.01547205778,-0.04868355761
2304,-0.01229535852,0.06331040024
2305,-0.009713730058,-0.004047581922
2306,-0.006497931429,0.00838871539
2307,-0.02156793909,0.05636214507
2308,5.714333131e-06,0.0004781854496
2309,-0.006704754334,0.01105326434
2310,0.001912970492,-0.003272158103
2311,0.01184838601,0.001382183429
2312,0.004181206429,0.0009754388403
2313,0.01301825279,-0.01796980017
2314,-5.179695668e-06,-0.001142991992
2315,0.007807843839,-0.01075520305
2316,0.02622718764,-0.00706228032
2317,0.0008034984457,0.007567101319
2318,-0.0001245817181,-0.02153453943
2319,0.001279167956,0.008315900986
2320,-0.01613606986,-0.01198052248
2321,0.002606925517,-0.009163244314
2322,0.0005022029154,0.06079073862
2323,-0.01986362927,0.003404731036
2324,-0.01601954207,0.009736052269
2325,0.008340958515,-0.0009255093108
2326,-0.006500771916,-0.01300473684
2327,0.02221911898,0.001866562315
2328,-0.002817545537,-0.00682458982
2329,0.03524649478,0.003803776087
2330,0.02247817504,-0.04511502148
2331,0.02307508333,0.03013808719
2332,0.02270528143,-0.005561014741
2333,0.01711548016,0.003541384015
2334,0.003754727834,0.003685804935
2335,-0.006645805254,0.02073308137
2336,0.008032344783,-0.007708530962
2337,-0.002027092643,0.01004840694
2338,0.01054775132,0.01041955163
2339,-0.009596934441,-0.003647762641
2340,0.01583377226,0.01398979271
2341,-0.007362350513,-0.007020452842
2342,-0.006012503916,0.00296600949
2343,-0.008777930128,-0.003618827457
2344,-0.0002894777353,0.01507547278
2345,0.009548745999,0.003062178838
2346,0.01404303575,0.004147506108
2347,-0.000244418039,0.002804011576
2348,0.0007015073277,0.0001158330748
2349,0.01373412963,-0.0110244328
2350,-0.01185257169,0.008093757439
2351,-0.01008495178,0.0001673195436
2352,-0.007369084277,-0.005861597665
2353,0.02056754269,0.01405280092
2354,0.002768701234,-0.003006267999
2355,0.01398768753,0.005513296662
2356,-0.01905050626,0.001366973678
2357,-0.01458932548,-0.007819398941
2358,0.005858714994,-0.02213870679
2359,-0.01748999353,0.01478205311
2360,-0.01252373563,-0.0004471770134
2361,-0.002990378638,0.01267285282
2362,0.000973528573,0.01371792939
2363,0.007444491614,-0.0003264472629
2364,0.007990539144,0.0005847546404
2365,0.02465203773,0.01737308411
2366,-0.004465425073,0.0003111519967
2367,0.006023097376,0.002028810927
2368,-0.0001948592687,-0.004622237506
2369,-0.01789035611,-0.0006211935641
2370,-0.005593878545,-0.001576859967
2371,-0.006748147418,-0.005755870985
2372,0.003290320333,-0.03297006168
2373,-0.001111878293,-0.007529139487
2374,0.06472020785,0.02030104414
2375,0.003818121661,-0.02153080813
2376,-0.01932633733,-0.01524883733
2377,0.005692461209,-0.00420074477
2378,0.01308040989,-0.005466242022
2379,0.005577771346,-0.0008594167871
2380,0.005193766847,0.002741064216
2381,-0.01098877075,-0.008146974902
2382,0.004376333199,0.002318563724
2383,-0.004754205246,0.002746440206
2384,-0.009948891093,0.002175593618
2385,0.01721376202,-0.005584730914
2386,0.003218204675,-0.02363046153
2387,-0.01994059049,-0.0226185582
2388,0.002932983261,0.003903461973
2389,0.001295241963,-0.01140448706
2390,0.0008838349986,-0.001011834855
2391,-0.01901969521,-0.003878455221
2392,0.007087455524,-0.01403230056
2393,0.002368848399,-0.001603372573
2394,0.007390187419,0.01336351463
2395,0.01125933822,-0.001167161879
2396,-0.004225568509,-0.01647778323
2397,0.0004516586318,-0.0111874574
2398,0.00928235595,0.02063770211
2399,-0.004297266542,0.006284137288
2400,0.008165782212,-0.008311461731
2401,-0.009880384574,0.0004341412398
2402,0.01841115619,-0.008298619001
2403,-0.01755973672,0.006482183729
2404,-0.01095259588,0.003360408679
2405,-0.01250498813,-0.003154542328
2406,-0.02546853561,-0.04059802859
2407,0.0100500471,-0.00105853242
2408,-0.007254410848,0.0269264261
2409,-0.0042640157,-0.004435913218
2410,-0.03550090462,-0.01819030694
2411,-0.01792789275,0.01015762334
2412,0.007254243771,-0.01442993295
2413,-0.009074646958,0.005968517134
2414,-0.005110656696,0.004691609167
2415,0.007364205084,0.01370792041
2416,-0.01061203469,-0.008497723984
2417,0.006759024727,-0.01210121193
2418,0.002246079846,0.004770230659
2419,0.004139200062,0.01419668251
2420,-0.001961727256,0.0004398790071
2421,-0.01192762801,-0.0002114747707
2422,0.02126764627,-0.008974144056
2423,-0.002435776093,0.002408737508
2424,-0.0009300517965,-0.01355910134
2425,0.02871848736,0.0190572205
2426,-0.0005400322529,-0.0141936091
2427,0.03886867881,-0.06211262749
2428,0.009204040959,0.0007465337108
2429,0.01970038341,-0.0002335859416
2430,0.004212151321,0.004910403558
2431,0.004949950174,-0.001130720741
2432,0.009419719699,0.002172541473
2433,-0.01056964413,0.001640764149
2434,-0.0007731217434,0.00191353601
2435,-0.02708846553,-0.02525234216
2436,0.009795670412,-0.003634053844
2437,-0.009718107693,0.008468639969
2438,-0.014340229,-0.01902013033
2439,0.001762456694,0.002627312458
2440,0.01403519075,-0.004550110591
2441,-0.006365295961,0.01479938386
2442,0.01544701103,0.02684777026
2443,0.001787662328,-0.0006486417699
2444,0.01920710279,-0.01268822597
2445,-0.006828934916,-0.03745736328
2446,-0.008694502564,-0.005255023531
2447,0.003624532123,0.01894827432
2448,0.01984979408,-0.004741582972
2449,-0.003193174699,0.004195890043
2450,0.000687471877,0.005117149926
2451,-0.006560656728,0.0306743873
2452,0.001639813425,0.004409367667
2453,0.01547247524,0.002262315921
2454,0.01335416867,0.005996534221
2455,-0.02590751241,0.008618886923
2456,0.006741213264,0.004920244344
2457,-0.004226053176,0.0003551084449
2458,-0.01530847727,0.002056552575
2459,0.002982809325,-0.01127518225
2460,-0.0002830492544,-0.005408130061
2461,0.002470580843,-0.006384493284
2462,0.0004844417008,0.006374164014
2463,0.008083407125,0.02114187793
2464,0.006588928163,-0.007969092141
2465,-0.02262842079,-0.04014806421
2466,-0.007029241386,0.001037474499
2467,-0.0219325946,0.02128662339
2468,0.002429944556,0.01098037435
2469,0.01090397287,0.01411959272
2470,-0.003012718393,-0.03732892637
2471,0.004452341976,-0.009624294459
2472,0.003360765032,-0.006047652287
2473,-0.008171062177,0.005980583531
2474,-0.0623011245,-0.007937255907
2475,0.005242924204,0.02419883824
2476,0.0213924954,-0.01060305042
2477,-0.02728512932,0.04460621864
2478,0.001504136675,0.004976133769
2479,-0.004686918634,0.008948893105
2480,0.005001781644,-0.008556055952
2481,-0.01278499623,-0.009270775166
2482,-0.001392120009,0.01007226153
2483,-0.0003413632195,-0.02515249333
2484,-0.02117151968,0.01763900705
2485,0.007705451423,-0.00414189128
2486,0.004679633143,-5.202946394e-05
2487,0.01416384979,-0.006767986672
2488,-0.005342375921,0.00114990405
2489,0.008965871775,0.00134744753
2490,0.007399043206,0.007435777509
2491,0.01662838208,-0.005467160801
2492,-0.01094203579,0.005288925293
2493,0.007397171897,0.001903390307
2494,0.008105629739,-0.01079071195
2495,0.01253610017,0.01132149421
2496,0.009347035876,-0.001662348193
2497,0.011931655,0.004070197244
2498,0.02208010065,-0.008699085936
2499,-0.008272786068,0.01526408805
2500,0.001101786111,-0.004549264978
2501,-0.008678611906,0.01141701847
2502,-0.005464651833,-0.003705715768
2503,0.01742365969,-0.006162021864
2504,-0.001215189442,0.005999610237
2505,-0.001259050564,-0.001631106391
2506,-0.0008675269395,-0.01034324635
2507,-0.009138241234,-0.003070786951
2508,-0.005624589612,-0.006811239474
2509,-0.01598672578,0.001824640031
2510,0.004355313299,-0.004349314474
2511,-0.002487891285,0.002262180923
2512,0.001348409805,0.001044272598
2513,0.001274957253,0.001226052981
2514,-0.006575176689,-0.01180083324
2515,0.004605612795,-0.01032504538
2516,-0.01408959524,-0.01135170145
2517,-0.004166736429,0.001942434868
2518,-0.003057331254,0.006491475405
2519,0.0179988803,-0.01955221868
2520,-0.00116982503,-0.01900485844
2521,0.005864095269,0.007660762846
2522,-0.01346518276,0.00811508481
2523,0.006668395797,0.05220420421
2524,-0.006684770501,-0.05142887277
2525,0.05855607086,0.006394136784
2526,-0.01189397626,0.001123174196
2527,0.02033562261,0.01023748962
2528,0.005270059694,-0.005486611116
2529,0.003717868171,-0.02225267364
2530,-0.00132264464,0.002534471892
2531,0.001457318505,0.002129100972
2532,-0.001650941533,-0.003182914345
2533,-0.008636071237,0.0007673390669
2534,-0.01904261998,-0.009989003541
2535,0.002403243756,0.0093717915
2536,0.005152495786,-0.001502841118
2537,-2.215586772e-05,-0.006163761197
2538,0.01819808424,0.01631704391
2539,0.02610795274,0.007258443519
2540,0.007380128773,0.001611713243
2541,-0.01267612069,-0.009307347668
2542,0.003269000001,0.06247242369
2543,0.01454137073,0.01725219399
2544,-0.05196677551,0.01037640124
2545,-0.0119416653,-0.05213413069
2546,0.004401831061,0.01711628361
2547,0.001375678526,0.006773875757
2548,0.0006132507284,-0.01161914705
2549,-0.02446336072,-0.03099765159
2550,0.004543255026,0.01381232445
2551,-0.005201753668,0.002737173036
2552,-0.001072211278,-0.01374444208
2553,0.001991586218,-0.0005560115988
2554,0.01732049853,-0.009011321719
2555,-0.001278633406,-0.004601809219
2556,0.0005383612892,0.00078821289
2557,0.004508601195,-0.02422764848
2558,-0.00529221583,0.01964687167
2559,0.01365907298,-0.005917459211
2560,0.01967308061,0.01271579079
2561,0.02277358755,-0.04385461042
2562,-0.007354731343,0.006165959252
2563,0.00751313199,-0.02100468568
2564,-0.0008178681768,-0.002304384754
2565,-0.01681836202,-0.0287662058
2566,0.001975595737,0.02281674713
2567,-0.06822440322,0.04107096747
2568,-0.002359207193,0.01806113669
2569,0.009568195217,0.02725913558
2570,0.01445789099,-0.1671857269
2571,0.008948361401,-0.004521953716
2572,-0.01720069542,0.0007606897063
2573,0.01233064722,-0.009041093336
2574,-0.01507605607,0.005664607463
2575,0.004909882224,-0.00997331819
2576,0.0003563677424,0.008420866611
2577,0.01983813138,-0.01607751733
2578,0.01003019673,-0.009241402694
2579,0.001621901289,-0.00410665269
2580,-0.001960357168,-0.001182882607
2581,0.001743876411,0.007158595153
2582,-0.006575661112,-0.009076960443
2583,0.02031236398,-0.0007101876546
2584,0.02294542221,-0.0116200714
2585,0.009500219201,0.007807081754
2586,-0.01525885185,-0.009106715173
2587,0.005374139584,-0.0007169744908
2588,0.005305382414,0.0004784770726
2589,-0.001179081587,0.002392334718
2590,0.01096419168,0.02093803308
2591,0.01440773304,-0.01046633583
2592,0.007582791232,-0.001308430371
2593,-0.0003238041852,-0.001071722462
2594,0.008759692533,-0.009078017208
2595,0.003831889822,0.01087967455
2596,0.01220449456,-0.0007228852362
2597,0.001465489195,0.008250640533
2598,0.008732949995,0.007144987835
2599,0.01037964705,-0.03571858022
2600,0.01458516512,0.01416616005
2601,-0.01353985504,0.0265789696
2602,-0.005281822822,0.0109209326
2603,0.01951514845,-0.007152725362
2604,-0.005199283194,0.0197303863
2605,-0.00757418631,0.008572722094
2606,0.008446960151,-0.03057905467
2607,-0.00157708795,0.003729066343
2608,-0.007373177806,-0.004005386778
2609,-0.006182366762,-0.0003179927368
2610,0.02632289604,0.006457726713
2611,0.009888956216,0.002536361973
2612,0.00308954608,0.01137246304
2613,0.0003315051074,0.01108784892
2614,0.003213091601,-0.001272043276
2615,0.01519337797,0.009576008553
2616,0.02340358918,0.01128704119
2617,-0.002785109357,-0.001003473263
2618,-0.006785826072,-0.003674831858
2619,0.03441395618,0.0103877596
2620,0.02238279956,0.01060942597
2621,0.00730361875,0.006301296312
2622,-0.01178633757,0.002177679949
2623,0.009635498616,-0.005580066032
2624,0.002045271821,-0.02632618083
2625,-0.002283039748,0.004666230881
2626,0.01810073812,-0.009181709642
2627,0.001441244323,-0.003093822535
2628,-0.0003748980179,0.002634639956
2629,0.002046266033,0.002601123519
2630,-0.01053567506,0.001885793294
2631,-0.09151995893,0.05477263889
2632,-0.02146167035,-0.01868444196
2633,-0.009355323714,0.001219299759
2634,0.009903576642,-0.01801315775
2635,-0.01305855448,0.009449342204
2636,-0.02272874105,0.0082242096
2637,-0.01760244464,0.012225061
2638,-0.01223667637,-0.0138954879
2639,-0.003211654633,0.001729127381
2640,0.002130721305,0.005759976388
2641,-0.01550684566,0.001677030203
2642,-0.008622336689,0.004955476232
2643,0.007878321863,-0.003500574004
2644,-0.0103250757,-0.01991416413
2645,0.02351379295,-0.01306277547
2646,-0.008604942671,0.02561880802
2647,0.006839561929,0.001238502483
2648,0.002598169985,0.003265593984
2649,-0.003140675221,0.005312665953
2650,-0.03894414475,0.04013885165
2651,0.01324086549,-0.007528537213
2652,0.0125001761,0.002456642773
2653,-0.01117639559,0.007779602753
2654,0.01405073011,-0.006915062077
2655,0.02391901748,0.05567085625
2656,0.0008670591434,0.005228830997
2657,0.01549317773,0.016856443
2658,-0.004559529724,0.01338014509
2659,-0.006087410033,0.07439640105
2660,-0.0213232537,0.02813559853
2661,-0.004005361853,0.006063746222
2662,-0.004201825199,-0.003967457264
2663,-0.009117254835,-0.006315744695
2664,0.02409220564,0.004987991842
2665,0.00756086922,0.008192398847
2666,0.01274922224,-0.01430415573
2667,0.0005482863992,-0.005486227824
2668,0.01168558274,-0.008071628875
2669,-0.01570297494,-0.004321175978
2670,0.01668332062,0.0004920486465
2671,-0.02436244277,-0.004488540851
2672,0.004979809147,-0.001560924545
2673,-0.05802653245,0.001187938829
2674,0.0147730233,0.0004334293744
2675,0.004069758232,-0.03170044887
2676,0.01735057456,0.0004663573671
2677,-0.01793531973,0.01926209313
2678,-0.01751271803,0.01090745984
2679,-0.02362403848,0.007223500649
2680,0.0104462823,0.01935591441
2681,0.0132961554,0.003033277423
2682,-0.0003740121742,0.00488699448
2683,0.006021092135,0.02429653134
2684,-0.01588891173,-0.001915945424
2685,-0.02729963236,-0.01990777658
2686,0.001133307391,0.0143734725
2687,-0.0001338132896,-0.002605855567
2688,-0.009839848951,0.002829027225
2689,0.009116185235,-0.002869798285
2690,0.008833871702,0.004523146568
2691,0.01592419261,0.003753441834
2692,-0.006232092456,0.0178979541
2693,-0.01888909818,-0.006823607758
2694,0.001739064328,0.005986459034
2695,-0.008626146255,-0.06274030706
2696,-0.0005850126041,0.01235497941
2697,-0.001644291316,0.003257842708
2698,-0.01399569102,0.01670644944
2699,0.0196460121,-0.03060304355
2700,-0.02172794363,-0.01534563885
2701,-0.01102511268,0.002331607237
2702,0.0298344425,0.01431951714
2703,0.02423929373,0.003762213428
2704,0.01274676619,-0.01164639169
2705,-0.01266673049,-0.007773523851
2706,0.01048671769,-0.004755129187
2707,0.0005770926969,-0.01040845914
2708,0.01463052973,0.01399193662
2709,0.0002815118963,0.004528117974
2710,0.01806451303,-0.04232681652
2711,-0.008720317686,0.004866054601
2712,0.007027704258,-0.007137570819
2713,-0.06515348748,-0.01788386677
2714,-0.02506351178,0.01833461742
2715,-0.01747911625,0.01294929438
2716,0.00452163393,0.00282410485
2717,0.001689004286,-0.006546054369
2718,0.008878718444,0.01152106705
2719,-0.008394710927,0.006284239162
2720,-0.02447331926,0.02330441695
2721,-0.04318386619,0.01513907134
2722,0.00664607264,0.003212859993
2723,-0.0116159065,-0.005575834449
2724,0.01542453743,0.01461077733
2725,0.007594771696,0.005523852633
2726,-0.005791311207,-0.005229715229
2727,0.002758375028,0.0105658548
2728,-0.01338975882,-0.01165807578
2729,-0.009994339533,-0.003303775771
2730,0.003454669371,-0.01401398596
2731,-0.01029603569,-0.006243621835
2732,-0.01283189795,-0.003340057562
2733,0.006075997593,0.005940931804
2734,-0.003053621742,-0.01546376466
2735,0.0184171387,-0.004847262292
2736,0.006519686393,-0.004115536343
2737,-0.03416058234,-0.02042664846
2738,-0.01979928305,-0.003792734411
2739,0.01165530635,-0.01169806886
2740,-0.003283670179,0.007269451234
2741,-0.01630944161,-0.005396415385
2742,0.01931126534,-0.001593339631
2743,-0.007829231186,0.004059836588
2744,-0.003989120658,-0.01282992011
2745,0.03438454832,0.02247146636
2746,0.01402940962,-0.008341005808
2747,0.008561115127,-0.007821947503
2748,0.02051627964,-0.01000776805
2749,0.01973416831,-0.001382153585
2750,0.005105485018,0.03038925511
2751,-0.004188290827,-0.004374423653
2752,0.007122293583,-0.001313872868
2753,0.03676673894,-0.008504595353
2754,-0.004006999114,-0.0002551717092
2755,0.01029162404,-0.04248344365
2756,-0.006511599191,-0.001202561192
2757,-0.01596530484,-0.007378491072
2758,-0.02034277457,-0.002687938994
2759,0.002761299319,-0.002215843543
2760,0.004179836404,-0.01007956854
2761,-0.004591978443,-0.007905750014
2762,0.001223961538,-0.0005300786266
2763,-0.008911267569,-0.003627275129
2764,0.0230033019,-0.001228880648
2765,0.005949828797,0.0009504908534
2766,-0.006526704093,-0.001488529527
2767,0.0006982992899,-0.01482179431
2768,0.03313706036,-0.00544917101
2769,-0.01600594099,0.008425881251
2770,-0.01547967691,-0.006550730639
2771,-0.009059107972,0.007718281749
2772,-0.007090496499,0.01318895794
2773,-0.002451833256,-0.002894349929
2774,0.01033157561,0.001298468452
2775,-0.006767713646,-0.004213885296
2776,0.01363200464,0.01086009403
2777,-0.006394937537,0.005758010008
2778,0.002079257768,0.01107133181
2779,-0.01991258655,0.008408749318
2780,0.00732666032,-0.06148349798
2781,-0.004167839173,0.01354999011
2782,0.003300947032,0.002073503599
2783,-0.0128781985,0.01043027328
2784,-0.002810373379,0.001171107968
2785,0.0003226491803,0.001387379896
2786,-0.009262956571,-0.008987719224
2787,-0.02170094202,0.005408820229
2788,-0.002192978786,0.00205727022
2789,-0.02588102867,0.005286203102
2790,-0.05681863576,0.04162570297
2791,-0.0060309838,-0.0145104642
2792,0.05300710572,-0.02295392258
2793,-0.004093133699,-0.004370755283
2794,0.02203391723,-0.01045074602
2795,-0.0348586137,-0.009599022896
2796,0.02904558093,-0.009590325913
2797,-0.01124740787,0.01668701864
2798,0.003950355919,0.01354611672
2799,0.003222465367,-0.0062006632
2800,0.01313471387,-0.001697527933
2801,-0.01127420918,-0.01028841607
2802,0.003816183341,-0.01661081092
2803,0.001288077948,0.002512794166
2804,0.002930644162,-0.01138707689
2805,-0.007799556125,0.001138009364
2806,0.02029156146,0.01104457565
2807,-0.007537576932,-0.0007938652976
2808,-0.005445069008,-0.001356553203
2809,0.01013943991,-0.003062006748
2810,-0.01066700689,-0.001693627252
2811,0.00147756955,-0.004643603897
2812,-0.005489514886,0.01537926174
2813,-0.004227155803,0.009895872495
2814,0.003606586482,0.001163725226
2815,0.0120599628,0.003117009465
2816,-0.004859270898,-0.005874169019
2817,0.02860444883,-0.007033913646
2818,-0.02191157438,-0.006978105203
2819,0.02242249999,-0.0008060001094
2820,-0.001756475029,-0.01039202321
2821,0.009868621516,0.006164002463
2822,-0.0003102346513,-0.0009455592558
2823,-0.01842293609,-0.0009890007132
2824,-0.006460336318,0.001149636234
2825,-0.001245415972,-0.01325900513
2826,-0.0008051360091,-0.00164131479
2827,0.006523763056,-0.009223340458
2828,-0.00805550332,-0.002876095665
2829,-0.007862615521,-0.002969451326
2830,0.001471788495,-0.006219038517
2831,-0.005184108905,0.01654986419
2832,-0.009369325876,0.00901511002
2833,-0.004880942667,-0.006659156122
2834,0.01063963771,-0.01187438484
2835,0.006005995675,-0.01658619577
2836,-0.01717302537,-0.007679107873
2837,-0.01011180312,-0.004090439106
2838,-0.01518292621,-0.01302478656
2839,0.009849723699,-0.001616399977
2840,0.003359695678,0.01511356089
2841,-0.003237119192,-0.01491325355
2842,0.004432642235,-0.004016525907
2843,0.007780674915,-0.0023017074
2844,-0.01616201903,0.001393755118
2845,0.009691106091,0.0006274492106
2846,0.009008045394,0.0005153728982
2847,-0.001788071525,0.008844837118
2848,0.007482721599,0.002849248174
2849,-0.002456946283,-0.008550374841
2850,-0.01559256229,-0.0117451021
2851,-0.00389110638,0.0006564058466
2852,-0.001218447552,-0.001453653332
2853,-0.01037252917,-0.01020579282
2854,-0.001418754438,0.004197340557
2855,0.02075875941,-0.007095619091
2856,-0.003528288643,0.009579642143
2857,-0.003980983406,-0.005699668493
2858,0.01562848641,-0.0164306816
2859,-0.01945740205,0.004125722299
2860,-0.008868459036,-0.003738125784
2861,0.0007968150637,0.005780748915
2862,0.009024954738,-0.0007137149286
2863,-0.008173969631,0.005819239613
2864,-0.008022820644,0.0032069524
2865,-0.01878135905,-0.00911542772
2866,0.0005817040563,0.003669909938
2867,-0.002931145287,-0.005552947319
2868,0.007159838554,-0.0002201455343
2869,0.002617351708,0.008846018267
2870,0.008783945403,-0.006051190106
2871,0.006049564312,0.001476289936
2872,0.003729296991,0.009365320678
2873,-0.01778951785,-0.002516421157
2874,0.03134522941,-0.0126482791
2875,0.001155689005,0.01868873231
2876,0.01694274314,0.0006268761509
2877,0.01535980704,0.002402697397
2878,0.01253957536,0.009180850579
2879,0.01373416311,-5.790987831e-05
2880,-0.003973414116,0.006473822449
2881,0.001923196351,0.004928889707
2882,0.009124891004,-0.0001955110977
2883,0.05053592375,0.02797643501
2884,-0.06300802894,0.001529291792
2885,0.0001631794389,0.005581622401
2886,0.00350773669,-0.009118393167
2887,0.02663749084,-0.003135652924
2888,0.007196548,-0.003972351134
2889,0.01184401674,0.01183858864
2890,-0.001118461704,0.00198082405
2891,0.004140252815,-0.008376554176
2892,-0.002575379051,-0.002391619679
2893,-0.006057517643,-0.005722926509
2894,-0.02856768889,-0.009324157829
2895,0.01489807294,-0.004087456566
2896,0.02986886326,0.004529569686
2897,-0.006662480967,-0.001147785175
2898,-0.04114043179,0.0115431738
2899,-0.008522016396,0.003902700355
2900,-0.007665517007,0.007805402549
2901,-0.0180727672,-0.004878097133
2902,0.004631561891,0.006390336613
2903,-0.004170278693,-0.006540496714
2904,-0.001273520209,0.001242612817
2905,-0.007662175429,-0.005173874028
2906,-0.01082383689,-0.02648882475
2907,-0.002568662051,0.01850252813
2908,-0.01713359244,0.007240446424
2909,-0.01490281803,0.01779399874
2910,-0.02665303124,0.01694946423
2911,0.001526961096,-0.001733952368
2912,0.003919711757,-0.002494560816
2913,0.00206990084,0.002222767359
2914,-0.003191470042,0.02111140464
2915,0.0006149884325,0.007647700723
2916,-0.00222221951,0.01390641222
2917,-0.002573306993,0.005810491227
2918,0.0227837471,-0.03074199331
2919,-0.001412972685,-0.02644557347
2920,0.007446763804,0.006945690587
2921,-0.02055471052,0.01761764107
2922,-0.02981793417,0.00187130293
2923,-0.0280900983,-0.02158039888
2924,-0.006380684912,-0.01126083712
2925,0.002065523046,-0.002578474197
2926,-0.00744651337,-0.001805159265
2927,0.001444820584,-0.04257616579
2928,-0.005300068896,0.01360608064
2929,-0.0009422158972,0.004938512884
2930,-0.01584456635,-0.00721579278
2931,-0.003811421243,-0.008972522682
2932,-0.009686912165,0.009349083641
2933,0.0003014621686,-0.004536920586
2934,0.01477278931,-0.008233484127
2935,-0.002232846036,0.006955096825
2936,0.0004989615574,-0.002053473924
2937,-0.008649070908,0.0007162232574
2938,-0.01318002848,-0.000269559001
2939,-0.0125399098,0.004858912924
2940,-0.02352077735,-0.01687839096
2941,-0.005955760394,0.004551533081
2942,-0.008402505736,-0.01170996977
2943,-0.007933060483,0.00898385495
2944,0.01637153211,-0.003522692489
2945,-0.0002905346714,0.01830127835
2946,-0.0007219337401,0.01625637005
2947,0.02178553917,-0.001379852881
2948,0.001422129629,0.002949912308
2949,-0.001932085672,-0.01093905907
2950,-0.006304976808,0.0130575902
2951,-0.003827812858,-0.0002254593058
2952,-0.001259668782,-0.001721877854
2953,-0.05500823315,-0.01106572547
2954,0.01876431589,0.003605830191
2955,-0.01698241007,0.005804713056
2956,-1.370120122e-06,0.005367541314
2957,0.005348892427,0.006993900919
2958,0.02215067912,0.07025626509
2959,0.003288131186,0.02501837703
2960,-0.01721850764,0.04573688265
2961,0.0114257588,0.01396513219
2962,0.0006211708182,-0.002749787171
2963,0.003904690452,0.003099453941
2964,-0.001268591237,-0.01010845274
2965,0.009930979228,-0.00888601728
2966,0.002839112775,-0.004772529154
2967,-0.01377860878,-0.003948528112
2968,0.01654456129,3.962629686e-05
2969,-0.01263297832,0.01775629964
2970,-0.02023682276,0.003043003511
2971,0.003517828996,-0.003584772075
2972,-0.006926682276,-0.01513799992
2973,0.009637570672,0.01407893107
2974,0.003314180549,0.0004181869734
2975,-0.004231550266,0.01335365303
2976,-0.004092331772,0.01322178471
2977,-0.005351398867,-0.004077346895
2978,-0.03293311137,-0.009081005071
2979,0.003972211194,0.000244822287
2980,0.0294460269,-0.02035614301
2981,0.001171278581,-0.01073847234
2982,-0.004558059391,2.999784157e-05
2983,0.003586870117,-0.005644573279
2984,-0.0119218136,0.009308727568
2985,0.01075359269,0.01627443774
2986,0.004293189565,0.01153490373
2987,-0.01739652414,-0.002067456357
2988,-0.07204531461,-0.04841835163
2989,-0.001261055462,0.0236360568
2990,-0.004560298258,-0.004181471361
2991,0.009659559441,-0.001088195579
2992,-0.01566028358,-0.001141712953
2993,0.008079096347,0.01036083643
2994,0.0250742888,-0.0008082798618
2995,-0.02770559276,0.01002189509
2996,-0.02251760713,-0.01391077404
2997,-0.01173818252,0.01113661541
2998,0.01203222588,-0.007914666139
2999,-0.00859373092,0.001311298054
3000,0.003509708198,0.01371364452
3001,-0.001337114524,-0.0003995098294
3002,-0.0007526030858,0.009896058963
3003,-0.007630629353,-0.004685314874
3004,-8.79224321e-05,-0.01337029272
3005,0.004275210434,0.05365315671
3006,-0.002503764595,-0.003618108825
3007,-0.005421309004,0.01143477976
3008,0.01512427793,0.02584265236
3009,-0.004865338531,0.001531053608
3010,0.009360135903,-0.01914580651
3011,0.007378658456,0.001368742572
3012,-0.0004360360091,0.006190092996
3013,0.01920763699,0.01726721237
3014,-0.02726835345,0.002123884188
3015,-0.01925712907,0.01041437972
3016,-0.02734356883,0.01939811239
3017,-0.007719988075,-0.005938797869
3018,0.01663636849,0.002237770928
3019,-0.003845925231,0.01159312489
3020,0.01204799908,0.01168159626
3021,0.01157293123,-0.007733225948
3022,0.007774425872,-0.009736523289
3023,0.003942302326,-0.006317985093
3024,0.001034081617,-0.002120859599
3025,0.001981944451,-0.006007875204
3026,-0.01748374453,-0.01185013514
3027,0.005762204158,-0.0008341230927
3028,0.001728637965,-0.02043624921
3029,0.0005242590956,0.004549502552
3030,-0.002092290692,0.002126137628
3031,0.02198445882,0.01385006523
3032,-0.00888650463,0.006024273955
3033,0.001045944864,-0.001990288857
3034,-0.01312368585,-0.01335372799
3035,-0.01155769266,0.0009558746519
3036,0.004207271862,-0.006191141634
3037,-0.009836807731,0.01872925168
3038,-0.004897383941,-0.001462400127
3039,-0.005516716788,0.002416248767
3040,-0.004363442108,-0.01690852257
3041,-0.0005458468731,-0.003878028378
3042,0.006509828199,-0.003788395762
3043,0.009677805569,0.006589472535
3044,-0.003121927747,-0.002322112241
3045,-0.01011270536,0.003992725414
3046,-0.01458589959,-0.002548277608
3047,0.002754365177,-0.002609675868
3048,0.004957870299,0.01253246682
3049,-0.008692313568,0.00144114011
3050,0.00326779649,0.01068615332
3051,-0.02639019997,-0.004785292432
3052,-0.003013486888,-0.00484668372
3053,0.006795985048,0.01366460856
3054,-0.003431577439,-0.003402360919
3055,0.01447902992,0.001609774471
3056,0.0002881787246,0.003326412074
3057,0.01015421035,0.003094000265
3058,0.01039765954,-0.01303181186
3059,-0.006807213421,0.001626209402
3060,-0.006640759183,-0.0106539121
3061,-0.001227587478,-0.007022844198
3062,0.00131766525,-0.007269871047
3063,0.01398770405,-0.01159368045
3064,-0.02364201715,-0.004071427614
3065,-0.01302099279,-0.003326378348
3066,-0.0008801923182,0.009170878396
3067,-0.01725276044,-0.003079063552
3068,-0.01895045359,-0.009354930902
3069,-0.0008341090782,0.003171470189
3070,0.02317607236,-0.01419033184
3071,-0.001835140464,-0.008102623946
3072,-0.01557084089,0.007318588206
3073,-0.04564836342,0.01565384126
3074,0.01247741842,0.002196477888
3075,-0.008139716337,0.002057554779
3076,0.009981139422,0.001401297764
3077,0.01892980108,0.01306372593
3078,0.005038791794,-0.01666381738
3079,-0.009508343775,-0.0004547603881
3080,0.001379989575,-0.008833731714
3081,0.01187753474,0.00485856053
3082,-0.008431387189,-0.0003146936318
3083,-0.008525792524,-0.007076024868
3084,-0.009441374494,0.01895612183
3085,-0.03580941809,-0.002309848463
3086,-0.003349762322,-0.007730848452
3087,0.003369052567,0.006039285426
3088,-0.001640414711,0.0003320274082
3089,0.009612106141,-0.01091183811
3090,0.003088877674,-0.01875906139
3091,0.01041553759,-0.001875735041
3092,-0.01050523102,0.0375658278
3093,0.003798237954,-0.01197802235
3094,0.006665187521,0.00370500114
3095,0.002568160636,-0.01766684454
3096,0.01814702187,0.009737922317
3097,0.008534130301,-0.001627797173
3098,0.002611503734,-0.006682757236
3099,-0.01630102053,-0.002566259412
3100,0.007515838682,-0.001082650682
3101,-0.0001813918867,0.001105980724
3102,-0.02910158925,0.0177425433
3103,0.001616086419,-0.02004010167
3104,0.0111604215,0.002682030232
3105,-0.003424994065,0.0005915451502
3106,0.002662967214,-0.001279602188
3107,-0.005171878099,-0.007356609511
3108,-0.01193728587,0.0004497193946
3109,-0.00768877584,0.006012863194
3110,-0.09918520916,0.03319236439
3111,-0.03404509014,0.006551246249
3112,0.008836745434,-0.004217217984
3113,0.005240351089,0.02224106224
3114,0.003298382205,0.01222130664
3115,-0.002430261946,0.0009146103363
3116,-0.001583704699,-0.009439283898
3117,0.02102586836,-0.01336872716
3118,-0.004290281983,-0.004930729439
3119,-0.05624876941,0.1025898973
3120,0.0002271744311,0.02089017927
3121,0.00986819524,0.005036492842
3122,-0.0008564488785,-0.007417832291
3123,-0.01962064817,-0.003916923863
3124,0.02029882961,-0.02488524891
3125,0.002643451232,0.001554000932
3126,0.003909753557,-0.01005173263
3127,-0.00280124195,0.009585208612
3128,-0.0069150195,0.01331601578
3129,-0.001990633627,0.004451341163
3130,-0.01204408938,0.003860993275
3131,0.0009775552982,0.008893900791
3132,0.007578563769,-0.01836327419
3133,0.01347564294,-0.03687816186
3134,0.003158386295,0.007317924488
3135,0.003491161522,-0.01674535476
3136,5.434578339e-05,-0.003759607167
3137,-0.0305293997,0.01043603494
3138,0.01141088796,-0.02220412303
3139,0.01862618344,0.004412301194
3140,0.009588112237,-0.00317522722
3141,-0.005785663512,0.005719067983
3142,-0.007092752236,-0.01451272221
3143,-0.007349551505,-0.00106897781
3144,-0.0003102511916,0.004790107282
3145,-0.008986724847,-5.347073756e-05
3146,-0.009708216026,-0.002020445057
3147,-0.003476758349,0.00309697164
3148,0.01706378259,-0.0008757437943
3149,0.007131633789,0.001002111172
3150,0.001855492215,0.005121230165
3151,-0.009244593482,-0.002786685647
3152,0.008800871525,0.007187611521
3153,-0.01832537269,-0.002840452935
3154,0.05963413053,0.009097478715
3155,-0.01413851884,0.001629954499
3156,-0.01840524127,0.01316959408
3157,-0.01055575878,-0.04219089333
3158,-0.02721705738,0.003978247332
3159,0.007942617833,0.006138284101
3160,0.03410089789,-0.03242994188
3161,-0.001904014679,0.003770960304
3162,-0.01181143017,0.004451541382
3163,-0.008178815172,-0.006790839734
3164,-0.004195141743,0.002766777472
3165,0.001696991253,0.006036743416
3166,-0.004660251053,-0.002889586822
3167,-0.004932272336,-0.0001133595787
3168,-0.00349675476,0.001721173922
3169,-0.007589675163,-0.004011320413
3170,-6.950919145e-05,-0.00714163861
3171,0.01282259115,-0.03562271015
3172,-0.006714913321,-0.0004721494025
3173,0.02255468809,-0.01440567412
3174,-0.01143743858,0.01459543223
3175,-0.00181219089,-0.01139637819
3176,-0.01058369647,-0.005570149341
3177,-0.007517242317,-0.001103807736
3178,-0.008155623314,-0.003953769651
3179,0.003658852151,0.004739668969
3180,-0.003597563821,-0.01270428382
3181,0.008004106511,0.0006450357933
3182,0.0003180710237,0.007555350743
3183,0.004335830669,0.004533159711
3184,0.01336222245,-0.001024377344
3185,-0.007107572982,-0.00654475628
3186,-0.0153635163,-0.01243526112
3187,-0.005451785805,-0.01013226173
3188,0.009287568833,-0.01735543781
3189,0.006065537971,-0.003266604105
3190,0.01734793457,-0.01963898861
3191,-0.009078256395,-0.009562141844
3192,0.004939690703,-0.04163245873
3193,-0.00549786935,-0.0001253415958
3194,-0.002640009178,-0.001244979304
3195,-0.02198168519,-0.004703649324
3196,-0.002453813213,-0.004513329624
3197,0.02349300609,-0.06098730369
3198,0.001339654095,-0.01116737061
3199,-0.009012322935,0.008268906504
3200,-0.00810061751,0.001462636794
3201,-0.004401045452,-0.00156823612
3202,0.005241520698,0.007231960207
3203,-0.002338847808,-0.03255267028
3204,-0.0005878865059,-0.01124005546
3205,-0.02537195828,0.01512908794
3206,-0.1279016256,-0.09254545169
3207,-0.00496014278,-0.009133750329
3208,-0.000324570686,-0.01447217835
3209,-0.0001133532273,0.0007934176645
3210,0.0005798329038,-0.01160489219
3211,0.01623174526,0.002097425666
3212,-0.01654593983,0.006158340243
3213,0.03694605911,-0.006198423008
3214,-0.0001194688126,-0.004570183431
3215,0.01173791482,-0.004231623479
3216,-0.006729350234,-0.001538198523
3217,0.01702393168,0.005874371393
3218,-0.01464545073,-0.007499077865
3219,-0.00753542159,0.007687423326
3220,-0.008930048114,0.003816648147
3221,-0.005196172915,0.0006327742725
3222,0.004264182946,-0.004477958469
3223,0.002388172366,0.00181961872
3224,0.0006358746751,0.005930722831
3225,-0.002337577872,0.003929161717
3226,-0.004499411083,-0.004804719417
3227,-0.007563726419,-0.005051554045
3228,0.01395883127,0.01195674962
3229,-0.001928343003,-0.004145154201
3230,0.01159024141,0.01496357508
3231,0.01219864673,-0.02094622383
3232,0.04545206829,0.007609126082
3233,-0.007257418777,-0.0003307276494
3234,0.01188057571,0.003760856866
3235,-0.01083257572,0.004374661298
3236,-0.007042207632,-0.007876212971
3237,0.00645317676,-0.001931629133
3238,-0.01645935426,-0.01177053076
3239,-0.01054680328,-0.003444091684
3240,0.02354851388,0.0145517911
3241,9.70119868e-05,-0.0004575364892
3242,-0.01045797835,0.002019595081
3243,0.002314719693,-0.002683545114
3244,0.007462537414,-0.009598559092
3245,-0.00963305914,-0.005018049844
3246,-0.006563597452,0.002767369153
3247,0.005463866625,0.01683073317
3248,0.01894911654,0.01398320817
3249,-0.001656472098,-0.003257555352
3250,-0.02381027569,0.009385289067
3251,-0.005568773497,0.01462884006
3252,0.008075679266,0.009692856834
3253,0.004788107797,0.01120634649
3254,-0.02246627751,0.00517407882
3255,-0.002171424169,0.01067092461
3256,0.01623238027,-0.000325649074
3257,-0.01560529438,-0.0153314311
3258,0.00741294526,0.0001899350742
3259,-0.001619127578,-0.001998286961
3260,0.03289575025,0.01498816939
3261,-0.01886873019,0.004713715732
3262,0.00440320095,-0.0004708113032
3263,0.002243539913,-0.007728169213
3264,0.004288143385,-0.001084456997
3265,-0.004045162349,-0.01201345145
3266,0.003606653431,-0.001299079462
3267,-0.0020347453,-0.0004783694926
3268,-0.01420050888,0.02155029658
3269,0.0003084299267,0.003358205573
3270,-0.02015523279,0.02981886088
3271,-0.006174413309,0.002947384366
3272,0.004180705033,-0.009071295085
3273,0.01099373348,0.001492133289
3274,-0.003373263299,0.007049464195
3275,-0.03394410128,0.01461957452
3276,0.05511784371,0.02914994502
3277,-0.006667059014,0.009073515128
3278,0.000475268462,-0.0023905334
3279,-0.009153814002,0.003376113702
3280,0.002776103322,-0.003527187753
3281,-0.09154242281,-0.2316876658
3282,-0.009853917646,0.003860843858
3283,-0.0245878753,0.0148957727
3284,-0.002548778356,0.006808047527
3285,0.004261509394,-0.0007165132752
3286,0.001126807602,0.004536217031
3287,0.0118476926,-0.0003767514234
3288,-0.0472679596,0.0206446072
3289,0.003506182666,-0.01611463327
3290,0.01050904116,0.01900367596
3291,-0.02627724752,-0.002511371817
3292,0.01332345773,-0.01230049085
3293,-0.004038545478,-0.003794683815
3294,-0.007559281701,0.001973933885
3295,0.00377618234,-0.007481428379
3296,-0.01902383863,0.01502581365
3297,-0.00907240858,0.003014716523
3298,0.02051801753,-0.01156308502
3299,-0.01123744929,-0.01030854744
3300,0.003105519836,-0.02552790609
3301,0.01564228807,0.006708019311
3302,-0.007169796877,0.003576752427
3303,0.0009904380305,-0.005918395144
3304,0.01358849451,0.005996419146
3305,0.005971968145,0.002035898953
3306,0.001713466236,0.001066729283
3307,-0.002544463519,-0.002273785593
3308,-0.01916406026,0.01138399811
3309,-0.00567393108,-0.00807146058
3310,-0.001752648533,-0.0047042861
3311,-0.005620295253,0.02083536315
3312,0.05109393282,0.01449190509
3313,0.01156405877,-0.002198908342
3314,-0.02972556736,0.01081924778
3315,0.01146961985,0.007555871373
3316,-0.00761221563,0.005394639767
3317,-0.001953239163,-0.005572662845
3318,0.03069247919,0.002279780108
3319,0.04328502173,0.02888216254
3320,-0.01647736648,-0.00924263228
3321,-0.006881183934,0.005105581986
3322,-0.01278355919,-0.001121619026
3323,0.002045138148,0.0008799353786
3324,0.007502738854,0.005668958866
3325,-0.003843118206,0.016878118
3326,-0.009304628754,0.006166255392
3327,-0.007227609777,0.002842961801
3328,0.004306339476,0.01334296902
3329,0.01595454444,0.01020409848
3330,0.02092330902,-0.02766300621
3331,-0.01082256704,-0.009442644623
3332,0.006453184911,0.004077562643
3333,0.001538457045,0.01492930452
3334,0.006603164006,-6.860886815e-05
3335,-0.02739594289,-0.002018216356
3336,-0.005130239502,0.0006464730259
3337,0.0150654795,-0.0003514750764
3338,0.002771240958,0.005792879351
3339,0.005050671669,-0.006432815552
3340,-0.002634327951,0.01077392172
3341,0.005643637701,-0.01879563454
3342,0.007027838038,-0.00106487791
3343,0.01284554928,-0.00217696342
3344,-0.02363683728,0.02478553941
3345,0.009452385581,0.01848219693
3346,0.001304832645,0.005273789646
3347,-0.006597249151,0.002430485759
3348,-0.01282142159,-0.008528201362
3349,0.02237317512,-0.08459795726
3350,-0.00866958967,-0.009114300314
3351,-0.0113511203,0.005916756934
3352,0.01428453817,-0.004068258628
3353,0.005485704936,0.01011468609
3354,-0.005480191081,-0.009222144182
3355,-0.02253134194,0.008379354538
3356,-0.001155722403,0.002983486694
3357,-0.002822203249,0.0005144008468
3358,0.01035792526,0.02599879844
3359,-0.009548411718,0.01050125799
3360,0.02358141359,0.004156691588
3361,0.01155548717,-0.00325621192
3362,0.0001912837484,0.004395634459
3363,0.03149547589,-0.03485381112
3364,-0.0150605504,-0.005296220055
3365,0.006049497514,0.001240061232
3366,-0.003762380587,0.005175658349
3367,0.01041948096,0.002271306921
3368,0.004471874557,0.002608423234
3369,-0.03806853103,0.05870575754
3370,-0.01140340253,0.002085959136
3371,-0.0130542102,-0.005513379033
3372,0.004724847866,-0.008079333338
3373,-0.001553060602,0.00634224802
3374,0.0003240527461,-0.003688135579
3375,-0.004206035718,-0.005636473338
3376,-0.007531712274,0.001980108517
3377,0.01216877122,0.009100306858
3378,0.02811860358,0.009351963006
3379,-0.01644167596,-0.002690584906
3380,-0.002180513925,0.005310351251
3381,0.00404085155,-0.001130552529
3382,-0.007054705972,0.01228909953
3383,-0.006543580064,-0.0112444141
3384,0.006303105329,0.004355754694
3385,-0.006023698814,-0.001241139084
3386,0.001057373882,0.003919478033
3387,-0.008260087371,0.0009721628318
3388,-0.04259524385,-0.01544171068
3389,0.003203033,-0.0007251471154
3390,0.00041272701,-0.0006528270231
3391,0.001020715757,0.01660667933
3392,0.01647338969,-0.01095395816
3393,0.005516950618,-0.005759816119
3394,0.009403244405,0.06695532436
3395,-0.0003826342438,-0.0004123642736
3396,-0.001985387248,0.002847823187
3397,-0.007142996,0.001310373052
3398,0.008766434428,-0.01909721757
3399,0.004163060513,0.004369013567
3400,-0.01427138838,-0.0002967024785
3401,-0.008088286293,0.01051785743
3402,-0.006096316067,-0.0593554762
3403,0.008712531464,0.004154566474
3404,-0.03533054047,0.004581236987
3405,-0.03029006122,0.0009132429052
3406,-0.00165849377,0.001679833486
3407,0.01213354864,0.01086121597
3408,-0.007934864999,-0.004576397754
3409,0.02820452076,-0.008507898097
3410,-0.001393958224,-0.0131630252
3411,-0.01080680223,0.009758607099
3412,0.005690831674,-0.0016841279
3413,0.01466772364,0.04108025136
3414,-0.01710999942,0.007177116941
3415,-0.008827455174,0.00413243115
3416,-0.005736414113,0.00390391821
3417,0.0193373985,0.01085467201
3418,0.003330120799,0.0120994247
3419,-0.04189667768,0.006562318585
3420,0.007328665664,-0.00780333617
3421,-0.01457706112,-0.006429803636
3422,0.009265663495,-0.000703419417
3423,-0.003979780407,-0.009973958833
3424,-0.01543897414,0.01057988707
3425,-0.01448773519,-0.007503919123
3426,-0.002381221371,0.002037455368
3427,0.005514277323,-0.01150507651
3428,0.01811975295,0.01196130099
3429,0.01505765956,-0.01078450168
3430,0.08850366629,0.07747143646
3431,-0.005542118506,0.000683686695
3432,0.01077805452,0.01379459295
3433,-0.001764545512,0.02581927211
3434,-0.01952590857,-0.0005676446276
3435,0.002881753667,-0.01857979664
3436,-0.007456856077,0.007539290197
3437,-0.005449313073,-0.01149383627
3438,0.004489686429,-0.03038320028
3439,-0.006594116111,0.001472300747
3440,-0.0002445182688,-0.003459515786
3441,0.01589452593,-0.01119901712
3442,-0.00220350529,-0.001784208544
3443,0.01005703139,0.01635601062
3444,-0.007544778543,-0.0009636937708
3445,0.00558275041,-0.01348616166
3446,-0.02168971357,-0.007392934923
3447,-0.005084173149,-0.01245255695
3448,0.003121142497,0.009181412879
3449,0.003295466526,-0.003531577496
3450,-0.0191967429,0.002338275333
3451,3.211455414e-05,-0.01219945462
3452,-0.004605211859,0.01728163556
3453,0.009400904932,-0.08916702426
3454,0.0001165864315,0.007692451725
3455,0.002510414651,0.01338342338
3456,-0.01319687099,-0.004118439823
3457,-0.006098905668,0.005965079639
3458,-0.001709790087,0.00567644256
3459,-0.0007284420354,0.0007612041076
3460,0.0103028194,-0.0008306071342
3461,0.01246431701,-0.002487135236
3462,0.01841381286,-0.00124077319
3463,-0.01672231923,-0.03134478508
3464,0.01357960561,0.01524062005
3465,-0.004190229221,-0.02132071616
3466,0.01640628649,-0.06407176596
3467,0.004153402924,0.009864617434
3468,-0.006764572222,0.003886894046
3469,-0.005352117274,-0.00847672535
3470,-0.005927797848,0.004467284295
3471,0.006821315777,0.01102537294
3472,-0.004410352505,5.044664226e-05
3473,-0.01557932873,-0.007775736604
3474,-0.007839356783,0.009617225486
3475,0.010360432,-0.02460172432
3476,-0.0002942774232,0.004904276563
3477,-0.01914093498,0.0123495403
3478,0.01729864295,0.006537250415
3479,0.01936667252,0.01224383309
3480,0.0008488464755,-0.005146977708
3481,-0.003807193867,0.001570891267
3482,-0.003636262098,-0.06283904513
3483,0.005274003147,0.0126682498
3484,-0.003249132928,-0.007735393697
3485,0.006440452617,-0.001259808168
3486,0.02519088794,0.007932804082
3487,-0.02394384679,-0.01751710728
3488,0.01831033467,-0.01489449541
3489,0.0008336079131,-0.01737261942
3490,0.02219006188,-0.0215395973
3491,0.005357848442,-0.01327459334
3492,-0.003922151106,-0.01484572491
3493,-0.02129170624,0.007149145837
3494,-0.006188482157,-0.008839324942
3495,0.008878450971,0.01028894787
3496,0.03429117921,-0.01909153257
3497,-0.003493133005,0.005232092845
3498,-0.009339750789,-0.0107284022
3499,0.01096265477,0.008385814776
3500,0.002961288227,-0.00431439287
3501,0.01868655274,-0.006957743664
3502,-0.007082509717,-0.01895944249
3503,-0.04018956904,0.003512509397
3504,0.002531033582,0.008978345586
3505,-0.0003299679563,-0.01161762783
3506,0.0006955254815,-0.005975134035
3507,0.03518597537,-0.008764116594
3508,0.02273338593,0.002199376606
3509,0.01499194335,-0.003168651507
3510,-0.01396003433,-0.008183163393
3511,-0.002235786968,0.002127595299
3512,-0.01185888763,-0.01967654029
3513,0.003913362141,-0.05156371854
3514,-0.004861092435,0.005611906368
3515,0.001168822306,-0.01115756103
3516,0.01766682397,-0.00653315625
3517,-0.004679365984,-0.0111413044
3518,0.01088743103,-0.00369415748
3519,0.0001480743955,-0.007574894532
3520,-0.01613941193,0.003127243871
3521,0.0002918880525,0.01277232623
3522,-0.00873522161,-0.01311792461
3523,-0.006215734336,-0.0007594047987
3524,-0.01707464375,0.03903070051
3525,0.002290692615,-0.003618055798
3526,-0.0004563875435,0.01276207599
3527,-0.01554337126,-0.004347274419
3528,-0.004751281287,-0.004168562068
3529,0.001957015388,-0.001141333583
3530,0.01050305909,-0.002759722426
3531,0.02190840002,0.03986993852
3532,0.0002556800308,-0.001573406091
3533,-0.005677423392,0.01867545353
3534,0.01709315677,-0.002294724097
3535,0.01633022768,-0.01273096128
3536,-0.002683084703,-0.01058435233
3537,-0.0215507623,0.005214099447
3538,-0.01116129009,0.001941578194
3539,-0.01976832154,-0.008871918614
3540,-0.01395769476,0.01157890657
3541,0.007660270436,-0.01446617679
3542,0.006506854033,0.004166703549
3543,-0.007426963839,0.00210100276
3544,0.01131405982,0.002888230337
3545,-0.01928994548,-0.06057827701
3546,-0.008687117093,0.002119945447
3547,0.003396338308,-0.004515586969
3548,0.01082226632,0.0131541507
3549,0.0279548224,0.010906487
3550,0.001397801422,0.01921213758
3551,-0.0239530371,-0.0002094799302
3552,0.001401042788,-0.007422354439
3553,-0.004646549948,-0.002512462387
3554,0.004199753309,-0.0105098188
3555,-0.007992811454,0.001728258233
3556,-0.002255904405,0.01164854975
3557,0.02641492891,0.01525314469
3558,0.0004554851332,-0.002343753285
3559,-0.006319864413,0.002120327404
3560,-0.01909037369,-0.02156167263
3561,0.003823836092,0.007953496007
3562,-0.00438548933,0.01938379444
3563,-0.004177582349,-0.001081348437
3564,-0.01076361802,0.01344569691
3565,0.01797485326,-0.004807696384
3566,-0.01659035206,0.001809723635
3567,-0.002393786773,0.04566520773
3568,-0.007781610681,0.008221310208
3569,-0.002072908507,-0.008897720709
3570,0.009209855721,0.009281662831
3571,-0.008859870686,0.001702378817
3572,-0.01727732259,0.01368837673
3573,0.007950070005,0.007827632662
3574,-0.005289559049,-0.008774184224
3575,0.01713590667,0.02260192205
3576,-0.0192220737,0.003034230435
3577,-0.007443455627,-0.008080993149
3578,-0.04048223401,-0.01631816195
3579,0.03331370731,-0.002253502233
3580,0.02831032178,-0.009024589274
3581,0.007846708633,0.02333083867
3582,0.005006927599,-0.00194067424
3583,0.002841652378,0.001256495281
