draw,midpoint_residual,valence_offset,markedness,markedness_ratio,apex_angle_deg,effective_vertices,step_cosine
0,0.5668450104,0.2507683314,0.5083586428,1.016717286,82.01457672,4.38946361,-0.1389211606
1,0.5738654327,0.2867134708,0.4971085601,0.9942171202,80.93398047,4.44806987,-0.1575724329
2,0.6245760313,0.3140489396,0.5398782108,1.079756422,75.45293686,4.771186053,-0.2511751626
3,0.6296267673,0.2790923044,0.5643911336,1.128782267,75.45543951,4.771027806,-0.2511328831
4,0.5997287222,0.3148470593,0.5104369398,1.02087388,77.87356609,4.622878058,-0.2100696494
5,0.5548892748,0.2639699301,0.4880798943,0.9761597887,83.23448233,4.325130522,-0.1178063502
6,0.5826552945,0.2766154684,0.5128070543,1.025614109,80.10129744,4.494309225,-0.1719067928
7,0.5950657638,0.2232698063,0.5515921109,1.103184222,79.31215076,4.539027079,-0.1854582277
8,0.5806367305,0.269131801,0.5144969256,1.028993851,80.38718493,4.478325747,-0.1669892755
9,0.647469026,0.2590140942,0.5934036052,1.18680721,74.08386552,4.859357668,-0.2742300339
10,0.617477941,0.3079303981,0.5352175983,1.070435197,76.2184816,4.723263865,-0.2382201915
11,0.5897271431,0.2384349962,0.5393763584,1.078752717,79.72500958,4.515521565,-0.1783727328
12,0.5902116657,0.2270927507,0.5447739833,1.089547967,79.76643566,4.513176464,-0.1776612598
13,0.6385196748,0.2253444663,0.5974338847,1.194867769,75.2126825,4.786426811,-0.255231744
14,0.6231706384,0.2901066747,0.5515249422,1.103049884,75.91874881,4.741911657,-0.243297629
15,0.6369603974,0.2558136869,0.5833334428,1.166666886,75.05364008,4.796569488,-0.2579146359
16,0.5702076633,0.2666043348,0.5040425656,1.008085131,81.5214481,4.416015765,-0.1474391725
17,0.6364220813,0.3263012284,0.5464069673,1.092813935,74.15967116,4.854390457,-0.2729574569
18,0.6503972975,0.2586133218,0.5967711407,1.193542281,73.83200224,4.875934406,-0.2784546958
19,0.6078084467,0.3332654493,0.5082964177,1.016592835,76.7774304,4.688877944,-0.2287343586
20,0.6208910515,0.3012749833,0.5428987772,1.085797554,75.98551124,4.737745317,-0.242167253
21,0.627795147,0.3385440046,0.5286915012,1.057383002,74.75111976,4.815981368,-0.2630123591
22,0.6554594658,0.2903412271,0.5876470736,1.175294147,73.00308778,4.931298264,-0.2923201672
23,0.6414484428,0.2607369664,0.5860651322,1.172130264,74.59755816,4.825895229,-0.2655972053
24,0.5198803429,0.2493355486,0.4561878507,0.9123757014,87.45512601,4.11639679,-0.04440182739
25,0.6404705646,0.2225678044,0.6005548406,1.201109681,75.06372085,4.795925327,-0.2577446418
26,0.5669027875,0.2421676554,0.5125754551,1.02515091,82.07225041,4.386379053,-0.1379242552
27,0.6058085046,0.3109372242,0.519924982,1.039849964,77.31743237,4.656129788,-0.2195493857
28,0.6496564096,0.2918120206,0.5804301811,1.160860362,73.48891117,4.898698243,-0.2842009061
29,0.6166147615,0.3059074662,0.5353824673,1.070764935,76.33014822,4.716354002,-0.2363268981
30,0.6304260178,0.3310946607,0.5364823292,1.072964658,74.63324893,4.823587411,-0.264996605
31,0.5831906478,0.2258689176,0.537675147,1.075350294,80.48596825,4.472829337,-0.1652891425
32,0.6070091686,0.2990144475,0.5282522986,1.056504597,77.36057046,4.65353342,-0.2188147915
33,0.6828909703,0.3072632889,0.6098601058,1.219720212,70.46850997,5.108664851,-0.334324889
34,0.6386425476,0.2147907749,0.6014392959,1.202878592,75.2929003,4.781327304,-0.2538777998
35,0.625672727,0.2479123008,0.5744613586,1.148922717,76.16566082,4.726539442,-0.2391154464
36,0.6560706876,0.2826381125,0.5920679391,1.184135878,73.05175031,4.92801334,-0.2915078384
37,0.6573211416,0.3446526196,0.5597192645,1.119438529,71.98081093,5.001332929,-0.3093354976
38,0.6095785526,0.250477973,0.5557398643,1.111479729,77.65914993,4.63564178,-0.2137269344
39,0.6073980285,0.2745061437,0.5418290709,1.083658142,77.6198205,4.637990627,-0.2143974511
40,0.5775803839,0.3086638436,0.4881861648,0.9763723295,80.28267812,4.484155343,-0.1687873735
41,0.5871560062,0.282755877,0.5145884663,1.029176933,79.56687928,4.52449566,-0.181087684
42,0.6437907366,0.2933094368,0.5730934364,1.146186873,73.98756505,4.865682493,-0.2758459727
43,0.631380542,0.2571561988,0.5766386028,1.153277206,75.54541089,4.765345714,-0.2496126011
44,0.6389712534,0.2375471288,0.5931741938,1.186348388,75.05916154,4.796216646,-0.2578215275
45,0.6602839599,0.3135253355,0.5810996229,1.162199246,72.25326873,4.982473545,-0.3048099642
46,0.6060371616,0.271395342,0.5418723185,1.083744637,77.78746477,4.627995026,-0.2115386315
47,0.6084164132,0.2565515523,0.5516809158,1.103361832,77.71143773,4.632522709,-0.2128353384
48,0.6492961595,0.2681066747,0.591358025,1.18271605,73.81964808,4.876750423,-0.2786617822
49,0.6026317546,0.2662239277,0.5406383745,1.081276749,78.17768292,4.604894729,-0.2048773116
50,0.6345184707,0.3060256813,0.555843478,1.111686956,74.64706403,4.822694699,-0.2647640985
51,0.6276001517,0.3118539688,0.5446366243,1.089273249,75.20169658,4.787126041,-0.2554171293
52,0.6218036946,0.3028220338,0.5430825448,1.08616509,75.87748193,4.744490603,-0.2439961666
53,0.589559802,0.2475691196,0.5350610163,1.070122033,79.66437701,4.518958329,-0.1794138996
54,0.5962337551,0.2643863275,0.5344104795,1.068820959,78.83316554,4.566605914,-0.1936664949
55,0.6434988879,0.259291825,0.5889469995,1.177893999,74.4312436,4.836678558,-0.2683945645
56,0.5977210458,0.338606703,0.4925606047,0.9851212093,77.71389572,4.632376188,-0.212793421
57,0.6643322962,0.3433171596,0.5687448705,1.137489741,71.4060085,5.041592544,-0.3188599169
58,0.603410504,0.2599427764,0.5445493452,1.08909869,78.1655299,4.605610689,-0.2050849177
59,0.5889011065,0.2866257472,0.5144416335,1.028883267,79.34304633,4.537259617,-0.1849283259
60,0.6471668515,0.241492103,0.6004219332,1.200843866,74.29522977,4.845533167,-0.2706805952
61,0.6550286628,0.3216828663,0.5705985301,1.14119706,72.57734467,4.960225558,-0.2994180851
62,0.6246954925,0.2537602398,0.5708328993,1.141665799,76.19673894,4.724611644,-0.2385887305
63,0.6166514577,0.3126957791,0.5314888239,1.062977648,76.22919841,4.722599837,-0.2380385284
64,0.628581967,0.2918279789,0.5567330779,1.113466156,75.3906342,4.775128951,-0.2522275405
65,0.5891505204,0.242055814,0.5371287728,1.074257546,79.75313692,4.51392903,-0.1778896694
66,0.6358027912,0.3132884309,0.5532590247,1.106518049,74.4218591,4.837288457,-0.2685523417
67,0.6325449058,0.2387040405,0.5857759289,1.171551858,75.62648924,4.760236838,-0.248242061
68,0.6142826112,0.3124856827,0.5288627653,1.057725531,76.46165398,4.708242384,-0.234096084
69,0.5844558555,0.3029157595,0.499830661,0.9996613221,79.61635183,4.521684198,-0.1802384332
70,0.6107780576,0.217391943,0.5707806748,1.14156135,77.83427037,4.625211983,-0.2107401361
71,0.6191513873,0.2792677151,0.5525920591,1.105184118,76.43307811,4.710002644,-0.2345809396
72,0.5930621839,0.2454215477,0.5398990812,1.079798162,79.32994692,4.538008835,-0.1851530055
73,0.6665803941,0.2956637916,0.5974214125,1.194842825,71.98131339,5.001298018,-0.3093271583
74,0.6168982025,0.2756758857,0.5518751655,1.103750331,76.68961417,4.694247114,-0.2302261385
75,0.6272347601,0.2974049191,0.5522442923,1.104488585,75.44134088,4.771919425,-0.2513710571
76,0.5554874923,0.2534530772,0.4942953487,0.9885906974,83.24283907,4.324696322,-0.117661512
77,0.6772277368,0.3240045888,0.5946918815,1.189383763,70.6674571,5.094282641,-0.3310504001
78,0.6004919101,0.3016067224,0.5192532321,1.038506464,77.97679156,4.616758305,-0.2083078859
79,0.6161520125,0.2676007536,0.5550073325,1.110014665,76.85211611,4.684321242,-0.2274652107
80,0.5773471508,0.3140442815,0.4844645723,0.9689291445,80.24040897,4.486517512,-0.1695144787
81,0.6260031486,0.2457103592,0.5757658912,1.151531782,76.15699873,4.727077039,-0.23926224
82,0.6295582072,0.3134638517,0.5459706493,1.091941299,74.99499268,4.80032049,-0.2589034605
83,0.6494139118,0.272973752,0.5892569555,1.178513911,73.75128256,4.881271044,-0.2798075233
84,0.6442445093,0.3035174997,0.5682676439,1.136535288,73.80427935,4.87776594,-0.2789193822
85,0.6507503276,0.2549807173,0.5987159783,1.197431957,73.84122818,4.875325193,-0.2783000378
86,0.6374416554,0.2894785,0.5679208238,1.135841648,74.60933951,4.825133185,-0.2653989614
87,0.6818924385,0.274385775,0.6242513469,1.248502694,70.99751204,5.070600218,-0.3256092116
88,0.6277471321,0.2825837086,0.5605469735,1.121093947,75.58633989,4.762765342,-0.2489208037
89,0.5962148665,0.2237311257,0.5526450492,1.105290098,79.19504977,4.545738668,-0.1874661814
90,0.6385271768,0.2920439743,0.5678267981,1.135653596,74.47707968,4.833701879,-0.2676238406
91,0.5893755493,0.2678740821,0.5249828704,1.049965741,79.4932774,4.528684837,-0.182350891
92,0.6232615823,0.2417185209,0.574479901,1.148959802,76.44960003,4.708984741,-0.2343006142
93,0.5541297601,0.2536868794,0.4926487168,0.9852974337,83.393299,4.316893615,-0.1150533292
94,0.6716055316,0.2857379638,0.6077892778,1.215578556,71.69601436,5.021199619,-0.3140584996
95,0.6327802386,0.309173603,0.5521073388,1.104214678,74.76071376,4.815363336,-0.2628508038
96,0.5972826794,0.294208439,0.5197961077,1.039592215,78.39494619,4.592132752,-0.2011643243
97,0.6372513573,0.3789033778,0.5123685419,1.024737084,73.05702992,4.927657207,-0.2914196927
98,0.6076282643,0.1998955372,0.5738064846,1.147612969,78.26338231,4.599852311,-0.2034130744
99,0.5794783597,0.3026241934,0.4941798933,0.9883597866,80.15097997,4.491523374,-0.1710525133
100,0.6772562708,0.3237946524,0.5948387003,1.189677401,70.66856005,5.094203133,-0.3310322354
101,0.6225956175,0.2760632787,0.5580451318,1.116090264,76.1461484,4.727750616,-0.2394461092
102,0.5931286031,0.2868277944,0.5191640936,1.038328187,78.90578189,4.562403304,-0.1924229404
103,0.5527146373,0.2266048846,0.5041266672,1.008253334,83.71826176,4.30013706,-0.1094175025
104,0.6083774249,0.2782295948,0.5410280804,1.082056161,77.48182658,4.646250816,-0.2167492705
105,0.6235531854,0.2596509911,0.5669214565,1.133842913,76.24105821,4.721865206,-0.2378374807
106,0.6973232821,0.3094659924,0.6248924382,1.249784876,69.28936312,5.195602669,-0.3536485015
107,0.6050900111,0.29766625,0.5268099517,1.053619903,77.56812917,4.64108138,-0.2152785688
108,0.6163283188,0.3395155824,0.5143828981,1.028765796,75.83123033,4.747384402,-0.2447789319
109,0.6023473948,0.2821415566,0.5321827938,1.064365588,78.03055158,4.613577538,-0.207390088
110,0.5729973728,0.2446128962,0.5181607089,1.036321418,81.40415662,4.422378597,-0.149463612
111,0.6483421316,0.2729734474,0.5880756896,1.176151379,73.8453162,4.875055299,-0.2782315064
112,0.6235201012,0.2607497565,0.5663805091,1.132761018,76.23235449,4.722404318,-0.2379850274
113,0.6911694785,0.3465472158,0.5980136079,1.196027216,69.15386401,5.205782861,-0.3558595922
114,0.5752483132,0.2930149956,0.4950281145,0.990056229,80.71728539,4.460011239,-0.1613060923
115,0.6112337512,0.3380962932,0.5092127209,1.018425442,76.35587622,4.714764833,-0.2358905555
116,0.6325610073,0.2926768838,0.5607795197,1.121559039,75.01210646,4.799225312,-0.2586149415
117,0.5973403515,0.2657970056,0.5349462098,1.06989242,78.70796213,4.573870168,-0.1958098709
118,0.6140212043,0.2788128349,0.5470698698,1.09413974,76.92832921,4.679680473,-0.226169709
119,0.6104909558,0.2484694111,0.557639811,1.115279622,77.59077345,4.639726916,-0.2148926015
120,0.5878676258,0.2621082593,0.5262011078,1.052402216,79.70406898,4.516707925,-0.1787323421
121,0.6096016625,0.2849201236,0.5389199477,1.077839895,77.28347563,4.658175594,-0.220127544
122,0.661320744,0.3014192878,0.5886353196,1.177270639,72.3452735,4.976137107,-0.3032802
123,0.5764302737,0.2682418702,0.510213837,1.020427674,80.83991792,4.453245491,-0.1591934119
124,0.6455453227,0.3233093175,0.5587484665,1.117496933,73.38506414,4.905630379,-0.2859381731
125,0.5984859964,0.2701700571,0.5340352311,1.068070462,78.5479357,4.583188556,-0.1985480247
126,0.5970477054,0.2597675786,0.5375748949,1.07514979,78.79761373,4.56866627,-0.1942752061
127,0.5784971387,0.294148874,0.4981318895,0.996263779,80.35457975,4.480142901,-0.1675503258
128,0.6399090058,0.2807623525,0.5750269882,1.150053976,74.49866411,4.832301415,-0.2672608438
129,0.6362336214,0.3288728262,0.5446428969,1.089285794,74.13429448,4.856052149,-0.2733835179
130,0.6673438849,0.310359818,0.590783077,1.181566154,71.70305643,5.020706479,-0.3139418087
131,0.6416774376,0.2819090463,0.5764349257,1.152869851,74.32566894,4.843548738,-0.2701691257
132,0.5672208359,0.2589662622,0.5046542893,1.009308579,81.90928821,4.39510595,-0.1407407374
133,0.638079321,0.2187685313,0.599404329,1.198808658,75.30944111,4.780277143,-0.2535985563
134,0.6173854696,0.2687293732,0.5558321168,1.111664234,76.7222926,4.692247687,-0.229671076
135,0.6606524359,0.3052554046,0.5859016803,1.171803361,72.34646775,4.976054964,-0.303260338
136,0.6279701494,0.2446524091,0.5783525804,1.156705161,75.98628887,4.737696831,-0.2421540846
137,0.6423540582,0.3153540547,0.5596164368,1.119232874,73.7966831,4.878268032,-0.2790466978
138,0.6168704167,0.315453406,0.530111554,1.060223108,76.16726126,4.726440127,-0.2390883236
139,0.6025108428,0.2476210706,0.549275087,1.098550174,78.37304398,4.593416074,-0.2015387609
140,0.6127282698,0.2671405127,0.5514271295,1.102854259,77.18470968,4.664136219,-0.2218087243
141,0.6066365107,0.2568400216,0.5495826229,1.099165246,77.88130769,4.622418533,-0.2099375461
142,0.6360719989,0.2881194876,0.5670756111,1.134151222,74.75140776,4.815962813,-0.2630075095
143,0.6114896039,0.232007838,0.5657666469,1.131533294,77.64563559,4.63644862,-0.2139573481
144,0.6397659237,0.3333995215,0.5460267357,1.092053471,73.73567194,4.882304461,-0.2800690867
145,0.6042913778,0.2837788204,0.5335144331,1.067028866,77.81865698,4.626139977,-0.2110065135
146,0.5818243482,0.3503359859,0.4645258541,0.9290517083,79.21112488,4.544816155,-0.1871905845
147,0.6203672654,0.2528856115,0.5664842553,1.132968511,76.60957545,4.699151482,-0.2315853268
148,0.6864753378,0.2725546201,0.6300494969,1.260098994,70.65074847,5.09548742,-0.3313255631
149,0.6321173614,0.3201991793,0.5450182054,1.090036411,74.6538211,4.822258187,-0.2646503723
150,0.5965345023,0.2966884205,0.5175223604,1.035044721,78.44023413,4.589481457,-0.2003899962
151,0.6554913999,0.3589000018,0.5485068496,1.097013699,71.86326712,5.009513406,-0.3112857506
152,0.6049878684,0.2654680281,0.5436331916,1.087266383,77.95387248,4.618115669,-0.2086991075
153,0.5811802935,0.2869941447,0.5053759932,1.010751986,80.14750273,4.491718241,-0.1711123078
154,0.6096776157,0.3362482888,0.5085704311,1.017140862,76.54156771,4.703326712,-0.2327398545
155,0.625307387,0.2838370242,0.5571766972,1.114353394,75.79787876,4.749473282,-0.2453432771
156,0.5996411757,0.2366243334,0.5509795499,1.1019591,78.75271158,4.57127117,-0.1950439052
157,0.6161487889,0.2044639296,0.5812347474,1.162469495,77.42648102,4.649572023,-0.2176921679
158,0.614651544,0.2819663326,0.5461606978,1.092321396,76.83026363,4.685653582,-0.2278365939
159,0.5718743695,0.2134263642,0.5305558232,1.061111646,81.73801032,4.404315674,-0.1436997126
160,0.6627664363,0.3623662106,0.5549324991,1.109864998,71.16809251,5.058446662,-0.3227928254
161,0.5926163624,0.2724157488,0.5262925164,1.052585033,79.11614707,4.550272142,-0.1888187004
162,0.5734492029,0.26218828,0.5100012688,1.020002538,81.21189123,4.432848374,-0.1527807349
163,0.627331225,0.2570217556,0.572262425,1.14452485,75.91864152,4.741918359,-0.2432994454
164,0.5621046229,0.2963868738,0.4776153559,0.9552307117,82.13684215,4.38292964,-0.1368076034
165,0.6304719087,0.2295953813,0.5871803714,1.174360743,75.89951237,4.743113477,-0.2436232661
166,0.6100017162,0.2652071937,0.549333449,1.098666898,77.46840993,4.647055494,-0.2169778625
167,0.596225988,0.3208808704,0.5025145727,1.005029145,78.14487642,4.606827939,-0.2054377136
168,0.6004686503,0.3233172157,0.505992666,1.011985332,77.67423715,4.634741366,-0.2134696899
169,0.5948265097,0.2912441907,0.5186476627,1.037295325,78.68060934,4.575460244,-0.1962780032
170,0.6015435078,0.3126827308,0.5138911379,1.027782276,77.72041527,4.631987602,-0.212682238
171,0.6092763065,0.3122391421,0.5231867121,1.046373424,76.95525383,4.678043176,-0.2257119375
172,0.6103286264,0.2175781701,0.5702287016,1.140457403,77.87554531,4.622760567,-0.2100358762
173,0.6211184382,0.3302786402,0.5260267428,1.052053486,75.52569493,4.766589706,-0.2499458024
174,0.6032954154,0.3420260201,0.4969744056,0.9939488112,77.0843336,4.670209668,-0.2235166369
175,0.6492282116,0.2929783387,0.5793625496,1.158725099,73.51070472,4.897245937,-0.2838362009
176,0.6528837515,0.324380482,0.5665990609,1.133198122,72.72016771,4.950483632,-0.2970387866
177,0.5885548707,0.2617411008,0.527151242,1.054302484,79.63717639,4.52050181,-0.1798809165
178,0.6287466047,0.2603855026,0.5722951012,1.144590202,75.75208294,4.752344569,-0.2461180572
179,0.6070297808,0.2838159104,0.5365945245,1.073189049,77.54835068,4.642265075,-0.2156156617
180,0.6067546018,0.2908891734,0.5324797044,1.064959409,77.4894122,4.645795984,-0.216620022
181,0.6467391146,0.2832924257,0.5813921946,1.162784389,73.8580489,4.874214867,-0.2780180469
182,0.6457790353,0.2097199876,0.6107766279,1.221553256,74.70515076,4.81894483,-0.2637863374
183,0.622901633,0.2890575598,0.5517718474,1.103543695,75.95755246,4.739489206,-0.2426406721
184,0.6579332157,0.3190629912,0.5753911052,1.15078221,72.36822186,4.974559147,-0.3028985153
185,0.564397001,0.3023868505,0.4765565731,0.9531131463,81.81518003,4.400161436,-0.142366696
186,0.6689806517,0.3385264298,0.5770051721,1.154010344,71.1015922,5.063177756,-0.3238911273
187,0.6222587625,0.2938043054,0.5485298512,1.097059702,75.95653058,4.739552968,-0.2426579742
188,0.5839160379,0.2707180421,0.5173680325,1.034736065,80.02878759,4.498381281,-0.1731533508
189,0.6822534199,0.2354908969,0.6403231734,1.280646347,71.40183477,5.041887245,-0.318928959
190,0.6217415741,0.2434445685,0.5720990535,1.144198107,76.57447458,4.701305519,-0.2321812546
191,0.6658959309,0.345443375,0.5692857502,1.1385715,71.23457671,5.053725545,-0.3216943551
192,0.6464385454,0.3048576404,0.5700391321,1.140078264,73.58971896,4.8919877,-0.2825135896
193,0.6686959291,0.2604736882,0.6158796175,1.231759235,72.24918775,4.982754979,-0.3048778007
194,0.678063971,0.3301053881,0.5922847132,1.184569426,70.49727247,5.106580544,-0.3338517327
195,0.6304422425,0.3003493666,0.5542992685,1.108598537,75.10291632,4.793422382,-0.257083605
196,0.6225653068,0.2553390754,0.5677935521,1.135587104,76.37866282,4.713358243,-0.2355040589
197,0.6016900693,0.2761765418,0.5345628656,1.069125731,78.16355257,4.605727199,-0.2051186951
198,0.5849214223,0.2698979942,0.5189298054,1.037859611,79.93236558,4.503807655,-0.1748105661
199,0.5465444171,0.2418461041,0.4901237209,0.9802474419,84.32431392,4.269231296,-0.09889748104
200,0.6350271338,0.3117468575,0.5532389696,1.106477939,74.51608867,4.831171448,-0.2669677779
201,0.5918036204,0.2975593962,0.5115563809,1.023112762,78.91422055,4.561915425,-0.1922784082
202,0.6308654048,0.2458697873,0.5809812447,1.161962489,75.70917758,4.755037784,-0.2468437936
203,0.6189694714,0.3309597626,0.5230572073,1.046114415,75.72082063,4.754306636,-0.2466468671
204,0.5791174227,0.2598693884,0.5175373322,1.035074664,80.63241157,4.464705854,-0.1627678434
205,0.6862594093,0.322045514,0.6060021979,1.212004396,69.96784604,5.14522056,-0.3425474379
206,0.5624241545,0.2640719912,0.4965751836,0.9931503673,82.39278408,4.369314668,-0.1323812244
207,0.6564862086,0.2440862146,0.6094227284,1.218845457,73.46068928,4.900580209,-0.2846731255
208,0.6074672449,0.2731274993,0.5426028224,1.085205645,77.6284594,4.637474488,-0.2142501776
209,0.6140150075,0.3167865619,0.5259854595,1.051970919,76.42416978,4.710551662,-0.234732078
210,0.5998171665,0.2790561147,0.5309503914,1.061900783,78.31799603,4.596644683,-0.2024797213
211,0.6382857086,0.3335836346,0.5441788351,1.08835767,73.86700938,4.873623598,-0.2778678191
212,0.6707056285,0.2768251625,0.6109123255,1.221824651,71.88567137,5.007952116,-0.3109141266
213,0.6018174625,0.2717618963,0.5369634343,1.073926869,78.19930965,4.603621203,-0.2045078461
214,0.6149961824,0.2372426285,0.5673942541,1.134788508,77.26613057,4.659221283,-0.2204228367
215,0.596091605,0.2375798745,0.5467001049,1.09340021,79.09521458,4.551476368,-0.1891774568
216,0.694821371,0.3068441882,0.6233966488,1.246793298,69.5243335,5.178043167,-0.3498095453
217,0.5787619224,0.2323615825,0.5300692953,1.060138591,80.89346424,4.450297726,-0.158270701
218,0.6132457401,0.2968603714,0.5366043772,1.073208754,76.77865555,4.688803124,-0.2287135425
219,0.5999829728,0.2592876198,0.5410633031,1.082126606,78.51027119,4.585387295,-0.199192264
220,0.6175847226,0.2649014056,0.5578872063,1.115774413,76.74553469,4.690826658,-0.2292762499
221,0.5852262343,0.3205376396,0.4896379957,0.9792759915,79.30319908,4.539539441,-0.1856117514
222,0.5845806855,0.2762568802,0.5151860965,1.030372193,79.90366965,4.505425114,-0.1753036707
223,0.6508991744,0.3113001192,0.5716309745,1.143261949,73.10046191,4.924729483,-0.2906944799
224,0.6277419947,0.3135929185,0.5438009686,1.087601937,75.1624242,4.789627315,-0.2560797665
225,0.6530095525,0.3308779911,0.5629753375,1.125950675,72.60039857,4.958650463,-0.2990341542
226,0.6540953584,0.258276909,0.6009440707,1.201888141,73.5146395,4.896983818,-0.2837703498
227,0.6491342784,0.3149395298,0.5676164233,1.135232847,73.19983261,4.918044033,-0.2890345938
228,0.6456252594,0.3570928892,0.5378816264,1.075763253,72.76794695,4.947233158,-0.2962424163
229,0.5840675448,0.2768548678,0.5142822951,1.02856459,79.95105515,4.502754833,-0.1744893851
230,0.6428680418,0.2408929009,0.5960284637,1.192056927,74.67993406,4.820572012,-0.264210838
231,0.619260157,0.2935277202,0.545274811,1.090549622,76.24452314,4.721650621,-0.2377787411
232,0.6330796797,0.2656207317,0.5746612112,1.149322422,75.29717036,4.781056158,-0.2538057144
233,0.5709575724,0.3137745208,0.4770095383,0.9540190766,80.94825576,4.447285449,-0.1573263897
234,0.623553061,0.2926330247,0.5506217692,1.101243538,75.84991642,4.746214854,-0.2444627064
235,0.6140169363,0.3107995634,0.5295473817,1.059094763,76.5118962,4.705150674,-0.2332434678
236,0.5781520117,0.2843213148,0.5034095138,1.006819028,80.49801963,4.472159708,-0.1650816956
237,0.6607210076,0.3011713251,0.5880884992,1.176176998,72.40003636,4.972373193,-0.3023692858
238,0.5835073339,0.293996642,0.504030538,1.008061076,79.82297061,4.509979988,-0.1766901496
239,0.628125102,0.3202976342,0.5403245037,1.080649007,75.0235861,4.798490964,-0.2584213948
240,0.6650206687,0.3139848711,0.586230322,1.172460644,71.84325002,5.010909165,-0.3116177381
241,0.6609318117,0.3190669277,0.5788153034,1.157630607,72.11088161,4.992311728,-0.3071758855
242,0.6631652733,0.2930923862,0.5948823689,1.189764738,72.30550723,4.978873862,-0.3039414904
243,0.6755702246,0.3269095411,0.5912066308,1.182413262,70.75548265,5.087944941,-0.3296003037
244,0.6791855816,0.2965324717,0.6110331803,1.222066361,70.92480043,5.075798561,-0.3268088479
245,0.6049099849,0.2537425332,0.5491182174,1.098236435,78.0801472,4.610647045,-0.2065432231
246,0.6179840299,0.2574595529,0.5617996438,1.123599288,76.78691721,4.688298646,-0.2285731689
247,0.6259864582,0.2769960725,0.5613663881,1.122732776,75.81808178,4.748207704,-0.2450014297
248,0.6288501204,0.2793813019,0.5633813647,1.126762729,75.52362898,4.766720096,-0.2499807153
249,0.6544627977,0.26013274,0.6005435131,1.201087026,73.46207606,4.900487698,-0.284649923
250,0.544210346,0.2341524482,0.4912611644,0.9825223289,84.63155406,4.253732594,-0.09356002101
251,0.5854076216,0.2531191761,0.5278567667,1.055713533,80.03930316,4.497790283,-0.1729725888
252,0.5849928139,0.2669490846,0.5205331676,1.041066335,79.95383082,4.502598516,-0.1744416835
253,0.5798650698,0.2963027696,0.4984457522,0.9968915044,80.18359644,4.489696347,-0.1704916106
254,0.5963532022,0.2684215945,0.5325288625,1.065057725,78.77995873,4.569690132,-0.1945774638
255,0.6565466554,0.2469515761,0.6083324994,1.216664999,73.42580435,4.902908496,-0.2852567379
256,0.6103711929,0.2924167613,0.5357662092,1.071532418,77.11563387,4.668314088,-0.2229841319
257,0.6468088303,0.2464256886,0.5980267911,1.196053582,74.27656918,4.846750516,-0.2709941112
258,0.5915616526,0.3008701422,0.5093352003,1.018670401,78.89809405,4.562847865,-0.1925546091
259,0.6537601116,0.2993837197,0.5811812728,1.162362546,73.02548777,4.929785627,-0.2919462679
260,0.6216864775,0.2633408532,0.5631568799,1.12631376,76.375773,4.713536582,-0.2355530769
261,0.578884912,0.2302713472,0.5311147221,1.062229444,80.89611407,4.450151952,-0.1582250355
262,0.6415804993,0.3129373959,0.5600854608,1.120170922,73.90328856,4.871231132,-0.2772595077
263,0.6459704124,0.2954531871,0.5744433722,1.148886744,73.76445269,4.880399527,-0.2795868355
264,0.5964333809,0.2711083234,0.5312561104,1.062512221,78.74384109,4.571786123,-0.1951957487
265,0.6216687577,0.2365621155,0.5749003477,1.149800695,76.64608257,4.696913239,-0.2309654321
266,0.642116337,0.3169528518,0.5584391462,1.116878292,73.79320502,4.878497958,-0.2791049898
267,0.6255313673,0.2936568409,0.5523179802,1.10463596,75.65078038,4.758708346,-0.247831349
268,0.6031374145,0.2884260053,0.529702917,1.059405834,77.87763621,4.622636453,-0.210000197
269,0.6347500261,0.2257404465,0.5932527678,1.186505536,75.54690178,4.765251672,-0.2495874038
270,0.6216208539,0.2750540274,0.5574565167,1.114913033,76.24963691,4.721333958,-0.2376920478
271,0.625565892,0.2744895922,0.5621282319,1.124256464,75.88697745,4.743896939,-0.2438354442
272,0.6687012429,0.3234671768,0.5852609143,1.170521829,71.38247627,5.043254575,-0.3192491663
273,0.5767905716,0.244011781,0.5226333459,1.045266692,81.00958546,4.443918555,-0.1562692247
274,0.669549401,0.2785138163,0.6088731021,1.217746204,71.96072482,5.002728932,-0.3096688531
275,0.6174259218,0.2985200642,0.5404632644,1.080926529,76.35364485,4.714902618,-0.235928401
276,0.6468126453,0.3364742125,0.5524053787,1.104810757,73.04940128,4.928171808,-0.2915470558
277,0.6247884457,0.2474508989,0.5736973545,1.147394709,76.25209639,4.721181673,-0.2376503519
278,0.5587230784,0.2413444275,0.5039090648,1.00781813,82.96648505,4.339101503,-0.1224499087
279,0.6218213383,0.2039974464,0.5874068595,1.174813719,76.90296851,4.681223716,-0.2266008451
280,0.5671977787,0.2835508974,0.4912353904,0.9824707808,81.69430957,4.406671675,-0.1444544767
281,0.6508145721,0.3350824581,0.5579241468,1.115848294,72.72007409,4.950490006,-0.2970403468
282,0.6414345397,0.3099866925,0.561557227,1.123114454,73.96094577,4.867433701,-0.2762925117
283,0.6210307062,0.2895485976,0.5494003528,1.098800706,76.12788276,4.728884963,-0.2397556189
284,0.6741485197,0.3146344469,0.5962226022,1.192445204,71.07045012,5.065396369,-0.3244053117
285,0.5965772717,0.2543524896,0.5396380752,1.07927615,78.89676315,4.562924835,-0.1925774031
286,0.6251057076,0.1938668799,0.594283416,1.188566832,76.67493831,4.69514561,-0.2304753923
287,0.6772307124,0.2714863433,0.6204325936,1.240865187,71.4130411,5.041096059,-0.3187435794
288,0.5374894489,0.2666499482,0.4666826682,0.9333653365,85.23578704,4.223578059,-0.08305541588
289,0.6496484808,0.2733006899,0.5893639636,1.178727927,73.72677574,4.882893581,-0.2802181374
290,0.640633437,0.3163440041,0.5570795918,1.114159184,73.93623232,4.869060658,-0.2767070268
291,0.6470153146,0.2600951525,0.5924350842,1.184870168,74.11169726,4.857532796,-0.2737628679
292,0.6533350974,0.2779567458,0.5912586548,1.18251731,73.34796155,4.90811186,-0.2865586385
293,0.6268605278,0.2643062261,0.5684156404,1.136831281,75.88312565,4.744137737,-0.2439006411
294,0.6188994243,0.3156578711,0.5323500782,1.064700156,75.96892504,4.738779702,-0.2424481099
295,0.7105907589,0.3055426852,0.6415472657,1.283094531,68.32802619,5.26870188,-0.3692922286
296,0.6250466096,0.3200379759,0.5368975304,1.073795061,75.31689164,4.779804267,-0.2534727688
297,0.6139956343,0.2935308571,0.5392868206,1.078573641,76.74945151,4.690587267,-0.2292097091
298,0.5727577353,0.2035196288,0.5353794767,1.070758953,81.70544864,4.406070904,-0.1442620996
299,0.6730769081,0.3484920304,0.5758348973,1.151669795,70.57795684,5.100742727,-0.3325239893
300,0.645867591,0.2606501354,0.5909369272,1.181873854,74.20658482,4.851321495,-0.2721696607
301,0.6538987052,0.3411029539,0.5578819691,1.115763938,72.34282393,4.976305602,-0.3033209391
302,0.5914084655,0.245778899,0.5379188655,1.075837731,79.49314148,4.52869258,-0.1823532236
303,0.5689085309,0.2288882737,0.5208330584,1.041666117,81.95053312,4.392893936,-0.1400280067
304,0.6115301527,0.2536948169,0.5564243592,1.112848718,77.43986752,4.648768284,-0.2174641268
305,0.6206810766,0.2959721761,0.5455689414,1.091137883,76.07720833,4.732034835,-0.2406141644
306,0.6319332215,0.3086026388,0.5514562609,1.102912522,74.84720398,4.809798908,-0.2613940465
307,0.6347969428,0.2863170069,0.5665595557,1.133119111,74.8907945,4.806999343,-0.2606596241
308,0.6163036102,0.2858250281,0.5460166602,1.09203332,76.62476529,4.698219938,-0.2313274133
309,0.60597033,0.3058299389,0.5231329557,1.046265911,77.3722589,4.652830422,-0.2186157289
310,0.5530472152,0.2463000801,0.4951742044,0.9903484089,83.56360331,4.308095699,-0.1121001929
311,0.6187051026,0.2897350859,0.5466713675,1.093342735,76.34631905,4.715355036,-0.236052649
312,0.5844439117,0.2847983753,0.5103572977,1.020714595,79.8275243,4.50972272,-0.1766119225
313,0.6223002918,0.2858550734,0.5527608255,1.105521651,76.05476926,4.733430967,-0.2409942758
314,0.6092136959,0.2953115348,0.5328530986,1.065706197,77.19181286,4.663707026,-0.221687837
315,0.6587573372,0.3155414862,0.5782687954,1.156537591,72.35287979,4.975613978,-0.3031536951
316,0.6136597484,0.2519986718,0.5595310145,1.119062029,77.25298626,4.660014032,-0.2206465998
317,0.6517763774,0.2989430505,0.5791765695,1.158353139,73.20464834,4.917720503,-0.2889541299
318,0.6093637114,0.2861045368,0.5380226081,1.076045216,77.29234845,4.657640856,-0.2199764799
319,0.6314051414,0.2564457245,0.5769818394,1.153963679,75.55075706,4.765008506,-0.2495222454
320,0.6556884013,0.3057685691,0.5800283284,1.160056657,72.76588535,4.947373323,-0.2962767826
321,0.6863142768,0.3449095906,0.5933503694,1.186700739,69.56927526,5.17469815,-0.3490746127
322,0.6084366087,0.2785079867,0.5409513916,1.081902783,77.47283887,4.646789833,-0.2169024038
323,0.6271187545,0.2756349615,0.5632968136,1.126593627,75.72909839,4.753786955,-0.246506854
324,0.676422168,0.2614023421,0.6238715932,1.247743186,71.59896701,5.028005501,-0.3156661443
325,0.6066802069,0.2740945575,0.5412328954,1.082465791,77.69464223,4.633524136,-0.2131217496
326,0.6532622632,0.2328739922,0.6103452206,1.220690441,73.84936399,4.87478809,-0.278163648
327,0.6009206315,0.3151338019,0.511660329,1.023320658,77.74858221,4.630309515,-0.2122018537
328,0.6249449382,0.286711512,0.5552951329,1.110590266,75.79564551,4.749613221,-0.2453810633
329,0.6111553165,0.2607466638,0.5527404438,1.105480888,77.40407805,4.650917743,-0.2180737796
330,0.6369890304,0.3404026711,0.5384060237,1.076812047,73.86541688,4.87372867,-0.2778945188
331,0.5927290599,0.2721577098,0.5265528649,1.05310573,79.10738261,4.550776276,-0.1889689152
332,0.6279858175,0.3343074369,0.5316057981,1.063211596,74.80681649,4.812395673,-0.2620743685
333,0.6363514545,0.325479806,0.5468144745,1.093628949,74.17960276,4.853086113,-0.2726227784
334,0.60881214,0.3123626869,0.5225722664,1.045144533,76.99928093,4.675368337,-0.2249632828
335,0.6143001559,0.2827814272,0.5453433285,1.090686657,76.85423034,4.684192378,-0.2274292775
336,0.6430749146,0.3350799784,0.5488777222,1.097755444,73.40788155,4.904105559,-0.2855565388
337,0.6250713468,0.276418917,0.5606306903,1.121261381,75.91023939,4.742443219,-0.2434416811
338,0.6377451082,0.3089663945,0.5579055386,1.115811077,74.30964688,4.844593066,-0.2704383539
339,0.5767596401,0.3007194371,0.4921580057,0.9843160113,80.46685859,4.473891566,-0.1656180722
340,0.6479692012,0.3003320611,0.5741643831,1.148328766,73.51937317,4.896668517,-0.2836911269
341,0.6438635105,0.331507308,0.5519629742,1.103925948,73.39876919,4.904714398,-0.2857089538
342,0.6122429962,0.2777935316,0.5455934753,1.091186951,77.11158521,4.668559193,-0.2230530146
343,0.584160291,0.3109871371,0.4944999962,0.9889999924,79.54558819,4.525706682,-0.1814531273
344,0.6271483023,0.2549010792,0.5730099762,1.146019952,75.95787496,4.739469083,-0.2426352116
345,0.5588949551,0.2837049342,0.4815340914,0.9630681828,82.62068734,4.357262226,-0.1284375332
346,0.6020188054,0.2912977462,0.5268512742,1.053702548,77.95412718,4.618100581,-0.2086947602
347,0.6596546599,0.2821441199,0.596270883,1.192541766,72.7502419,4.948437154,-0.2965375429
348,0.5896085073,0.2954918744,0.5102183298,1.02043666,79.16653977,4.54737571,-0.1879549297
349,0.6065311085,0.2751123147,0.5405489801,1.08109796,77.69785004,4.633332838,-0.2130670487
350,0.6379547055,0.3048970052,0.5603784636,1.120756927,74.35014648,4.841954146,-0.2697577742
351,0.6358235235,0.2894291819,0.566129227,1.132258454,74.75687614,4.815610531,-0.2629154272
352,0.6340504778,0.3285509047,0.5422861897,1.084572379,74.34013182,4.842606425,-0.2699260792
353,0.6023413664,0.2668516309,0.5400049341,1.080009868,78.19977498,4.60359381,-0.2044998962
354,0.6461181985,0.2934274201,0.5756466586,1.151293317,73.77908316,4.879431738,-0.2793416597
355,0.665876153,0.286487849,0.6010954695,1.202190939,72.1654068,4.988539745,-0.3062701119
356,0.5655765169,0.2948472987,0.4826405153,0.9652810305,81.76194672,4.403026278,-0.143286267
357,0.6700609218,0.2482546779,0.6223754926,1.244750985,72.27023746,4.981303683,-0.304527884
358,0.6356671893,0.2722398115,0.574419934,1.148839868,74.98535108,4.800937714,-0.2590659967
359,0.6491978543,0.3377276127,0.5544347695,1.108869539,72.81588003,4.943976504,-0.2954432749
360,0.6235310605,0.2760668743,0.5590868128,1.118173626,76.05838859,4.733205721,-0.2409329678
361,0.6142922258,0.2710497664,0.5512594332,1.102518866,76.99144795,4.675844001,-0.2250964878
362,0.6287479853,0.3102998174,0.5468437184,1.093687437,75.11759783,4.792485521,-0.2568359682
363,0.6352928134,0.2585163636,0.5803156456,1.160631291,75.17499689,4.788826271,-0.2558676424
364,0.5930860398,0.2684829881,0.5288363979,1.057672796,79.10906694,4.550679384,-0.1889400477
365,0.6149444811,0.2929292978,0.5406932044,1.081386409,76.6656562,4.695714064,-0.2306330313
366,0.5812672838,0.2613997706,0.5191741665,1.038348333,80.39357152,4.477969982,-0.1668793725
367,0.6358768469,0.2570278491,0.5816150352,1.16323007,75.13831769,4.791163964,-0.2564864525
368,0.6406640238,0.2831474574,0.5746981023,1.149396205,74.40075857,4.838660343,-0.2689070688
369,0.616446938,0.3475718751,0.5091174904,1.018234981,75.67523219,4.757170736,-0.2474178757
370,0.6180407591,0.303642548,0.5383080743,1.076616149,76.22477307,4.722874015,-0.2381135444
371,0.5984332797,0.2932418212,0.5216623665,1.043324733,78.29038414,4.598265853,-0.202951634
372,0.7029093276,0.3148385742,0.6284569953,1.256913991,68.77471522,5.234481871,-0.3620359718
373,0.5808900934,0.2450412482,0.5266764541,1.053352908,80.57431631,4.467924973,-0.1637681916
374,0.6667157801,0.3207065044,0.5845145589,1.169029118,71.59401488,5.028353287,-0.3157481549
375,0.6359407958,0.2852849544,0.5683600888,1.136720178,74.79993641,4.812838316,-0.2621902496
376,0.6059402048,0.2598634907,0.5473887996,1.094777599,77.91866057,4.620202624,-0.2093000992
377,0.6095800739,0.1790659726,0.5826862311,1.165372462,78.21334474,4.602795101,-0.2042680586
378,0.6206479999,0.2715944125,0.5580684679,1.116136936,76.38128522,4.713196419,-0.2354595766
379,0.6553913139,0.2262293,0.6151081841,1.230216368,73.72853134,4.882777311,-0.2801887239
380,0.6075837264,0.3325824383,0.5084750794,1.016950159,76.8110836,4.686823609,-0.2281625316
381,0.6193455893,0.3292957661,0.524550529,1.049101058,75.71203086,4.754858586,-0.2467955351
382,0.6109554523,0.3307029731,0.5137140336,1.027428067,76.50688246,4.705459018,-0.2333285595
383,0.5591504686,0.2544796289,0.4978848914,0.9957697827,82.82812031,4.346349991,-0.1248462965
384,0.6486738943,0.3602914204,0.5394144172,1.078828834,72.43228851,4.970159129,-0.3018326809
385,0.6065947193,0.3160590766,0.5177487939,1.035497588,77.16553997,4.665294899,-0.2221349524
386,0.6153628508,0.2811712909,0.5473702068,1.094740414,76.7715366,4.689237912,-0.2288344964
387,0.6606791588,0.3289199249,0.5729822283,1.145964457,71.97072361,5.00203391,-0.3095029148
388,0.6357955906,0.275937717,0.5727952595,1.145590519,74.92946699,4.804518362,-0.2600079354
389,0.6218310427,0.2220711624,0.5808254854,1.161650971,76.75863646,4.69002599,-0.2290536662
390,0.6164569377,0.3035110928,0.5365632978,1.073126596,76.37873337,4.713353889,-0.2355028623
391,0.5721980853,0.2344492342,0.5219618812,1.043923762,81.56411995,4.413705441,-0.146702507
392,0.6131610075,0.3125789668,0.5275043228,1.055008646,76.5694603,4.701613392,-0.2322663778
393,0.6222707127,0.2923789468,0.5493044615,1.098608923,75.97409193,4.738457425,-0.2423606202
394,0.6246741842,0.1983721274,0.5923397129,1.184679426,76.68216859,4.69470291,-0.2303525957
395,0.6338062889,0.3126676046,0.5513160444,1.102632089,74.61423229,4.824816781,-0.2653166278
396,0.5515287916,0.2216529214,0.5050287026,1.010057405,83.87622007,4.292038908,-0.1066767502
397,0.6253978762,0.3111755426,0.5424871291,1.084974258,75.41828028,4.773378532,-0.2517605968
398,0.6366813761,0.3062753274,0.5581743441,1.116348688,74.44589952,4.835726377,-0.268148147
399,0.633855618,0.2822186966,0.5675610555,1.135122111,75.02869195,4.798164417,-0.2583353069
400,0.6354509954,0.2810766298,0.5699069184,1.139813837,74.89763103,4.806560569,-0.2605444272
401,0.6209445288,0.3086867195,0.5387806761,1.077561352,75.87601922,4.744582066,-0.2440209241
402,0.6873042858,0.2348765243,0.6459258469,1.291851694,71.00181791,5.070292713,-0.3255381543
403,0.6017147227,0.2839539478,0.5305004836,1.061000967,78.07243124,4.611102719,-0.2066749863
404,0.6346159733,0.274584565,0.572137003,1.144274006,75.05291739,4.796615675,-0.2579268225
405,0.663369706,0.307677815,0.587702075,1.17540415,72.07910019,4.99451296,-0.307703711
406,0.6468489603,0.325303368,0.5590986462,1.118197292,73.23647116,4.915583647,-0.2884223644
407,0.6697855582,0.3292127577,0.5832937974,1.166587595,71.19618959,5.056450381,-0.3223286507
408,0.6212024178,0.2809962004,0.5540158655,1.108031731,76.21823109,4.72327939,-0.2382244379
409,0.6461065381,0.2320759336,0.60298791,1.20597582,74.47968075,4.833533071,-0.267580099
410,0.6728197885,0.2905561535,0.6068472538,1.213694508,71.53072433,5.032802385,-0.3167960811
411,0.6558534663,0.32737728,0.5683026358,1.136605272,72.41213305,4.971542542,-0.3021680347
412,0.5938607425,0.2654422667,0.5312353381,1.062470676,79.06144491,4.553420449,-0.1897561732
413,0.6386752966,0.2935070905,0.567238682,1.134477364,74.44402679,4.835848026,-0.2681796353
414,0.6095078411,0.2389089712,0.5607337263,1.121467453,77.77414525,4.628787611,-0.2117658344
415,0.6007251718,0.2503298549,0.5460821328,1.092164266,78.52326875,4.584628298,-0.1989699546
416,0.6096140771,0.28996083,0.5362387902,1.07247758,77.2204382,4.661978207,-0.2212006343
417,0.6034762569,0.2825206984,0.5332594562,1.066518912,77.91410765,4.620472606,-0.209377802
418,0.6519856777,0.2945675911,0.5816487412,1.163297482,73.24738764,4.914851049,-0.2882399276
419,0.6198959143,0.3205424116,0.530587888,1.061175776,75.79882595,4.749413932,-0.2453272507
420,0.6199156249,0.2861900288,0.5499005814,1.099801163,76.27599853,4.719702225,-0.2372451118
421,0.6882821189,0.3166962258,0.6110939172,1.222187834,69.89142938,5.150846151,-0.3438001656
422,0.6377774971,0.3416294852,0.5385623739,1.077124748,73.77122956,4.879951197,-0.2794732717
423,0.5481493389,0.2274503674,0.4987324214,0.9974648428,84.22179831,4.274427847,-0.1006777852
424,0.6711280353,0.297373377,0.6016493285,1.203298657,71.57678853,5.029563457,-0.3160334164
425,0.6431697492,0.3481964793,0.5407647715,1.081529543,73.16108797,4.920648531,-0.2896818872
426,0.5815516864,0.2761284826,0.5118158117,1.023631623,80.22213093,4.487539733,-0.1698288652
427,0.6607439605,0.2700587213,0.6030347157,1.206069431,72.80761692,4.944537608,-0.2955810524
428,0.6391074296,0.3063808744,0.5608823998,1.1217648,74.22415991,4.85017278,-0.2718744844
429,0.6312456485,0.3173514069,0.5456731195,1.091346239,74.77898251,4.814186927,-0.2625431526
430,0.5534568086,0.2745482159,0.4805597946,0.9611195892,83.31627255,4.320884612,-0.1163886625
431,0.628364789,0.2890443778,0.5579387563,1.115877513,75.44711766,4.771554052,-0.2512734694
432,0.619395456,0.2639811555,0.560325513,1.120651026,76.5842902,4.700702965,-0.2320146179
433,0.6323807543,0.2535606701,0.5793206409,1.158641282,75.49231405,4.768697377,-0.2505098742
434,0.599639931,0.2542002558,0.5430932487,1.086186497,78.59379189,4.580514457,-0.1977635536
435,0.6341309371,0.237784903,0.5878608554,1.175721711,75.49169698,4.768736357,-0.2505203006
436,0.5876457145,0.2699673584,0.5219627489,1.043925498,79.64998286,4.519774984,-0.1796610429
437,0.6397267857,0.3121092023,0.5584247543,1.116849509,74.08302496,4.859412803,-0.2742441421
438,0.5971009648,0.2689192566,0.533115368,1.066230736,78.69973131,4.574348527,-0.1959507428
439,0.6120512404,0.2372982565,0.564177506,1.128355012,77.54535053,4.642444679,-0.2156667922
440,0.6251642392,0.2715173644,0.5631240066,1.126248013,75.95903328,4.73939681,-0.2426155993
441,0.6428437941,0.3065070788,0.565067743,1.130135486,73.88598739,4.872371781,-0.2775496191
442,0.6052425623,0.2607310963,0.5462031258,1.092406252,77.97797186,4.616688424,-0.2082877376
443,0.6253035701,0.2152558781,0.5870855659,1.174171132,76.49466841,4.706210348,-0.2335358456
444,0.6017206121,0.3349423017,0.4998813355,0.9997626711,77.36387403,4.653334706,-0.2187585301
445,0.5604621227,0.2645857086,0.4940771133,0.9881542265,82.60588715,4.3580429,-0.1286937015
446,0.5950259219,0.2589009346,0.5357482187,1.071496437,79.00855937,4.556468348,-0.1906623488
447,0.6475602665,0.294078706,0.5769332834,1.153866567,73.64263562,4.888472513,-0.2816275225
448,0.6580753485,0.2807025919,0.5952051908,1.190410382,72.90403313,4.937998414,-0.2939730449
449,0.6653435193,0.2618247667,0.6116614998,1.223323,72.51483757,4.964501225,-0.3004588106
450,0.5480391238,0.2714124692,0.476111492,0.952222984,83.96363433,4.287570481,-0.105159666
451,0.5951970538,0.289622409,0.5199792237,1.039958447,78.66213235,4.576534976,-0.1965942045
452,0.6085208169,0.2835661423,0.5384123211,1.076824642,77.40525298,4.650847147,-0.2180537667
453,0.6401283413,0.3124512842,0.5586935549,1.11738711,74.04156212,4.862134046,-0.2749399882
454,0.6082902553,0.3207980472,0.5168226462,1.033645292,76.92643776,4.679795535,-0.2262018655
455,0.6314503546,0.2881996866,0.5618456113,1.123691223,75.17297568,4.78895503,-0.2559017447
456,0.6382572878,0.2258663763,0.5969562342,1.193912468,75.23143015,4.785234034,-0.2549153593
457,0.5660432319,0.3113590671,0.4727160582,0.9454321164,81.52880544,4.415617254,-0.1473121649
458,0.6068688418,0.2695017834,0.5437449586,1.087489917,77.72673791,4.631610816,-0.2125744105
459,0.6852700369,0.3543225259,0.5865582418,1.173116484,69.4751607,5.181708057,-0.3506134215
460,0.6186267413,0.3157295209,0.5319905212,1.063981042,75.99402675,4.737214429,-0.2420230505
461,0.58351338,0.2599935453,0.5223899128,1.044779826,80.17279523,4.490301217,-0.1706773643
462,0.6287589627,0.2862183189,0.5598365003,1.119673001,75.44684287,4.771571431,-0.2512781115
463,0.6193489609,0.2575735913,0.5632485956,1.126497191,76.65696191,4.696246643,-0.2307806817
464,0.5898467773,0.3144157681,0.4990610639,0.9981221278,78.89918936,4.562784522,-0.1925358502
465,0.6627990965,0.3326978239,0.5732493352,1.14649867,71.72536088,5.019145189,-0.3135721802
466,0.5991741155,0.288095112,0.5253673259,1.050734652,78.27790765,4.598998757,-0.2031648532
467,0.5794760388,0.2581707366,0.5187873844,1.037574769,80.609913,4.465951973,-0.1631552685
468,0.6176951447,0.2596230445,0.5604847603,1.120969521,76.79159193,4.688013244,-0.2284937389
469,0.6272288665,0.2916713464,0.555287202,1.110574404,75.5184723,4.767045586,-0.2500678579
470,0.6387997846,0.2556264064,0.5854231847,1.170846369,74.89034233,4.807028367,-0.2606672433
471,0.598801069,0.2655993836,0.5366746572,1.073349314,78.56408505,4.582246453,-0.198271769
472,0.6521187913,0.3502833168,0.5500550118,1.100110024,72.32704386,4.977391316,-0.3035833667
473,0.6341806932,0.271080361,0.5733241575,1.146648315,75.13403405,4.791437124,-0.2565587144
474,0.6903154315,0.2548168184,0.6415635463,1.283127093,70.5519287,5.102624501,-0.332952381
475,0.5725034493,0.3067166741,0.4834098482,0.9668196964,80.8618132,4.452039668,-0.158816129
476,0.6338557945,0.2556452008,0.58001612,1.16003224,75.33616267,4.77858159,-0.2531473957
477,0.6644261633,0.2673730071,0.6082547177,1.216509435,72.52740861,4.963640738,-0.300249535
478,0.6349572598,0.2986217122,0.5603532768,1.120706554,74.7118527,4.818512552,-0.2636735076
479,0.6172017019,0.2231517615,0.5754487224,1.150897445,77.18114127,4.664351862,-0.221869453
480,0.6122389623,0.2670749808,0.5509151492,1.101830298,77.23247224,4.661251797,-0.2209957986
481,0.5984489785,0.2552632324,0.5412779896,1.082555979,78.70171364,4.574233309,-0.1959168153
482,0.6964985554,0.2962483442,0.630354786,1.260709572,69.54544991,5.176470933,-0.3494642553
483,0.6787473848,0.2620859712,0.626106186,1.252212372,71.40082191,5.041958767,-0.3189457135
484,0.622187401,0.3016260159,0.5441864648,1.08837293,75.85772142,4.745726516,-0.2443306144
485,0.636125225,0.2957520308,0.5631927185,1.126385437,74.6448137,4.82284009,-0.2648019724
486,0.5690638127,0.2626853106,0.5048069438,1.009613888,81.67885721,4.407505348,-0.1447213373
487,0.6532287824,0.3509000225,0.5509782358,1.101956472,72.21809409,4.984900316,-0.3053946059
488,0.6132366782,0.2549393042,0.5577321711,1.115464342,77.26394457,4.659353105,-0.220460051
489,0.6310683527,0.2709069936,0.569961987,1.139923974,75.42040275,4.7732442,-0.2517247458
490,0.620456342,0.328461437,0.5263830894,1.052766179,75.61900889,4.760707728,-0.2483685288
491,0.6303748847,0.3095024535,0.549163661,1.098327322,74.97814506,4.801399124,-0.2591874697
492,0.6067637799,0.1857877491,0.5776202878,1.155240576,78.43866193,4.589573447,-0.2004168797
493,0.6348059511,0.3142861627,0.5515458308,1.103091662,74.49793576,4.83234866,-0.2672730934
494,0.5922544316,0.2188013757,0.5503555848,1.10071117,79.62456009,4.521218072,-0.1800975165
495,0.6522186144,0.2575498626,0.5992138093,1.198427619,73.68531357,4.885641148,-0.2809127233
496,0.5930372372,0.3240531942,0.4966716139,0.9933432278,78.42865927,4.590158794,-0.2005879139
497,0.6648531336,0.3418668428,0.5702251757,1.140450351,71.38847354,5.042830896,-0.3191499699
498,0.6212662829,0.2827850756,0.5531766403,1.106353281,76.1903709,4.72500653,-0.2386966626
499,0.6401859464,0.2729612699,0.5790770166,1.158154033,74.56931911,4.827722773,-0.2660723357
500,0.6112790584,0.2384670138,0.5628459563,1.125691913,77.60850861,4.638666642,-0.2145902857
501,0.5741458224,0.2807483851,0.5008230922,1.001646184,80.96419663,4.446409833,-0.1570516278
502,0.6572478133,0.2269721669,0.6168130377,1.233626075,73.56267249,4.893786316,-0.2829663784
503,0.6117981801,0.2661185224,0.5508883238,1.101776648,77.28525614,4.658068278,-0.2200972303
504,0.6195315803,0.3016206537,0.5411509589,1.082301918,76.11017115,4.729985422,-0.240055717
505,0.6033947976,0.2821404907,0.5333685642,1.066737128,77.92660571,4.619731563,-0.2091644996
506,0.6348917498,0.2254971248,0.5934969088,1.186993818,75.53630968,4.76591988,-0.2497664159
507,0.5837908777,0.3369544295,0.4767321064,0.9534642129,79.21504415,4.544591294,-0.1871233889
508,0.5990481078,0.2834753487,0.5277313352,1.05546267,78.34469651,4.59507811,-0.2020233407
509,0.6608878237,0.307491584,0.5849971293,1.169994259,72.29321657,4.979720326,-0.3041458474
510,0.6709200766,0.299532333,0.6003450096,1.200690019,71.56344102,5.030501536,-0.3162544262
511,0.5951386051,0.2575657285,0.5365164068,1.073032814,79.0101123,4.556378792,-0.1906357422
512,0.6370416255,0.2631298572,0.5801592117,1.160318423,74.9660193,4.802175751,-0.2593918662
513,0.6302997065,0.2247074302,0.5888839366,1.177767873,75.95856122,4.739426264,-0.242623592
514,0.6581477526,0.28680025,0.5923715732,1.184743146,72.8186407,4.94378907,-0.2953972427
515,0.6400200069,0.2488945482,0.5896415123,1.179283025,74.85217573,4.809479437,-0.2613102891
516,0.596456882,0.2629937312,0.5353457849,1.07069157,78.82477153,4.56709221,-0.1938102222
517,0.6431230456,0.3636864373,0.5304143919,1.060828784,72.85752952,4.941150247,-0.2947487257
518,0.5976646269,0.2875910667,0.5239221169,1.047844234,78.435973,4.589730786,-0.2004628578
519,0.6213527285,0.2675497207,0.5607997505,1.121599501,76.36067748,4.714468387,-0.2358091218
520,0.6152018336,0.1931802128,0.5840844985,1.168168997,77.59494813,4.639477294,-0.2148214413
521,0.6656674244,0.2254560186,0.6263247589,1.252649518,72.86403298,4.940709226,-0.2946402596
522,0.6496465063,0.298577473,0.5769680024,1.153936005,73.39644771,4.90486953,-0.285747782
523,0.6531348092,0.3095755459,0.575106999,1.150213998,72.93103463,4.936170203,-0.2935225706
524,0.6190607692,0.2408177812,0.5703008261,1.140601652,76.85015837,4.684440574,-0.2274984839
525,0.5920075938,0.2545123792,0.5345057903,1.069011581,79.35413188,4.536625775,-0.1847381802
526,0.5984143263,0.2129127786,0.5592565195,1.118513039,79.0601079,4.553497453,-0.1897790843
527,0.6079879156,0.2547294798,0.5520527127,1.104105425,77.77112178,4.628967562,-0.2118174067
528,0.6041616672,0.3007908476,0.5239620082,1.047924016,77.61973658,4.637995642,-0.2143988818
529,0.5993064277,0.2898588414,0.5245474681,1.049094936,78.24349163,4.601021663,-0.203752962
530,0.6237867727,0.2922391629,0.5510954631,1.102190926,75.83309483,4.747267678,-0.24474738
531,0.6403984207,0.2750174358,0.5783386095,1.156677219,74.52551817,4.830560174,-0.2668091716
532,0.6290312907,0.3329326475,0.5337004937,1.067400987,74.73232322,4.817192675,-0.2633288563
533,0.5652806741,0.2781068626,0.4921369865,0.9842739731,81.95697512,4.392548645,-0.1399166796
534,0.5710282805,0.2209481361,0.5265502999,1.0531006,81.77908196,4.402103709,-0.1429902803
535,0.5963293804,0.3316785976,0.4955784881,0.9911569761,77.97010701,4.61715411,-0.2084219926
536,0.6286770355,0.3278399214,0.5364287473,1.072857495,74.85070565,4.809573896,-0.2613350552
537,0.6734765501,0.2906555137,0.6075278067,1.215055613,71.47500859,5.036725523,-0.3177182683
538,0.5808979847,0.2786662877,0.5096936028,1.019387206,80.26516808,4.485133572,-0.1690885888
539,0.6399946744,0.3055548176,0.5623428106,1.124685621,74.15603033,4.854628793,-0.2730185878
540,0.5628854286,0.2504891437,0.50407856,1.00815712,82.4467342,4.366455548,-0.1314478459
541,0.6293754516,0.3153620185,0.54466527,1.08933054,74.98323377,4.801073279,-0.259101689
542,0.5612924502,0.2415765718,0.5066458078,1.013291616,82.68371289,4.353940908,-0.127346563
543,0.6056315318,0.3220607952,0.5128999869,1.025799974,77.17222123,4.664890997,-0.2220212542
544,0.6282272151,0.3145161378,0.543828128,1.087656256,75.10315275,4.793407291,-0.2570796171
545,0.6271476778,0.2406148277,0.5791534464,1.158306893,76.10109797,4.730549356,-0.2402094403
546,0.5935853923,0.2380708149,0.5437516944,1.087503389,79.34063294,4.537397632,-0.1849697208
547,0.6042614922,0.2923042773,0.5288574102,1.05771482,77.71837033,4.63210948,-0.2127171123
548,0.6428006103,0.3567205842,0.5347364298,1.06947286,73.02868648,4.929569699,-0.2918928716
549,0.6587309501,0.2894912389,0.5917104759,1.183420952,72.7327378,4.949628061,-0.296829292
550,0.6352620795,0.2872793922,0.5665937349,1.13318747,74.83599866,4.810519088,-0.2615828118
551,0.6365088001,0.2981153462,0.562379492,1.124758984,74.57743324,4.82719751,-0.2659358196
552,0.6285611127,0.2943345102,0.5553883943,1.110776789,75.35931296,4.777113616,-0.2527564871
553,0.6499177044,0.2444843997,0.602179708,1.204359416,74.02455249,4.863251285,-0.2752254089
554,0.646935384,0.2566875604,0.5938323731,1.187664746,74.1564363,4.854602216,-0.2730117715
555,0.6804936084,0.3116824541,0.6049178448,1.20983569,70.59609431,5.099432249,-0.3322254279
556,0.5674854853,0.2313722943,0.518176261,1.036352522,82.08515158,4.385689654,-0.1377012358
557,0.6419605138,0.2940955904,0.5706321802,1.14126436,74.14045846,4.85564842,-0.2732800329
558,0.6542394067,0.3016255698,0.5805611225,1.161122245,72.95182987,4.934763126,-0.2931755929
559,0.6443893329,0.2943680162,0.5732234149,1.14644683,73.91982319,4.870141519,-0.2769822265
560,0.6639038319,0.2703290983,0.6063748648,1.21274973,72.5361868,4.963040048,-0.3001033921
561,0.6415450836,0.2793232635,0.5775453304,1.155090661,74.36995244,4.840664653,-0.2694248939
562,0.5750338837,0.2783170278,0.5031934016,1.006386803,80.89273493,4.45033785,-0.1582832695
563,0.5936494736,0.282411421,0.5221718939,1.044343788,78.90278468,4.562576612,-0.1924742736
564,0.6170356086,0.3251957164,0.5243860108,1.048772022,76.0011495,4.736770462,-0.2419024289
565,0.6747119487,0.3346088399,0.5858951595,1.171790319,70.69489149,5.092305716,-0.330598541
566,0.6087439194,0.3209393106,0.5172689033,1.034537807,76.87931074,4.68266425,-0.2270029912
567,0.610050605,0.3464228489,0.502148335,1.00429667,76.32680216,4.71656076,-0.2363836432
568,0.5937949941,0.242685745,0.5419373804,1.083874761,79.28036486,4.540846913,-0.1860033438
569,0.6509507562,0.2433020618,0.6037723028,1.207544606,73.94670391,4.868371151,-0.2765313947
570,0.6121275754,0.2718495358,0.5484505433,1.096901087,77.19053693,4.663784116,-0.221709552
571,0.5871463687,0.3027202389,0.5030917563,1.006183513,79.33511649,4.537713133,-0.1850643387
572,0.6274236418,0.256014908,0.5728147984,1.145629597,75.92076783,4.741785552,-0.2432634492
573,0.5901168945,0.24788609,0.5355281837,1.071056367,79.60516125,4.522319839,-0.1804305436
574,0.6209595462,0.3050723112,0.5408526999,1.0817054,75.926116,4.741451545,-0.243172909
575,0.5975765185,0.2436677446,0.5456406562,1.091281312,78.89522194,4.563013972,-0.1926037987
576,0.6229292314,0.3692330509,0.5017048748,1.00340975,74.616106,4.824695623,-0.2652850972
577,0.6224757771,0.2542951863,0.568163754,1.136327508,76.39782648,4.712175942,-0.2351789843
578,0.5790507721,0.2345082619,0.5294390161,1.058878032,80.84752503,4.452826476,-0.1590623345
579,0.6497410047,0.299936696,0.5763691105,1.152738221,73.36893939,4.90670852,-0.2862078415
580,0.6408133502,0.2858060523,0.5735474263,1.147094853,74.3532636,4.841751156,-0.2697053867
581,0.5812732688,0.274060076,0.512610659,1.025221318,80.27214999,4.484743464,-0.1689684848
582,0.6839213614,0.3295459874,0.5992894716,1.198578943,70.03167327,5.140531179,-0.3415006263
583,0.6126880082,0.2241626696,0.5702084645,1.140416929,77.59826193,4.639279168,-0.2147649545
584,0.6494033621,0.3681993923,0.5349335793,1.069867159,72.20229704,4.985990956,-0.305657133
585,0.6352646835,0.2857605401,0.5673641968,1.134728394,74.85533317,4.80927657,-0.2612570956
586,0.6612431288,0.3385491817,0.5680025765,1.136005153,71.75515734,5.01706098,-0.3130783204
587,0.5935144427,0.3335499357,0.4909214133,0.9818428267,78.23348967,4.601609893,-0.203923864
588,0.6600221444,0.3165427624,0.5791631123,1.158326225,72.22867663,4.984169956,-0.3052187244
589,0.637649087,0.3324277821,0.5441398055,1.088279611,73.94486977,4.868491906,-0.2765621579
590,0.6128169942,0.2570026442,0.5563221273,1.112644255,77.28313685,4.658196014,-0.2201333117
591,0.5768942304,0.1947989895,0.5430104112,1.086020822,81.32941867,4.426442558,-0.1507532555
592,0.6671334564,0.3223803947,0.5840701411,1.168140282,71.53177303,5.032728601,-0.3167787205
593,0.5553200774,0.2840745637,0.4771603825,0.954320765,83.02455182,4.336066767,-0.1214440163
594,0.5841211236,0.2463268398,0.5296419309,1.059283862,80.23020927,4.487087885,-0.1696899181
595,0.6388975235,0.218712575,0.6002956397,1.200591279,75.23702315,4.784878308,-0.2548209667
596,0.6259628094,0.3231813856,0.5360813658,1.072162732,75.1809566,4.788446653,-0.2557670869
597,0.6818916618,0.2297602992,0.642017479,1.284034958,71.48714402,5.035870504,-0.3175174324
598,0.6634162902,0.2694660579,0.6062253853,1.212450771,72.58780998,4.959510421,-0.2992438059
599,0.6326258761,0.2890505856,0.5627301823,1.125460365,75.05393377,4.796550719,-0.2579096834
600,0.6447857669,0.3066161121,0.5672171057,1.134434211,73.71090703,4.883944785,-0.2804839918
601,0.5933409846,0.2773512134,0.5245281961,1.049056392,78.9899409,4.557542339,-0.1909813312
602,0.6292389157,0.2815993403,0.5627107823,1.125421565,75.46042807,4.770712401,-0.2510486055
603,0.5648768295,0.1919447714,0.5312655054,1.062531011,82.59082712,4.358837568,-0.1289543584
604,0.614062332,0.290320814,0.541097378,1.082194756,76.7840123,4.688476015,-0.2286225267
605,0.6070841185,0.3270947884,0.511429493,1.022858986,76.94913505,4.678415161,-0.2258159732
606,0.6146711253,0.2761929713,0.54912479,1.09824958,76.89651092,4.681616834,-0.2267106182
607,0.6689616377,0.3261583651,0.5840636896,1.168127379,71.31628247,5.047935584,-0.3203437969
608,0.6491518679,0.2562987774,0.5964135178,1.192827036,73.96633375,4.867079139,-0.276202133
609,0.5314955092,0.1897961765,0.4964523015,0.9929046031,86.2559443,4.1736254,-0.06529960337
610,0.6504163418,0.2455043474,0.6023031073,1.204606215,73.97066485,4.866794164,-0.2761294808
611,0.5811377844,0.2285264708,0.5343189839,1.068637968,80.67670976,4.462254362,-0.1620049561
612,0.588262277,0.3157683558,0.4963293785,0.9926587571,79.04718851,4.554241672,-0.1900004676
613,0.6255338796,0.3052396364,0.546004944,1.092009888,75.49152632,4.768747137,-0.2505231843
614,0.6508503574,0.3016313373,0.5767362691,1.153472538,73.24742458,4.91484857,-0.2882393102
615,0.5955492454,0.2352795271,0.5471036902,1.09420738,79.16834553,4.547271989,-0.1879239749
616,0.5824597058,0.2296853095,0.5352606537,1.070521307,80.53255372,4.470241951,-0.1644872018
617,0.7094813257,0.2543661584,0.6623153395,1.324630679,69.06602429,5.212403692,-0.3572919086
618,0.6240993464,0.2957731924,0.5495618371,1.099123674,75.75694732,4.75203942,-0.2460357685
619,0.6055812948,0.3160139502,0.5165887028,1.033177406,77.26723983,4.659154394,-0.2204039525
620,0.6079454623,0.3194907807,0.5172265714,1.034453143,76.98038511,4.676515965,-0.2252846112
621,0.6377311666,0.2552958479,0.5844014638,1.168802928,74.98983398,4.800650713,-0.2589904257
622,0.6537681918,0.330446964,0.5641078378,1.128215676,72.54155201,4.962672979,-0.3000140664
623,0.6632219414,0.3144986306,0.583912626,1.167825252,71.98769687,5.00085453,-0.3092212078
624,0.6597619495,0.2471961239,0.6117024655,1.223404931,73.14834045,4.921506049,-0.2898948266
625,0.5775565161,0.244482538,0.523258844,1.046517688,80.92572632,4.448523558,-0.1577146937
626,0.6324377274,0.2891299217,0.5624778817,1.124955763,75.07016367,4.795513722,-0.2576359911
627,0.6224363488,0.3130548669,0.5379810951,1.07596219,75.67026808,4.757482815,-0.247501821
628,0.6099618684,0.2891469534,0.5370731051,1.07414621,77.19660517,4.663417507,-0.2216062758
629,0.6909398032,0.363679963,0.5874816561,1.174963312,68.83996516,5.229520369,-0.3609741643
630,0.6468621427,0.3352971012,0.5531785296,1.106357059,73.06566681,4.927074722,-0.2912754901
631,0.6292111154,0.2318199996,0.5849496692,1.169899338,75.99425547,4.737200171,-0.2420191772
632,0.6571979916,0.305884011,0.5816735957,1.163347191,72.63375371,4.956373333,-0.2984785846
633,0.6679823406,0.2720538767,0.6100713856,1.220142771,72.17208577,4.988078094,-0.3061591416
634,0.6237244164,0.3281652053,0.5304146922,1.060829384,75.31208216,4.780109508,-0.2535539678
635,0.5801152955,0.2510683883,0.5229707645,1.045941529,80.60463792,4.466244242,-0.1632461016
636,0.6188094409,0.3401641533,0.5169269513,1.033853903,75.57911761,4.763220469,-0.2490428867
637,0.6305765505,0.3136391771,0.5470441048,1.09408821,74.89775861,4.806552381,-0.2605422774
638,0.6753991385,0.3449582875,0.5806614987,1.161322997,70.45258206,5.109819817,-0.3345868741
639,0.6210318812,0.3127235456,0.5365487689,1.073097538,75.80874302,4.748792628,-0.2451594509
640,0.5828881863,0.2526835989,0.5252710125,1.050542025,80.30292309,4.483024853,-0.1684390912
641,0.6557995095,0.3171061897,0.574035418,1.148070836,72.58353276,4.959802676,-0.2993150358
642,0.5980942314,0.2757602234,0.5307287526,1.061457505,78.52708793,4.584405324,-0.1989046297
643,0.6812193709,0.3569435753,0.5802164384,1.160432877,69.74941884,5.161333327,-0.3461265733
644,0.6384514212,0.283107164,0.5722504267,1.144500853,74.6003547,4.825714321,-0.2655501491
645,0.630446572,0.3213416774,0.5424042833,1.084808567,74.79066516,4.813434929,-0.2623463993
646,0.6689691394,0.3107565913,0.5924103734,1.184820747,71.56073517,5.03069175,-0.3162992281
647,0.6022366116,0.2727818083,0.5369162145,1.073832429,78.14670788,4.606719973,-0.2054064303
648,0.6330117304,0.3222044382,0.5448744358,1.089748872,74.53937807,4.829661976,-0.266576032
649,0.6188952621,0.3051030865,0.5384639747,1.076927949,76.12256353,4.729215404,-0.2398457481
650,0.6398224555,0.3286502163,0.5489643066,1.097928613,73.81117488,4.877310253,-0.2788038065
651,0.5858390808,0.2403930975,0.5342458117,1.068491623,80.10347532,4.494187032,-0.1718693475
652,0.6117370794,0.2509596759,0.557890218,1.115780436,77.44705542,4.648336829,-0.2173416747
653,0.5839137268,0.3140727427,0.492253545,0.98450709,79.53134955,4.526516928,-0.1816975076
654,0.5756157621,0.2486985158,0.5191170906,1.038234181,81.09548202,4.439211544,-0.15478829
655,0.6354201466,0.2595755218,0.5799821645,1.159964329,75.15191264,4.790297244,-0.2562571061
656,0.6309945089,0.340249712,0.5313983475,1.062796695,74.42150871,4.837311232,-0.2685582326
657,0.6563017342,0.2799121654,0.5936170027,1.187234005,73.06666375,4.927007496,-0.2912588447
658,0.5604140084,0.250326716,0.5013984405,1.002796881,82.71874919,4.352096756,-0.1267400191
659,0.6020807136,0.3110425548,0.5155130598,1.03102612,77.68926728,4.633844707,-0.213213404
660,0.625374151,0.2760424566,0.561153625,1.12230725,75.88647968,4.743928055,-0.2438438696
661,0.5876415314,0.2756558569,0.5189763173,1.037952635,79.59224718,4.523053598,-0.1806522329
662,0.6132191818,0.2789708665,0.5460888394,1.092177679,77.00366351,4.675102243,-0.2248887523
663,0.5881796423,0.2592749109,0.5279505774,1.055901155,79.6989063,4.517000505,-0.1788209962
664,0.5749886711,0.241126439,0.5219866017,1.043973203,81.22099264,4.432351641,-0.1526237483
665,0.5895767849,0.2895487414,0.5135779509,1.027155902,79.23977449,4.54317295,-0.1866993698
666,0.6180568235,0.3407055451,0.5156684677,1.031336935,75.64242476,4.759234003,-0.24797263
667,0.6044345399,0.3160229701,0.515238387,1.030476774,77.38181763,4.652255672,-0.21845293
668,0.6389890488,0.260171163,0.5836248542,1.167249708,74.82380563,4.811302993,-0.2617882046
669,0.5809176793,0.2537487714,0.5225676139,1.045135228,80.49813116,4.472153512,-0.1650797758
670,0.6115360911,0.2883654418,0.5392789285,1.078557857,77.05306431,4.672104909,-0.2240485482
671,0.5745802039,0.2825994714,0.5002798711,1.000559742,80.89882104,4.450003045,-0.1581783849
672,0.6549981405,0.2343259916,0.611648505,1.22329701,73.6858465,4.885605813,-0.2809037964
673,0.6171047434,0.3180315924,0.5288422927,1.057684585,76.10581637,4.730256072,-0.2401294991
674,0.7093890856,0.3246945995,0.6307188691,1.261437738,68.12459825,5.284434833,-0.3725894091
675,0.6023126348,0.2381046194,0.5532510283,1.106502057,78.47809221,4.587267476,-0.1997426068
676,0.5822504772,0.2770081921,0.5121348257,1.024269651,80.13976478,4.492151942,-0.171245367
677,0.6185608049,0.2739109383,0.5546082106,1.109216421,76.55199406,4.702686121,-0.2325628737
678,0.6244957067,0.2518756818,0.5714486229,1.142897246,76.23464754,4.722262273,-0.2379461559
679,0.6291868387,0.2967468297,0.5548129388,1.109625878,75.26873534,4.782862345,-0.254285717
680,0.5837888801,0.3088305117,0.495412123,0.990824246,79.61294358,4.521877773,-0.1802969439
681,0.676672309,0.3366438233,0.5869892248,1.17397845,70.49812421,5.106518848,-0.33383772
682,0.6031310886,0.2836171571,0.5322860305,1.064572061,77.93552219,4.619203027,-0.2090123174
683,0.6623134569,0.2483854917,0.6139737476,1.227947495,72.91908737,4.936978958,-0.2937218985
684,0.643306194,0.3102994612,0.5635220524,1.127044105,73.78832108,4.878820859,-0.2791868423
685,0.6367331823,0.3171133694,0.5521487628,1.104297526,74.2781594,4.846646752,-0.2709673951
686,0.6620474035,0.279012923,0.6003820061,1.200764012,72.58623215,4.959618227,-0.2992700821
687,0.58287697,0.2817954212,0.5102322047,1.020464409,80.02419472,4.498639458,-0.1732322999
688,0.5763344214,0.3226697933,0.4775411708,0.9550823416,80.23778887,4.486664015,-0.1695595461
689,0.6218488334,0.3257266992,0.5297151018,1.059430204,75.5301825,4.766306502,-0.2498699646
690,0.6253688644,0.2956344253,0.5510775837,1.102155167,75.63965304,4.759408399,-0.2480194943
691,0.641741788,0.2774832815,0.5786497654,1.157299531,74.3751464,4.840326607,-0.2693375932
692,0.5976764111,0.2436119816,0.5457749489,1.091549898,78.88581737,4.563557962,-0.1927648635
693,0.5777831785,0.2275128174,0.5311038686,1.062207737,81.03001579,4.442798098,-0.1559170191
694,0.6776047239,0.3396984856,0.5863046143,1.172609229,70.36752908,5.115996039,-0.3359854029
695,0.6587776708,0.3039134972,0.5844866173,1.168973235,72.52674433,4.963686201,-0.300260594
696,0.582679641,0.3194689839,0.4872936818,0.9745873636,79.59085066,4.523132961,-0.1806762056
697,0.6595315454,0.2605155674,0.6058989178,1.211797836,73.02249003,4.929988006,-0.2919963087
698,0.5915440699,0.2538406204,0.5343120119,1.068624024,79.40718911,4.533594553,-0.1838280167
699,0.6211815823,0.2639791245,0.5623002579,1.124600516,76.41619139,4.711043477,-0.2348674343
700,0.6219961012,0.3171085117,0.5350900314,1.070180063,75.65110478,4.758687941,-0.2478258639
701,0.6325574083,0.3223791268,0.5442431197,1.088486239,74.57853898,4.827125939,-0.2659172156
702,0.6549592796,0.2533415085,0.6039782596,1.207956519,73.49431859,4.898337816,-0.2841104191
703,0.646082338,0.2258355978,0.6053269119,1.210653824,74.53952616,4.829652381,-0.2665735409
704,0.6140804126,0.2941302904,0.5390566996,1.078113399,76.73351068,4.691561702,-0.229480513
705,0.5842108998,0.2917258168,0.5061604719,1.012320944,79.77481254,4.51270255,-0.1775173796
706,0.5965234641,0.2788879585,0.5273156075,1.054631215,78.65067258,4.577201798,-0.196790308
707,0.663212833,0.342020821,0.5682191653,1.136438331,71.52468816,5.033227117,-0.3168960041
708,0.6194605591,0.2937646704,0.5453748278,1.090749656,76.22234682,4.723024349,-0.2381546722
709,0.6528843585,0.3098800369,0.5746584623,1.149316925,72.94829061,4.935002547,-0.2932346497
710,0.5742879857,0.2912595092,0.494949077,0.989898154,80.84033888,4.453222302,-0.1591861586
711,0.5959322298,0.2366605785,0.5469250343,1.093850069,79.11878355,4.550120513,-0.1887735125
712,0.6410204133,0.3330030944,0.5477372631,1.095474526,73.62894882,4.889381225,-0.2818567253
713,0.6042024414,0.2487786209,0.5506085615,1.101217123,78.19676267,4.60377115,-0.2045513595
714,0.5720237846,0.2058081732,0.5337173465,1.067434693,81.76830838,4.402683719,-0.14317638
715,0.6577623902,0.3312681318,0.5682541568,1.136508314,72.18127192,4.987443286,-0.3060065081
716,0.6185487608,0.2581804325,0.5620902363,1.124180473,76.72606171,4.692017184,-0.2296070507
717,0.6270873892,0.2709144187,0.565547497,1.131094994,75.78732997,4.750134358,-0.2455217569
718,0.6421825781,0.3036315078,0.5658678036,1.131735607,73.98704444,4.865716731,-0.2758547066
719,0.6378107563,0.3486166226,0.5341058053,1.068211611,73.63883795,4.888724619,-0.281691121
720,0.5877280727,0.2590485644,0.5275586495,1.055117299,79.74725065,4.51426221,-0.1779907647
721,0.6360539574,0.2382774516,0.5897359517,1.179471903,75.31360786,4.780012673,-0.2535282095
722,0.6659460871,0.2704395337,0.6085611305,1.217122261,72.36260642,4.974945179,-0.3029919176
723,0.6694174682,0.321144321,0.5873551496,1.174710299,71.36032404,5.044820141,-0.3196155398
724,0.6363752759,0.3116827439,0.5548219164,1.109643833,74.39382782,4.839111127,-0.2690235756
725,0.6272499459,0.3274960567,0.5349661929,1.069932386,74.99013411,4.8006315,-0.2589853663
726,0.6140420875,0.2476936014,0.5618679249,1.12373585,77.25873539,4.659667262,-0.2205487305
727,0.5776386161,0.2244700267,0.5322401506,1.064480301,81.06640187,4.440803979,-0.1552896973
728,0.6680932089,0.2640828523,0.6136845957,1.227369191,72.25791444,4.982153205,-0.3047327388
729,0.6254481754,0.2802122868,0.5591658917,1.118331783,75.82940461,4.747498702,-0.2448098272
730,0.5652685292,0.2233862384,0.5192562938,1.038512588,82.3734485,4.37034028,-0.1327157163
731,0.6529949306,0.2913530235,0.5843935276,1.168787055,73.2032733,4.917812876,-0.288977105
732,0.6064476805,0.2275656512,0.5621322474,1.124264495,78.1664817,4.605554608,-0.2050686588
733,0.6255491155,0.2926814479,0.5528555561,1.105711112,75.6619976,4.758002847,-0.2476416745
734,0.6247706041,0.3243073314,0.5340066128,1.068013226,75.27547913,4.782433857,-0.2541718829
735,0.6433633066,0.2680847882,0.58484775,1.1696955,74.34331258,4.842399236,-0.2698726247
736,0.6305720997,0.27024868,0.5697252178,1.139450436,75.47358946,4.769880465,-0.250826246
737,0.6197459845,0.2664464238,0.5595456983,1.119091397,76.52420194,4.704394046,-0.2330346106
738,0.6180319075,0.2154781254,0.5792517727,1.158503545,77.16608101,4.665262189,-0.2221257452
739,0.6544030327,0.211857072,0.6191606498,1.2383213,73.94000313,4.868812344,-0.2766437829
740,0.5958740403,0.301172051,0.514160741,1.028321482,78.4509262,4.588855957,-0.2002071661
741,0.6588208584,0.3318298025,0.5691519179,1.138303836,72.08050667,4.994415503,-0.307680354
742,0.6187081304,0.2275453432,0.5753458676,1.150691735,77.00277108,4.675156425,-0.2249039291
743,0.6028228464,0.1958838217,0.5701095619,1.140219124,78.75062437,4.571392327,-0.195079634
744,0.6395299452,0.3048173268,0.5622143258,1.124428652,74.20868745,4.851184037,-0.2721343479
745,0.6255705396,0.2726769108,0.5630149219,1.126029844,75.90776115,4.74259805,-0.243483633
746,0.6302089143,0.2509840931,0.5780746151,1.15614923,75.71732093,4.754526383,-0.246706061
747,0.6544256943,0.2884454811,0.5874284584,1.174856917,73.11798752,4.923549078,-0.2904017959
748,0.616321157,0.2770891687,0.5505209907,1.101041981,76.72818168,4.691887545,-0.2295710386
749,0.6204436799,0.2800679469,0.5536355345,1.107271069,76.30111709,4.718148485,-0.2368192039
750,0.6123432797,0.2692814614,0.549956168,1.099912336,77.1982845,4.663316061,-0.2215776945
751,0.6016762615,0.2503305698,0.5471278914,1.094255783,78.42963705,4.590101568,-0.2005711952
752,0.6446571757,0.3601611159,0.5346651707,1.069330341,72.79253329,4.945562185,-0.2958325382
753,0.6685768749,0.3201235689,0.5869548009,1.173909602,71.44710627,5.038692521,-0.3181799848
754,0.654526311,0.2614395363,0.6000450488,1.200090098,73.44179509,4.901840969,-0.2849892315
755,0.5863284071,0.2723309207,0.5192464449,1.03849289,79.76218694,4.513416868,-0.1777342338
756,0.6298116428,0.2972834788,0.5552343997,1.110468799,75.20352571,4.787009607,-0.2553862638
757,0.6535847598,0.2737009257,0.5935156624,1.187031325,73.37887224,4.906044329,-0.2860417284
758,0.6611883229,0.2818070614,0.5981260557,1.196252111,72.62367142,4.957061423,-0.2986465279
759,0.6561767377,0.3089041882,0.5789180543,1.157836109,72.67699573,4.953424346,-0.2977581869
760,0.5816473496,0.2506082984,0.5248896266,1.049779253,80.44933218,4.474866233,-0.1659197336
761,0.6355381797,0.3083702279,0.555712678,1.111425356,74.51953157,4.830948241,-0.2669098683
762,0.5576558478,0.2764050435,0.4843349012,0.9686698024,82.82395084,4.346568793,-0.1249184979
763,0.6598089955,0.2957200422,0.5898284219,1.179656844,72.55517529,4.961741165,-0.2997872399
764,0.5804034101,0.3287657419,0.4783107834,0.9566215667,79.70645701,4.516572603,-0.178691334
765,0.5811828498,0.283062711,0.5075913776,1.015182755,80.18934101,4.489374716,-0.170392816
766,0.6133619593,0.2084426282,0.5768574901,1.15371498,77.65851297,4.635679801,-0.2137377946
767,0.6205544753,0.2965004308,0.5451379196,1.090275839,76.08218836,4.731725096,-0.2405297993
768,0.6063395973,0.3185538166,0.5159177969,1.031835594,77.15416948,4.66598244,-0.2223284422
769,0.6398762178,0.2170223506,0.6019492283,1.203898457,75.16444096,4.789498803,-0.2560457409
770,0.5916677197,0.2602838959,0.531340742,1.062681484,79.33406876,4.53777306,-0.1850823092
771,0.6280528723,0.2772190882,0.5635601011,1.127120202,75.62358323,4.760419761,-0.2482911924
772,0.6145348823,0.2724333434,0.5508477058,1.101695412,76.95261793,4.678203415,-0.2257567552
773,0.558741131,0.3369541273,0.4457056961,0.8914113922,82.05650814,4.387220565,-0.1381963784
774,0.5674718913,0.2573861804,0.5057437113,1.011487423,81.89485239,4.395880687,-0.1409901778
775,0.5808440397,0.3088725756,0.4919121167,0.9838242333,79.92744623,4.504084854,-0.1748951024
776,0.616031717,0.2578687169,0.5594629578,1.118925916,76.96763885,4.677290422,-0.2255013511
777,0.5866636156,0.3288576188,0.4858259611,0.9716519221,79.02964085,4.555252891,-0.1903011442
778,0.6100226847,0.2824365649,0.5407007145,1.081401429,77.27221973,4.65885413,-0.2203191734
779,0.6559328542,0.2306390394,0.6140468572,1.228093714,73.64087498,4.888589389,-0.2816570077
780,0.6050851116,0.2808429758,0.5359619531,1.071923906,77.77458096,4.62876168,-0.2117584022
781,0.6366945687,0.293041858,0.56524901,1.13049802,74.62973335,4.823814636,-0.2650557695
782,0.6079451526,0.2676772138,0.5458444996,1.091688999,77.64149805,4.636695698,-0.214027889
783,0.6507419781,0.2818787286,0.5865232344,1.173046469,73.52433858,4.896337824,-0.2836080236
784,0.6225882612,0.3405084655,0.521219846,1.042439692,75.20987305,4.786605606,-0.2552791538
785,0.6112967676,0.3037687082,0.530479321,1.060958642,76.87568546,4.682885074,-0.227064612
786,0.6421872589,0.2690252841,0.583120804,1.166241608,74.43699392,4.836304921,-0.2682978836
787,0.6290174772,0.2561960186,0.574479405,1.14895881,75.77213183,4.751087125,-0.2457788866
788,0.6151818392,0.2720384933,0.551764219,1.103528438,76.89515954,4.68169911,-0.22673359
789,0.6668996628,0.3095721856,0.5906946945,1.181389389,71.75233924,5.017258027,-0.3131250324
790,0.612243369,0.2959578025,0.535957948,1.071915896,76.88776817,4.682149171,-0.2268592323
791,0.6121518505,0.2805356242,0.54408607,1.08817214,77.08823945,4.669973041,-0.2234501912
792,0.6351799322,0.2255155046,0.5937982009,1.187596402,75.5102303,4.767565912,-0.250207135
793,0.6047107184,0.2740191824,0.53906265,1.0781253,77.88881906,4.62197276,-0.2098093677
794,0.6145111934,0.2632951942,0.5552473751,1.11049475,77.05535934,4.671965754,-0.2240095104
795,0.6084124697,0.2396140054,0.5592413268,1.118482654,77.87308765,4.622906461,-0.2100778135
796,0.6046431969,0.2956308936,0.5274426701,1.05488534,77.63859357,4.636869158,-0.2140774068
797,0.6846494873,0.2989712226,0.6159229891,1.231845978,70.44751622,5.110187262,-0.3346701926
798,0.5532539714,0.2501039982,0.4934956402,0.9869912804,83.51567615,4.310567986,-0.1129313678
799,0.6371335719,0.3118881024,0.5555762774,1.111152555,74.32162756,4.843812115,-0.2702370374
800,0.6374215921,0.2968326435,0.5640892375,1.128178475,74.51221537,4.831422583,-0.2670329256
801,0.6428507294,0.3420396465,0.5443031696,1.088606339,73.30402874,4.911053406,-0.2872931701
802,0.5422734148,0.2468451336,0.4828332387,0.9656664775,84.78597279,4.24598537,-0.09087639098
803,0.589557205,0.2827036588,0.5173551384,1.034710277,79.31898874,4.538635776,-0.1853409515
804,0.6189072531,0.3420550013,0.5157950795,1.031590159,75.53618605,4.765927681,-0.2497685053
805,0.5831308538,0.3151706427,0.4906210947,0.9812421895,79.60047772,4.522585923,-0.1805109445
806,0.5751219948,0.2111496994,0.5349589828,1.069917966,81.41462104,4.421810178,-0.1492830224
807,0.6061277184,0.2417643821,0.5558244278,1.111648856,78.07431762,4.610991309,-0.2066427736
808,0.5602580545,0.2380671132,0.5071618452,1.01432369,82.82005592,4.346773206,-0.1249859443
809,0.6384063394,0.3057053436,0.560452404,1.120904808,74.29748092,4.845386352,-0.2706427717
810,0.6377173724,0.3093066618,0.5576852481,1.115370496,74.30712299,4.844757616,-0.2704807624
811,0.6281168962,0.2809813776,0.5617653431,1.123530686,75.57187132,4.763677195,-0.2491653716
812,0.6003121945,0.3370800767,0.4967411325,0.9934822651,77.47253189,4.646808246,-0.2169076341
813,0.649654534,0.3533677991,0.5451442122,1.090288424,72.48396923,4.96661543,-0.3009726279
814,0.64568653,0.2583842436,0.5917336205,1.183467241,74.24776182,4.848631005,-0.2714780467
815,0.6321954149,0.2583171665,0.5770123778,1.154024756,75.45854447,4.770831488,-0.2510804277
816,0.6300365699,0.2894607833,0.5596056954,1.119211391,75.28694673,4.781705403,-0.2539783034
817,0.6049856949,0.3202264939,0.5132861615,1.026572323,77.26456028,4.659315975,-0.2204495691
818,0.6202856448,0.3229471555,0.5295841915,1.059168383,75.72387981,4.754114566,-0.2465951237
819,0.6014791122,0.2588916634,0.542910885,1.08582177,78.36622912,4.593815525,-0.2016552606
820,0.6425505278,0.2412170383,0.5955548012,1.191109602,74.70484927,4.818964278,-0.2637914131
821,0.6322723015,0.2493780085,0.5810153802,1.16203076,75.54553453,4.765337915,-0.2496105116
822,0.6112640945,0.2701472781,0.5483285888,1.096657178,77.29277989,4.657614858,-0.2199691344
823,0.6052202337,0.271011883,0.5411507096,1.082301419,77.87177411,4.62298444,-0.2101002274
824,0.6178243292,0.2950642689,0.5428111816,1.085622363,76.36140999,4.714423163,-0.2357966975
825,0.6309076862,0.2909401015,0.5598199405,1.119639881,75.18720989,4.7880484,-0.2556615752
826,0.5964023555,0.2846205547,0.5241058189,1.048211638,78.59816172,4.580259794,-0.1976887914
827,0.6112629831,0.2955650851,0.5350548709,1.070109742,76.98828016,4.676036395,-0.2251503568
828,0.6303763776,0.2664468826,0.5712971523,1.142594305,75.53507936,4.765997508,-0.2497872084
829,0.5832401375,0.1683773231,0.5584067827,1.116813565,80.82730803,4.453940243,-0.1594106855
830,0.6469881124,0.3152856894,0.5649677439,1.129935488,73.38422219,4.905686662,-0.2859522544
831,0.6229621545,0.3234116309,0.5324347499,1.0648695,75.46118829,4.77066434,-0.2510357621
832,0.6001689535,0.2192753288,0.5586779958,1.117355992,78.84130133,4.566134677,-0.1935271849
833,0.5895820647,0.2713342645,0.5234355051,1.04687101,79.43715496,4.531884358,-0.1833139016
834,0.638493102,0.3101785424,0.5580884457,1.116176891,74.22373475,4.850200562,-0.2718816253
835,0.6330316627,0.2850666807,0.5652132992,1.130426598,75.06805856,4.795648201,-0.2576714918
836,0.6438300004,0.2866999055,0.5764722315,1.152944463,74.07199861,4.860136175,-0.2744292047
837,0.6235756641,0.2690000622,0.562570507,1.125141014,76.13604351,4.72837809,-0.2396173387
838,0.6258969189,0.3049923949,0.5465588643,1.093117729,75.46097676,4.770677713,-0.2510393358
839,0.6233565601,0.3366427815,0.5246380072,1.049276014,75.20428145,4.786961501,-0.2553735109
840,0.6529972908,0.3065383599,0.5765758369,1.153151674,72.98831942,4.932296056,-0.2925666552
841,0.5890594209,0.3028337068,0.5052551309,1.010510262,79.13344153,4.549277689,-0.1885222761
842,0.6455096015,0.2893214419,0.5770405089,1.154081018,73.88822641,4.872224135,-0.2775120759
843,0.6003303116,0.2986720742,0.5207604777,1.041520955,78.03101252,4.613550284,-0.2073822178
844,0.6173253246,0.2999260897,0.5395691773,1.079138355,76.34433389,4.715477648,-0.2360863174
845,0.6334032423,0.3462669041,0.5303761858,1.060752372,74.08820641,4.859072954,-0.2741571748
846,0.622547548,0.2510281055,0.5696931979,1.139386396,76.42450047,4.710531279,-0.2347264675
847,0.5535193327,0.2950759332,0.4683095615,0.9366191229,83.13473351,4.330320009,-0.1195349932
848,0.6643538313,0.29013279,0.5976528904,1.195305781,72.24514661,4.983033697,-0.3049449732
849,0.5729368177,0.3057482442,0.4845354561,0.9690709123,80.82546941,4.454041562,-0.1594423652
850,0.5453222454,0.2761795924,0.4702139768,0.9404279536,84.24658705,4.273170138,-0.1002473289
851,0.6183494279,0.3425632675,0.5147877453,1.029575491,75.5811036,4.763095309,-0.2490093166
852,0.6305386138,0.2497296106,0.5789767397,1.157953479,75.70003502,4.755612067,-0.2469984205
853,0.6550967109,0.291902132,0.5864681117,1.172936223,73.01336651,4.930604041,-0.2921486007
854,0.6148453651,0.2673937046,0.5536564184,1.107312837,76.97905822,4.676596575,-0.2253071746
855,0.5738637017,0.2907491261,0.4947570048,0.9895140095,80.89183511,4.450387354,-0.1582987763
856,0.5675585272,0.1967953382,0.5323478906,1.064695781,82.2845242,4.375063276,-0.1342538488
857,0.5475470083,0.2358095507,0.4941675648,0.9883351297,84.24452859,4.27327455,-0.1002830749
858,0.5755684304,0.2067836714,0.5371401412,1.074280282,81.39538977,4.422854918,-0.1496149019
859,0.6079105328,0.2784358259,0.5403968049,1.08079361,77.52505194,4.643660223,-0.2160127187
860,0.6527963042,0.310681555,0.5741254098,1.14825082,72.9438644,4.935302002,-0.2933085048
861,0.6935858042,0.3157442358,0.6175490631,1.235098126,69.48623365,5.180882329,-0.3504324237
862,0.6494258436,0.2482672919,0.6000977238,1.200195448,74.02835259,4.863001639,-0.2751616455
863,0.6280026355,0.256617782,0.5731793997,1.146358799,75.86102267,4.745519996,-0.2442747425
864,0.5688431575,0.2738263317,0.4985997171,0.9971994343,81.60497789,4.411495589,-0.1459970794
865,0.6326216822,0.2259672675,0.5908883032,1.181776606,75.73691282,4.753296465,-0.2463746729
866,0.6422917236,0.2824244821,0.5768665964,1.153733193,74.2642201,4.847556461,-0.271201572
867,0.5972777227,0.2096955346,0.5592570614,1.118514123,79.19439636,4.545776173,-0.1874773833
868,0.6075955742,0.2317316167,0.5616696891,1.123339378,78.02090719,4.614147835,-0.2075547516
869,0.6028121151,0.2911681785,0.5278290802,1.05565816,77.87657927,4.622699191,-0.2100182328
870,0.6391467912,0.2731444423,0.577841444,1.155682888,74.6604236,4.821831737,-0.2645392438
871,0.6420952045,0.2858315635,0.5749665807,1.149933161,74.23810168,4.849261927,-0.2716403122
872,0.5957875542,0.2702127079,0.5309876667,1.061975333,78.81823214,4.567471132,-0.1939221907
873,0.5635989931,0.256075432,0.5020649342,1.004129868,82.32667665,4.37282318,-0.1335247738
874,0.7109144695,0.233700607,0.6714040581,1.342808116,69.17338799,5.204313544,-0.3555411199
875,0.5958999518,0.2651831537,0.533642809,1.067285618,78.85863052,4.565131269,-0.1932304427
876,0.650342641,0.3351023928,0.5573615856,1.114723171,72.76123499,4.947689523,-0.2963543018
877,0.6380558292,0.2469768602,0.5883176622,1.176635324,75.04762416,4.796953988,-0.2580160798
878,0.6319708702,0.3155605312,0.5475479266,1.095095853,74.73943425,4.816734346,-0.2632091236
879,0.6040440537,0.2610041721,0.5447440142,1.089488028,78.09258314,4.609912818,-0.2063308502
880,0.6266967607,0.2619721226,0.5693148837,1.138629767,75.92397078,4.741585514,-0.2432092261
881,0.5766126226,0.2647629597,0.5122330443,1.024466089,80.85249283,4.452552882,-0.1589767334
882,0.5711220138,0.3192965565,0.4735293694,0.9470587387,80.86069197,4.452101401,-0.1588354496
883,0.5840287605,0.2671278908,0.5193575676,1.038715135,80.05213137,4.49706952,-0.1727520647
884,0.5987050668,0.2776459085,0.5304342622,1.060868524,78.44506986,4.589198539,-0.200307308
885,0.5577625908,0.2685534295,0.4888539283,0.9777078566,82.87586455,4.343846088,-0.1240194787
886,0.5938720527,0.2218884626,0.5508625283,1.101725057,79.44091606,4.531669797,-0.18324937
887,0.5829601644,0.3441046997,0.470568283,0.9411365659,79.19097137,4.545972777,-0.1875361005
888,0.6341954765,0.269047466,0.574297278,1.148594556,75.15636311,4.790013581,-0.2561820236
889,0.6168327444,0.2623864583,0.5582436575,1.116487315,76.84400294,4.684815812,-0.227603098
890,0.5639216985,0.269390225,0.4954155718,0.9908311435,82.1836319,4.380434299,-0.135998601
891,0.6709914133,0.3612690228,0.565432728,1.130865456,70.50006787,5.106378063,-0.3338057426
892,0.5878910019,0.1961630601,0.5541984157,1.108396831,80.2111294,4.488155231,-0.1700180857
893,0.6231020301,0.3158903311,0.5370935101,1.07418702,75.56458086,4.764136794,-0.2492885989
894,0.6372535891,0.2610247943,0.5813417184,1.162683437,74.97038583,4.801896055,-0.2593182635
895,0.6249667212,0.3075204054,0.5440722405,1.088144481,75.51216594,4.767443703,-0.2501744262
896,0.627770468,0.2984253013,0.5523025439,1.104605088,75.37749075,4.775961583,-0.2524495136
897,0.6170202639,0.2677879456,0.5558809425,1.111761885,76.767441,4.689488087,-0.2289040809
898,0.6009011934,0.2503892393,0.5462485451,1.09249709,78.50536633,4.585673781,-0.1992761538
899,0.5932324639,0.2500684341,0.5379503086,1.075900617,79.27141529,4.541359564,-0.1861568152
900,0.6067022235,0.2865033233,0.5347928886,1.069585777,77.54832499,4.642266613,-0.2156160996
901,0.5820827522,0.2252899378,0.5367166612,1.073433322,80.60338074,4.466313903,-0.1632677492
902,0.6187475983,0.2506955067,0.5656857373,1.131371475,76.78385332,4.688485723,-0.228625228
903,0.6295356174,0.2838788617,0.5618966858,1.123793372,75.40458647,4.774245399,-0.2519918933
904,0.6098864894,0.2377044623,0.5616565842,1.123313168,77.7486428,4.630305906,-0.2122008203
905,0.5838488766,0.3361895925,0.4773427161,0.9546854323,79.22067257,4.544268413,-0.1870268889
906,0.5979744519,0.2949118948,0.5201926753,1.040385351,78.31618937,4.596750722,-0.2025106003
907,0.5765094033,0.2751744089,0.5065985953,1.013197191,80.76561585,4.457342351,-0.1604735557
908,0.5751711618,0.269657924,0.5080417988,1.016083598,80.96084347,4.44659399,-0.1571094249
909,0.5874644454,0.2898701254,0.510969456,1.021938912,79.45535512,4.530846278,-0.1830016224
910,0.5933856099,0.2699140498,0.528443836,1.056887672,79.06401532,4.553272415,-0.189712126
911,0.6191592738,0.2064025501,0.58374326,1.16748652,77.13141849,4.667358737,-0.2227155662
912,0.6718641736,0.2277545795,0.6320833168,1.264166634,72.32649801,4.97742888,-0.3035924439
913,0.5850090113,0.2483999257,0.5296536795,1.059307359,80.12139825,4.493181695,-0.1715611796
914,0.6302359689,0.242936928,0.5815316204,1.163063241,75.79562448,4.749614539,-0.245381419
915,0.6764957697,0.3066091365,0.6030235185,1.206047037,70.99924592,5.070476388,-0.3255805986
916,0.6198946947,0.2719299785,0.5570668894,1.114133779,76.4485181,4.709051384,-0.2343189717
917,0.6038441578,0.2535362585,0.5480393531,1.096078706,78.18633874,4.604384932,-0.2047294413
918,0.6362724616,0.3182206175,0.5509793862,1.101958772,74.30295637,4.845029291,-0.2705507723
919,0.6834191889,0.3638022455,0.5785410218,1.157082044,69.43449971,5.184742477,-0.3512779518
920,0.6506350919,0.294320009,0.5802600755,1.160520151,73.36890263,4.906710978,-0.2862084563
921,0.6139293008,0.2726705951,0.5500544818,1.100108964,77.00800038,4.674838955,-0.224814998
922,0.6603859417,0.3274452717,0.5734886102,1.14697722,72.02061994,4.998568469,-0.3086747025
923,0.5863600989,0.1979956107,0.5519201969,1.103840394,80.35278888,4.480242752,-0.1675811403
924,0.637443655,0.3092739708,0.5573903697,1.114780739,74.33248644,4.843104505,-0.2700545607
925,0.5606715204,0.2443802705,0.5046095889,1.009219178,82.73233449,4.351382108,-0.1265048195
926,0.5940443273,0.2264248144,0.5491998417,1.098399683,79.38904329,4.534630789,-0.1841393147
927,0.6398598849,0.2889096617,0.5709219559,1.141843912,74.39847337,4.838808966,-0.2689454838
928,0.637974604,0.3087840107,0.5582687794,1.116537559,74.29150473,4.845776126,-0.2707431817
929,0.6285697347,0.3317556119,0.533889619,1.067779238,74.79547158,4.813125613,-0.2622654488
930,0.6085917666,0.2468410905,0.5562853714,1.112570743,77.7890996,4.627897763,-0.2115107439
931,0.6152026119,0.2439006807,0.564789086,1.129578172,77.18482457,4.664129277,-0.221806769
932,0.6169799393,0.225156372,0.5744291546,1.148858309,77.18509612,4.664112868,-0.2218021478
933,0.6311341659,0.3123524295,0.5484216399,1.09684328,74.86545178,4.808626562,-0.2610866222
934,0.6131263704,0.2814798767,0.5446953507,1.089390701,76.98291257,4.676362429,-0.2252416326
935,0.6121224526,0.306660883,0.5297669297,1.059533859,76.75508845,4.690242787,-0.229113944
936,0.6129027228,0.2891543418,0.5404068044,1.080813609,76.91074762,4.680750235,-0.2264686036
937,0.6240476514,0.279917812,0.5577467972,1.115493594,75.96387527,4.739094718,-0.2425336146
938,0.6097718123,0.3692760977,0.4852389377,0.9704778755,75.90687916,4.742653156,-0.2434985633
939,0.6564227824,0.3309493393,0.5668892344,1.133778469,72.30243661,4.97908531,-0.3039925469
940,0.6129074333,0.3130715838,0.526917171,1.053834342,76.58702066,4.700535376,-0.2319682625
941,0.6140305271,0.2355143148,0.5670683343,1.134136669,77.37318357,4.652774817,-0.2185999807
942,0.5848782474,0.2727697973,0.5173772337,1.034754467,79.9081962,4.505169896,-0.1752258905
943,0.6264666655,0.2573054423,0.5711868279,1.142373656,75.99550365,4.737122365,-0.2419980399
944,0.6133831274,0.2061053282,0.5777191832,1.155438366,77.67389989,4.63476149,-0.2134754404
945,0.5843674085,0.2393513586,0.5331005489,1.066201098,80.26233565,4.485291851,-0.1691373119
946,0.5959554146,0.2387277215,0.5460512166,1.092102433,79.09899169,4.551259027,-0.1891127238
947,0.6599668074,0.2735814317,0.600590865,1.20118173,72.8311492,4.942939992,-0.2951886635
948,0.6031802641,0.2706099311,0.5390702145,1.078140429,78.07694979,4.610835861,-0.2065978249
949,0.5617834674,0.277554446,0.4884303367,0.9768606733,82.35042998,4.371561874,-0.1331139007
950,0.6304604691,0.3419587017,0.5296646575,1.059329315,74.44061262,4.836069819,-0.2682370404
951,0.6298822379,0.2345583003,0.5845802232,1.169160446,75.90781557,4.74259465,-0.2434827118
952,0.639828084,0.2341177401,0.5954568505,1.190913701,75.015461,4.7990107,-0.2585583851
953,0.6204706646,0.3110275009,0.5368852199,1.07377044,75.8871916,4.743883551,-0.2438318193
954,0.6084904884,0.313839585,0.5213112212,1.042622442,77.00975711,4.674732313,-0.2247851219
955,0.5800905102,0.2658384222,0.5155918282,1.031183656,80.4757315,4.473398294,-0.1654653473
956,0.6063517833,0.2765467664,0.5396150212,1.079230042,77.69925162,4.633249259,-0.2130431482
957,0.6126916324,0.2292549603,0.5681841247,1.136368249,77.55502394,4.641865629,-0.2155019295
958,0.633279819,0.2529898785,0.5805509887,1.161101977,75.41653324,4.773489108,-0.2517901061
959,0.5968119104,0.2524815267,0.5407749394,1.081549879,78.89095773,4.563260611,-0.1926768291
960,0.6024308063,0.2382742799,0.5533066455,1.106613291,78.46506592,4.588029026,-0.1999653718
961,0.6335349882,0.2662062059,0.5748920222,1.149784044,75.24905464,4.784113259,-0.2546179042
962,0.6394970526,0.3054614611,0.5618271763,1.123654353,74.20232143,4.851600234,-0.2722412611
963,0.6086529585,0.229914474,0.5635581234,1.127116247,77.93479937,4.619245868,-0.2090246543
964,0.5800670976,0.2759053932,0.5102490095,1.020498019,80.38082291,4.478680199,-0.1670987535
965,0.6190561331,0.2781998891,0.5530237948,1.10604759,76.45482724,4.708662788,-0.2342119207
966,0.6414996591,0.3080512258,0.5626955259,1.125391052,73.98386839,4.865925611,-0.2759079879
967,0.6014904796,0.2924152444,0.5256273603,1.051254721,77.99319481,4.615787324,-0.2080278668
968,0.6048610853,0.2762159966,0.5381093344,1.076218669,77.84948876,4.624307824,-0.2104804828
969,0.6564198203,0.2663872562,0.5999373386,1.199874677,73.22142681,4.916593622,-0.2886737696
970,0.563349402,0.2405411825,0.5094138674,1.018827735,82.46717339,4.365373338,-0.1310942017
971,0.6984752097,0.3290248771,0.6161251893,1.232250379,68.88990768,5.225729169,-0.3601611369
972,0.647505652,0.274166563,0.5865971915,1.173194383,73.904419,4.871156622,-0.2772405513
973,0.579796094,0.2220445108,0.5355928919,1.071185784,80.86084691,4.45209287,-0.1588327798
974,0.5999286568,0.3261111476,0.5035532868,1.007106574,77.68674682,4.633995047,-0.2132563826
975,0.6275870366,0.3213196607,0.5390910536,1.078182107,75.05787942,4.796298573,-0.257843148
976,0.633587665,0.2826718297,0.5670361241,1.134072248,75.04748229,4.796963056,-0.258018472
977,0.6214618008,0.2666085539,0.5613685499,1.1227371,76.36091495,4.714453726,-0.2358050939
978,0.5953053231,0.2521004069,0.5392901006,1.078580201,79.04494416,4.554370983,-0.1900389253
979,0.6341172909,0.3720521252,0.5134997125,1.026999425,73.50008267,4.897953675,-0.2840139613
980,0.6006171546,0.3161273463,0.5106901872,1.021380374,77.7650803,4.629327182,-0.2119204567
981,0.6080106416,0.2845797971,0.5372999902,1.07459998,77.44305294,4.648577069,-0.2174098609
982,0.5915000126,0.2452715747,0.5382509819,1.076501964,79.48833608,4.528966358,-0.1824356866
983,0.6080363981,0.3175342006,0.5185366842,1.037073368,77.0005628,4.675290503,-0.2249414834
984,0.6516860312,0.2865264081,0.5853181192,1.170636238,73.38168275,4.905856428,-0.285994725
985,0.5999414098,0.2438885924,0.5481314165,1.096262833,78.65957517,4.576683757,-0.1966379645
986,0.6581657938,0.2886085281,0.5915127468,1.183025494,72.79306758,4.945525886,-0.2958236305
987,0.6382369792,0.2735048889,0.5766641287,1.153328257,74.7380005,4.816826749,-0.2632332648
988,0.587817468,0.3058943164,0.501954224,1.003908448,79.22461926,4.544042034,-0.1869592212
989,0.5895026602,0.3061056966,0.5037982622,1.007596524,79.0454939,4.554339308,-0.1900295053
990,0.6431615183,0.321964874,0.5567722681,1.113544536,73.61991359,4.88998129,-0.2820080228
991,0.6111002536,0.3057574463,0.5291085938,1.058217188,76.86753375,4.683381689,-0.2272031677
992,0.6303995172,0.2402923359,0.5828062667,1.165612533,75.80638518,4.748940332,-0.2451993471
993,0.6552831486,0.2300198651,0.6135852561,1.227170512,73.70248442,4.884502915,-0.2806250903
994,0.6416149033,0.2600131789,0.5865686924,1.173137385,74.59076257,4.826334892,-0.2657115489
995,0.5877203644,0.2685992878,0.522751996,1.045503992,79.65596527,4.519435535,-0.179558328
996,0.6715212725,0.2920303785,0.604697509,1.209395018,71.61836666,5.026643539,-0.3153448504
997,0.6406434068,0.3089439584,0.5612286568,1.122457314,74.04772085,4.86172965,-0.2748366389
998,0.6411640542,0.3345060137,0.546989096,1.093978192,73.59000423,4.891968736,-0.2825088136
999,0.6548962013,0.2927416549,0.5858253648,1.17165073,73.01929966,4.930203408,-0.292049564
1000,0.5955870093,0.2845712089,0.5232046566,1.046409313,78.68133292,4.575418167,-0.1962656201
1001,0.6430773043,0.2459962371,0.594166871,1.188333742,74.61007526,4.825085603,-0.2653865806
1002,0.6120296353,0.2827869065,0.5427815767,1.085563153,77.07325345,4.670881063,-0.2237051252
1003,0.618592751,0.3035888119,0.5389720075,1.077944015,76.17265617,4.726105378,-0.2389968944
1004,0.5679411726,0.2383900225,0.5154875098,1.03097502,81.98799657,4.390886655,-0.1393805585
1005,0.5830433911,0.2641838436,0.5197561858,1.039512372,80.1826479,4.489749459,-0.1705079234
1006,0.6528515594,0.3205346866,0.5687465809,1.137493162,72.78541328,4.94604597,-0.2959512413
1007,0.6610493691,0.367857226,0.5492425053,1.098485011,71.199171,5.056238646,-0.322279392
1008,0.5726460233,0.2555717891,0.5124514891,1.024902978,81.353827,4.425114506,-0.1503321048
1009,0.6586236513,0.3269777028,0.5717260672,1.143452134,72.17965589,4.98755495,-0.3060333599
1010,0.6612091762,0.3171124722,0.5802044938,1.160408988,72.11818771,4.99180597,-0.3070545325
1011,0.606890983,0.2344545247,0.5597747236,1.119549447,78.06534774,4.611521122,-0.2067959459
1012,0.6109331995,0.2844404226,0.5406782964,1.081356593,77.15967082,4.665649765,-0.2222348279
1013,0.6193707776,0.3052797542,0.5389104117,1.077820823,76.07462497,4.732195527,-0.2406579278
1014,0.6500950571,0.2743344577,0.5893761011,1.178752202,73.67511096,4.886317717,-0.2810836178
1015,0.6204301416,0.2780040298,0.5546596434,1.109319287,76.32709829,4.716542461,-0.2363786212
1016,0.6353767119,0.3600635369,0.5235053156,1.047010631,73.63751873,4.888812201,-0.2817132132
1017,0.639060754,0.2655720987,0.5812659526,1.162531905,74.75666503,4.81562413,-0.2629189821
1018,0.5896564,0.2758504812,0.5211537029,1.042307406,79.38264403,4.534996338,-0.1842490918
1019,0.6213967163,0.2831024526,0.5531608087,1.106321617,76.17415991,4.726012081,-0.2389714096
1020,0.6380201259,0.3073793645,0.5590953473,1.118190695,74.30806691,4.844696074,-0.2704649019
1021,0.6493737759,0.2638159514,0.5933695684,1.186739137,73.86266198,4.873910449,-0.2779407066
1022,0.6165637967,0.229018856,0.5724519883,1.144903977,77.19114759,4.66374722,-0.2216991592
1023,0.6315476906,0.2266213707,0.5894872686,1.178974537,75.8283874,4.747562389,-0.2448270407
1024,0.6501621724,0.3096288113,0.5716999647,1.143399929,73.19040657,4.918677418,-0.2891920835
1025,0.6212015676,0.3004823897,0.5436926715,1.087385343,75.96690866,4.738905483,-0.2424822523
1026,0.6140970256,0.223905935,0.5718227777,1.143645555,77.46704567,4.647137333,-0.2170011061
1027,0.6459242512,0.2518706566,0.5947935026,1.189587005,74.29739097,4.845392217,-0.2706442829
1028,0.57906132,0.3246064947,0.4795233424,0.9590466849,79.91205683,4.504952247,-0.1751595519
1029,0.6101928554,0.2492121114,0.5569817271,1.113963454,77.61227151,4.638441744,-0.2145261404
1030,0.6441634042,0.3067493017,0.5664374257,1.132874851,73.76444827,4.880399819,-0.2795869095
1031,0.6432144254,0.3348753211,0.549166019,1.098332038,73.39891762,4.904704479,-0.2857064712
1032,0.6141778933,0.2556713906,0.5584322919,1.116864584,77.16665855,4.665227272,-0.2221159171
1033,0.6517924751,0.3624824837,0.5417009134,1.083401827,72.11256672,4.992195069,-0.3071478966
1034,0.6602007984,0.2978639268,0.589187725,1.17837545,72.49160469,4.966092302,-0.3008455404
1035,0.5658486652,0.2693182484,0.4976468557,0.9952937113,81.97233972,4.391725322,-0.1396511495
1036,0.6005758347,0.2717691585,0.53556779,1.07113558,78.32251081,4.596379716,-0.2024025551
1037,0.6043941532,0.2734462709,0.538998543,1.077997086,77.92632292,4.619748328,-0.2091693261
1038,0.611702571,0.2477895332,0.55926772,1.11853544,77.48111938,4.646293225,-0.2167613201
1039,0.6142127126,0.2005360652,0.580553652,1.161107304,77.63631917,4.637004998,-0.2141161822
1040,0.6570484628,0.3196048687,0.5740778783,1.148155757,72.43587536,4.969913019,-0.3017729978
1041,0.657566045,0.2869566622,0.5916493704,1.183298741,72.86656594,4.940537479,-0.2945980133
1042,0.6360895473,0.2569588139,0.5818780629,1.163756126,75.11985243,4.792341683,-0.2567979378
1043,0.6458663435,0.279128822,0.5824349186,1.164869837,73.98792861,4.865658585,-0.2758398736
1044,0.6656978341,0.3532050049,0.5642692893,1.128538579,71.10354031,5.063039033,-0.3238589588
1045,0.5935205055,0.2759968786,0.525444872,1.050889744,78.98629354,4.557752793,-0.1910438175
1046,0.6127364647,0.2440375746,0.5620423804,1.124084761,77.41800013,4.650081369,-0.2178366352
1047,0.6137742315,0.2903919528,0.5407322082,1.081464416,76.81092647,4.686833196,-0.2281652017
1048,0.6269887725,0.2915024761,0.5551046994,1.110209399,75.54305195,4.765494519,-0.2496524689
1049,0.6227427706,0.2161105855,0.5840417563,1.168083513,76.72351441,4.692172964,-0.2296503215
1050,0.5785801468,0.2559009146,0.5189120428,1.037824086,80.72367142,4.459658408,-0.1611960936
1051,0.6529215745,0.2992147822,0.5803249922,1.160649984,73.10087054,4.924701955,-0.290687656
1052,0.5914271429,0.3047894845,0.5068426142,1.013685228,78.86217817,4.564925904,-0.1931696909
1053,0.6750590854,0.3144341685,0.5973574495,1.194714899,70.99844762,5.0705334,-0.3255937723
1054,0.6522129771,0.2740578936,0.5918395378,1.183679076,73.49368922,4.898379764,-0.2841209512
1055,0.5620069256,0.1576745331,0.5394353771,1.078870754,83.04003241,4.335258424,-0.1211758244
1056,0.5860842355,0.3027409991,0.5018392358,1.003678472,79.44654932,4.531348474,-0.183152715
1057,0.5957785696,0.2419577102,0.5444341746,1.088868349,79.08877646,4.551846875,-0.1892877931
1058,0.6383556434,0.3764335795,0.5155537679,1.031107536,73.01246909,4.930664645,-0.2921635804
1059,0.6531984,0.2591502038,0.5995909619,1.199181924,73.58250729,4.892467153,-0.2826343273
1060,0.6390958868,0.3226930678,0.5516454808,1.103290962,73.97488181,4.866516731,-0.2760587417
1061,0.5917583292,0.297463974,0.5115594828,1.023118966,78.92006812,4.561577411,-0.1921782523
1062,0.628870026,0.2920198048,0.5569577571,1.113915514,75.36138743,4.776982116,-0.2527214561
1063,0.6446970883,0.3071635497,0.5668199797,1.133639959,73.71074907,4.883955251,-0.2804866381
1064,0.6104644625,0.3018264227,0.530629504,1.061259008,76.98345691,4.676329363,-0.2252323762
1065,0.6716365865,0.3310487232,0.5843821072,1.168764214,71.01079882,5.069651461,-0.3253899421
1066,0.6338149446,0.3080732876,0.55390634,1.10781268,74.68173997,4.820455444,-0.2641804387
1067,0.6090647333,0.2889578271,0.5361559694,1.072311939,77.28658831,4.657987988,-0.2200745497
1068,0.5901410424,0.2796362125,0.5196826325,1.039365265,79.29239991,4.5401577,-0.185796954
1069,0.6000287373,0.3215168804,0.5066175887,1.013235177,77.74600129,4.630463227,-0.2122458732
1070,0.5496609409,0.2791062828,0.4735259579,0.9470519158,83.71800383,4.300150309,-0.1094219772
1071,0.5611533171,0.2337346192,0.5101579884,1.020315977,82.75080106,4.350411058,-0.1261850997
1072,0.6398770421,0.2805174973,0.5751109134,1.150221827,74.50460185,4.831916299,-0.2671609789
1073,0.5869842839,0.333419049,0.4830965611,0.9661931221,78.92618132,4.561224096,-0.1920735445
1074,0.6548736957,0.2565483238,0.6025300945,1.205060189,73.46660973,4.900185286,-0.284574068
1075,0.6439187608,0.2843747351,0.5777217155,1.155443431,74.09422007,4.858678581,-0.2740562367
1076,0.5989644265,0.3124267356,0.5110263389,1.022052678,77.9853707,4.616250417,-0.208161434
1077,0.6238417446,0.2724193472,0.5612185151,1.12243703,76.07201097,4.732358136,-0.2407022095
1078,0.6269963412,0.2958590813,0.5528035962,1.105607192,75.48448833,4.769191763,-0.2506421012
1079,0.6755089717,0.2699587217,0.6192210101,1.23844202,71.57293215,5.029834452,-0.3160972726
1080,0.5795453729,0.2071015469,0.5412779217,1.082555843,80.98525075,4.445253879,-0.1566887136
1081,0.6443507549,0.2822125328,0.5792615831,1.158523166,74.08345183,4.859384803,-0.2742369775
1082,0.5611070281,0.2603190647,0.497066476,0.9941329519,82.56787354,4.360049309,-0.1293516187
1083,0.6580418471,0.2967405261,0.5873364732,1.174672946,72.69251882,4.952366569,-0.2974995359
1084,0.6507868625,0.2218283144,0.6118134841,1.223626968,74.16551629,4.854007873,-0.2728593127
1085,0.6624971419,0.2945761375,0.5934032038,1.186806408,72.34177883,4.976377493,-0.3033383202
1086,0.659515655,0.3048731554,0.5848189962,1.169637992,72.44938218,4.968986473,-0.301548241
1087,0.5928036896,0.2526572519,0.5362653518,1.072530704,79.29094039,4.540241271,-0.1858219838
1088,0.6274213266,0.2701856607,0.5662660416,1.132532083,75.76480353,4.751546671,-0.2459028644
1089,0.6190622573,0.3186644951,0.5307457188,1.061491438,75.907721,4.742600558,-0.2434843126
1090,0.6678325795,0.3261281896,0.5827870607,1.165574121,71.41140712,5.041211404,-0.31877061
1091,0.6066202076,0.3386218516,0.5033123463,1.006624693,76.80677303,4.687086644,-0.2282357802
1092,0.6223294767,0.2591582834,0.565801168,1.131602336,76.36056654,4.714475237,-0.2358110035
1093,0.5857258486,0.2757686516,0.5167459922,1.033491984,79.78952977,4.511870179,-0.1772645893
1094,0.666137423,0.2255986143,0.6267729506,1.253545901,72.82332494,4.943471069,-0.2953191346
1095,0.6190923064,0.2400790511,0.5706464169,1.141292834,76.85412773,4.684198633,-0.2274310215
1096,0.6174783473,0.2851141638,0.5477129019,1.095425804,76.52123992,4.704576146,-0.2330848839
1097,0.6177797219,0.2741574075,0.553614939,1.107229878,76.62330088,4.698309729,-0.2313522787
1098,0.6450706402,0.3260565783,0.5565997114,1.113199423,73.38236566,4.905810773,-0.2859833038
1099,0.6204863974,0.3186115075,0.5324378618,1.064875724,75.77210259,4.751088959,-0.2457793814
1100,0.587574196,0.2889151639,0.5116360658,1.023272132,79.45482748,4.530876366,-0.1830106761
1101,0.6422634914,0.344514386,0.5420444911,1.084088982,73.31151626,4.910551826,-0.287167995
1102,0.6166013273,0.2590809398,0.5595303955,1.119060791,76.90093302,4.681347623,-0.2266354469
1103,0.631669883,0.2620540756,0.574747338,1.149494676,75.46570633,4.770378726,-0.2509594317
1104,0.6455176888,0.3122314034,0.5649819797,1.129963959,73.5617575,4.893847187,-0.2829816952
1105,0.5841983621,0.2729689444,0.516503322,1.033006644,79.97695098,4.501296881,-0.1740443333
1106,0.6638332244,0.3269955664,0.5777096583,1.155419317,71.73439455,5.018513117,-0.3134224611
1107,0.5831165606,0.2579438056,0.5229626339,1.045925268,80.23260076,4.486954138,-0.1696487838
1108,0.6299119492,0.3393844072,0.5306668333,1.061333667,74.53789205,4.829758263,-0.2666010294
1109,0.6533872797,0.3427890848,0.5562468702,1.11249374,72.35667633,4.975352908,-0.3030905506
1110,0.6168194307,0.2932475152,0.5426528401,1.08530568,76.48135414,4.707029629,-0.2337617914
1111,0.6311647453,0.2651717806,0.5727589916,1.145517983,75.47718135,4.769653471,-0.2507655591
1112,0.5892214125,0.2656404821,0.5259439202,1.05188784,79.53118567,4.526526255,-0.1817003202
1113,0.6134978814,0.277802871,0.5469965405,1.093993081,76.99049847,4.675901665,-0.2251126339
1114,0.6374058302,0.3292048851,0.5458116305,1.091623261,74.02161101,4.863444541,-0.2752747644
1115,0.6046759342,0.2914712886,0.5297900276,1.059580055,77.68760364,4.633943939,-0.2132417723
1116,0.6099956391,0.2697613894,0.5471046266,1.094209253,77.41971983,4.649978078,-0.2178073414
1117,0.6375970383,0.2834535782,0.5711252509,1.142250502,74.67314193,4.821010482,-0.2643251685
1118,0.6045142486,0.2532372695,0.5489156238,1.097831248,78.12370706,4.608076262,-0.2057992937
1119,0.6964086799,0.3457068766,0.6045426411,1.209085282,68.7589515,5.235681932,-0.3622924234
1120,0.6518795495,0.2913763856,0.583135275,1.16627055,73.30018205,4.911311131,-0.2873574764
1121,0.6302011319,0.3023331725,0.5529449516,1.105889903,75.09746558,4.793770299,-0.2571755396
1122,0.6241082033,0.2886024157,0.5533712091,1.106742418,75.84996876,4.746211579,-0.2444618206
1123,0.6432990017,0.3058156623,0.5659597038,1.131919408,73.85536558,4.874391958,-0.278063033
1124,0.6028271459,0.2346115059,0.5552999272,1.110599854,78.45804436,4.58843963,-0.2000854445
1125,0.5781789671,0.2518679782,0.5204358169,1.040871634,80.80013852,4.455437906,-0.1598788012
1126,0.6175582451,0.2938642829,0.5431592486,1.086318497,76.40257761,4.711882913,-0.2350983864
1127,0.6102677125,0.2560259263,0.5539651667,1.107930333,77.53790489,4.642890474,-0.2157936832
1128,0.5873704351,0.2621478447,0.5256258513,1.051251703,79.75470875,4.513840068,-0.1778626732
1129,0.6309134876,0.2393182227,0.5837624664,1.167524933,75.76889849,4.751289872,-0.2458335877
1130,0.6516487691,0.194772115,0.6218600659,1.243720132,74.31288293,4.844382102,-0.2703839784
1131,0.6097663115,0.230716252,0.5644333138,1.128866628,77.82132185,4.625981562,-0.2109610497
1132,0.6435395824,0.2981459582,0.5703088476,1.140617695,73.94341073,4.868587971,-0.2765866297
1133,0.6586553153,0.2845804365,0.59400404,1.18800808,72.80423764,4.944767114,-0.2956373961
1134,0.6195155471,0.2480552272,0.5676866365,1.135373273,76.73785087,4.691296354,-0.2294067833
1135,0.6154847748,0.2847839439,0.5456368878,1.091273776,76.71607083,4.692628234,-0.2297767623
1136,0.616463911,0.2454190796,0.5655061705,1.131012341,77.05095624,4.672232735,-0.2240844055
1137,0.599075795,0.2608426477,0.5393078168,1.078615634,78.58486335,4.58103488,-0.1979163058
1138,0.6199562389,0.2432081305,0.5702591897,1.140518379,76.74357228,4.690946607,-0.2293095878
1139,0.6241913998,0.2886966949,0.5534158671,1.106831734,75.84095551,4.746775638,-0.2446143555
1140,0.6394811373,0.2877965759,0.5710597656,1.142119531,74.44716587,4.835644122,-0.2681268545
1141,0.6362279211,0.2481670075,0.5858319759,1.171663952,75.199773,4.787248493,-0.2554495884
1142,0.6491465752,0.2306868911,0.6067741214,1.213548243,74.22697405,4.849988897,-0.2718272181
1143,0.6091051481,0.2591488047,0.551226794,1.102453588,77.61844204,4.638072996,-0.2144209503
1144,0.5648683947,0.2674425362,0.4975447649,0.9950895299,82.09590311,4.38511529,-0.1375153712
1145,0.6086347545,0.2627385471,0.5490033882,1.098006776,77.62687744,4.637568995,-0.2142771468
1146,0.6460000622,0.2656916732,0.5888327565,1.177665513,74.13756826,4.855837714,-0.2733285559
1147,0.6623453707,0.3246627679,0.5773174839,1.154634968,71.89955615,5.006985012,-0.310683793
1148,0.6328926174,0.2991854015,0.5577106424,1.115421285,74.89318341,4.806846012,-0.2606193709
1149,0.5872750104,0.2917008495,0.5097083012,1.019416602,79.45402737,4.530921992,-0.1830244047
1150,0.5873302212,0.2374199337,0.5372043967,1.074408793,79.97588392,4.501356939,-0.1740626728
1151,0.6066402133,0.2386724584,0.5577166,1.1154332,78.05249559,4.612280456,-0.2070154043
1152,0.575092829,0.2679387532,0.5088620506,1.017724101,80.9850699,4.445263805,-0.156691831
1153,0.6133756338,0.2414333049,0.5638613548,1.12772271,77.38144684,4.652277965,-0.2184592452
1154,0.6187091458,0.2412077056,0.5697542012,1.139508402,76.87948662,4.682653538,-0.2270000017
1155,0.6009218888,0.3163359614,0.5109194418,1.021838884,77.73119228,4.631345402,-0.2124984433
1156,0.6658143709,0.2692157897,0.6089594691,1.217918938,72.38842135,4.973171031,-0.3025625107
1157,0.6066977709,0.2955614396,0.5298354657,1.059670931,77.43606008,4.648996858,-0.2175289883
1158,0.6013679619,0.296063988,0.5234401022,1.046880204,77.95991623,4.617757656,-0.2085959459
1159,0.5990438724,0.274420468,0.5324912843,1.064982569,78.4465939,4.589109382,-0.2002812476
1160,0.6286798974,0.238667499,0.5816151978,1.163230396,75.97909161,4.738145619,-0.2422759601
1161,0.630264139,0.3116789376,0.5478039109,1.095607822,74.95616684,4.802806963,-0.2595579344
1162,0.6543267925,0.2793557461,0.591695799,1.183391598,73.24437718,4.915053058,-0.2882902397
1163,0.6036342955,0.3352130094,0.5020025906,1.004005181,77.16503875,4.665325202,-0.2221434816
1164,0.6267922443,0.2552355062,0.5724712691,1.144942538,75.98724238,4.737637381,-0.242137938
1165,0.6324530662,0.3008078541,0.5563375916,1.112675183,74.91099449,4.805703121,-0.2603192393
1166,0.6524144485,0.32919824,0.5632700342,1.126540068,72.68094396,4.953155262,-0.2976924022
1167,0.6079427387,0.2930101917,0.5326719451,1.06534389,77.34591185,4.654415358,-0.2190644255
1168,0.6343776336,0.2729326177,0.5726628748,1.14532575,75.09428441,4.793973374,-0.2572291936
1169,0.6194799112,0.3515260431,0.5100831318,1.020166264,75.30656267,4.78045986,-0.253647152
1170,0.6716417909,0.3410591926,0.5786029057,1.157205811,70.83428683,5.082284528,-0.3283014561
1171,0.598857284,0.2750166918,0.5319735574,1.063947115,78.45876056,4.588397745,-0.2000731973
1172,0.6290320723,0.3259627257,0.5379866629,1.075973326,74.84825112,4.809731618,-0.2613764058
1173,0.6623621024,0.3208005145,0.5794916605,1.158983321,71.96107925,5.002704292,-0.3096629711
1174,0.6599714161,0.2995532285,0.5880732381,1.176146476,72.48728482,4.966388255,-0.3009174426
1175,0.6438437094,0.263487461,0.587459854,1.174919708,74.35359669,4.841729466,-0.2696997885
1176,0.6594814724,0.3040356416,0.5852163199,1.17043264,72.46458051,4.967944304,-0.3012953171
1177,0.6212797359,0.2478314974,0.5697087494,1.139417499,76.57480746,4.701285082,-0.2321756036
1178,0.5963436902,0.2501616645,0.5413362526,1.082672505,78.95914027,4.559320159,-0.1915089812
1179,0.6378093435,0.318595267,0.5525376137,1.105075227,74.15696165,4.854567825,-0.2730029508
1180,0.5718679791,0.3065965429,0.4827334103,0.9654668207,80.93337476,4.44810316,-0.1575828725
1181,0.6212178782,0.3246527432,0.5296340704,1.059268141,75.60763876,4.761423659,-0.248560752
1182,0.5735034111,0.267531799,0.5072799021,1.014559804,81.15863145,4.435757399,-0.1536993144
1183,0.5918894356,0.2825740982,0.520081708,1.040163416,79.0807578,4.552308425,-0.1894252131
1184,0.6050254143,0.2742010041,0.5393232438,1.078646488,77.85583857,4.623930672,-0.210372139
1185,0.615063551,0.3177741576,0.5266144287,1.053228857,76.30735214,4.717762967,-0.2367134758
1186,0.6456475787,0.2443894716,0.5976073812,1.195214762,74.39948263,4.838743325,-0.2689285178
1187,0.6054516864,0.3038339052,0.5236952383,1.047390477,77.45086095,4.648108434,-0.217276843
1188,0.6421133764,0.2598081653,0.5872046538,1.174409308,74.54863707,4.829062128,-0.2664202761
1189,0.6110394784,0.2913179382,0.5371248486,1.074249697,77.06440609,4.671417302,-0.2238556246
1190,0.584618691,0.2778922648,0.514349009,1.028698018,79.88277977,4.506603314,-0.1756626104
1191,0.564711207,0.3109852223,0.4713670956,0.9427341912,81.68408481,4.407223278,-0.1446310585
1192,0.6438464552,0.2787240992,0.5803887787,1.160777557,74.17214595,4.853574012,-0.2727479923
1193,0.5867494523,0.221693331,0.5432559128,1.086511826,80.1551159,4.491291615,-0.170981391
1194,0.6600316902,0.2885611164,0.5936112484,1.187222497,72.63381348,4.956369255,-0.298477589
1195,0.6069334813,0.2593600607,0.5487263522,1.097452704,77.82699449,4.625644384,-0.2108642706
1196,0.632791952,0.2961520491,0.5592133924,1.118426785,74.94410359,4.803580038,-0.2597612562
1197,0.6303773065,0.3296257484,0.537328963,1.074657926,74.66240978,4.821703466,-0.2645058133
1198,0.664982497,0.2759904851,0.6050049367,1.210009873,72.37566554,4.974047524,-0.3027746992
1199,0.6370213702,0.3024660801,0.560634013,1.121268026,74.46976429,4.834176708,-0.2677468588
1200,0.6354345197,0.3301474154,0.542936196,1.085872392,74.18616859,4.852656592,-0.2725125221
1201,0.5790273594,0.3154721861,0.4855409177,0.9710818353,80.03906286,4.497803786,-0.1729767195
1202,0.6235893626,0.3212619893,0.5344664885,1.068932977,75.43558402,4.772283594,-0.2514683059
1203,0.5635653537,0.3045184678,0.4742092477,0.9484184955,81.88627055,4.396341384,-0.1411384615
1204,0.5981739578,0.2513199313,0.5428170741,1.085634148,78.76634257,4.570480084,-0.194810563
1205,0.5676034287,0.2606219163,0.5042319595,1.008463919,81.85425088,4.398061141,-0.1416916938
1206,0.6122057761,0.276292443,0.5463134616,1.092626923,77.13254727,4.667290434,-0.2226963601
1207,0.6376971379,0.2656735242,0.5797199482,1.159439896,74.8781505,4.807811058,-0.2608726685
1208,0.5905051457,0.2467651604,0.5364730028,1.072946006,79.5757106,4.523993531,-0.1809360945
1209,0.6875607695,0.3040473224,0.6166806608,1.233361322,70.14071122,5.132539915,-0.3397113474
1210,0.6379823728,0.3169421489,0.5536868991,1.107373798,74.16705593,4.853907109,-0.2728334605
1211,0.604389868,0.288866454,0.530889145,1.06177829,77.74796138,4.630346489,-0.2122124425
1212,0.6016980323,0.2454014451,0.5493802443,1.098760489,78.47317855,4.587554712,-0.1998266374
1213,0.6404037812,0.293497021,0.5691893373,1.138378675,74.28833033,4.84598319,-0.2707965157
1214,0.613755216,0.268112548,0.5520970266,1.104194053,77.07551198,4.670744193,-0.2236667051
1215,0.5868881691,0.2606701561,0.5258220162,1.051644032,79.8182175,4.510248553,-0.1767718011
1216,0.6261093636,0.2631915975,0.5681048479,1.136209696,75.96501679,4.739023503,-0.2425142861
1217,0.5943810803,0.2795508882,0.5245380534,1.049076107,78.86018405,4.565041337,-0.1932038393
1218,0.6174224693,0.2685394685,0.5559649805,1.111929961,76.72089327,4.69233327,-0.229694846
1219,0.5666248712,0.2397005293,0.5134271135,1.026854227,82.11972548,4.383843199,-0.1371035307
1220,0.6105296979,0.2624984747,0.5512177998,1.1024356,77.44606833,4.648396074,-0.2173584909
1221,0.6278176908,0.2387763825,0.5806383488,1.161276698,76.05708823,4.733286645,-0.2409549947
1222,0.6537326468,0.2805575557,0.5904691621,1.180938324,73.28067223,4.91261869,-0.2876836088
1223,0.6609136395,0.2789988467,0.5991381163,1.198276233,72.68290718,4.953021473,-0.2976596907
1224,0.6317299391,0.3433135437,0.5303004117,1.060600823,74.29779783,4.845365684,-0.2706374469
1225,0.6044189701,0.2409881423,0.554298662,1.108597324,78.24722541,4.600802113,-0.2036891619
1226,0.5923242947,0.2605347357,0.531948984,1.063897968,79.26513761,4.541719233,-0.186264465
1227,0.6532935182,0.2745853178,0.5927860695,1.185572139,73.39332337,4.90507833,-0.2858000381
1228,0.6807473209,0.2656640758,0.6267691072,1.253538214,71.19612472,5.056454988,-0.3223297224
1229,0.6218658629,0.2782755697,0.5561293543,1.112258709,76.18846911,4.725124474,-0.2387288955
1230,0.6253843039,0.3206005296,0.5369551452,1.07391029,75.27624389,4.782385271,-0.2541589736
1231,0.5873075731,0.212816607,0.5473931651,1.09478633,80.161487,4.490934655,-0.1708718308
1232,0.6428053735,0.3108107684,0.5626681211,1.125336242,73.82549343,4.876364292,-0.2785638013
1233,0.6347735874,0.3138613032,0.5517504777,1.103500955,74.50737141,4.831736688,-0.2671143976
1234,0.6326722019,0.2775581852,0.568538098,1.137076196,75.1943603,4.787593093,-0.2555409224
1235,0.5900014109,0.2650123846,0.5271338549,1.05426771,79.45763833,4.530716084,-0.1829624457
1236,0.6353361891,0.2755261331,0.5724835571,1.144967114,74.97613825,4.801527638,-0.2592212981
1237,0.5917496293,0.333547761,0.4887878016,0.9775756032,78.41868457,4.590742652,-0.2007584638
1238,0.6383529958,0.2718676,0.5775660615,1.155132123,74.74704836,4.81624369,-0.263080916
1239,0.5983441306,0.3008562296,0.5172052085,1.034410417,78.20361954,4.603367492,-0.2044342135
1240,0.6027175211,0.2867118601,0.530155373,1.060310746,77.93999823,4.618937749,-0.2089359206
1241,0.6641987728,0.3263140695,0.5785145961,1.157029192,71.71476737,5.019886603,-0.3137477413
1242,0.6116793812,0.2535688259,0.5566457724,1.113291545,77.42680546,4.64955254,-0.2176866412
1243,0.5997397328,0.3072778309,0.5150418253,1.030083651,77.97741321,4.616721499,-0.2082972739
1244,0.627915701,0.2237330041,0.586704074,1.173408148,76.18436375,4.725379097,-0.2387984751
1245,0.5730611919,0.1956274991,0.5386362513,1.077272503,81.71868649,4.405357152,-0.1440334686
1246,0.5805875408,0.2628163012,0.5176963245,1.035392649,80.45164194,4.474737759,-0.1658799793
1247,0.5867474041,0.2443721179,0.5334367668,1.066873534,79.97779021,4.501249647,-0.1740299095
1248,0.6291201995,0.2789796745,0.5638816956,1.127763391,75.50357121,4.767986391,-0.2503196595
1249,0.6167246408,0.3071539728,0.5347950257,1.069590051,76.30199139,4.718094422,-0.2368043784
1250,0.5493345974,0.2141233001,0.5058850781,1.011770156,84.15711674,4.277713091,-0.1018008913
1251,0.6289259476,0.2709529608,0.5675670362,1.135134072,75.61691574,4.760839509,-0.2484039163
1252,0.5837041634,0.2882761007,0.5075504311,1.015100862,79.86695468,4.507496266,-0.1759345087
1253,0.6264269837,0.344103456,0.5234535103,1.046907021,74.78047201,4.814091037,-0.2625180678
1254,0.635457637,0.2630911844,0.5784370641,1.156874128,75.10960175,4.792995724,-0.2569708421
1255,0.6518674426,0.3298316038,0.5622653073,1.124530615,72.71811344,4.950623483,-0.297073022
1256,0.6336273356,0.2719283232,0.5723098702,1.14461974,75.17447327,4.788859627,-0.2558764771
1257,0.6336338453,0.273547482,0.5715449458,1.143089892,75.15473442,4.790117386,-0.2562095009
1258,0.6510539289,0.3360056439,0.5576481199,1.11529624,72.68284595,4.953025646,-0.297660711
1259,0.6749202314,0.3623946616,0.5693745938,1.138749188,70.15281335,5.131654495,-0.3395126793
1260,0.6208022019,0.2937612671,0.5469000749,1.09380015,76.09493698,4.730932363,-0.2403138203
1261,0.563023804,0.2406456548,0.5090043935,1.018008787,82.50175883,4.363543337,-0.1304957574
1262,0.5836460004,0.2782268364,0.5130618688,1.026123738,79.98093874,4.501072451,-0.1739757956
1263,0.6497618397,0.2521975277,0.5988212215,1.197642443,73.95746314,4.867662907,-0.2763509284
1264,0.6480096751,0.2455091204,0.5997014347,1.199402869,74.18070589,4.853013943,-0.2726042543
1265,0.6031909988,0.2807984193,0.5338460721,1.067692144,77.96232989,4.617614693,-0.2085547461
1266,0.603741658,0.31353339,0.5159465117,1.031893023,77.48715056,4.645931582,-0.2166585576
1267,0.6174686057,0.2782283732,0.5512317583,1.102463517,76.60535572,4.69941033,-0.2316569724
1268,0.6527730938,0.2515005425,0.6023787754,1.204757551,73.70308168,4.884463333,-0.280615085
1269,0.535594159,0.2699557877,0.4625851011,0.9251702022,85.44401144,4.213285331,-0.07943323056
1270,0.6155916868,0.3182331003,0.5269542852,1.05390857,76.24915554,4.721363764,-0.2377002085
1271,0.5555813425,0.2591119329,0.4914586802,0.9829173604,83.19221483,4.327327993,-0.1185388883
1272,0.6359574134,0.2763602186,0.5727712119,1.145542424,74.90967006,4.805788087,-0.2603415579
1273,0.6119708418,0.2953244242,0.535996078,1.071992156,76.92250204,4.680034976,-0.2262687758
1274,0.5669446016,0.2610596971,0.5032633662,1.006526732,81.92218523,4.394414028,-0.1405178789
1275,0.6572922092,0.2595573404,0.6038733603,1.207746721,73.22496509,4.916356049,-0.2886146435
1276,0.6120775735,0.3201926013,0.5216470589,1.043294118,76.56205879,4.702067913,-0.2323920239
1277,0.6233558555,0.3242534091,0.5323835547,1.064767109,75.41038178,4.773878497,-0.2518940088
1278,0.6166885002,0.1847008616,0.5883793827,1.176758765,77.51261099,4.644405542,-0.2162247228
1279,0.5984575731,0.2624828154,0.5378236128,1.075647226,78.62997686,4.578406536,-0.1971444405
1280,0.5993058524,0.3062728547,0.515135364,1.030270728,78.03489825,4.613320554,-0.207315873
1281,0.6204809991,0.2805011132,0.5534580343,1.106916069,76.29236423,4.718689788,-0.2369676216
1282,0.6354877718,0.3308371385,0.542578562,1.085157124,74.16965167,4.853737235,-0.2727898748
1283,0.6110611973,0.2870044534,0.5394666167,1.078933233,77.11600228,4.668291786,-0.2229778639
1284,0.6192404873,0.2895049889,0.5473989793,1.094797959,76.29829141,4.71832322,-0.2368671181
1285,0.5619241243,0.2291950482,0.5130578441,1.026115688,82.6962099,4.353282943,-0.1271302219
1286,0.6018074782,0.2812937992,0.5320207132,1.064041426,78.09403058,4.609827375,-0.2063061312
1287,0.6271066065,0.3049757615,0.5479529915,1.095905983,75.34795515,4.777833709,-0.2529482766
1288,0.5578502923,0.2756207692,0.4850052991,0.9700105982,82.80854308,4.347377536,-0.125185303
1289,0.6056399567,0.3105700896,0.5199480519,1.039896104,77.33939465,4.654807574,-0.2191754077
1290,0.6167338304,0.264838314,0.5569751207,1.113950241,76.82698446,4.685853577,-0.2278923205
1291,0.6302799361,0.2852067993,0.5620586085,1.124117217,75.31912606,4.779662469,-0.2534350442
1292,0.602071832,0.3350329341,0.5002433647,1.000486729,77.3266228,4.655576398,-0.2193928932
1293,0.6132555717,0.2357563291,0.5661283861,1.132256772,77.44456808,4.648486123,-0.2173840492
1294,0.620394776,0.3350484273,0.5221419629,1.044283926,75.51495739,4.767267472,-0.250127255
1295,0.5640647493,0.2776227429,0.4910139041,0.9820278082,82.09596655,4.385111902,-0.1375142746
1296,0.6024525038,0.2367978195,0.553963728,1.107927456,78.47578594,4.587402288,-0.1997820476
1297,0.5646342065,0.2786540558,0.4910842131,0.9821684262,82.02352428,4.388984784,-0.1387665089
1298,0.6287084809,0.2691734411,0.5681725201,1.13634504,75.65749275,4.758286151,-0.2477178491
1299,0.6546863807,0.2847038027,0.5895405006,1.179081001,73.14466151,4.921753585,-0.2899562783
1300,0.6614529131,0.2788720006,0.5997919335,1.199583867,72.63858034,4.956043996,-0.298398183
1301,0.6245283437,0.3045044707,0.5452638622,1.090527724,75.59648198,4.762126366,-0.2487493586
1302,0.6271102979,0.2947421868,0.5535290138,1.107058028,75.48884419,4.768916571,-0.2505685031
1303,0.6112809636,0.270874526,0.5479885104,1.095977021,77.28309834,4.658198335,-0.2201339674
1304,0.610132348,0.314805226,0.522646297,1.045292594,76.83368187,4.685445123,-0.227778503
1305,0.5533006859,0.2820520275,0.4760129229,0.9520258457,83.2735273,4.323102571,-0.117129605
1306,0.559058385,0.2650732664,0.4922219432,0.9844438863,82.75827769,4.350018029,-0.1260556499
1307,0.6197611202,0.2762249197,0.5548005406,1.109601081,76.41136956,4.711340761,-0.2349492362
1308,0.6439301438,0.2742105921,0.582627309,1.165254618,74.22011309,4.850437233,-0.2719424536
1309,0.6514165434,0.1949415571,0.6215635948,1.24312719,74.33162553,4.843160599,-0.2700690281
1310,0.6476606143,0.2695587196,0.5888992852,1.17779857,73.94606327,4.868413328,-0.2765421399
1311,0.5823804076,0.2765259491,0.5125430115,1.025086023,80.13104382,4.49264084,-0.1713953263
1312,0.6282892263,0.2867264549,0.5590485596,1.118097119,75.48390448,4.769228652,-0.2506519661
1313,0.6466275381,0.310253783,0.5673356706,1.134671341,73.49306558,4.89842133,-0.2841313871
1314,0.5846777557,0.2854009743,0.5102885085,1.020577017,79.79644537,4.511479156,-0.1771457994
1315,0.5763999776,0.2518048048,0.518489416,1.036978832,80.98746553,4.445132313,-0.1566505357
1316,0.6500209218,0.3062568035,0.5733532673,1.146706535,73.25298249,4.914475667,-0.288146422
1317,0.6319916071,0.2966682806,0.5580334423,1.116066885,75.0106549,4.799318183,-0.258639414
1318,0.6126930395,0.2620666082,0.5538175273,1.107635055,77.24245672,4.660649276,-0.2208258419
1319,0.640021495,0.3247720549,0.551498528,1.102997056,73.85727134,4.874266182,-0.2780310827
1320,0.5875563337,0.2837448697,0.5145010148,1.02900203,79.51450095,4.527476066,-0.1819866683
1321,0.6649355899,0.2691353987,0.6080341075,1.216068215,72.46341578,4.968024155,-0.3013147008
1322,0.6255848764,0.2919699901,0.5532720511,1.106544102,75.66799698,4.757625606,-0.2475402257
1323,0.5961222654,0.3134117374,0.5070846459,1.014169292,78.26213098,4.599925858,-0.2034344577
1324,0.582142676,0.28191689,0.5093259883,1.018651977,80.10016591,4.494372713,-0.1719262477
1325,0.6439547167,0.2747062404,0.5824209463,1.164841893,74.21191772,4.850972877,-0.2720800965
1326,0.6126852786,0.3242228241,0.5198680707,1.039736141,76.44020399,4.70956357,-0.2344600379
1327,0.6554911462,0.2905443234,0.5875820274,1.175164055,72.99761109,4.931668237,-0.2924115769
1328,0.6246047597,0.2321674461,0.5798528976,1.159705795,76.41400982,4.711177974,-0.2349044445
1329,0.6114937757,0.3450799324,0.5048212336,1.009642467,76.20763752,4.723935969,-0.2384040033
1330,0.6349333753,0.326974898,0.544268139,1.088536278,74.28502357,4.846198906,-0.2708520728
1331,0.6113093668,0.3126975794,0.5252802736,1.050560547,76.74875406,4.690629892,-0.2292215577
1332,0.5758214517,0.2260394015,0.5296003523,1.059200705,81.24397048,4.43109806,-0.1522273956
1333,0.6556081672,0.2853781743,0.590238398,1.180476796,73.056115,4.927718919,-0.2914349679
1334,0.6062569449,0.2809739867,0.5372160665,1.074432133,77.65770979,4.635727746,-0.2137514888
1335,0.5935094651,0.3100543635,0.5060827767,1.012165553,78.5772321,4.58147978,-0.1980468598
1336,0.6448999766,0.2816758666,0.5801333346,1.160266669,74.04149308,4.862138579,-0.2749411466
1337,0.6319085212,0.3287407011,0.5396646464,1.079329293,74.53489316,4.829952587,-0.2666514751
1338,0.6137649149,0.301538433,0.5345857688,1.069171538,76.66583292,4.69570324,-0.2306300302
1339,0.6019095447,0.3042751883,0.5193377608,1.038675522,77.79891423,4.627313936,-0.2113433187
1340,0.6451792143,0.3184842395,0.5610917998,1.1221836,73.49500062,4.89829236,-0.2840990061
1341,0.632455395,0.2371755848,0.5862998965,1.172599793,75.64918828,4.758808497,-0.2478582694
1342,0.6108499978,0.2933154088,0.5358206703,1.071641341,77.0574968,4.671836161,-0.2239731526
1343,0.6505461656,0.3184067287,0.5672983948,1.13459679,73.02126569,4.930070667,-0.2920167461
1344,0.7181863819,0.330020368,0.6378700776,1.275740155,67.37917987,5.342896733,-0.3846307732
1345,0.7151666726,0.3190675197,0.6400463167,1.280092633,67.77964384,5.311329178,-0.3781697082
1346,0.5745122579,0.2640571065,0.5102334554,1.020466911,81.0820357,4.439947726,-0.1550201398
1347,0.6412750634,0.2729675401,0.5802778894,1.160555779,74.47172708,4.834049298,-0.2677138524
1348,0.6591322484,0.3143494777,0.5793442213,1.158688443,72.33923235,4.976552672,-0.3033806704
1349,0.6055064473,0.2583340591,0.5476326978,1.095265396,77.97646466,4.616777659,-0.2083134661
1350,0.6717482408,0.2820335953,0.6096742984,1.219348597,71.7326032,5.018638442,-0.3134521505
1351,0.5996001649,0.3172680998,0.5087841493,1.017568299,77.85193765,4.624162364,-0.2104386989
1352,0.6367433214,0.2665707275,0.5782578184,1.156515637,74.95394016,4.802949641,-0.2595954651
1353,0.6437721465,0.31677262,0.5604441844,1.120888369,73.64753458,4.888147337,-0.2815454794
1354,0.6211609978,0.2463219843,0.5702336935,1.140467387,76.60074571,4.699693151,-0.2317352427
1355,0.6276103494,0.284154961,0.5595987034,1.119197407,75.57942459,4.763201122,-0.2490376978
1356,0.6434395073,0.271404077,0.5833988572,1.166797714,74.29741723,4.845390505,-0.2706438417
1357,0.6227259664,0.3054274108,0.5426801323,1.085360265,75.75352764,4.752253938,-0.2460936181
1358,0.5600513059,0.2329586989,0.5093011976,1.018602395,82.87555792,4.34386216,-0.1240247891
1359,0.5581905209,0.2865440734,0.4790293849,0.9580587698,82.67510352,4.354394306,-0.1274956
1360,0.6375029787,0.2633037257,0.5805869409,1.161173882,74.92247815,4.804966532,-0.2601257166
1361,0.6507658203,0.3441274348,0.5523336505,1.104667301,72.56172637,4.961293205,-0.2996781589
1362,0.6410827851,0.2473492755,0.5914435504,1.182887101,74.77334653,4.814549792,-0.2626380671
1363,0.6573229659,0.3541930424,0.5537334831,1.107466966,71.79858294,5.014026534,-0.3123584135
1364,0.6322087989,0.2832491134,0.5652060732,1.130412146,75.16645379,4.789370548,-0.2560117812
1365,0.635931449,0.293111489,0.5643531366,1.128706273,74.69818078,4.819394479,-0.2639036759
1366,0.6055677707,0.2929502763,0.5299928872,1.059985774,77.58083817,4.640321096,-0.2150619506
1367,0.6548373272,0.3158185655,0.5736467195,1.147293439,72.68717521,4.952730643,-0.2975885754
1368,0.6601623189,0.3235031387,0.5754650351,1.15093007,72.10503592,4.992716465,-0.3072729778
1369,0.5702221003,0.2433650972,0.5156807861,1.031361572,81.708317,4.40591623,-0.1442125609
1370,0.5521793456,0.2295433789,0.5022069961,1.004413992,83.76111391,4.297937112,-0.1086740515
1371,0.6327729177,0.2828519793,0.5660356201,1.13207124,75.11974616,4.792348462,-0.2567997304
1372,0.5625594585,0.2923552026,0.4806262372,0.9612524743,82.12564564,4.383527182,-0.1370011794
1373,0.6062594693,0.2709426308,0.5423473379,1.084694676,77.77064391,4.628996005,-0.2118255579
1374,0.6281227203,0.268505647,0.5678405316,1.135681063,75.7191956,4.754408669,-0.246674353
1375,0.6230201865,0.2478557322,0.571595739,1.143191478,76.41225522,4.711286154,-0.2349342112
1376,0.6142206493,0.3150512296,0.5272662788,1.054532558,76.42999326,4.710192748,-0.2346332777
1377,0.5988568309,0.1983757553,0.5650456297,1.130091259,79.11771131,4.550182179,-0.1887918903
1378,0.6558016913,0.2549895327,0.6041988055,1.208397611,73.40379966,4.90437827,-0.2856248141
1379,0.6040955287,0.2536186536,0.5482782016,1.096556403,78.160942,4.605881029,-0.205163289
1380,0.5998597803,0.2708431952,0.5352342662,1.070468532,78.40370415,4.591619795,-0.2010145916
1381,0.5640932667,0.2355988906,0.512537195,1.02507439,82.42041337,4.367849969,-0.1319032311
1382,0.6310298576,0.2554929215,0.5769939759,1.153987952,75.59517372,4.76220878,-0.2487714743
1383,0.5962858098,0.2722174312,0.5305227961,1.061045592,78.74696424,4.571604804,-0.1951422877
1384,0.5946215306,0.2228666522,0.5512759926,1.102551985,79.3592097,4.536335497,-0.1846510803
1385,0.571595291,0.2428768077,0.5174282878,1.034856576,81.56597359,4.413605137,-0.1466705049
1386,0.598387954,0.3445468152,0.4892398549,0.9784797097,77.54395682,4.642528119,-0.2156905445
1387,0.6081070115,0.268783274,0.5454811536,1.090962307,77.61379465,4.638350716,-0.2145001753
1388,0.6395885022,0.3055742962,0.5618699153,1.123739831,74.19241962,4.852247734,-0.2724075486
1389,0.6081577933,0.229080833,0.5633630033,1.126726007,77.98935519,4.616014572,-0.2080934143
1390,0.6447428522,0.3184001361,0.5606377608,1.121275522,73.53525083,4.895611233,-0.2834253838
1391,0.6430126704,0.2971482729,0.5702352131,1.140470426,74.00436577,4.86457787,-0.2755641097
1392,0.6135109847,0.35341761,0.5014895027,1.002979005,75.8537678,4.745973871,-0.244397526
1393,0.5945725145,0.2541056204,0.5375377278,1.075075456,79.09968916,4.551218896,-0.1891007703
1394,0.5717067323,0.254210371,0.5120797546,1.024159509,81.46522674,4.419063377,-0.1484096254
1395,0.58630142,0.2641798317,0.5234103282,1.046820656,79.84528565,4.508719545,-0.176306793
1396,0.6216649805,0.2991929527,0.5449320371,1.089864074,75.94056917,4.740549142,-0.2429282178
1397,0.5828020863,0.2378754997,0.5320465378,1.064093076,80.43462222,4.4756846,-0.1661729068
1398,0.605848966,0.2422203242,0.5553217844,1.110643569,78.09720284,4.609640127,-0.2062519557
1399,0.5629544906,0.3113720154,0.4690045058,0.9380090117,81.87982102,4.396687676,-0.1412498992
1400,0.6176930218,0.3176375997,0.5297650653,1.059530131,76.05505854,4.733412963,-0.2409893757
1401,0.602401299,0.2872046312,0.5295288706,1.059057741,77.96558376,4.617421978,-0.2084992038
1402,0.5512912978,0.2805504498,0.4745666867,0.9491333735,83.51763402,4.310466936,-0.1128974151
1403,0.6099157273,0.2691060676,0.5473382124,1.094676425,77.43463936,4.649082155,-0.2175531908
1404,0.593788408,0.2792029817,0.5240518757,1.048103751,78.92423923,4.561336334,-0.1921068092
1405,0.6332022981,0.2350044184,0.5879779534,1.175955907,75.60200474,4.761778491,-0.248655997
1406,0.5782692701,0.2940978219,0.497897399,0.995794798,80.3796056,4.478748027,-0.1671197008
1407,0.6111611722,0.3056196947,0.5292585197,1.058517039,76.86348046,4.68362866,-0.2272720602
1408,0.6024699755,0.3226281763,0.5088036273,1.017607255,77.48164482,4.646261716,-0.2167523674
1409,0.648169018,0.276081878,0.586431473,1.172862946,73.82261861,4.876554189,-0.2786119899
1410,0.659193398,0.325963612,0.5729604347,1.145920869,72.14757486,4.989772708,-0.306566367
1411,0.5806049557,0.2686656147,0.5147046747,1.029409349,80.39498559,4.477891218,-0.1668550384
1412,0.5794073175,0.247052136,0.5240973971,1.048194794,80.71186097,4.460310984,-0.1613995257
1413,0.6328699131,0.2776441767,0.5687161313,1.137432263,75.17523153,4.788811324,-0.2558636835
1414,0.5678546681,0.2510560475,0.5093425027,1.018685005,81.90344542,4.395419487,-0.1408416978
1415,0.6689265801,0.3179728421,0.5885202131,1.177040426,71.45215122,5.038336759,-0.3180965085
1416,0.591600585,0.2923193671,0.5143351435,1.028670287,78.99842981,4.557052601,-0.1908358968
1417,0.6261522714,0.274774347,0.5626417379,1.125283476,75.82905803,4.747520401,-0.2448156921
1418,0.6008494318,0.2772993178,0.5330338902,1.06606778,78.23466644,4.601540677,-0.2039037571
1419,0.6255760258,0.2487091072,0.5740114494,1.148022899,76.16662103,4.726479856,-0.2390991736
1420,0.6327659989,0.2590656941,0.5773021526,1.154604305,75.39843282,4.774635049,-0.2520958273
1421,0.6170229411,0.2934104756,0.5427960967,1.085592193,76.45973615,4.70836048,-0.2341286263
1422,0.6229149978,0.2858832565,0.5534382152,1.10687643,75.99654486,4.737057463,-0.2419804075
1423,0.6270583089,0.3273350289,0.5348400711,1.069680142,75.01077947,4.799310213,-0.2586373138
1424,0.5979169199,0.32552543,0.5015354798,1.00307096,77.90166534,4.621210579,-0.2095901429
1425,0.6273729269,0.3517097317,0.5195161731,1.039032346,74.54894296,4.829042314,-0.2664151303
1426,0.6376307278,0.3476864051,0.5344970615,1.068994123,73.67284057,4.8864683,-0.2811216456
1427,0.6268104533,0.3107783609,0.5443419465,1.088683893,75.29154018,4.781413677,-0.2539007605
1428,0.6419761955,0.2781787777,0.5785758405,1.157151681,74.34561438,4.842249311,-0.2698339412
1429,0.5993707897,0.3185443816,0.5077152947,1.015430589,77.85678395,4.623874526,-0.2103560082
1430,0.6344334723,0.2652092035,0.5763418336,1.152683667,75.17865239,4.788593418,-0.2558059652
1431,0.6409992741,0.307062908,0.5626654778,1.125330956,74.04344825,4.862010191,-0.2749083375
1432,0.5923237521,0.1755905347,0.5656990291,1.131398058,79.89204044,4.506080932,-0.1755034921
1433,0.6353948933,0.3206137007,0.5485740838,1.097148168,74.34555802,4.842252982,-0.2698348883
1434,0.5602315155,0.2878223449,0.4806429535,0.9612859069,82.43187243,4.367242784,-0.1317049777
1435,0.6066888851,0.3082731263,0.5225314181,1.045062836,77.26725245,4.659153634,-0.2204037377
1436,0.6435754302,0.2172474667,0.6057993666,1.211598733,74.83547558,4.810552712,-0.2615916234
1437,0.6737811058,0.3321762866,0.586208063,1.172416126,70.81379713,5.083755067,-0.3286392263
1438,0.7137569258,0.3434271136,0.6257050158,1.251410032,67.47863084,5.335022295,-0.3830279779
1439,0.603340088,0.2980027057,0.524608091,1.049216182,77.73793522,4.630943682,-0.2123834431
1440,0.6210284063,0.2820564615,0.5532815142,1.106563028,76.22175114,4.723061261,-0.2381647697
1441,0.6599363442,0.3526369123,0.5578200306,1.115640061,71.60425861,5.027633928,-0.3155785091
1442,0.6107410411,0.2718490021,0.5469028609,1.093805722,77.32445527,4.655706901,-0.2194298019
1443,0.5877082301,0.2740275764,0.5199133112,1.039826622,79.60223726,4.522485955,-0.180480739
1444,0.6228811099,0.3290459207,0.5288758447,1.057751689,75.37778048,4.775943225,-0.2524446206
1445,0.5825917295,0.2006746902,0.5469394774,1.093878955,80.71547231,4.460111422,-0.161337322
1446,0.599958982,0.2991330299,0.5200675057,1.040135011,78.06251912,4.611688222,-0.2068442473
1447,0.6109287129,0.2674808531,0.5492612179,1.098522436,77.35436024,4.653907018,-0.2189205523
1448,0.6046682788,0.3120453349,0.5179299531,1.035859906,77.41552404,4.650230099,-0.217878813
1449,0.6048603872,0.2178520955,0.5642663843,1.128532769,78.39719062,4.592001284,-0.2011259523
1450,0.6135459697,0.2418092083,0.5638855946,1.127771189,77.36175174,4.653462362,-0.2187946739
1451,0.6305680729,0.3401348766,0.5309654982,1.061930996,74.46329946,4.834596407,-0.2678555701
1452,0.6269393597,0.3275934877,0.5345422972,1.069084594,75.01772423,4.798865917,-0.2585202273
1453,0.6647767482,0.2326910973,0.622722232,1.245444464,72.87027066,4.940286303,-0.2945362227
1454,0.5860054043,0.2958354714,0.5058494912,1.011698982,79.53847689,4.526111312,-0.1815751813
1455,0.6245905528,0.3069311135,0.5439730234,1.087946047,75.55605366,4.764674471,-0.2494327253
1456,0.6190573277,0.2602989145,0.5616729031,1.123345806,76.65574819,4.696321,-0.2308012932
1457,0.6242746523,0.2937275842,0.5508565583,1.101713117,75.76767731,4.75136645,-0.2458542471
1458,0.6236523767,0.2754472093,0.5595275881,1.119055176,76.0543488,4.733457135,-0.2410013979
1459,0.6540930541,0.3041005346,0.5791032623,1.158206525,72.92871982,4.93632688,-0.2935611919
1460,0.601047445,0.2876801077,0.5277292741,1.055458548,78.09500716,4.609769729,-0.2062894534
1461,0.6433114459,0.3047087737,0.5665705425,1.133141085,73.87037202,4.873401746,-0.2778114406
1462,0.5894883248,0.2909442304,0.5126869804,1.025373961,79.23276151,4.543575071,-0.1868196159
1463,0.5794207598,0.2938456209,0.499382787,0.998765574,80.25905385,4.485475255,-0.1691937647
1464,0.634422737,0.2953284813,0.5614920278,1.122984056,74.80587269,4.812456389,-0.2620902651
1465,0.5669774894,0.1991437763,0.5308533035,1.061706607,82.33293582,4.372490747,-0.133416508
1466,0.6095551145,0.2720068026,0.5454995298,1.09099906,77.43763421,4.648902355,-0.2175021724
1467,0.6048919554,0.2446025235,0.553230407,1.106460814,78.16840486,4.605441299,-0.2050358066
1468,0.6021345509,0.3261147225,0.5061770492,1.012354098,77.46232288,4.647420664,-0.2170815694
1469,0.6272681047,0.2624207701,0.5697373207,1.139474641,75.86621957,4.745194924,-0.2441867863
1470,0.6073927494,0.3024869815,0.5267139433,1.053427887,77.27662288,4.658588672,-0.2202442116
1471,0.6244889794,0.2960463705,0.5498572832,1.099714566,75.71667177,4.754567146,-0.2467170407
1472,0.6296769916,0.2812436237,0.5633783257,1.126756651,75.4243788,4.772992575,-0.2516575845
1473,0.6085669737,0.2975942896,0.5308402775,1.061680555,77.22568125,4.661661693,-0.2211113916
1474,0.6561008754,0.3357986669,0.563655581,1.127311162,72.24623962,4.982958309,-0.3049268051
1475,0.626512196,0.3150008548,0.5415643944,1.083128789,75.25637919,4.78364763,-0.2544942777
1476,0.6129157591,0.2892753442,0.5403568293,1.080713659,76.90797126,4.680919209,-0.2265158012
1477,0.6359883603,0.3152593872,0.552351983,1.104703966,74.37481518,4.840348162,-0.2693431604
1478,0.6131492457,0.2993750745,0.5350949096,1.070189819,76.75467987,4.690267754,-0.2291208853
1479,0.6051847974,0.2563232738,0.5482216873,1.096443375,78.02794908,4.613731416,-0.2074345223
1480,0.6004775864,0.2899126346,0.5258554897,1.051710979,78.12522806,4.607986548,-0.2057733154
1481,0.5681539785,0.2558173616,0.5073030858,1.014606172,81.83369937,4.399165659,-0.1420467574
1482,0.6388032217,0.2929840747,0.5676529645,1.135305929,74.43952158,4.8361407,-0.2682553848
1483,0.6740443747,0.2381256551,0.630580678,1.261161356,72.04539965,4.996849233,-0.3082633056
1484,0.6232151334,0.2867430872,0.5533312791,1.106662558,75.95749197,4.73949298,-0.2426416963
1485,0.6228659738,0.1454046185,0.6056562707,1.211312541,77.16759304,4.665170777,-0.2221000145
1486,0.579404534,0.2823631113,0.5059453403,1.011890681,80.38509758,4.478442035,-0.1670251951
1487,0.6180209436,0.2744987699,0.5537150098,1.10743002,76.59643934,4.699957375,-0.2318083564
1488,0.6277233345,0.2781219857,0.5627474973,1.125494995,75.64322187,4.759183852,-0.2479591523
1489,0.5894058734,0.3352108776,0.4848019711,0.9696039422,78.64020155,4.577811258,-0.196969485
1490,0.5954947432,0.2888736944,0.5207359964,1.041471993,78.64069126,4.577782751,-0.1969611054
1491,0.6581452829,0.222130199,0.6195267452,1.23905349,73.53035535,4.895937172,-0.2835073215
1492,0.627439201,0.2483441348,0.5761988733,1.152397747,75.99836764,4.736943847,-0.2419495393
1493,0.6444629597,0.3326975105,0.5519464403,1.103892881,73.32470343,4.909668681,-0.286947522
1494,0.5915401634,0.2955326723,0.5124258039,1.024851608,78.96614289,4.558915844,-0.1913890232
1495,0.6319763234,0.2857561678,0.5636820788,1.127364158,75.15603276,4.790034636,-0.2561875969
1496,0.591121438,0.2015266185,0.5557081756,1.111416351,79.85624999,4.508100494,-0.1761184235
1497,0.6276812875,0.2615365448,0.5705983127,1.141196625,75.83773311,4.746977332,-0.2446688879
1498,0.635424466,0.297122985,0.5616780072,1.123356014,74.68988954,4.819929474,-0.2640432525
1499,0.6165509321,0.2600982252,0.5590026522,1.118005304,76.89503549,4.681706663,-0.2267356987
1500,0.5932027354,0.3167928921,0.5015294097,1.003058819,78.51621767,4.585040017,-0.1990905571
1501,0.6422854715,0.2876244165,0.5742846175,1.148569235,74.19774056,4.851899765,-0.2723181915
1502,0.6560620989,0.2929301908,0.587034395,1.17406879,72.91586203,4.937197339,-0.2937757077
1503,0.6400763391,0.3002365128,0.5652926288,1.130585258,74.22477448,4.850132621,-0.2718641621
1504,0.5861952713,0.2973341839,0.5051903395,1.010380679,79.50072356,4.528260673,-0.1822231084
1505,0.6462529384,0.235905788,0.6016571446,1.203314289,74.43029138,4.836740436,-0.2684105741
1506,0.6679534762,0.2113645623,0.6336299142,1.267259828,72.79829823,4.945170543,-0.2957364231
1507,0.6673305923,0.2811669083,0.6052068151,1.21041363,72.11254766,4.992196389,-0.3071482132
1508,0.637418058,0.2268717269,0.595676926,1.191353852,75.29740244,4.781041421,-0.2538017963
1509,0.6536018341,0.2969328843,0.5822595811,1.164519162,73.07375501,4.926529367,-0.2911404426
1510,0.6543491164,0.3608126766,0.5458818357,1.091763671,71.92360811,5.005310627,-0.3102847535
1511,0.6104357735,0.3322166188,0.5121171269,1.024234254,76.53349678,4.703822707,-0.2328768483
1512,0.6472579196,0.2683229049,0.5890209106,1.178041821,73.99606446,4.865123606,-0.2757033824
1513,0.6103328122,0.2925331846,0.535658919,1.071317838,77.11790155,4.668176814,-0.2229455497
1514,0.6576397888,0.2614721657,0.6034255533,1.206851107,73.17344768,4.919817385,-0.2894754121
1515,0.6712514426,0.3050957048,0.597908948,1.195817896,71.45511572,5.03812773,-0.3180474553
1516,0.6208727818,0.3151620272,0.534935424,1.069870848,75.78756489,4.750119634,-0.2455177824
1517,0.6231082667,0.2545970488,0.5687215969,1.137443194,76.33571021,4.716010358,-0.2362325717
1518,0.58095566,0.2802974868,0.5088642233,1.017728447,80.24227747,4.48641304,-0.1694823392
1519,0.6495146708,0.2747599439,0.5885374082,1.177074816,73.72072586,4.883294295,-0.2803194958
1520,0.6513457663,0.2770097316,0.5895056538,1.179011308,73.53290736,4.895767255,-0.2834646077
1521,0.6168276747,0.2979185168,0.5401119676,1.080223935,76.4190883,4.71086489,-0.2348182876
1522,0.5858496285,0.2964606517,0.5053027501,1.0106055,79.54742397,4.525602239,-0.1814216188
1523,0.6498879848,0.3131423179,0.5694701762,1.138940352,73.16116932,4.920643059,-0.2896805282
1524,0.5642953269,0.2696032317,0.4957250382,0.9914500763,82.14063588,4.382727211,-0.1367420126
1525,0.6093197755,0.3007628683,0.5299172444,1.059834489,77.10993079,4.668659358,-0.2230811622
1526,0.5772215778,0.3017944536,0.4920415202,0.9840830405,80.40428423,4.477373357,-0.1666950194
1527,0.5913021758,0.2829069948,0.5192320247,1.038464049,79.13725206,4.549058637,-0.1884569619
1528,0.6245604053,0.272994772,0.5617379766,1.123475953,75.99820506,4.736953981,-0.2419522926
1529,0.6429839324,0.3025816076,0.567338266,1.134676532,73.93034334,4.869448507,-0.2768057942
1530,0.6315642665,0.245431194,0.5819252115,1.163850423,75.64985162,4.758766769,-0.2478470533
1531,0.6642821928,0.3378448978,0.5719542436,1.143908487,71.50922397,5.034315575,-0.3171519829
1532,0.6234872199,0.3200861729,0.535052479,1.070104958,75.46363808,4.770509469,-0.2509943742
1533,0.6097693354,0.2390959611,0.5609382888,1.121876578,77.74736622,4.630381935,-0.2122225935
1534,0.631891992,0.3120513056,0.5494647143,1.098929429,74.79988048,4.812841915,-0.2621911916
1535,0.5849474412,0.2372185724,0.5346876264,1.069375253,80.22009186,4.487653799,-0.1698639366
1536,0.5999870101,0.2024569871,0.5647969376,1.129593875,78.98054786,4.558084361,-0.1911422507
1537,0.6369864673,0.3078609575,0.5576498816,1.115299763,74.39493748,4.839038948,-0.2690049224
1538,0.6222595035,0.3261028067,0.5299658943,1.059931789,75.48496394,4.769161714,-0.2506340651
1539,0.5749653418,0.2698255882,0.5077197024,1.015439405,80.98125929,4.445472979,-0.1567575168
1540,0.6208878986,0.2513049155,0.5677566574,1.135513315,76.57679019,4.701163356,-0.2321419439
1541,0.6012420826,0.3045267052,0.5184163652,1.03683273,77.86268418,4.623524141,-0.210255333
1542,0.5779342057,0.2562993528,0.5179947759,1.035989552,80.78802575,4.456105922,-0.1600874859
1543,0.6376687672,0.2547854838,0.5845560828,1.169112166,75.00090295,4.799942212,-0.2588038226
1544,0.6264121311,0.3105609147,0.544007423,1.088014846,75.33208112,4.778840497,-0.2532163111
1545,0.6412254081,0.3548658346,0.5340788925,1.068157785,73.20765929,4.917518242,-0.2889038201
1546,0.6492496373,0.2387821177,0.6037451381,1.207490276,74.14005536,4.85567482,-0.2732868004
1547,0.6320989495,0.3016522908,0.5554772519,1.110954504,74.93175092,4.80437192,-0.2599694442
1548,0.677698136,0.2571694467,0.6270076868,1.254015374,71.54266778,5.0319622,-0.3165983582
1549,0.6610965046,0.3487977882,0.561594775,1.12318955,71.57879513,5.029422462,-0.3160001895
1550,0.6653993203,0.3343997714,0.5752678058,1.150535612,71.4754307,5.036695778,-0.3177112829
1551,0.6303932095,0.2983372509,0.5553291667,1.110658333,75.13527743,4.791357832,-0.2565377396
1552,0.6561920445,0.309208852,0.5787727404,1.157545481,72.67109452,4.953826585,-0.297856509
1553,0.6689110346,0.3408961149,0.5755274199,1.15105484,71.06481916,5.065797736,-0.3244982738
1554,0.611501497,0.3150240892,0.5241124918,1.048224984,76.69594796,4.693859448,-0.2301185611
1555,0.6409638356,0.3276663292,0.5508805817,1.101761163,73.72435111,4.883054168,-0.2802587596
1556,0.6728279952,0.2641121636,0.6188232996,1.237646599,71.86362916,5.009488168,-0.3112797457
1557,0.6033266418,0.2807025015,0.5340497564,1.068099513,77.94999346,4.618345481,-0.208765318
1558,0.6230740748,0.3312768284,0.5277091677,1.055418335,75.32241212,4.779453948,-0.2533795636
1559,0.6221501331,0.269232912,0.5608782641,1.121756528,76.26689226,4.720265758,-0.2373995056
1560,0.638422541,0.3294950279,0.5468238908,1.093647782,73.92411218,4.869858959,-0.2769102974
1561,0.6711388795,0.2821227471,0.6089615351,1.21792307,71.78208345,5.015179035,-0.3126319621
1562,0.5858445387,0.2683271796,0.5207824384,1.041564877,79.85219805,4.508329248,-0.1761880374
1563,0.6176189927,0.2927386592,0.5438357266,1.087671453,76.41139557,4.711339157,-0.2349487948
1564,0.6342834795,0.3002252815,0.5587309842,1.117461968,74.75114711,4.815979606,-0.2630118985
1565,0.6216542895,0.2725095969,0.5587419576,1.117483915,76.27605134,4.719698958,-0.2372442164
1566,0.6697185933,0.3024205228,0.5975490118,1.195098024,71.62202637,5.02638669,-0.3152842348
1567,0.6312435214,0.3268808109,0.5400160357,1.080032071,74.62730248,4.823971764,-0.2650966784
1568,0.6162514264,0.2910296742,0.5432012052,1.08640241,76.56436805,4.701926094,-0.2323528229
1569,0.642638884,0.2743864199,0.5811168796,1.162233759,74.33288733,4.843078386,-0.2700478239
1570,0.6104897618,0.2910812181,0.5366278727,1.073255745,77.12094485,4.667992602,-0.2228937707
1571,0.5531147275,0.2344287196,0.5009781204,1.001956241,83.62911912,4.304720698,-0.1109638606
1572,0.6245976875,0.2775026574,0.5595663914,1.119132783,75.94152868,4.740489246,-0.2429119728
1573,0.6010397212,0.3336983895,0.4998941201,0.9997882402,77.45359079,4.647944612,-0.2172303363
1574,0.7320678437,0.3112015717,0.6626287871,1.325257574,66.65987471,5.400550204,-0.3961886104
1575,0.6256242391,0.2528530006,0.5722508617,1.144501723,76.12001073,4.729374005,-0.239889002
1576,0.6030530145,0.2565552666,0.5457584938,1.091516988,78.23440238,4.601556209,-0.203908269
1577,0.6607465725,0.3304408318,0.5721843145,1.144368629,71.9391487,5.004229359,-0.3100268948
1578,0.58494153,0.2188114209,0.5424741059,1.084948212,80.35852505,4.479922943,-0.1674824403
1579,0.6868783989,0.3027054295,0.6165803742,1.233160748,70.21486286,5.127119606,-0.3384938389
1580,0.6517223552,0.3153913763,0.5703247392,1.140649478,72.9654381,4.933842781,-0.2929485127
1581,0.5970944135,0.3018619292,0.5151709564,1.030341913,78.31760131,4.59666785,-0.2024864678
1582,0.6451073729,0.3134311268,0.5638478973,1.127695795,73.57998403,4.89263493,-0.2826765708
1583,0.583628413,0.2418634104,0.5311536644,1.062307329,80.31777998,4.4821956,-0.1681834888
1584,0.6002886392,0.2519542007,0.5448536786,1.089707357,78.55103191,4.583007903,-0.1984950612
1585,0.6283984371,0.2973731959,0.553582675,1.10716535,75.333423,4.778755374,-0.2531936542
1586,0.5826626386,0.2932559172,0.5034845752,1.00696915,79.92079399,4.504459754,-0.1750094152
1587,0.6233470156,0.324693368,0.5321049884,1.064209977,75.40418132,4.774271051,-0.2519987362
1588,0.5942044197,0.2538376189,0.5372572527,1.074514505,79.13913745,4.548950262,-0.1884246452
1589,0.6076292843,0.3144451192,0.5199400101,1.03988002,77.08626476,4.67009267,-0.2234837844
1590,0.6038448825,0.241719807,0.5533535732,1.106707146,78.2965622,4.597903022,-0.2028460492
1591,0.554767411,0.2917440051,0.4718604834,0.9437209669,83.02037272,4.336285037,-0.1215164151
1592,0.5943047248,0.2828434278,0.5226831749,1.04536635,78.83122102,4.566718558,-0.1936997906
1593,0.6528086491,0.3059517932,0.5766737662,1.153347532,73.0134242,4.930600146,-0.2921476379
1594,0.6415836142,0.2443883994,0.5932148382,1.186429676,74.75893616,4.815477834,-0.2628807378
1595,0.6280182824,0.3000805379,0.5516870796,1.103374159,75.33162624,4.778869353,-0.2532239915
1596,0.6376827193,0.2637845547,0.5805660678,1.161132136,74.90087365,4.806352483,-0.2604897871
1597,0.5901150473,0.302669061,0.5065838613,1.013167723,79.02552184,4.555490323,-0.1903717203
1598,0.6003543872,0.2613589183,0.5404784048,1.08095681,78.45279342,4.588746739,-0.2001752366
1599,0.6125843128,0.2343277866,0.5659947249,1.13198945,77.52108139,4.643898067,-0.2160803813
1600,0.6537224414,0.3057406379,0.5778197753,1.155639551,72.93692477,4.935771575,-0.293424295
1601,0.5863107127,0.2344758163,0.5373837952,1.07476759,80.10292139,4.49421811,-0.1718788715
1602,0.6216988728,0.3238683378,0.5306776688,1.061355338,75.57421241,4.763529629,-0.2491258003
1603,0.6268581499,0.2858330238,0.5578983981,1.115796796,75.6282163,4.760128132,-0.2482128615
1604,0.6752549552,0.3423973196,0.5820080154,1.164016031,70.51142452,5.105555624,-0.3336188942
1605,0.5774510087,0.2989438662,0.4940467916,0.9880935833,80.41263857,4.476908188,-0.166551247
1606,0.6551424642,0.2442990416,0.6078894856,1.215778971,73.57397772,4.893034347,-0.2827771237
1607,0.6162679105,0.2575021431,0.5598917608,1.119783522,76.94900985,4.678422772,-0.2258181018
1608,0.6091373692,0.3006568675,0.5297676685,1.059535337,77.1292556,4.667489621,-0.2227523676
1609,0.5698376638,0.2415682968,0.5161004951,1.03220099,81.76261833,4.402990111,-0.1432746661
1610,0.610214349,0.306579827,0.5276081514,1.055216303,76.94293568,4.678792105,-0.2259213765
1611,0.6386323993,0.2710815877,0.578243992,1.156487984,74.73119266,4.817265551,-0.2633478918
1612,0.5824024522,0.2545498385,0.5238291669,1.047658334,80.3368962,4.481129058,-0.167854591
1613,0.6475972267,0.3001163897,0.5738574045,1.147714809,73.5552858,4.894277768,-0.2830900291
1614,0.5721753394,0.2780666637,0.5000635455,1.000127091,81.20327945,4.433318487,-0.1529292726
1615,0.6668476878,0.2624779145,0.6130180936,1.226036187,72.38089126,4.97368841,-0.3026877729
1616,0.6109687496,0.2557406261,0.5548689441,1.109737888,77.47329777,4.646762308,-0.2168945851
1617,0.6706926615,0.2730834631,0.6125798466,1.225159693,71.9332427,5.004640226,-0.3101248934
1618,0.5905036226,0.2473472425,0.5362031983,1.072406397,79.57076633,4.524274637,-0.1810209632
1619,0.5872123092,0.3060241189,0.5011661748,1.00233235,79.2865377,4.540493385,-0.1858974863
1620,0.635123813,0.3292610735,0.5431108573,1.086221715,74.22956293,4.849819746,-0.2717837348
1621,0.5760463496,0.241395045,0.5230275606,1.046055121,81.1079696,4.438528073,-0.1545729637
1622,0.6316252703,0.3030856645,0.5541566224,1.108313245,74.9551849,4.802869881,-0.259574485
1623,0.6614377952,0.3147740201,0.5817364294,1.163472859,72.13530623,4.990621359,-0.3067701775
1624,0.6293459253,0.2835831014,0.5618335326,1.123667065,75.42582437,4.772901098,-0.2516331664
1625,0.593020207,0.2886388921,0.5180352844,1.036070569,78.89590143,4.562974673,-0.1925921614
1626,0.6329464992,0.3229192661,0.5443752552,1.08875051,74.53395331,4.830013491,-0.2666672846
1627,0.6098921886,0.3054957467,0.5278644054,1.055728811,76.98955309,4.675959082,-0.2251287103
1628,0.5864304956,0.2750908985,0.5179051301,1.03581026,79.72341093,4.515612112,-0.178400187
1629,0.6514658132,0.2978352373,0.5793978574,1.158795715,73.24739373,4.914850641,-0.2882398259
1630,0.6180374496,0.3003866904,0.5401278787,1.080255757,76.26983478,4.720083648,-0.2373496167
1631,0.5630459796,0.251136935,0.5039355267,1.007871053,82.42441849,4.367637729,-0.1318339391
1632,0.6199761024,0.3219582682,0.529823783,1.059647566,75.76907305,4.751278926,-0.2458306346
1633,0.6377131739,0.2572597128,0.5835199502,1.1670399,74.97028572,4.801902467,-0.259319951
1634,0.6003342133,0.2666646271,0.537857922,1.075715844,78.40053234,4.591805556,-0.2010688197
1635,0.6415516974,0.285650787,0.5744494829,1.148898966,74.28908258,4.84593412,-0.2707838771
1636,0.6447586613,0.3357958053,0.5504133978,1.100826796,73.2444544,4.915047875,-0.2882889491
1637,0.5458190926,0.2628700857,0.4783490356,0.9566980713,84.2794953,4.271501612,-0.0996758485
1638,0.6478442693,0.2902874091,0.5791678663,1.158335733,73.66886773,4.886731819,-0.2811881879
1639,0.6158377023,0.341819103,0.5122653379,1.024530676,75.83858279,4.746924148,-0.244654509
1640,0.661907406,0.2934835523,0.5932864559,1.186572912,72.40703169,4.971892806,-0.302252907
1641,0.5892220142,0.3141909807,0.4984642511,0.9969285022,78.96777835,4.558821427,-0.1913610067
1642,0.6194929084,0.2861336816,0.5494533463,1.098906693,76.3168152,4.717177978,-0.236553005
1643,0.6303187736,0.2521664428,0.577679705,1.15535941,75.69505985,4.755924637,-0.2470825622
1644,0.7027227751,0.3099372554,0.6306807405,1.261361481,68.86364641,5.22772201,-0.3605886852
1645,0.6449421237,0.2998505659,0.5709991077,1.141998215,73.79446976,4.878414347,-0.2790837932
1646,0.6268832563,0.2599118716,0.570463352,1.140926704,75.92909046,4.741265802,-0.2431225528
1647,0.5815532979,0.3143135017,0.4892967004,0.9785934007,79.78118754,4.512341958,-0.1774078809
1648,0.6387269557,0.3074052067,0.5598876341,1.119775268,74.24360346,4.848902575,-0.2715478973
1649,0.6517824855,0.3030811843,0.5770287723,1.154057545,73.14494759,4.921734335,-0.2899514999
1650,0.6431403528,0.3145976741,0.5609436842,1.121887368,73.73782426,4.882161952,-0.2800330248
1651,0.6336188913,0.2913309823,0.5626714478,1.125342896,74.93298991,4.804292481,-0.2599485633
1652,0.555901844,0.237593283,0.5025696888,1.005139378,83.3012943,4.321661543,-0.1166483016
1653,0.6229083994,0.3320106441,0.5270519958,1.054103992,75.32590128,4.77923256,-0.2533206531
1654,0.6168855872,0.3026869683,0.5375206293,1.075041259,76.34886586,4.715197743,-0.2360094547
1655,0.6482585386,0.304089433,0.5725109166,1.145021833,73.43987731,4.901968974,-0.2850213151
1656,0.6209674964,0.2616657585,0.5631444418,1.126288884,76.46137193,4.708259751,-0.2341008699
1657,0.6135370145,0.3106804867,0.5290607748,1.05812155,76.56028366,4.702176936,-0.2324221574
1658,0.6396827645,0.2580493745,0.5853243199,1.17064864,74.78496534,4.81380179,-0.2624423941
1659,0.6481667666,0.298239837,0.5754764608,1.150952922,73.53146771,4.895863107,-0.2834887035
1660,0.5909764351,0.2528718989,0.534143192,1.068286384,79.47349981,4.529811835,-0.1826902767
1661,0.6047736147,0.2958598255,0.5274638269,1.054927654,77.62272695,4.637816966,-0.2143479034
1662,0.625961799,0.2806531956,0.5595193988,1.119038798,75.77613507,4.750836126,-0.2457111595
1663,0.6249298181,0.3100668395,0.5425825582,1.085165116,75.47863394,4.769561679,-0.2507410168
1664,0.6055681613,0.2660771222,0.5439813995,1.087962799,77.89060607,4.62186672,-0.2097788725
1665,0.6699034828,0.3412441203,0.5764747407,1.152949481,70.97561243,5.072164758,-0.3259705787
1666,0.5947870944,0.2158255869,0.5542481427,1.108496285,79.39530911,4.534272919,-0.1840318244
1667,0.5967934821,0.2700588982,0.5321941861,1.064388372,78.71868059,4.573247383,-0.1956264163
1668,0.6087601221,0.3317195938,0.5104419627,1.020883925,76.70791807,4.693126982,-0.2299152452
1669,0.6308367492,0.2164511047,0.5925402293,1.185080459,75.98014385,4.738080001,-0.2422581421
1670,0.627929455,0.2245038151,0.5864242811,1.172848562,76.17643351,4.725871026,-0.2389328775
1671,0.6091482967,0.2531854559,0.5540386018,1.108077204,77.67416744,4.634745526,-0.2134708785
1672,0.6334612746,0.250976593,0.5816218154,1.163243631,75.42103053,4.773204469,-0.2517141417
1673,0.601223041,0.2906936341,0.5262759316,1.052551863,78.04107371,4.612955498,-0.2072104314
1674,0.6033811357,0.2858366032,0.5313814366,1.062762873,77.88448787,4.62222979,-0.2098832781
1675,0.6430478928,0.2903281549,0.5737770952,1.14755419,74.09391466,4.858698608,-0.274061363
1676,0.6452654714,0.2607297284,0.5902436254,1.180487251,74.25884755,4.847907177,-0.2712918254
1677,0.5963167852,0.2708690661,0.5312472657,1.062494531,78.75808655,4.570959196,-0.1949518951
1678,0.6796470557,0.2737780714,0.6220656621,1.244131324,71.18748001,5.057069023,-0.3224725446
1679,0.6487868621,0.28166405,0.5844568037,1.168913607,73.69844102,4.884770899,-0.2806928245
1680,0.7118441593,0.3063181939,0.642566161,1.285132322,68.22198973,5.276890947,-0.3710114617
1681,0.6251664408,0.3315615542,0.5300000137,1.060000027,75.11908481,4.792390654,-0.256810886
1682,0.6582772841,0.2976373602,0.5871464762,1.174292952,72.65969312,4.954603915,-0.2980464629
1683,0.6672772101,0.3964412343,0.5367431628,1.073486326,70.00939448,5.142167029,-0.3418660623
1684,0.5697420461,0.2696621762,0.5018847575,1.003769515,81.54480388,4.414750945,-0.1470359801
1685,0.6224589597,0.2847755437,0.5534962025,1.106992405,76.05331648,4.733521385,-0.2410188841
1686,0.6018549223,0.2342528928,0.5543960045,1.108792009,78.55596221,4.582720266,-0.1984107227
1687,0.5947051426,0.2880522486,0.5202884861,1.040576972,78.73068017,4.572550361,-0.1954210265
1688,0.6290907914,0.3301786764,0.5354785387,1.070957077,74.77320673,4.814558793,-0.2626404213
1689,0.6132442445,0.2399256769,0.5643617394,1.128723479,77.40786046,4.650690483,-0.2180093524
1690,0.6058163298,0.2961655898,0.5284878134,1.056975627,77.51544983,4.64423545,-0.2161763475
1691,0.5618152797,0.2778385185,0.4883054026,0.9766108052,82.34437631,4.371883256,-0.1332186161
1692,0.6441209667,0.2716090077,0.5840551058,1.168110212,74.23443992,4.849501127,-0.2717018184
1693,0.6558862649,0.2529828647,0.6051334256,1.210266851,73.41837681,4.90340451,-0.2853809843
1694,0.6095268528,0.2765642103,0.5431714479,1.086342896,77.38897143,4.65182562,-0.2183310866
1695,0.5825626405,0.208780874,0.5438655871,1.087731174,80.6673949,4.462769629,-0.1621653813
1696,0.6548810715,0.2777022283,0.5930857359,1.186171472,73.21717069,4.916879424,-0.2887448896
1697,0.5916259277,0.2537061963,0.534466467,1.068932934,79.40014938,4.533996508,-0.183948788
1698,0.5830871031,0.2487658502,0.527357679,1.054715358,80.31608102,4.482290413,-0.1682127188
1699,0.6444577381,0.3283466958,0.5545396501,1.1090793,73.39902014,4.904697629,-0.2857047565
1700,0.6344541643,0.2545556103,0.581148456,1.162296912,75.29348391,4.781290243,-0.2538679476
1701,0.6188644327,0.2765353094,0.5536437561,1.107287512,76.49265373,4.706334301,-0.2335700359
1702,0.584977519,0.32385943,0.4871486091,0.9742972181,79.28285198,4.540704465,-0.1859606927
1703,0.5826697029,0.3059901091,0.4958568704,0.9917137407,79.76807647,4.513083628,-0.1776330777
1704,0.6319261976,0.3095115253,0.5509385944,1.101877189,74.83448183,4.810616593,-0.2616083635
1705,0.6572339681,0.269534466,0.5994227727,1.198845545,73.11418373,4.923805227,-0.2904653228
1706,0.6096753078,0.3198452483,0.519040459,1.038080918,76.80375212,4.687271,-0.228287113
1707,0.6564308175,0.3516061924,0.5543234648,1.10864693,71.92609737,5.0051374,-0.3102434517
1708,0.6248859853,0.3328310152,0.5288723947,1.057744789,75.12424061,4.792061751,-0.2567239173
1709,0.6146223733,0.2895974359,0.5421199008,1.084239802,76.73914872,4.691217012,-0.2293847356
1710,0.6145828033,0.3028610018,0.5347777443,1.069555489,76.56857541,4.701667728,-0.2322813997
1711,0.6276152893,0.2438054626,0.5783250364,1.156650073,76.0272088,4.735146873,-0.2414610912
1712,0.6604881012,0.3323198361,0.5707959866,1.141591973,71.9290578,5.004931401,-0.3101943316
1713,0.5881139662,0.3121477518,0.4984393827,0.9968787655,79.11177821,4.550523426,-0.1888935791
1714,0.6523485114,0.2825263334,0.5879944314,1.175988863,73.37585628,4.906245981,-0.2860921671
1715,0.5629869628,0.1943082201,0.5283925018,1.056785004,82.77835347,4.348963043,-0.1257080488
1716,0.5736116145,0.301399298,0.4880458456,0.9760916912,80.80181827,4.455345284,-0.159849861
1717,0.6519273264,0.3004507239,0.5785659871,1.157131974,73.17006659,4.920044723,-0.2895318961
1718,0.575148904,0.2813453785,0.5016383555,1.003276711,80.85024946,4.452676428,-0.1590153896
1719,0.6149097128,0.2865933901,0.5440387704,1.088077541,76.74901921,4.690613687,-0.2292170532
1720,0.5777991881,0.2667535551,0.5125372598,1.02507452,80.70863279,4.460489387,-0.161455129
1721,0.6233402323,0.2601058588,0.5664785852,1.13295717,76.25604874,4.720936974,-0.2375833459
1722,0.6037934985,0.303479589,0.5219834555,1.043966911,77.62082909,4.637930362,-0.2143802572
1723,0.620079176,0.2427565134,0.5705851906,1.141170381,76.73637598,4.691386522,-0.2294318384
1724,0.5634704801,0.2740106105,0.4923587791,0.9847175581,82.19380687,4.379892034,-0.1358226621
1725,0.6061748286,0.2564396665,0.5492600662,1.098520132,77.93024507,4.619515821,-0.2091023854
1726,0.638721832,0.3190341636,0.5533378544,1.106675709,74.06714097,4.860454924,-0.2745107307
1727,0.7009987704,0.346291606,0.6094927396,1.218985479,68.39317156,5.263683373,-0.3682353596
1728,0.6968198505,0.3806299537,0.5836769161,1.167353832,68.02218724,5.292390831,-0.3742475224
1729,0.6075400491,0.28809614,0.5348883299,1.06977666,77.44661074,4.648363518,-0.2173492503
1730,0.6385946569,0.3235683129,0.5505512535,1.101102507,74.00624076,4.864454623,-0.2755326518
1731,0.6091476976,0.3075257109,0.525822075,1.05164415,77.03462693,4.673223125,-0.2243621488
1732,0.6574830695,0.3534139198,0.5544209484,1.108841897,71.80003229,5.013925322,-0.3123343831
1733,0.6422544484,0.2713462475,0.5821185364,1.164237073,74.40361946,4.838474292,-0.2688589757
1734,0.6393619244,0.3523701455,0.5334969081,1.066993816,73.42551585,4.90292776,-0.2852615639
1735,0.575067511,0.2575702307,0.5141597208,1.028319442,81.07962024,4.440079997,-0.1550617878
1736,0.6009921661,0.219648736,0.5594157814,1.118831563,78.75819078,4.570953147,-0.1949501108
1737,0.6599628454,0.254229483,0.6090306455,1.218061291,73.05580155,4.927740061,-0.2914402011
1738,0.6835997559,0.2642114594,0.630476749,1.260953498,70.98228474,5.071687976,-0.3258604834
1739,0.6420551137,0.2834681161,0.5760907881,1.152181576,74.27207972,4.847043483,-0.2710695343
1740,0.5926736967,0.2801375392,0.5222883016,1.044576603,79.02753414,4.555374325,-0.1903372412
1741,0.6484252706,0.2667733285,0.5910053492,1.182010698,73.91159842,4.870683461,-0.2771201564
1742,0.5829166432,0.3250237271,0.4838919195,0.967783839,79.4876663,4.529004521,-0.1824471803
1743,0.6564390894,0.2919375201,0.5879496258,1.175899252,72.89685254,4.938484824,-0.2940928298
1744,0.6380444433,0.322331189,0.5506390072,1.101278014,74.07622443,4.859858919,-0.2743582811
1745,0.5367267046,0.2528019781,0.4734624751,0.9469249502,85.40220403,4.215347884,-0.08016058066
1746,0.5997484677,0.30266654,0.5177752312,1.035550462,78.03793989,4.613140743,-0.2072639394
1747,0.5898768313,0.2952561924,0.5106647207,1.021329441,79.14153309,4.548812563,-0.1883835821
1748,0.652842753,0.3476477071,0.5525800683,1.105160137,72.31384694,4.978299665,-0.3038028179
1749,0.6475439007,0.297914476,0.5749435349,1.14988707,73.59101106,4.891901807,-0.2824919569
1750,0.6337043372,0.293124994,0.5618353183,1.123670637,74.90129436,4.806325486,-0.2604826978
1751,0.642246948,0.2627069102,0.5860599129,1.172119826,74.50432641,4.831934162,-0.2671656114
1752,0.6349458192,0.2498569043,0.5837188713,1.167437743,75.29812526,4.780995526,-0.2537895938
1753,0.6295786985,0.2704590455,0.5685254984,1.137050997,75.56249018,4.764268609,-0.249323936
1754,0.5510525468,0.2361180388,0.4979027828,0.9958055656,83.84898233,4.293433146,-0.1071494137
1755,0.6433453624,0.2706614799,0.5836399734,1.167279947,74.31460741,4.844269687,-0.2703550014
1756,0.6526134044,0.2652364377,0.5962833955,1.192566791,73.56388297,4.89370579,-0.282946115
1757,0.6511703312,0.2842434308,0.5858570409,1.171714082,73.45649019,4.900860347,-0.2847433803
1758,0.6074585479,0.2899998109,0.5337658635,1.067531727,77.431177,4.64929004,-0.2176121725
1759,0.621444533,0.2614134679,0.5637874656,1.127574931,76.41932162,4.710850507,-0.2348143293
1760,0.6078778828,0.3638174384,0.4869829483,0.9739658966,76.21098162,4.723728685,-0.2383473204
1761,0.6386065987,0.2543451411,0.5857703792,1.171540758,74.9213909,4.805036261,-0.2601440393
1762,0.7032870642,0.2730667853,0.648110504,1.296221008,69.32227151,5.193136234,-0.3531111995
1763,0.6332660767,0.2495429992,0.5820259577,1.164051915,75.45352597,4.771148801,-0.2511652102
1764,0.6406382157,0.2974210383,0.5674134731,1.134826946,74.21351084,4.850868742,-0.2720533401
1765,0.6626237243,0.3085827587,0.5863845846,1.172769169,72.12892522,4.991062863,-0.3068761754
1766,0.6516196812,0.2664147001,0.5946691656,1.189338331,73.63657764,4.888874681,-0.2817289731
1767,0.5951431688,0.2906541997,0.5193414364,1.038682873,78.65537231,4.576928307,-0.1967098857
1768,0.6129967342,0.2838409466,0.5433224762,1.086644952,76.96705361,4.677325987,-0.2255113023
1769,0.6573932634,0.3263346765,0.5706764246,1.141352849,72.29637136,4.979503026,-0.3040933939
1770,0.6322222002,0.3114236536,0.5502001621,1.100400324,74.77878006,4.81419996,-0.2625465621
1771,0.5985025845,0.2547789124,0.5415653696,1.083130739,78.70102707,4.574273213,-0.1959285659
1772,0.6839678758,0.2876892673,0.6205215069,1.241043014,70.65818633,5.094951041,-0.3312030776
1773,0.6471765493,0.3027379646,0.5720028066,1.144005613,73.55503436,4.894294498,-0.2830942379
1774,0.5814152297,0.2685931399,0.5156562755,1.031312551,80.31069596,4.482590964,-0.1683053657
1775,0.6620782032,0.2803376527,0.5997985892,1.199597178,72.56677318,4.960948162,-0.2995941225
1776,0.627664942,0.3197292043,0.5401263883,1.080252777,75.07555757,4.795169182,-0.2575450266
1777,0.6467195688,0.2528694361,0.5952337767,1.190467553,74.21675446,4.850656736,-0.2719988631
1778,0.6397708197,0.2678229409,0.5810142633,1.162028527,74.66705096,4.821403757,-0.2644276936
1779,0.6234465099,0.3029913939,0.5448685767,1.089737153,75.71972087,4.754375688,-0.2466654686
1780,0.6217125247,0.2276759991,0.5785240728,1.157048146,76.72165319,4.692286793,-0.2296819375
1781,0.5738597738,0.2773095537,0.5024086499,1.0048173,81.02877999,4.442865856,-0.155938324
1782,0.6205088316,0.3003469399,0.5429759901,1.08595198,76.03456856,4.734688535,-0.2413364381
1783,0.6239497587,0.2549749809,0.5694743721,1.138948744,76.25343558,4.721098758,-0.2376276482
1784,0.6882047191,0.2900756936,0.6240847918,1.248169584,70.28608368,5.121924301,-0.3373239182
1785,0.6532833719,0.2566065562,0.6007763638,1.201552728,73.60341731,4.891077251,-0.2822842396
1786,0.5921573728,0.2908797413,0.515790006,1.031580012,78.95816075,4.55937672,-0.1915257607
1787,0.615353855,0.1985102165,0.5824552007,1.164910401,77.5437791,4.642538759,-0.2156935734
1788,0.5992372936,0.2632449026,0.5383191017,1.076638203,78.5446626,4.583379546,-0.1986040134
1789,0.5995880411,0.2669758144,0.5368703135,1.073740627,78.47148076,4.587653967,-0.1998556717
1790,0.6296358854,0.3011482206,0.5529476444,1.105895289,75.16646552,4.789369801,-0.2560115834
1791,0.6543641634,0.2958125412,0.5836843315,1.167368663,73.0231414,4.92994403,-0.2919854355
1792,0.5779106492,0.2985339196,0.4948315039,0.9896630079,80.3677822,4.479406923,-0.1673231524
1793,0.6773268235,0.2966639687,0.6089023859,1.217804772,71.07492671,5.06507733,-0.3243314049
1794,0.6016487623,0.2426480401,0.5505480559,1.101096112,78.50290158,4.585817757,-0.1993183087
1795,0.5936223329,0.2720583091,0.5276094678,1.055218936,79.01772912,4.555939585,-0.1905052398
1796,0.6159481095,0.3418362744,0.5123866071,1.024773214,75.82750291,4.747617766,-0.244842008
1797,0.6046235238,0.25340503,0.548958556,1.097917112,78.11140361,4.608802087,-0.2060094282
1798,0.6541561345,0.3415474029,0.5579118389,1.115823678,72.31231604,4.978405059,-0.3038282742
1799,0.6677566768,0.3190351358,0.5866136391,1.173227278,71.53331461,5.032620143,-0.3167532004
1800,0.6155506663,0.2831849714,0.5465426742,1.093085348,76.72925198,4.691822098,-0.2295528571
1801,0.6334575665,0.2467174569,0.583437216,1.166874432,75.46490188,4.770429577,-0.2509730227
1802,0.5792985066,0.2724705511,0.5112206553,1.022441311,80.49588317,4.472278405,-0.1651184722
1803,0.6134735231,0.2586311914,0.5562909943,1.112581989,77.20356994,4.662996806,-0.2214877384
1804,0.6189077809,0.2711782424,0.5563355121,1.112671024,76.55040218,4.702783914,-0.2325898954
1805,0.5898289545,0.2728426933,0.5229293071,1.045858614,79.39633352,4.534214415,-0.1840142503
1806,0.6712991049,0.2788020093,0.610665152,1.221330304,71.81134665,5.013135344,-0.3121467834
1807,0.6492074071,0.2739272621,0.5885865378,1.177173076,73.75781273,4.880838879,-0.279698101
1808,0.6078930031,0.2658710007,0.5466685598,1.09333712,77.66589837,4.635238986,-0.2136118721
1809,0.6152921386,0.2593697168,0.5579531932,1.115906386,77.02235016,4.673968001,-0.2245709511
1810,0.6041653607,0.3073728421,0.5201324052,1.04026481,77.53095594,4.643306608,-0.2159121062
1811,0.6441282239,0.2538026982,0.5920180395,1.184036079,74.43531156,4.836414229,-0.2683261696
1812,0.5928828632,0.2735433488,0.5260077241,1.052015448,79.07721346,4.552512465,-0.1894859532
1813,0.6340310502,0.2803425894,0.5686856822,1.137371364,75.0360556,4.797693551,-0.2582111475
1814,0.6360689145,0.2949617896,0.5635434382,1.127086876,74.66069286,4.821814347,-0.2645347118
1815,0.5900039239,0.2729398582,0.5230759639,1.046151928,79.37739386,4.535296292,-0.184339155
1816,0.6550187983,0.3273553471,0.5673518334,1.134703667,72.48491108,4.966550895,-0.3009569517
1817,0.5900070914,0.2904280815,0.5135756005,1.027151201,79.18508298,4.546310826,-0.1876370479
1818,0.6011020806,0.3089738694,0.5156150301,1.03123006,77.81658349,4.626263245,-0.2110418878
1819,0.578467247,0.3095048766,0.4887034758,0.9774069515,80.17602532,4.490120314,-0.1706218155
1820,0.6326459363,0.2993158269,0.55736067,1.11472134,74.91404557,4.805507395,-0.2602678234
1821,0.5596208161,0.2843209252,0.4820135571,0.9640271142,82.53304915,4.361889009,-0.1299542888
1822,0.6494729728,0.3111808821,0.5700715753,1.140143151,73.22760145,4.916179048,-0.288570588
1823,0.591926067,0.303889349,0.5079643022,1.015928604,78.82205381,4.567249679,-0.1938567558
1824,0.6240206057,0.2694148485,0.5628653088,1.125730618,76.08977217,4.731253488,-0.2404013206
1825,0.6373833522,0.2118684118,0.6011400118,1.202280024,75.42925363,4.772684107,-0.2515752401
1826,0.6042291145,0.2742292342,0.5384154064,1.076830813,77.93392827,4.6192975,-0.2090395221
1827,0.6133914426,0.2424818354,0.5634284528,1.126856906,77.37018448,4.652955172,-0.2186510585
1828,0.6069180073,0.3337537675,0.5069101402,1.01382028,76.85842777,4.683936563,-0.2273579376
1829,0.6792441562,0.3065798281,0.6061199822,1.212239964,70.77477014,5.086558378,-0.3292824654
1830,0.5995188009,0.2688824694,0.535840471,1.071680942,78.45844084,4.588416443,-0.2000786646
1831,0.6628730267,0.2493702928,0.6141783996,1.228356799,72.86125705,4.940897461,-0.2946865576
1832,0.6292883167,0.3032615671,0.5513947836,1.102789567,75.16901994,4.789207047,-0.2559684859
1833,0.6243335604,0.2370889974,0.5775648899,1.15512978,76.39393267,4.712416123,-0.2352450375
1834,0.6157058101,0.2864320836,0.5450232161,1.090046432,76.67455309,4.695169199,-0.2304819347
1835,0.5989771372,0.2587053401,0.5402269503,1.080453901,78.61582319,4.579230814,-0.1973866145
1836,0.6379281081,0.3115633104,0.5566691789,1.113338358,74.25425946,4.848206724,-0.2713688987
1837,0.5986580107,0.2874821947,0.5251146556,1.050229311,78.33710503,4.59552341,-0.2021531033
1838,0.5911209568,0.2902820616,0.5149371906,1.029874381,79.07181655,4.552823189,-0.1895784397
1839,0.632368411,0.3175971195,0.5468289284,1.093657857,74.67131083,4.821128704,-0.2643559904
1840,0.6109908066,0.2482199538,0.5582979673,1.116595935,77.54519146,4.642454203,-0.2156695032
1841,0.6612835409,0.3331302335,0.5712444038,1.142488808,71.84705192,5.010644005,-0.3115546858
1842,0.5748731591,0.3107293618,0.4836593975,0.967318795,80.55274893,4.469121225,-0.1641395195
1843,0.6581295612,0.2746673105,0.5980738983,1.196147797,72.97503595,4.93319387,-0.2927883437
1844,0.6234615222,0.2715199991,0.5612318235,1.122463647,76.11794853,4.729502134,-0.2399239431
1845,0.6177713984,0.2911070952,0.5448836204,1.089767241,76.41785445,4.710940952,-0.2348392202
1846,0.6356147509,0.2587394765,0.5805686823,1.161137365,75.14344294,4.790837176,-0.2563999914
1847,0.6090366391,0.2650736201,0.5483261837,1.096652367,77.56329553,4.641370606,-0.2153609528
1848,0.6594518307,0.2635445592,0.6045006057,1.209001211,72.99459697,4.931871877,-0.2924618836
1849,0.5992382232,0.2547416746,0.5423957295,1.084791459,78.62839606,4.578498584,-0.197171489
1850,0.6030337976,0.2862183859,0.5307813077,1.061562615,77.91443801,4.620453015,-0.2093721638
1851,0.6056707794,0.3099728624,0.5203401941,1.040680388,77.34471492,4.654487386,-0.2190848082
1852,0.6012778425,0.2325199458,0.5544993406,1.108998681,78.62697377,4.578581404,-0.1971958253
1853,0.7043845828,0.3062103628,0.6343444287,1.268688857,68.7912346,5.233224874,-0.3617671975
1854,0.6096153299,0.2911955645,0.5355707177,1.071141435,77.20486596,4.662918529,-0.2214656803
1855,0.5881926008,0.2797921129,0.5173846821,1.034769364,79.49154727,4.528783404,-0.1823805812
1856,0.6043234777,0.2212235138,0.5623762287,1.124752457,78.42272135,4.590506346,-0.2006894426
1857,0.6586269179,0.2753480485,0.5983083395,1.196616679,72.92399645,4.936646612,-0.293639997
1858,0.6793938372,0.2816774443,0.6182505991,1.236501198,71.10817153,5.062709281,-0.3237824841
1859,0.6392870309,0.28546665,0.572011101,1.144022202,74.49486678,4.832547739,-0.2673247082
1860,0.6281606527,0.2809464621,0.5618317284,1.123663457,75.56824716,4.763905655,-0.2492266295
1861,0.5978248004,0.271038298,0.5328533879,1.065706776,78.60491814,4.579866102,-0.1975731954
1862,0.6573174188,0.3162861479,0.5762198032,1.152439606,72.46520587,4.967901432,-0.3012849098
1863,0.6202256577,0.2557319211,0.5650496005,1.130099201,76.59366112,4.700127853,-0.2318555245
1864,0.5972221916,0.2437826716,0.5452012061,1.090402412,78.9293374,4.56104171,-0.1920194859
1865,0.6134373264,0.2682682282,0.5516679356,1.103335871,77.10428988,4.669000915,-0.2231771326
1866,0.6012649886,0.3029399871,0.5193716884,1.038743377,77.88144443,4.622410417,-0.2099352127
1867,0.6181213894,0.3203301708,0.5286422549,1.05728451,75.97258171,4.738551618,-0.2423861926
1868,0.5536155467,0.2151043613,0.5101179151,1.02023583,83.68084445,4.302059836,-0.1100666133
1869,0.60603682,0.3055833788,0.5233540158,1.046708032,77.36902094,4.653025147,-0.2186708746
1870,0.6317160279,0.3090241159,0.550971175,1.10194235,74.86106825,4.808908134,-0.2611604747
1871,0.6784376305,0.2887276229,0.6139332034,1.227866407,71.09320887,5.063774807,-0.3240295531
1872,0.6544911133,0.3033500422,0.5799460054,1.159892011,72.90506065,4.937928818,-0.2939559037
1873,0.6338124544,0.2602196978,0.5779307365,1.155861473,75.29063793,4.781470975,-0.2539159917
1874,0.6712056559,0.337627413,0.5801075439,1.160215088,70.93203901,5.075280579,-0.3266894455
1875,0.6537760536,0.2962693632,0.5827929243,1.165585849,73.067865,4.926926495,-0.2912387877
1876,0.6382224127,0.2593624082,0.5831457702,1.16629154,74.90155297,4.806308891,-0.26047834
1877,0.5994519775,0.2875294041,0.5259938356,1.051987671,78.25670356,4.600244882,-0.2035272022
1878,0.6178664566,0.2626178738,0.5592770428,1.118554086,76.7435264,4.690949412,-0.2293103674
1879,0.6332922888,0.2901729372,0.5629021137,1.125804227,74.97816374,4.801397928,-0.2591871548
1880,0.6138553541,0.2712247396,0.5506864229,1.101372846,77.03137456,4.673420435,-0.2244174659
1881,0.6498593315,0.3018338668,0.5755114835,1.151022967,73.33147649,4.909215213,-0.2868342791
1882,0.6209496951,0.2867788855,0.5507598339,1.101519668,76.17067494,4.726228306,-0.2390304712
1883,0.6471748101,0.2961770422,0.5754254031,1.150850806,73.64781438,4.888128765,-0.2815407934
1884,0.6188186796,0.2746388755,0.5545358837,1.109071767,76.51912252,4.704706329,-0.2331208215
1885,0.5885688742,0.3298398067,0.4874618155,0.9749236311,78.81207091,4.5678282,-0.1940276822
1886,0.5891676913,0.3022474405,0.5057321952,1.01146439,79.12950932,4.549503758,-0.188589675
1887,0.6458033906,0.2959936782,0.5739771439,1.147954288,73.77181349,4.879912571,-0.2794634863
1888,0.6108556616,0.3110983613,0.5257018631,1.051403726,76.81628412,4.686506307,-0.2280741585
1889,0.5808249723,0.2686118044,0.514980919,1.029961838,80.37240472,4.479149296,-0.1672436111
1890,0.6222896237,0.3155207375,0.5363683808,1.072736762,75.64727322,4.75892897,-0.2478906505
1891,0.670914249,0.2345896802,0.6285647233,1.257129447,72.3392762,4.976549655,-0.3033799411
1892,0.6144297303,0.2924477795,0.5403685685,1.080737137,76.72147391,4.692297757,-0.2296849828
1893,0.6752260164,0.2919332977,0.6088555846,1.217711169,71.31317833,5.048155312,-0.3203951187
1894,0.6506475221,0.264341815,0.5945297326,1.189059465,73.74532934,4.881665093,-0.2799072749
1895,0.6098301665,0.2991601308,0.531409492,1.062818984,77.08117095,4.670401287,-0.2235704387
1896,0.6171551536,0.2695419948,0.5551824895,1.110364979,76.73510308,4.691464344,-0.2294534621
1897,0.6174542621,0.2653653379,0.5575221998,1.1150444,76.75285161,4.690379477,-0.2291519456
1898,0.7165567596,0.3077158106,0.6471202127,1.294240425,67.8479299,5.30598355,-0.3770661319
1899,0.6474393205,0.249027721,0.5976310467,1.195262093,74.19421865,4.852130079,-0.272377337
1900,0.6598131426,0.3078955605,0.5835697962,1.167139592,72.37911599,4.973810402,-0.3027173036
1901,0.5875022356,0.2788312043,0.517118977,1.034237954,79.57322855,4.524134644,-0.1809786993
1902,0.6155910234,0.2590327975,0.5584391802,1.11687836,76.99742215,4.675481204,-0.224994893
1903,0.6295451148,0.2764539584,0.5655972599,1.13119452,75.49490558,4.768533681,-0.2504660853
1904,0.6169171313,0.2941293957,0.5422864976,1.084572995,76.4605191,4.708312267,-0.234115341
1905,0.580516803,0.2798175573,0.5086274601,1.01725492,80.29360008,4.483545384,-0.1685994812
1906,0.6407913214,0.2228283127,0.60080035,1.2016007,75.03296687,4.797891047,-0.2582632274
1907,0.6442000177,0.2044440222,0.6108979494,1.221795899,74.88594779,4.807310458,-0.26074129
1908,0.5774865275,0.2445887232,0.5231319584,1.046263917,80.93219581,4.448167956,-0.157603192
1909,0.6406703956,0.2910220439,0.5707580274,1.141516055,74.29760813,4.845378056,-0.2706406343
1910,0.6167454011,0.2690875131,0.5549475652,1.10989513,76.77914612,4.688773166,-0.2287052074
1911,0.598487949,0.3130396296,0.5100921636,1.020184327,78.02532327,4.613886683,-0.2074793543
1912,0.645639796,0.2885506554,0.5775718704,1.155143741,73.88688846,4.872312361,-0.2775345103
1913,0.6286757342,0.2551526461,0.5745696703,1.149139341,75.81455538,4.74842856,-0.2450611008
1914,0.6291513319,0.2654705506,0.570400548,1.140801096,75.65868389,4.758211239,-0.2476977077
1915,0.6376570324,0.2944004102,0.5656278719,1.131255744,74.52408267,4.830653221,-0.2668333176
1916,0.5948024687,0.2670194346,0.5314984462,1.062996892,78.95044464,4.559822324,-0.1916579373
1917,0.5862619146,0.226460827,0.5407573637,1.081514727,80.16934134,4.49049467,-0.1707367612
1918,0.6210617773,0.3321181588,0.5248002094,1.049600419,75.50049439,4.768180697,-0.2503716501
1919,0.6414276694,0.2869742132,0.5736508136,1.147301627,74.28301717,4.846329804,-0.2708857821
1920,0.6238449434,0.3035218275,0.5450293695,1.090058739,75.67470633,4.757203793,-0.2474267681
1921,0.5720222548,0.2542064913,0.5124339175,1.024867835,81.43158076,4.42088925,-0.1489903299
1922,0.6304895548,0.2663584604,0.5714632528,1.142926506,75.52569297,4.76658983,-0.2499458354
1923,0.6093489266,0.2651961396,0.5486138185,1.097227637,77.53172298,4.64326067,-0.2158990346
1924,0.6090924804,0.2936917964,0.5336092,1.0672184,77.22444459,4.661736344,-0.2211324412
1925,0.6325302668,0.3153105508,0.5483373004,1.096674601,74.69159829,4.819819206,-0.2640144874
1926,0.6234989885,0.3127915251,0.5393630043,1.078726009,75.5734833,4.763575586,-0.2491381244
1927,0.5863921644,0.2185929265,0.5441258154,1.088251631,80.21340299,4.488028018,-0.1699789818
1928,0.6226529939,0.2630510024,0.5643588582,1.128717716,76.28841573,4.718934016,-0.2370345725
1929,0.612998251,0.2594303135,0.5553942457,1.110788491,77.24077849,4.660750539,-0.2208544093
1930,0.6223523768,0.2779282129,0.5568468276,1.113693655,76.14685605,4.72770668,-0.2394341177
1931,0.607039861,0.2726966537,0.5423411545,1.084682309,77.67500165,4.63469575,-0.2134566544
1932,0.648534706,0.3263326107,0.56045008,1.12090016,73.07010092,4.926775733,-0.2912014551
1933,0.6377009782,0.3164630963,0.5536367457,1.107273491,74.20008338,4.851746569,-0.2722788467
1934,0.5895356776,0.3276325588,0.490111438,0.980222876,78.74290557,4.571840439,-0.1952117624
1935,0.6551464038,0.2924199525,0.5862656239,1.172531248,73.00201798,4.931370529,-0.2923380231
1936,0.611554746,0.3131322499,0.5253069592,1.050613918,76.71839846,4.69248586,-0.2297372242
1937,0.6425044568,0.25871147,0.5881159344,1.176231869,74.5259673,4.830531062,-0.266801617
1938,0.639361743,0.3164349772,0.5555648869,1.111129774,74.04977835,4.861594565,-0.2748021115
1939,0.6580277809,0.2647591672,0.6024144286,1.204828857,73.10234552,4.924602589,-0.2906630243
1940,0.6248939435,0.260845499,0.5678486297,1.135697259,76.10341217,4.730405506,-0.2401702323
1941,0.6264617084,0.3346105233,0.5296131322,1.059226264,74.94501739,4.803521469,-0.2597458549
1942,0.6397858051,0.3011397606,0.5644827021,1.128965404,74.23822062,4.849254158,-0.2716383143
1943,0.6301335463,0.3020775175,0.5530076488,1.106015298,75.10732206,4.793141203,-0.2570092939
1944,0.6007272277,0.2657607809,0.5387433614,1.077486723,78.37091122,4.593541078,-0.2015752207
1945,0.556370483,0.2676205487,0.4877779785,0.9755559569,83.0397515,4.335273089,-0.121180691
1946,0.6208871272,0.3176033711,0.5335062543,1.067012509,75.74924365,4.7525227,-0.2461660875
1947,0.6251729436,0.2784073555,0.5597593713,1.119518743,75.8769547,4.74452357,-0.2440050905
1948,0.5590377314,0.2728571497,0.4879263889,0.9758527779,82.69787734,4.353195168,-0.1271013557
1949,0.6679005831,0.2860209902,0.6035587644,1.207117529,72.00145469,4.999898982,-0.3089928477
1950,0.6096370733,0.2722040607,0.5454927227,1.090985445,77.42748388,4.649511801,-0.2176750845
1951,0.6722069153,0.3126358234,0.595080649,1.190161298,71.26213287,5.051771333,-0.3212389375
1952,0.611258775,0.2587414356,0.5537961354,1.107592271,77.41486142,4.650269902,-0.2178901001
1953,0.5997128112,0.2785795995,0.5310827268,1.062165454,78.33377892,4.595718539,-0.202209956
1954,0.5938017491,0.2924326147,0.5168013962,1.033602792,78.77108257,4.570205058,-0.1947294188
1955,0.6095538846,0.3322715116,0.5110299217,1.022059843,76.62000745,4.698511681,-0.2314082001
1956,0.6156055873,0.3254429702,0.5225486698,1.04509734,76.13590718,4.728386557,-0.2396196488
1957,0.5910544077,0.3067204868,0.5052403941,1.010480788,78.87585919,4.564134118,-0.1929354039
1958,0.644108738,0.2833812312,0.5784212514,1.156842503,74.09006525,4.858951046,-0.2741259749
1959,0.6252190347,0.3042622934,0.5461898005,1.092379601,75.53495454,4.766005384,-0.2497893179
1960,0.6223608907,0.2701714723,0.5606607296,1.121321459,76.23647591,4.72214902,-0.2379151613
1961,0.5852364466,0.1978470639,0.5507796635,1.101559327,80.46632707,4.473921119,-0.1656272209
1962,0.6328369789,0.2368826022,0.5868298516,1.173659703,75.61737329,4.760810701,-0.2483961808
1963,0.6116378565,0.2391098897,0.56296299,1.12592598,77.56841064,4.64106454,-0.2152737715
1964,0.5974839867,0.2807601818,0.5274095511,1.054819102,78.5329237,4.584064658,-0.1988048104
1965,0.6253488583,0.2972998213,0.5501581689,1.100316338,75.61909426,4.760702353,-0.2483670856
1966,0.6238794188,0.2848746849,0.5550422894,1.110084579,75.91859231,4.741921432,-0.2433002784
1967,0.6256437424,0.2842104052,0.5573639188,1.114727838,75.76181202,4.751734289,-0.2459534725
1968,0.6461132477,0.253420429,0.5943403192,1.188680638,74.26419755,4.847557934,-0.271201951
1969,0.6491083793,0.2992774632,0.5759988611,1.151997722,73.43390083,4.902367924,-0.2851212961
1970,0.6098869255,0.3006400268,0.5306388944,1.061277789,77.05594064,4.671930509,-0.2239996227
1971,0.6437715924,0.2883333556,0.5755916427,1.151183285,74.05579054,4.861199879,-0.2747012172
1972,0.6036169545,0.3075402063,0.5193962353,1.038792471,77.58350596,4.640161533,-0.215016478
1973,0.5903865557,0.2395278401,0.5396134718,1.079226944,79.6494486,4.519805301,-0.1796702157
1974,0.6565837684,0.3474674517,0.5571073639,1.114214728,71.99189894,5.000562637,-0.3091514613
1975,0.6190357109,0.2932476593,0.5451706353,1.090341271,76.26955535,4.720100942,-0.2373543544
1976,0.6535804869,0.2376450537,0.6088450388,1.217690078,73.77556402,4.87966449,-0.2794006347
1977,0.6688129697,0.3033484607,0.5960624966,1.192124993,71.68423473,5.022024736,-0.314253684
1978,0.6374838084,0.2266197783,0.5958431691,1.191686338,75.29378553,4.78127109,-0.2538628559
1979,0.6164122635,0.2654248356,0.5563395862,1.112679172,76.85118083,4.68437825,-0.2274811064
1980,0.5830641214,0.2453148351,0.5289465014,1.057893003,80.34744206,4.480540895,-0.1676731395
1981,0.6084966542,0.3238275361,0.5151736649,1.03034733,76.85954504,4.683868475,-0.2273389483
1982,0.6120077746,0.2456359808,0.5605501593,1.121100319,77.47247665,4.646811559,-0.2169085753
1983,0.610468992,0.2821273581,0.541365444,1.082730888,77.23249317,4.661250534,-0.2209954423
1984,0.6298182254,0.2926891058,0.5576774017,1.115354803,75.26472142,4.783117418,-0.2543534697
1985,0.6664062125,0.3196846481,0.5847212719,1.169442544,71.63650104,5.025371072,-0.3150444788
1986,0.6093668055,0.2534487318,0.5541585008,1.108317002,77.65048051,4.636159334,-0.2138747458
1987,0.6194840076,0.3202740761,0.5302687544,1.060537509,75.84247421,4.746680587,-0.2445886544
1988,0.6222800747,0.2809660595,0.555239196,1.110478392,76.11704848,4.729558058,-0.2399391932
1989,0.6349705933,0.3171696073,0.550082807,1.100165614,74.43848607,4.836207975,-0.2682727953
1990,0.6302586163,0.2994944912,0.554552949,1.109105898,75.13176914,4.791581566,-0.2565969213
1991,0.5819319477,0.249146012,0.5259002343,1.051800469,80.43226302,4.475815879,-0.16621351
1992,0.6003881519,0.2838234463,0.5290653875,1.058130775,78.20639067,4.603204379,-0.2043868695
1993,0.6307031206,0.300504853,0.5545117308,1.109023462,75.07662541,4.795100979,-0.2575270179
1994,0.6466017129,0.2792551978,0.5831897716,1.166379543,73.92134194,4.870041459,-0.2769567562
1995,0.5973219363,0.2593528045,0.5380795651,1.07615913,78.77429668,4.570018587,-0.1946743956
1996,0.6375399332,0.3003175397,0.5623758012,1.124751602,74.4530339,4.835262999,-0.2680281867
1997,0.6536177828,0.3676872727,0.5403908543,1.080781709,71.84357233,5.010886685,-0.311612393
1998,0.6581953384,0.3383193198,0.5645893564,1.129178713,72.02066457,4.998565372,-0.3086739616
1999,0.6187299533,0.2614839573,0.5607609965,1.121521993,76.67402331,4.69520164,-0.2304909321
