draw,midpoint_residual,valence_offset,markedness,markedness_ratio,apex_angle_deg,effective_vertices,step_cosine
0,0.6824913163,0.2398063938,0.6389736226,1.277947245,71.33912779,5.046319056,-0.3199660577
1,0.683993251,0.1932043577,0.6561393477,1.312278695,71.63316473,5.025605128,-0.3150997427
2,0.679206889,0.2453473959,0.6333456034,1.266691207,71.54821568,5.031572018,-0.3165065085
3,0.6556821415,0.2630767244,0.6005911319,1.201182264,73.32336265,4.909758459,-0.2869699389
4,0.6925240401,0.2819922423,0.6325108074,1.265021615,70.05005341,5.139182377,-0.3411991005
5,0.6376125922,0.2473676099,0.5876725987,1.175345197,75.0834093,4.794667735,-0.2574126086
6,0.6122352135,0.1790567778,0.5854661621,1.170932324,77.96374242,4.617531032,-0.2085306347
7,0.6957769943,0.1680745375,0.6751715157,1.350343031,70.87677628,5.079237783,-0.3276008886
8,0.6948412208,0.2205259609,0.6589177663,1.317835533,70.54101483,5.103413963,-0.3331319898
9,0.6921864003,0.2313222456,0.6523894783,1.304778957,70.64850401,5.0956493,-0.3313625234
10,0.663218128,0.2182206272,0.6262891051,1.25257821,73.13542542,4.922375141,-0.2901105496
11,0.6566055543,0.2319486669,0.614272472,1.228544944,73.57076483,4.893248029,-0.28283091
12,0.6629252017,0.21004903,0.628768024,1.257536048,73.23060651,4.91597731,-0.2885203707
13,0.6964525603,0.2163997728,0.6619798389,1.323959678,70.45180748,5.109875997,-0.3345996139
14,0.6734250945,0.2277774198,0.6337340175,1.267468035,72.19740806,4.986328591,-0.305738377
15,0.6556785277,0.2054432534,0.6226615463,1.245323093,73.88366623,4.872524854,-0.2775885391
16,0.6606418713,0.195967638,0.630907574,1.261815148,73.5363794,4.8955361,-0.2834064942
17,0.638743472,0.2335021227,0.5945334151,1.18906683,75.1179912,4.792460425,-0.2568293329
18,0.6536467758,0.2034097585,0.6211912569,1.242382514,74.07414306,4.859995474,-0.2743932138
19,0.6584305669,0.1819853694,0.6327812709,1.265562542,73.8258162,4.876342972,-0.2785583909
20,0.683748605,0.1973675901,0.6546435589,1.309287118,71.62039417,5.026501238,-0.3153112688
21,0.6711915387,0.2586166696,0.6193670155,1.238734031,72.06248099,4.995664804,-0.3079796846
22,0.7078500564,0.1981055475,0.6795630173,1.359126035,69.72420295,5.163199933,-0.3465394365
23,0.6096055059,0.2245331209,0.5667484013,1.133496803,77.88854287,4.621989149,-0.2098140808
24,0.6586921785,0.2520894988,0.6085443867,1.217088773,73.18748896,4.9188735,-0.2892408293
25,0.623192648,0.2299641509,0.5792111582,1.158422316,76.56429261,4.701930727,-0.2323541036
26,0.6601257073,0.2228030059,0.6213893867,1.242778773,73.35583012,4.907585388,-0.2864270628
27,0.6564748594,0.243777383,0.6095341078,1.219068216,73.46483364,4.900303753,-0.2846037848
28,0.64918882,0.2246473997,0.6090810044,1.218162009,74.27897628,4.846593451,-0.2709536712
29,0.6567697405,0.2113041703,0.6218496921,1.243699384,73.74203152,4.881883406,-0.2799625314
30,0.6708114253,0.268279812,0.6148283588,1.229656718,71.98161596,5.001276996,-0.3093221364
31,0.6112324597,0.2224754734,0.5693064056,1.138612811,77.75032848,4.630205518,-0.2121720695
32,0.6887456956,0.2820117902,0.6283629392,1.256725878,70.349791,5.117285992,-0.3362769775
33,0.6540076844,0.2360074688,0.6099397723,1.219879545,73.75477766,4.881039729,-0.2797489584
34,0.5930771965,0.1697945812,0.5682520226,1.136504045,79.8492427,4.508496109,-0.1762388108
35,0.684233307,0.3158855105,0.6069526858,1.213905372,70.22851783,5.126122708,-0.3382695737
36,0.6249266329,0.2257408028,0.5827301147,1.165460229,76.44124463,4.709499456,-0.2344423817
37,0.7041343087,0.2928905204,0.64032825,1.2806565,68.99952125,5.217427505,-0.3583757504
38,0.6547873572,0.2519900177,0.6043571081,1.208714216,73.52373127,4.896378268,-0.283618188
39,0.6780392178,0.2504982272,0.6300696938,1.260139388,71.58846532,5.028743086,-0.3158400565
40,0.6696893758,0.2625742209,0.6160670731,1.232134146,72.14215061,4.990147881,-0.3066564782
41,0.6989868211,0.1920871021,0.6720752349,1.34415047,70.45545053,5.10961178,-0.3345396949
42,0.6980818939,0.1816754404,0.6740269764,1.348053953,70.60333044,5.098909609,-0.3321063044
43,0.6803096206,0.2615289755,0.6280316671,1.256063334,71.28001482,5.050504,-0.3209433648
44,0.6458168163,0.2221623558,0.6064018864,1.212803773,74.59574491,4.826012535,-0.2656277155
45,0.665448314,0.1853779427,0.6391059983,1.278211997,73.21117602,4.917282027,-0.2888450583
46,0.6553701876,0.1525048339,0.6373792893,1.274758579,74.2707752,4.847128619,-0.27109145
47,0.6465217292,0.246247433,0.5977897189,1.195579438,74.30362118,4.844985941,-0.2705396019
48,0.68570547,0.2722497599,0.6293425616,1.258685123,70.71627253,5.090766059,-0.3302463313
49,0.6600548026,0.2375762195,0.6158164356,1.231632871,73.22162648,4.916580214,-0.2886704329
50,0.7281673788,0.2770854543,0.6733879882,1.346775976,67.40555773,5.340805894,-0.3842057688
51,0.6273484146,0.1854908388,0.5992989088,1.198597818,76.52828825,4.70414285,-0.2329652539
52,0.6981153552,0.1776298591,0.6751390097,1.350278019,70.62937005,5.097029745,-0.3316775886
53,0.6389475212,0.213195343,0.6023302089,1.204660418,75.27903736,4.782207805,-0.2541118191
54,0.6750197429,0.193874404,0.6465789734,1.293157947,72.35615405,4.975388821,-0.3030992371
55,0.6460006791,0.2186340622,0.6078782972,1.215756594,74.61057503,4.825053283,-0.2653781708
56,0.6313789404,0.2018321385,0.5982500767,1.196500153,76.04699842,4.733914651,-0.2411259029
57,0.6340162625,0.2104792624,0.5980594463,1.196118893,75.74200206,4.752977083,-0.246288586
58,0.6325139733,0.1986066409,0.6005242115,1.201048423,75.96888645,4.73878211,-0.2424487634
59,0.6539836043,0.2616376957,0.599366558,1.198733116,73.48645893,4.898861712,-0.2842419406
60,0.6667243807,0.2502895961,0.6179615829,1.235923166,72.5270868,4.963662762,-0.3002548926
61,0.7009596131,0.2546982627,0.6530491361,1.306098272,69.71743062,5.163701485,-0.3466503093
62,0.6304088785,0.1748011633,0.6056896131,1.211379226,76.3210616,4.716915521,-0.2364809942
63,0.7058554948,0.1295931691,0.6938570386,1.387714077,70.3149918,5.119818559,-0.3368489052
64,0.6246620615,0.2106564151,0.5880702049,1.17614041,76.59035591,4.700330684,-0.2319116389
65,0.6758901791,0.2148775787,0.6408238138,1.281647628,72.1123816,4.992207885,-0.3071509714
66,0.5892653738,0.151495186,0.5694584176,1.138916835,80.31032644,4.482611589,-0.1683117232
67,0.6798948717,0.2185766608,0.6438022056,1.287604411,71.75297742,5.017213402,-0.3131144541
68,0.6625012003,0.2537522644,0.6119784544,1.223956909,72.84538986,4.941973688,-0.2949511834
69,0.7102894036,0.2416664555,0.6679134384,1.335826877,69.14046145,5.206791977,-0.3560781887
70,0.6581791956,0.2230101225,0.6192465896,1.238493179,73.51951023,4.896659389,-0.2836888332
71,0.6598471993,0.2280144227,0.6191992809,1.238398562,73.33144549,4.909217288,-0.2868347974
72,0.6838585113,0.225518446,0.6456035115,1.291207023,71.36868601,5.044229061,-0.3194772477
73,0.6857820848,0.2826431634,0.6248279043,1.249655809,70.57875669,5.100684921,-0.3325108237
74,0.6396454394,0.1690499683,0.6169022584,1.233804517,75.53443384,4.766038239,-0.2497981178
75,0.7007964072,0.2264866266,0.663188821,1.326377642,70.02024842,5.141369934,-0.341688033
76,0.655353303,0.1816367358,0.6296793215,1.259358643,74.08997852,4.858956733,-0.2741274305
77,0.6841512746,0.244469095,0.6389818684,1.277963737,71.15695728,5.05923825,-0.3229767623
78,0.6515919187,0.2110420116,0.6164684078,1.232936816,74.18889544,4.852478229,-0.2724667305
79,0.6770155428,0.2007817795,0.6465575939,1.293115188,72.13871613,4.990385459,-0.3067135326
80,0.6648799096,0.1636204261,0.6444328129,1.288865626,73.40395786,4.9043677,-0.2856221679
81,0.6527451845,0.1932415696,0.623485342,1.246970684,74.22997856,4.84979259,-0.2717767537
82,0.6893522726,0.1889526016,0.6629505789,1.325901158,71.23720192,5.053539307,-0.3216509718
83,0.6881922565,0.2332805171,0.6474478992,1.294895798,70.94666271,5.07423445,-0.3264482073
84,0.6455549131,0.195385675,0.6152768351,1.23055367,74.83693814,4.810458698,-0.2615669856
85,0.6245323824,0.208092056,0.5888449651,1.17768993,76.62228096,4.698372268,-0.2313695966
86,0.6426199342,0.2418926544,0.5953556278,1.190711256,74.69198582,4.8197942,-0.2640079638
87,0.6001530671,0.2056415529,0.5638220071,1.127644014,78.94245279,4.560283944,-0.1917948338
88,0.6613813649,0.2608751254,0.6077577468,1.215515494,72.86085549,4.940924692,-0.2946932549
89,0.6598419328,0.2283036533,0.6190870845,1.238174169,73.32918259,4.909368785,-0.2868726327
90,0.6701869167,0.2651965185,0.6154846138,1.230969228,72.07013125,4.995134514,-0.3078526498
91,0.645790879,0.2275472712,0.604374138,1.208748276,74.54947872,4.829007609,-0.2664061175
92,0.6549835077,0.1927604515,0.6259766798,1.25195336,74.04166489,4.862127297,-0.2749382636
93,0.6727789186,0.2662555383,0.617850679,1.235701358,71.84248127,5.010962785,-0.3116304874
94,0.6559834944,0.1363825439,0.6416495512,1.283299102,74.30374145,4.844978099,-0.270537581
95,0.6900687358,0.2617769042,0.6384886158,1.276977232,70.49249044,5.106926961,-0.3339304052
96,0.6683053307,0.2423170226,0.6228278058,1.245655612,72.47865191,4.9669798,-0.3010611282
97,0.6966110271,0.26291218,0.6450923257,1.290184651,69.96294996,5.145580628,-0.3426277194
98,0.6702098487,0.2171221282,0.6340656296,1.268131259,72.56075032,4.961359942,-0.2996944111
99,0.6292448572,0.2137575331,0.5918249803,1.183649961,76.14678831,4.727710886,-0.2394352656
100,0.692580456,0.2343431521,0.6517292192,1.303458438,70.58767441,5.100040524,-0.3323640323
101,0.6730503372,0.2495288981,0.6250856624,1.250171325,72.00877932,4.999390399,-0.3088712622
102,0.6320551138,0.241111546,0.5842592655,1.168518531,75.64772316,4.758900664,-0.2478830426
103,0.6657565844,0.1978706857,0.6356721021,1.271344204,73.09175868,4.925315884,-0.2908398169
104,0.6710737586,0.2567909102,0.6199987241,1.239997448,72.09281547,4.99356278,-0.3074759394
105,0.7367840764,0.2977459598,0.6739422221,1.347884444,66.51341751,5.412441782,-0.3985343011
106,0.6775866705,0.2701414727,0.6214074997,1.242814999,71.40025116,5.041999071,-0.3189551547
107,0.6499780643,0.1344601649,0.635918193,1.271836386,74.82548226,4.811195185,-0.2617599622
108,0.6808933383,0.2860179981,0.6179073094,1.235814619,70.92930317,5.07547634,-0.3267345746
109,0.6356891991,0.2142211128,0.5985065352,1.19701307,75.56135238,4.764340349,-0.2493431672
110,0.6638393521,0.2581709644,0.6115802798,1.22316056,72.68320843,4.953000945,-0.2976546713
111,0.6251486893,0.1870972385,0.5964943479,1.192988696,76.71768646,4.692529411,-0.2297493187
112,0.6663000327,0.2778031168,0.6056246048,1.21124921,72.24195372,4.983253933,-0.3049980448
113,0.6912648678,0.2366093647,0.6495099121,1.299019824,70.66920495,5.094156645,-0.3310216144
114,0.602740973,0.2307459264,0.5568240278,1.113648056,78.49905623,4.586042397,-0.1993840756
115,0.7047959138,0.2313118662,0.6657567879,1.331513576,69.66470299,5.167609773,-0.3475133714
116,0.660221952,0.2430388968,0.6138608316,1.227721663,73.15232255,4.921238143,-0.2898283096
117,0.613772899,0.2247122675,0.571158094,1.142316188,77.49096745,4.645702743,-0.2165935222
118,0.6616579113,0.2307493032,0.620117691,1.240235382,73.15203261,4.921257649,-0.2898331529
119,0.6415288055,0.2470754518,0.592041324,1.184082648,74.73646913,4.816925447,-0.2632590496
120,0.6803139959,0.267166825,0.6256588692,1.251317738,71.21350256,5.055221089,-0.322042595
121,0.6845997821,0.202615403,0.6539295529,1.307859106,71.50984267,5.034272018,-0.317141742
122,0.6558179915,0.2537422017,0.604741377,1.209482754,73.41601113,4.903562513,-0.285420556
123,0.6524733167,0.21375006,0.6164676316,1.232935263,74.09002798,4.858953489,-0.2741266004
124,0.6331434676,0.2039773519,0.5993862615,1.198772523,75.87165898,4.74485473,-0.2440947234
125,0.5997369944,0.2337678412,0.5523016014,1.104603203,78.76748022,4.570414072,-0.1947910877
126,0.6511584296,0.1944560827,0.6214451966,1.242890393,74.35752738,4.841473523,-0.2696337267
127,0.6902947532,0.2626571396,0.6383714227,1.276742845,70.4643053,5.10896969,-0.3343940507
128,0.6386311283,0.2451121717,0.5897200533,1.179440107,75.01498483,4.799041162,-0.2585664131
129,0.7001778701,0.2761551137,0.6434185286,1.286837057,69.52463606,5.178020633,-0.3498045983
130,0.6386831106,0.2336920861,0.5943939137,1.188787827,75.12159588,4.79223046,-0.2567685291
131,0.654500055,0.2852039824,0.5890916825,1.178183365,73.15427914,4.92110652,-0.2897956262
132,0.6806115017,0.2220172033,0.6433819843,1.286763969,71.66358179,5.023472049,-0.3145958642
133,0.6471155424,0.2053576045,0.613666668,1.227333336,74.62373213,4.824202566,-0.2651567627
134,0.6405196692,0.2327813617,0.5967229543,1.193445909,74.96649915,4.802145013,-0.2593837779
135,0.6855412941,0.213819162,0.6513434055,1.302686811,71.3395272,5.046290803,-0.3199594531
136,0.6960780527,0.215254557,0.6619593123,1.323918625,70.49134277,5.107010107,-0.3339492859
137,0.703244375,0.2109094179,0.670872468,1.341744936,69.97172155,5.144935583,-0.3424838889
138,0.7206164371,0.2577724744,0.6729349158,1.345869832,68.19021739,5.279349646,-0.3715263587
139,0.6303123505,0.1700454409,0.6069416835,1.213883367,76.35907178,4.714567524,-0.2358363561
140,0.6946490122,0.2335297166,0.6542179465,1.308435893,70.43259485,5.111269871,-0.3349155909
141,0.6984728906,0.2173286055,0.6638016692,1.327603338,70.28554377,5.121963645,-0.3373327889
142,0.7214307875,0.2164104972,0.6882070022,1.376414004,68.5453875,5.251994527,-0.365764071
143,0.629308744,0.1610928186,0.6083408576,1.216681715,76.50180089,4.705771574,-0.2334148008
144,0.7110247866,0.270117054,0.6577180432,1.315436086,68.76637003,5.235117105,-0.3621717386
145,0.6389478561,0.2361251174,0.5937165078,1.187433016,75.07489332,4.795211609,-0.2575562289
146,0.6286196522,0.1526461749,0.609804733,1.219609466,76.61007517,4.69912083,-0.2315768422
147,0.6072048948,0.2127479872,0.5687144084,1.137428817,78.21089377,4.602939343,-0.204309934
148,0.6824227745,0.1872051855,0.6562431422,1.312486284,71.80480041,5.013592377,-0.3122553259
149,0.6931326153,0.2254193313,0.6554532382,1.310906476,70.6302346,5.096967355,-0.3316633534
150,0.6603471791,0.2111178195,0.62568975,1.2513795,73.43935079,4.902004118,-0.2850301234
151,0.6577596515,0.2278378109,0.6170394567,1.234078913,73.51089796,4.897233063,-0.2838329669
152,0.6538457754,0.1949878576,0.6240945709,1.248189142,74.12239625,4.856831649,-0.2735832643
153,0.6862965689,0.2014917877,0.6560518577,1.312103715,71.38296743,5.043219874,-0.3192410425
154,0.6726517274,0.2264671125,0.6333821859,1.266764372,72.27354311,4.981075847,-0.3044729293
155,0.6788408763,0.2485524077,0.631701382,1.263402764,71.54400871,5.031867888,-0.3165761584
156,0.6859733467,0.2220875322,0.6490273958,1.298054792,71.2306624,5.05400326,-0.3217590404
157,0.7037962031,0.2712364844,0.6494304158,1.298860832,69.30542045,5.194398903,-0.3533863448
158,0.681420541,0.265536296,0.6275543237,1.255108647,71.14298919,5.060231572,-0.3232074765
159,0.6530724417,0.2166616063,0.6160855155,1.232171031,74.01341216,4.86398329,-0.27541233
160,0.6846869406,0.2176936109,0.6491576838,1.298315368,71.37380044,5.043867607,-0.3193926606
161,0.7270991305,0.2367751018,0.6874668696,1.374933739,67.93422203,5.299243728,-0.3756707925
162,0.6593666734,0.261657218,0.605227156,1.210454312,73.02356032,4.929915748,-0.2919784425
163,0.7013599158,0.2433019049,0.6578068977,1.315613795,69.80921274,5.156912474,-0.3451472918
164,0.6360398772,0.2205102371,0.5965919549,1.19318391,75.47681788,4.76967644,-0.2507717003
165,0.6708837482,0.2389775103,0.6268769841,1.253753968,72.298089,4.979384725,-0.3040648352
166,0.6650888529,0.2488028095,0.6167984632,1.233596926,72.68036926,4.953194428,-0.2977019778
167,0.7035107464,0.3010002891,0.6358664925,1.271732985,68.9339745,5.222388563,-0.3594435344
168,0.6112068196,0.2075334194,0.5748944739,1.149788948,77.86883815,4.623158744,-0.2101503256
169,0.6542302751,0.2466589408,0.6059510045,1.211902009,73.62818262,4.889432106,-0.2818695558
170,0.6694432483,0.2888936659,0.6038995881,1.207799176,71.83406828,5.011549653,-0.3117700064
171,0.6700669152,0.185324449,0.6439289708,1.287857942,72.82758238,4.943182078,-0.2952481416
172,0.6909697566,0.2613444367,0.6396391873,1.279278375,70.42592485,5.111753957,-0.335025279
173,0.6911261554,0.2396327335,0.6482526634,1.296505327,70.64958845,5.095571084,-0.3313446657
174,0.647987441,0.2259885141,0.6073029846,1.214605969,74.37149953,4.840563956,-0.2693988904
175,0.6698900768,0.2133911323,0.6349936532,1.269987306,72.61990447,4.957318557,-0.2987092726
176,0.6796828556,0.2238650249,0.6417579254,1.283515851,71.72192134,5.01938589,-0.3136291832
177,0.6899704793,0.2356347129,0.6484871196,1.296974239,70.78170889,5.086059741,-0.3291681127
178,0.6452272245,0.1909749584,0.6163170746,1.232634149,74.89800157,4.806536789,-0.2605381834
179,0.6443480404,0.1887321043,0.6160881349,1.23217627,74.9909695,4.800578021,-0.2589712833
180,0.6545126221,0.215006106,0.618190219,1.236380438,73.90382147,4.871196007,-0.2772505714
181,0.6732169548,0.1778610265,0.6492969455,1.298593891,72.62059327,4.957271536,-0.2986977995
182,0.6288585079,0.2179178025,0.5898939348,1.17978787,76.14769064,4.727654864,-0.2394199751
183,0.6928247053,0.2347758595,0.651833083,1.303666166,70.56408156,5.101745705,-0.3327523682
184,0.6574187843,0.2062557121,0.624225952,1.248451904,73.72849839,4.882779493,-0.280189276
185,0.6879101995,0.280097414,0.6283039721,1.256607944,70.44116633,5.110647917,-0.3347746263
186,0.6935877949,0.1562085504,0.6757683908,1.351536782,71.12301341,5.061652801,-0.3235373877
187,0.6594818973,0.1877824729,0.6321820274,1.264364055,73.69554069,4.884963142,-0.2807414094
188,0.6907358877,0.2360482887,0.6491511934,1.298302387,70.71678321,5.090729296,-0.3302379182
189,0.7006773426,0.2118306221,0.6678896061,1.335779212,70.16251702,5.130944774,-0.3393533733
190,0.7373521964,0.2638089514,0.688544188,1.377088376,66.90005089,5.381161826,-0.3923362997
191,0.6638126732,0.2139993457,0.628372139,1.256744278,73.12227295,4.923260526,-0.2903302235
192,0.6201165622,0.2650742408,0.5606069903,1.121213981,76.50437562,4.705613203,-0.2333711042
193,0.7235576515,0.2526769774,0.6780044397,1.356008879,68.02876704,5.291878946,-0.3741410262
194,0.6608118553,0.1943801918,0.6315763209,1.263152642,73.53412709,4.895686047,-0.2834441924
195,0.6677708352,0.2494324526,0.6194363082,1.238872616,72.44866238,4.969035841,-0.301560219
196,0.6628391865,0.2500595025,0.6138615743,1.227723149,72.8567535,4.941202877,-0.294761668
197,0.6495839181,0.2206456094,0.610962177,1.221924354,74.28039928,4.846500604,-0.2709297641
198,0.6696877589,0.2509852957,0.6208768604,1.241753721,72.27197994,4.981183583,-0.3044989163
199,0.6853336262,0.2007454414,0.6552735665,1.310547133,71.46613797,5.037350698,-0.317865064
200,0.6773967146,0.2445890501,0.6316981127,1.263396225,71.70391368,5.020646454,-0.3139276031
201,0.6287421905,0.2393093014,0.5814187823,1.162837565,75.96727669,4.738882525,-0.2424760206
202,0.6715697848,0.1646889602,0.6510633781,1.302126756,72.84271815,4.942154949,-0.2949957388
203,0.6603651347,0.2063457493,0.6272986074,1.254597215,73.4775157,4.899457971,-0.2843915878
204,0.716523696,0.2485363544,0.6720386056,1.344077211,68.59725391,5.248023492,-0.3649214079
205,0.6555828563,0.1992499723,0.6245705165,1.249141033,73.94100571,4.868746327,-0.2766269674
206,0.6536097853,0.2581922471,0.6004519257,1.200903851,73.55758264,4.894124944,-0.2830515812
207,0.6629905328,0.1843939729,0.6368322459,1.273664492,73.42408802,4.903023105,-0.2852854488
208,0.670038373,0.1757006543,0.6465916032,1.293183206,72.89725818,4.938457344,-0.2940860632
209,0.6102231244,0.235699894,0.5628657225,1.125731445,77.7342399,4.631163828,-0.2124464669
210,0.6411102862,0.1923710849,0.611568283,1.223136566,75.24913199,4.784108341,-0.2546165986
211,0.6144411599,0.1871566635,0.5852438144,1.170487629,77.7061542,4.632837691,-0.2129254396
212,0.6888416844,0.1972376543,0.6600001317,1.320000263,71.21396599,5.055188192,-0.3220349375
213,0.6646139947,0.2218493539,0.6264939154,1.252987831,72.98550263,4.932486412,-0.2926136661
214,0.6239693794,0.2154218625,0.5856032852,1.17120657,76.6159809,4.698758611,-0.2314765685
215,0.6506885704,0.2660262777,0.5938228989,1.187645798,73.72225525,4.88319299,-0.2802938731
216,0.6506515223,0.1982318787,0.6197189086,1.239437817,74.37266282,4.840488243,-0.2693793377
217,0.6044895328,0.1675911329,0.580793257,1.161586514,78.76132787,4.570771084,-0.1948964084
218,0.6681138228,0.2186805853,0.6313120321,1.262624064,72.72115849,4.950416186,-0.2970222747
219,0.6978423394,0.1833132653,0.6733351153,1.346670231,70.61020513,5.098413173,-0.3319931263
220,0.6421042727,0.1711729839,0.6188680849,1.23773617,75.30511986,4.780551451,-0.2536715101
221,0.6265301351,0.2509542057,0.5740749053,1.148149811,76.05572856,4.733371264,-0.2409780263
222,0.6907200232,0.275414387,0.6334359209,1.266871842,70.27665233,5.12261168,-0.3374788738
223,0.6778686361,0.2170095305,0.6421937024,1.284387405,71.93187547,5.00473535,-0.3101475793
224,0.673998696,0.1978159852,0.644315977,1.288631954,72.40927775,4.971738584,-0.3022155393
225,0.6649966572,0.2436274947,0.6187618265,1.237523653,72.74240783,4.948970082,-0.2966681206
226,0.6542238283,0.2244644984,0.6145115999,1.2290232,73.84500445,4.875075879,-0.2782367326
227,0.6790393855,0.2203696604,0.6422863067,1.284572613,71.80632024,5.013486261,-0.3122301262
228,0.6613773261,0.2416209012,0.6156616827,1.231323365,73.06868205,4.926871403,-0.2912251458
229,0.6636223951,0.2635657253,0.6090384156,1.218076831,72.63996085,4.955949808,-0.2983751862
230,0.6992679896,0.1917621093,0.6724604187,1.344920837,70.43605116,5.11101906,-0.33485875
231,0.6980223,0.286816976,0.6363734388,1.272746878,69.55493114,5.175765314,-0.3493092055
232,0.6737696538,0.1888896361,0.6467505329,1.293501066,72.49630255,4.965770492,-0.3007673448
233,0.652338372,0.1935879298,0.6229518962,1.245903792,74.26237607,4.847676833,-0.2712325502
234,0.666090633,0.1672786285,0.6447438188,1.289487638,73.28008356,4.912658154,-0.2876934487
235,0.6846663185,0.2600476524,0.6333586553,1.266717311,70.94461167,5.074381148,-0.3264820432
236,0.6542132309,0.2068014147,0.6206674845,1.241334969,73.9981734,4.864984951,-0.2756680009
237,0.6662402835,0.2663657515,0.6106761841,1.221352368,72.38651356,4.973302101,-0.302594247
238,0.616837029,0.2248238921,0.5744059,1.1488118,77.20131828,4.663132807,-0.221526061
239,0.6487198725,0.2488347932,0.5990982546,1.198196509,74.0840923,4.859342793,-0.2742262276
240,0.6878551043,0.225986758,0.6496727097,1.299345419,71.04381792,5.067295235,-0.324844958
241,0.6576935647,0.2346968118,0.6143925712,1.228785142,73.45119102,4.901213922,-0.2848320384
242,0.6446969333,0.2102144266,0.609462083,1.218924166,74.79588947,4.813098722,-0.2622584104
243,0.6387574091,0.2292939248,0.596183968,1.192367936,75.15577261,4.790051217,-0.2561919859
244,0.7035195357,0.2338808944,0.6635054366,1.327010873,69.73786558,5.162188389,-0.3463157447
245,0.6170043154,0.1727067745,0.5923400166,1.184680033,77.55757063,4.641713208,-0.2154585255
246,0.669675854,0.1967967149,0.6401068679,1.280213736,72.77390001,4.946828464,-0.2961431781
247,0.6347827453,0.199266409,0.6026956379,1.205391276,75.7603652,4.751825035,-0.2459779484
248,0.6702360774,0.2761063348,0.6107222703,1.221444541,71.93377604,5.00460312,-0.3101160437
249,0.6686757629,0.2278259686,0.6286673237,1.257334647,72.5904669,4.959328895,-0.2991995585
250,0.6729241252,0.2392536278,0.6289551493,1.257910299,72.12640929,4.991236962,-0.3069179677
251,0.6634436827,0.2426020185,0.6174963811,1.234992762,72.88382584,4.939367491,-0.2943101266
252,0.6769533376,0.1854011254,0.6510700761,1.302140152,72.26144366,4.981909879,-0.3046740714
253,0.6634184512,0.1937943769,0.6344822935,1.268964587,73.31903743,4.910048094,-0.2870422523
254,0.6486546052,0.23622035,0.6041131874,1.208226375,74.21703722,4.850638256,-0.271994114
255,0.6571356876,0.1961663928,0.6271730688,1.254346138,73.83229704,4.875914937,-0.278449754
256,0.6411684834,0.2346833761,0.596674733,1.193349466,74.89088615,4.806993461,-0.2606580798
257,0.6734406984,0.2412968881,0.6287274339,1.257454868,72.06296028,4.995631578,-0.3079717261
258,0.6631850138,0.2491419795,0.6146077095,1.229215419,72.83731179,4.942521781,-0.2950858971
259,0.6712398117,0.2306150366,0.6303805119,1.260761024,72.35092667,4.975748295,-0.3031861792
260,0.6885967063,0.2344708775,0.6474479373,1.294895875,70.90264925,5.077384327,-0.327174206
261,0.6394550348,0.1980451872,0.6080138529,1.216027706,75.35350418,4.777481869,-0.2528545762
262,0.6956539085,0.214359871,0.6618037519,1.323607504,70.5325195,5.104028646,-0.3332717882
263,0.6527655894,0.1952830197,0.6228703371,1.245740674,74.21291427,4.850907737,-0.2720633596
264,0.6199016169,0.2059209347,0.5847004218,1.169400844,77.06613747,4.671312354,-0.2238261732
265,0.627349958,0.2017124798,0.594037074,1.188074148,76.4131877,4.711228662,-0.2349183919
266,0.7037904851,0.2219157533,0.6678880485,1.335776097,69.83128035,5.155282821,-0.3447857818
267,0.6751819202,0.2206467313,0.6381109976,1.276221995,72.11899635,4.99175,-0.3070411009
268,0.675289976,0.2608524865,0.622874411,1.245748822,71.69829728,5.021039741,-0.3140206709
269,0.6385013236,0.1705778427,0.6152943521,1.230588704,75.62593136,4.760271953,-0.248251493
270,0.6559543896,0.1880629992,0.6284174326,1.256834865,73.99322991,4.865309981,-0.2757509369
271,0.6544161105,0.219271412,0.6165877825,1.233175565,73.87499661,4.873096671,-0.2777339028
272,0.6740037882,0.3028998582,0.6021069527,1.204213905,71.25910168,5.051986224,-0.3212890374
273,0.6547435215,0.2341421459,0.6114462646,1.222892529,73.70952383,4.884036435,-0.2805071641
274,0.6724670813,0.2457116603,0.6259694525,1.251938905,72.09756727,4.993233664,-0.3073970214
275,0.6640742235,0.2480417597,0.6160112497,1.232022499,72.77392593,4.946826702,-0.296142746
276,0.6416027276,0.2759636901,0.5792219797,1.158443959,74.40620556,4.838306123,-0.2688155013
277,0.6969225799,0.1475598397,0.6811219979,1.362243996,70.91191049,5.07672121,-0.3270214586
278,0.7061559139,0.2091303826,0.6744780633,1.348956127,69.7628558,5.160339207,-0.3459065407
279,0.7245150812,0.2297118598,0.6871350408,1.374270082,68.19369646,5.279080306,-0.371469983
280,0.6428634355,0.231134846,0.5998750534,1.199750107,74.77412388,4.81449974,-0.262624976
281,0.6723479384,0.2524627375,0.6231487114,1.246297423,72.03506456,4.997566147,-0.3084348976
282,0.5918012156,0.217859608,0.5502416469,1.100483294,79.67653323,4.518268873,-0.1792051723
283,0.6459554669,0.1401266023,0.6305735488,1.261147098,75.14448893,4.790770489,-0.2563823457
284,0.6444722823,0.2507224597,0.5937025946,1.187405189,74.43762785,4.836263734,-0.268287225
285,0.6611478792,0.1956965216,0.6315214879,1.263042976,73.49571866,4.898244504,-0.2840869903
286,0.665710095,0.2600895322,0.6127996131,1.225599226,72.5038309,4.965254877,-0.3006420316
287,0.6148014644,0.2177083325,0.5749642794,1.149928559,77.45115689,4.648090674,-0.2172718013
288,0.6264357316,0.2058543461,0.5916466124,1.183293225,76.46521625,4.708023042,-0.2340356377
289,0.6297986377,0.1831321326,0.6025852189,1.205170438,76.32227068,4.716840796,-0.2364604903
290,0.6489339669,0.2218691582,0.609827328,1.219654656,74.32607669,4.843522167,-0.2701622738
291,0.6453165608,0.2426764962,0.5979478086,1.195895617,74.44592827,4.83572451,-0.2681476637
292,0.6557374385,0.2444925062,0.6084529584,1.216905917,73.52081283,4.896572632,-0.2836670325
293,0.6608386856,0.2520772464,0.6108721881,1.221744376,73.00468365,4.931190466,-0.2922935305
294,0.7155156719,0.259443478,0.666822134,1.333644268,68.55249901,5.251449695,-0.3656485494
295,0.6829438188,0.2343600186,0.6414730247,1.282946049,71.35726815,5.045036186,-0.319666077
296,0.673214914,0.2334331125,0.6314485746,1.262897149,72.1603308,4.988890655,-0.3063544462
297,0.6394290835,0.2680768835,0.5805207467,1.161041493,74.69476173,4.819615079,-0.2639612336
298,0.6974999966,0.2217263385,0.6613196474,1.322639295,70.32154115,5.119341728,-0.3367412755
299,0.6928390021,0.2628842156,0.6410286826,1.282057365,70.2600504,5.123822114,-0.3377516187
300,0.614300769,0.1779058585,0.5879752888,1.175950578,77.77759622,4.628582233,-0.2117069691
301,0.6467771853,0.243126789,0.5993413817,1.198682763,74.3129837,4.844375533,-0.270382285
302,0.637502771,0.1935664389,0.6074058089,1.214811618,75.55978832,4.76443897,-0.249369603
303,0.6455089268,0.1391578228,0.6303307663,1.260661533,75.18800317,4.787997883,-0.2556481899
304,0.7295418311,0.2097896659,0.6987271137,1.397454227,68.00513175,5.293718146,-0.3745235478
305,0.632503534,0.1620123933,0.6114022448,1.22280449,76.21008235,4.723784425,-0.2383625633
306,0.6948272112,0.1851944915,0.6696923575,1.339384715,70.8325646,5.082408099,-0.3283298484
307,0.6230854559,0.2198663192,0.5830045343,1.166009069,76.66100262,4.695999109,-0.2307120612
308,0.6239191799,0.2159459756,0.5853567106,1.170713421,76.61634901,4.698736035,-0.2314703182
309,0.708643253,0.200951187,0.6795541778,1.359108356,69.64065064,5.169394552,-0.3479069698
310,0.6868435527,0.2374299366,0.6445006525,1.289001305,71.01313897,5.069484397,-0.3253513213
311,0.6491149758,0.1916948135,0.6201639705,1.240327941,74.55461454,4.828674955,-0.2663197189
312,0.6572887943,0.2170009918,0.6204346289,1.240869258,73.6489033,4.888056493,-0.2815225569
313,0.7278603659,0.3185171403,0.6544673739,1.308934748,66.85359491,5.384901149,-0.3930819712
314,0.65651759,0.2367900072,0.6123282114,1.224656423,73.53136319,4.895870067,-0.2834904529
315,0.6304433849,0.1911628784,0.6007625283,1.201525057,76.20922591,4.72383751,-0.2383770799
316,0.6552124459,0.2015983333,0.62342719,1.24685438,73.95428175,4.867872305,-0.2764042913
317,0.7000185202,0.2395790782,0.6577444746,1.315488949,69.95182323,5.146399098,-0.3428101565
318,0.7117349107,0.2646504673,0.6607016825,1.321403365,68.77759399,5.234262776,-0.3619891358
319,0.6345258334,0.2149279351,0.5970167635,1.194033527,75.65987274,4.758136473,-0.247677605
320,0.6726344669,0.2421569333,0.6275325854,1.255065171,72.12070303,4.991631873,-0.3070127523
321,0.6904018307,0.2284212467,0.6515200855,1.303040171,70.817932,5.083458241,-0.3285710669
322,0.6700182196,0.2728435993,0.6119483516,1.223896703,71.99234946,5.000531344,-0.3091439834
323,0.609034518,0.222563238,0.5669115003,1.133823001,77.95917222,4.617801726,-0.2086086456
324,0.706927807,0.2832804285,0.6476875196,1.295375039,68.9134673,5.223942635,-0.3597775086
325,0.6236514636,0.2134292668,0.5859941093,1.171988219,76.66129808,4.69598101,-0.2307070435
326,0.5916489387,0.1934564462,0.5591270608,1.118254122,79.85503638,4.508169006,-0.1761392739
327,0.7096066348,0.2589214813,0.6606824068,1.321364814,69.00533937,5.216987603,-0.3582809481
328,0.6531204333,0.2291913303,0.6115861628,1.223172326,73.89645224,4.87168178,-0.2773741443
329,0.6421463785,0.2283205355,0.6001847253,1.200369451,74.86354868,4.808748802,-0.2611186852
330,0.6239590258,0.2172738524,0.5849076328,1.169815266,76.60183425,4.699626367,-0.2317167613
331,0.6374062813,0.1976093058,0.6060010972,1.212002194,75.53862493,4.765773805,-0.2497272876
332,0.7394346798,0.2918625527,0.6793967148,1.35879343,66.4040707,5.421354387,-0.4002839267
333,0.7037126275,0.2655478347,0.6516868954,1.303373791,69.38009186,5.18880835,-0.3521668728
334,0.6731235634,0.2516035309,0.6243324393,1.248664879,71.98029405,5.001368843,-0.3093440765
335,0.6917386684,0.2400622407,0.6487468736,1.297493747,70.59665699,5.099391605,-0.332216165
336,0.6597654697,0.1868149586,0.6327642896,1.265528579,73.67854389,4.886090047,-0.2810261168
337,0.6362610468,0.2456286649,0.5869366905,1.173873381,75.22256291,4.785798118,-0.255065006
338,0.6436328303,0.2941291053,0.5724956678,1.144991336,73.99050037,4.865489464,-0.2757967291
339,0.668212342,0.2546834381,0.6177734863,1.235546973,72.35463911,4.975492995,-0.3031244341
340,0.6893261981,0.1985767791,0.6601044389,1.320208878,71.16479268,5.058681216,-0.3228473348
341,0.6869613109,0.1956025643,0.6585252307,1.317050461,71.37674298,5.04365967,-0.3193439931
342,0.6539416753,0.1771013426,0.6295036372,1.259007274,74.24145731,4.849042746,-0.271583947
343,0.617507662,0.2311732054,0.572603407,1.145206814,77.08364579,4.670251339,-0.2235283377
344,0.7237604197,0.2773519986,0.6685095467,1.337019093,67.72543342,5.3155806,-0.3790454245
345,0.6663280242,0.1997190297,0.6356928071,1.271385614,73.02949356,4.92951522,-0.2918793989
346,0.6312973497,0.1628870247,0.6099214383,1.219842877,76.31298879,4.717414502,-0.2366178926
347,0.6708394815,0.2440094553,0.6248879865,1.249775973,72.2502172,4.982683983,-0.3048606887
348,0.6666746844,0.1870611786,0.6398931554,1.279786311,73.09666135,4.924985538,-0.2907579471
349,0.6502700779,0.2082120711,0.6160348266,1.232069653,74.32658713,4.843488903,-0.2701536961
350,0.7126826817,0.2322832895,0.6737663379,1.347532676,69.05323933,5.21336875,-0.3575003106
351,0.6683612004,0.1397210193,0.6535937048,1.30718741,73.25021571,4.914661295,-0.288192663
352,0.6492909758,0.1941235271,0.6195924688,1.239184938,74.52142038,4.830825797,-0.2668780982
353,0.66052315,0.2611922443,0.6066872697,1.213374539,72.93024803,4.936223443,-0.2935356947
354,0.6595420118,0.1950092239,0.6300532263,1.260106453,73.63675325,4.888863021,-0.2817260322
355,0.7057461589,0.2180214955,0.6712259443,1.342451889,69.71624838,5.16378905,-0.3466696638
356,0.6425577247,0.2453041822,0.5938908046,1.187781609,74.66317971,4.821653744,-0.2644928541
357,0.6856704204,0.1577758631,0.6672710862,1.334542172,71.74141027,5.018022348,-0.313306181
358,0.6673049296,0.2253061555,0.6281186236,1.256237247,72.72838369,4.949924386,-0.2969018597
359,0.6611901003,0.2642733013,0.6060791788,1.212158358,72.8380089,4.942474478,-0.295074272
360,0.6629556831,0.2490930108,0.614380102,1.228760204,72.85722168,4.941171125,-0.2947538599
361,0.6547034138,0.2238332203,0.6152521836,1.230504367,73.80950904,4.877420331,-0.278831728
362,0.6545955647,0.238238596,0.6097029808,1.219405962,73.6821919,4.885848137,-0.2809650125
363,0.6674346784,0.2145997371,0.6319936731,1.263987346,72.81370727,4.944124033,-0.2954795037
364,0.6807479141,0.2235518198,0.642994795,1.28598959,71.63837242,5.025239796,-0.3150134802
365,0.6856843156,0.2244483985,0.6479088648,1.29581773,71.23195783,5.053911347,-0.3217376331
366,0.6320439141,0.2031622949,0.5985019559,1.197003912,75.97691016,4.73828166,-0.2423128991
367,0.6316090389,0.1522666229,0.6129803044,1.225960609,76.34399094,4.715498831,-0.2360921338
368,0.6882973071,0.2644784503,0.6354560034,1.270912007,70.60210179,5.098998342,-0.3321265313
369,0.6916262057,0.259769955,0.640988595,1.28197719,70.39198535,5.114218589,-0.3355833433
370,0.6905380594,0.234318561,0.6495672586,1.299134517,70.74970363,5.088360538,-0.3296955288
371,0.6928807071,0.2813949023,0.6331671053,1.266334211,70.02959494,5.140683739,-0.341534719
372,0.6749168029,0.2098672678,0.6414580429,1.282916086,72.23538913,4.9837068,-0.3051071574
373,0.6665393846,0.2407858839,0.621527883,1.243055766,72.64200404,4.955810412,-0.29834115
374,0.6224263502,0.2470065314,0.5713163177,1.142632635,76.47595094,4.707362192,-0.2338534813
375,0.6653723472,0.2362855826,0.6220044082,1.244008816,72.78505262,4.946070478,-0.2959572539
376,0.6512908165,0.2635344191,0.5955915862,1.191183172,73.69853247,4.884764838,-0.2806912925
377,0.644805809,0.1980502521,0.6136372128,1.227274426,74.88237664,4.80753972,-0.2608014619
378,0.6605846536,0.2603627093,0.6071106523,1.214221305,72.93445264,4.935938873,-0.2934655423
379,0.6338296389,0.2360889994,0.588219343,1.176438686,75.53505111,4.765999291,-0.2497876859
380,0.7092016125,0.2672277566,0.6569294126,1.313858825,68.93956469,5.221965088,-0.3593524861
381,0.6795279053,0.2470754434,0.6330180878,1.266036176,71.50380266,5.034697269,-0.3172417165
382,0.6743120644,0.2290992952,0.6342004991,1.268400998,72.11181558,4.992247069,-0.3071603727
383,0.619373414,0.1970573158,0.5871897822,1.174379564,77.17985011,4.664429893,-0.2218914263
384,0.6499785657,0.2495516974,0.6001633829,1.200326766,73.9666559,4.867057941,-0.2761967291
385,0.703469518,0.264416722,0.6518843148,1.30376863,69.41215675,5.186411385,-0.3516430318
386,0.6824004689,0.2613130651,0.6303855026,1.260771005,71.11291982,5.062371239,-0.323704074
387,0.6988040624,0.1661041612,0.6787757548,1.35755151,70.65315316,5.095313994,-0.3312859636
388,0.6441486234,0.2155430672,0.6070161738,1.214032348,74.79957766,4.812861399,-0.262196292
389,0.6661232268,0.2510451724,0.6170060573,1.234012115,72.56938071,4.960769907,-0.2995507027
390,0.6546317547,0.1671967515,0.6329202007,1.265840401,74.24658071,4.848708137,-0.2714978867
391,0.6253512558,0.2144993448,0.5874131631,1.174826326,76.49642456,4.706102306,-0.2335060424
392,0.7263711388,0.208644518,0.6957603729,1.391520746,68.24752857,5.274916287,-0.3705975011
393,0.6496012479,0.1601942305,0.6295391884,1.259078377,74.72037924,4.817962699,-0.2635299548
394,0.6637243738,0.1996406905,0.6329878664,1.265975733,73.2481475,4.914800064,-0.2882272284
395,0.63781718,0.1960748449,0.6069311413,1.213862283,75.51347791,4.767360873,-0.2501522559
396,0.7097046615,0.2086104172,0.6783527109,1.356705422,69.49592285,5.180160004,-0.3502740336
397,0.6727397486,0.231209645,0.631760136,1.263520272,72.2211504,4.98468936,-0.3053438112
398,0.6998856694,0.2202013908,0.6643427562,1.328685512,70.14948561,5.13189793,-0.339567309
399,0.7341469653,0.2504010266,0.690123969,1.380247938,67.27974826,5.350792911,-0.3862320982
400,0.6545692845,0.2451650962,0.6069225847,1.213845169,73.61443002,4.890345547,-0.2820998434
401,0.6631000835,0.2542560703,0.6124178079,1.224835616,72.78917999,4.945790021,-0.2958884441
402,0.6918802509,0.2604630297,0.6409815065,1.281963013,70.36391073,5.11625912,-0.3360448832
403,0.6666545669,0.2813701842,0.604366719,1.208733438,72.16671282,4.988449466,-0.3062484129
404,0.6368707379,0.1630814086,0.6156368987,1.231273797,75.81537316,4.748377341,-0.245047263
405,0.7080321559,0.1572266682,0.6903544803,1.380708961,69.99699153,5.143078183,-0.342069484
406,0.7029505546,0.2357228001,0.6622493818,1.324498764,69.76349641,5.160291822,-0.3458960501
407,0.6803519146,0.2186433806,0.6442622135,1.288524427,71.71528293,5.019850516,-0.3137391975
408,0.6231808025,0.2101199127,0.5866889592,1.173377918,76.7308109,4.691726775,-0.2295263754
409,0.659113883,0.2884884437,0.5926259602,1.18525192,72.71333712,4.950948674,-0.29715262
410,0.6759056687,0.2097032442,0.6425519608,1.285103922,72.15574442,4.98920776,-0.3064306438
411,0.6412299596,0.2072332281,0.606819784,1.213639568,75.12525677,4.791996932,-0.2567067762
412,0.6186578647,0.1476898599,0.6007705543,1.201541109,77.54091923,4.642709985,-0.2157423123
413,0.6822705518,0.2380209044,0.6394053135,1.278810627,71.375096,5.043776054,-0.3193712332
414,0.6382406604,0.1916105731,0.6087992517,1.217598503,75.50838506,4.76768242,-0.250238316
415,0.6732744683,0.2225846555,0.635416856,1.270833712,72.25818176,4.982134773,-0.3047282951
416,0.6679767835,0.1840082265,0.6421323508,1.284264702,73.01032933,4.930809151,-0.2921992965
417,0.6876242449,0.2428604632,0.6433085555,1.286617111,70.89510585,5.077924571,-0.3272986144
418,0.6589804389,0.2085985799,0.6250934741,1.250186948,73.57636685,4.892875463,-0.2827371271
419,0.6906900922,0.2611128389,0.6394316921,1.278863384,70.45079672,5.109949309,-0.3346162382
420,0.6385738259,0.2047384053,0.6048625601,1.20972512,75.38034123,4.775780981,-0.2524013743
421,0.6304713641,0.1956528355,0.599344733,1.198689466,76.1746724,4.725980285,-0.2389627241
422,0.6935601371,0.1979303029,0.6647174279,1.329434856,70.83486448,5.082243082,-0.3282919328
423,0.6366869009,0.2187294057,0.5979361646,1.195872329,75.43414866,4.7723744,-0.2514925524
424,0.6267462611,0.1878819069,0.5979224572,1.195844914,76.56684771,4.701773819,-0.2323107289
425,0.7376446691,0.3351402327,0.6571154254,1.314230851,65.88708886,5.463892946,-0.4085361499
426,0.6881227489,0.2352194129,0.6466720539,1.293344108,70.93302563,5.075209986,-0.3266731704
427,0.6595781508,0.2695022024,0.6020065614,1.204013123,72.913744,4.937340757,-0.293811043
428,0.7149417772,0.2880999802,0.6543241904,1.308648381,68.24298539,5.275267457,-0.3706711471
429,0.6641733941,0.1820911883,0.6387245858,1.277449172,73.34117845,4.908565796,-0.2866720591
430,0.6935370661,0.2324479115,0.6534230104,1.306846021,70.53082607,5.104151192,-0.3332996543
431,0.6537085664,0.2534253969,0.6025864735,1.205172947,73.60139603,4.891211572,-0.2823180827
432,0.6689015316,0.2483417381,0.6210922959,1.242184592,72.36587856,4.97472023,-0.3029374922
433,0.6756023387,0.2496087945,0.6278008998,1.2556018,71.79768678,5.014089118,-0.3123732718
434,0.6628904684,0.2225158581,0.6244281111,1.248856222,73.12453144,4.923108468,-0.290292503
435,0.6701608695,0.1954900608,0.6410142176,1.282028435,72.74385453,4.948871659,-0.2966440075
436,0.6337260911,0.257467503,0.5790675638,1.158135128,75.32840274,4.779073854,-0.2532784181
437,0.6986070732,0.2738578816,0.6426925419,1.285385084,69.67548593,5.166810036,-0.3473368967
438,0.6871000513,0.2732053625,0.6304484994,1.260896999,70.59268166,5.09967877,-0.3322816061
439,0.6288144819,0.1721008294,0.6048048918,1.209609784,76.48147403,4.707022251,-0.233759757
440,0.6570403845,0.237112482,0.6127640147,1.225528029,73.48340259,4.899065467,-0.2842930832
441,0.6874815024,0.265238523,0.6342549504,1.268509901,70.65833728,5.094940156,-0.3312005917
442,0.6850157574,0.1594053512,0.6662105687,1.332421137,71.7838815,5.015053414,-0.3126021531
443,0.6503737949,0.2387066634,0.6049836378,1.209967276,74.04290649,4.862045766,-0.2749174287
444,0.6621071225,0.2257691024,0.6224260229,1.244852046,73.16083478,4.92066556,-0.2896861167
445,0.693542803,0.2558469555,0.644626989,1.289253978,70.28489561,5.12201088,-0.3373434384
446,0.6637280945,0.2591962016,0.6110256234,1.222051247,72.68105203,4.953147897,-0.2976906014
447,0.640876066,0.1829777607,0.6141996996,1.228399399,75.33580245,4.778604439,-0.2531534779
448,0.6766789601,0.2898011453,0.6114815707,1.222963141,71.22274948,5.054564765,-0.3218897995
449,0.7193339856,0.2734440756,0.6653342921,1.330668584,68.10157819,5.286221106,-0.3729622255
450,0.6329494999,0.2465385079,0.5829612624,1.165922525,75.51280247,4.767403516,-0.2501636698
451,0.6775873349,0.2500373019,0.629766579,1.259533158,71.63038434,5.025800201,-0.3151457972
452,0.6794068649,0.2659956634,0.6251719725,1.250343945,71.3012622,5.048998979,-0.320592124
453,0.6730439911,0.2187652298,0.6364982233,1.272996447,72.31178796,4.978441415,-0.3038370551
454,0.6999312015,0.2812805058,0.6409250845,1.281850169,69.47869962,5.181444125,-0.3505555759
455,0.6253032507,0.2108766395,0.5886724032,1.177344806,76.52978202,4.704051031,-0.2329399001
456,0.6630155984,0.2567450926,0.611286873,1.222573746,72.76880365,4.947174915,-0.2962281352
457,0.6801649265,0.2152361833,0.6452113705,1.290422741,71.76077114,5.016668498,-0.3129852652
458,0.6290228632,0.2040806461,0.5949965145,1.189993029,76.24318224,4.721733661,-0.2378014729
459,0.6824427783,0.2559626779,0.6326225203,1.265245041,71.17031004,5.058289051,-0.3227561938
460,0.6848842414,0.1667736323,0.6642687556,1.328537511,71.74817663,5.017549113,-0.3131940294
461,0.6785800318,0.2782656683,0.6189015086,1.237803017,71.21828681,5.054881493,-0.3219635414
462,0.6383523237,0.2704970592,0.578208466,1.156416932,74.76328579,4.815197676,-0.2628074917
463,0.6487822374,0.195046566,0.6187691238,1.237538248,74.55861208,4.82841606,-0.2662524677
464,0.6689631787,0.1861794673,0.6425332213,1.285066443,72.91281442,4.937403704,-0.2938265512
465,0.6151215775,0.2110568652,0.5777798498,1.1555597,77.47317367,4.646769752,-0.2168966997
466,0.6376008353,0.2353626579,0.5925700334,1.185140067,75.20261485,4.787067587,-0.2554016341
467,0.6731490164,0.2985688651,0.6033127141,1.206625428,71.39211476,5.042573696,-0.3190897413
468,0.6967586894,0.2916298124,0.6327912166,1.265582433,69.58888645,5.173239843,-0.3487538435
469,0.6877038643,0.2187807922,0.6519751299,1.30395026,71.12237182,5.061698461,-0.3235479831
470,0.654264526,0.188752751,0.6264459027,1.252891805,74.13263775,4.856160673,-0.2734113316
471,0.6892740577,0.2046746275,0.6581846424,1.316369285,71.11934485,5.061913896,-0.3235979716
472,0.6438461078,0.1972468664,0.6128878235,1.225775647,74.97252726,4.8017589,-0.259282167
473,0.6698682979,0.2529407708,0.6202777628,1.240555526,72.23566878,4.983687506,-0.3051025094
474,0.6530740114,0.3124014517,0.5735076263,1.147015253,72.89345816,4.938714791,-0.2941494525
475,0.7069548025,0.2232191471,0.670789315,1.34157863,69.5759331,5.174202974,-0.3489657186
476,0.6596496191,0.22325312,0.6207218897,1.241443779,73.39216848,4.905155515,-0.2858193538
477,0.6231773131,0.1766477365,0.5976165499,1.1952331,76.96547898,4.67742168,-0.2255380768
478,0.7056826372,0.3098281916,0.6340303432,1.268060686,68.63806498,5.244903103,-0.3642581483
479,0.6650263265,0.2220269322,0.6268684522,1.253736904,72.94926841,4.934936399,-0.293218334
480,0.6377500995,0.2578339648,0.5833068113,1.166613623,74.96072774,4.802514742,-0.2594810591
481,0.6479759068,0.1525039933,0.6297740133,1.259548027,74.90451967,4.80611853,-0.2604283483
482,0.6568137588,0.166522908,0.6353537872,1.270707574,74.06505463,4.860591837,-0.274545745
483,0.623798579,0.2421158811,0.5748952664,1.149790533,76.39596424,4.712290807,-0.2352105748
484,0.652579936,0.165578643,0.6312244338,1.262448868,74.43204129,4.836626724,-0.2683811531
485,0.6822382256,0.187817455,0.6558762078,1.311752416,71.81514789,5.012869994,-0.3120837534
486,0.6868945972,0.2313038183,0.6467787344,1.293557469,71.06968978,5.065450561,-0.3244178644
487,0.6343463576,0.2457293269,0.5848182618,1.169636524,75.39435272,4.774893437,-0.252164738
488,0.6889994541,0.2934763099,0.6233714007,1.246742801,70.17618487,5.129945446,-0.3391289703
489,0.6519901905,0.2187739908,0.6141898318,1.228379664,74.08838387,4.859061316,-0.2741541963
490,0.5998735342,0.2541540069,0.5433727982,1.086745596,78.57111695,4.581836354,-0.1981514741
491,0.642727038,0.1900523731,0.6139854566,1.227970913,75.12360684,4.792102178,-0.2567346078
492,0.6853427067,0.2807638177,0.6251930136,1.250386027,70.6383779,5.096379768,-0.3315292673
493,0.6581881082,0.2263111625,0.6180573141,1.236114628,73.48852352,4.898724083,-0.2842073928
494,0.6211615072,0.2190329281,0.5812625865,1.162525173,76.84600404,4.684693817,-0.2275690887
495,0.6713172463,0.2143221255,0.6361861927,1.272372385,72.49360171,4.965955499,-0.3008123004
496,0.6362650328,0.1618894729,0.6153251096,1.230650219,75.87598513,4.744584197,-0.2440215012
497,0.6774621661,0.2418435946,0.6328243535,1.265648707,71.72707199,5.019025453,-0.3135438218
498,0.6739775192,0.2686394664,0.6181250144,1.236250029,71.71500822,5.019869745,-0.31374375
499,0.6380307735,0.2237075355,0.5975267412,1.195053482,75.2708414,4.782728522,-0.2542501674
500,0.6366101168,0.1954108706,0.605877077,1.211754154,75.62576246,4.760282585,-0.2482543485
501,0.6668342413,0.1754528491,0.6433383271,1.286676654,73.16469669,4.920405828,-0.2896216031
502,0.6426777934,0.2215208732,0.6032936672,1.206587334,74.8775501,4.80784961,-0.2608827847
503,0.6356494096,0.2475517245,0.5854641882,1.170928376,75.25820831,4.783531366,-0.2544634046
504,0.669669815,0.2379880359,0.6259547555,1.251909511,72.40888939,4.971765249,-0.3022220005
505,0.6680347855,0.2205969113,0.6305612399,1.26112248,72.7105598,4.951137785,-0.2971989035
506,0.677877957,0.1998897196,0.6477365395,1.295473079,72.07554727,4.994759161,-0.307762712
507,0.6822716605,0.2273460918,0.6432793898,1.28655878,71.47946899,5.036411225,-0.3176444524
508,0.6824719444,0.2880546849,0.6187022333,1.237404467,70.77414972,5.086602968,-0.32929269
509,0.6946182673,0.2618548942,0.6433712394,1.286742479,70.13170616,5.133198944,-0.3398591644
510,0.6830301056,0.2913345547,0.6177817595,1.235563519,70.68463296,5.093044767,-0.3307675133
511,0.6324076148,0.2229651543,0.5917988943,1.183597789,75.78259949,4.75043087,-0.2456017915
512,0.625507884,0.2357202188,0.5793928645,1.158785729,76.29819315,4.718329296,-0.2368687841
513,0.6413126094,0.180955763,0.6152535045,1.230507009,75.3110548,4.780174716,-0.2535713126
514,0.6081145172,0.1329046805,0.5934135252,1.18682705,78.58607331,4.580964347,-0.1978956057
515,0.6671063936,0.210310562,0.6330879938,1.266175988,72.87787467,4.939770838,-0.2944093923
516,0.6568117511,0.222290008,0.6180524482,1.236104896,73.64275593,4.888464527,-0.2816255078
517,0.6127113718,0.2366882732,0.5651494373,1.130298875,77.48795908,4.645883106,-0.2166447814
518,0.6835005714,0.2480919371,0.6368857211,1.273771442,71.17102667,5.058238118,-0.3227443556
519,0.6706704495,0.1868850866,0.644106215,1.28821243,72.76634493,4.947342076,-0.2962691217
520,0.6632076696,0.2581695965,0.6108951404,1.221790281,72.73661959,4.949363911,-0.2967645948
521,0.6892469153,0.2280739448,0.6504180087,1.300836017,70.91306773,5.076638362,-0.3270023713
522,0.6456202049,0.2342716006,0.6016163779,1.203232756,74.50155104,4.832114163,-0.2672122897
523,0.6838647594,0.2385666795,0.6409032287,1.281806457,71.24088784,5.053277843,-0.3215900584
524,0.650895405,0.2026039508,0.618559995,1.23711999,74.31756068,4.844077183,-0.2703053762
525,0.6375520612,0.1850212369,0.6101145569,1.220229114,75.61569754,4.760916208,-0.2484245115
526,0.653387487,0.214740898,0.6170912047,1.234182409,74.00281814,4.864679603,-0.275590075
527,0.6153169953,0.2615063259,0.5569824469,1.113964894,76.9975121,4.675475742,-0.2249933633
528,0.6392186413,0.2128218807,0.6027497976,1.205499595,75.25802818,4.783542815,-0.254466445
529,0.7342661493,0.2277584864,0.6980493177,1.396098635,67.49962985,5.33336258,-0.382689401
530,0.6701793147,0.2137495341,0.6351782825,1.270356565,72.59281274,4.959168634,-0.299160491
531,0.6565965175,0.22000549,0.6186409064,1.237281813,73.68159603,4.885887649,-0.2809749933
532,0.636598798,0.1605345532,0.6160249077,1.232049815,75.85422903,4.745945013,-0.2443897203
533,0.7047068876,0.2831814866,0.6453061622,1.290612324,69.08502007,5.210970477,-0.3569822341
534,0.662681548,0.2220308113,0.6243790138,1.248758028,73.14655404,4.921626244,-0.2899246663
535,0.6566418623,0.2706883182,0.5982527641,1.196505528,73.15126648,4.92130919,-0.2898459503
536,0.648519994,0.2569652254,0.5954385406,1.190877081,74.01432248,4.863923467,-0.2753970563
537,0.6969260427,0.2976628738,0.6301608703,1.260321741,69.4921498,5.180441259,-0.3503357132
538,0.682368841,0.2251698688,0.6441473165,1.288294633,71.49211644,5.035520249,-0.3174351371
539,0.6450319893,0.2571269056,0.5915674279,1.183134856,74.31937586,4.843958871,-0.2702748746
540,0.6156532986,0.1536578401,0.5961696506,1.192339301,77.78783116,4.627973227,-0.2115323814
541,0.6626313456,0.1588611321,0.643306646,1.286613292,73.62091486,4.889914784,-0.2819912566
542,0.7357397238,0.2470529822,0.6930207538,1.386041508,67.20043274,5.35710836,-0.3875086239
543,0.6526138357,0.2111187793,0.6175222097,1.235044419,74.1000867,4.858293911,-0.2739577634
544,0.66874972,0.2520298783,0.6194409806,1.238881961,72.33884567,4.976579273,-0.3033871011
545,0.7041560812,0.2423888651,0.6611228515,1.322245703,69.60255799,5.1722237,-0.3485302017
546,0.6490563823,0.2288822255,0.6073607777,1.214721555,74.25168371,4.848374905,-0.2714121667
547,0.6396925469,0.2376074814,0.5939269647,1.187853929,74.99421233,4.800370439,-0.2589166157
548,0.6824789122,0.2703414539,0.6266521873,1.253304375,70.99968828,5.070444797,-0.3255732986
549,0.6298488298,0.2346667113,0.5845007126,1.169001425,75.90985582,4.742467182,-0.2434481741
550,0.6775691736,0.2091593354,0.6444783607,1.288956721,72.02442711,4.998304248,-0.308611499
551,0.6521332098,0.265042781,0.5958439792,1.191687958,73.60784938,4.89078275,-0.2822100305
552,0.6412037334,0.1635889754,0.6199845763,1.239969153,75.43043772,4.772609187,-0.2515552385
553,0.6579495558,0.1644246931,0.6370731027,1.274146205,73.98173187,4.866066134,-0.2759438296
554,0.7036965287,0.2299745229,0.665056782,1.330113564,69.76240662,5.160372433,-0.3459138964
555,0.6597346485,0.2045023509,0.6272388659,1.254477732,73.54593072,4.894900322,-0.283246623
556,0.6358865285,0.2354547096,0.5906883754,1.181376751,75.35560148,4.777348902,-0.2528191606
557,0.6528351454,0.301956189,0.5788058284,1.157611657,73.06927698,4.926831288,-0.2912152123
558,0.6762302571,0.2485380298,0.6289007937,1.257801587,71.7576438,5.016887135,-0.3130371049
559,0.6615137849,0.1992819841,0.6307829884,1.261565977,73.43705263,4.902157523,-0.2850685697
560,0.6740758105,0.22002348,0.6371560771,1.274312154,72.21550973,4.985078708,-0.3054375562
561,0.6370307903,0.1879663249,0.6086681267,1.217336253,75.64161869,4.75928472,-0.2479862591
562,0.7002866605,0.2030803462,0.6701938375,1.340387675,70.26687184,5.123324698,-0.337639556
563,0.6586125872,0.2204150963,0.6206349373,1.241269875,73.505933,4.897563847,-0.283916057
564,0.6522432011,0.2369022586,0.6076993609,1.215398722,73.89845207,4.871549943,-0.27734061
565,0.6640660641,0.2011390331,0.6328718882,1.265743776,73.20759628,4.917522475,-0.288904873
566,0.6372352957,0.2280417175,0.5950342824,1.190068565,75.30319819,4.780673446,-0.2537039524
567,0.6609600654,0.142977263,0.6453105534,1.290621107,73.85010824,4.874738962,-0.278151171
568,0.6741014094,0.2192626121,0.6374453836,1.274890767,72.22026022,4.984750802,-0.3053586058
569,0.6272583059,0.2184173419,0.588002421,1.176004842,76.28956646,4.718862837,-0.2370150609
570,0.6254418004,0.2662041187,0.5659618476,1.131923695,75.99358492,4.737241971,-0.2420305325
571,0.6255167253,0.219380121,0.5857845476,1.171569095,76.44112825,4.709506626,-0.2344443562
572,0.6474129348,0.1895514831,0.6190426023,1.238085205,74.71785956,4.818125173,-0.2635723767
573,0.6353583761,0.2037826786,0.6017913973,1.203582795,75.67447358,4.757218425,-0.2474307041
574,0.6825144057,0.2034682675,0.6514802976,1.302960595,71.67071988,5.022971732,-0.3144776041
575,0.6531756602,0.1780880017,0.6284290785,1.256858157,74.30042285,4.845194498,-0.2705933411
576,0.6472861727,0.215715618,0.610283673,1.220567346,74.52330139,4.830703864,-0.266846459
577,0.6726658523,0.2299415748,0.6321441457,1.264288291,72.23944343,4.983427099,-0.3050397698
578,0.6680712256,0.2048002357,0.6359056737,1.271811347,72.84330231,4.942115316,-0.2949859969
579,0.6773324905,0.2422885691,0.6325152583,1.265030517,71.73308558,5.018604694,-0.3134441557
580,0.6258519849,0.2195072828,0.5860949238,1.172189848,76.40928904,4.711469044,-0.2349845314
581,0.6844237116,0.2314850464,0.6440888838,1.288177768,71.2661857,5.051484045,-0.3211719506
582,0.6421815118,0.2106487467,0.6066499812,1.213299962,75.0135958,4.799130027,-0.2585898319
583,0.631050708,0.1731764134,0.6068236366,1.213647273,76.27350325,4.71985663,-0.2372874189
584,0.6409318901,0.2499238503,0.5901963714,1.180392743,74.76014925,4.815399696,-0.26286031
585,0.60992123,0.2199773773,0.5688706885,1.137741377,77.89532041,4.621586998,-0.209698422
586,0.6759676079,0.2028706579,0.6448067176,1.289613435,72.2074581,4.98563458,-0.3055713653
587,0.6974514963,0.2749048619,0.6409882266,1.281976453,69.75271065,5.161089751,-0.3460726711
588,0.6879554493,0.2378881237,0.6455168013,1.291033603,70.91962085,5.07616927,-0.3268942835
589,0.6333908853,0.2734912785,0.5713024892,1.142604978,75.17756104,4.788662933,-0.2558243789
590,0.6871713921,0.2708501996,0.63154152,1.26308304,70.61585013,5.098005609,-0.331900189
591,0.6628459764,0.2697654517,0.6054679095,1.210935819,72.63252161,4.956457411,-0.2984991085
592,0.6560468637,0.2204512683,0.6178986371,1.235797274,73.72466615,4.883033302,-0.2802534814
593,0.7145693842,0.2333257987,0.6754024552,1.35080491,68.90049565,5.224926129,-0.3599887373
594,0.6689254567,0.2591025243,0.6167066957,1.233413391,72.2456267,4.983000584,-0.3049369931
595,0.7275570777,0.1991624367,0.6997668362,1.399533672,68.23865388,5.27560231,-0.3707413598
596,0.6634721391,0.2003258504,0.6325067849,1.26501357,73.26392677,4.913741535,-0.2879635046
597,0.6210739463,0.1749491721,0.5959241848,1.19184837,77.16871817,4.665102758,-0.2220808678
598,0.6810338458,0.2670928342,0.6264730776,1.252946155,71.15589555,5.059313739,-0.3229942999
599,0.6632829192,0.2099176421,0.6291890133,1.258378027,73.20159669,4.917925514,-0.2890051188
600,0.6749762015,0.2184820733,0.6386379696,1.277275939,72.15538834,4.989232382,-0.3064365596
601,0.6504484458,0.2367282028,0.6058406875,1.211681375,74.05584207,4.861196496,-0.2747003525
602,0.6570682109,0.2349345597,0.6136321263,1.227264253,73.50235916,4.897801977,-0.2839758649
603,0.6092999159,0.2123101246,0.5711136476,1.142227295,78.01416503,4.6145466,-0.2076698606
604,0.6722011399,0.229773852,0.6317106533,1.263421307,72.27944106,4.980669396,-0.3043748766
605,0.7329800717,0.2937032825,0.6715639711,1.343127942,66.84130544,5.385891219,-0.393279188
606,0.6652207289,0.2174364154,0.6286811779,1.257362356,72.97404188,4.933261071,-0.292804933
607,0.6068932001,0.2339047658,0.5600070686,1.120014137,78.06989393,4.611252583,-0.2067183146
608,0.6412705276,0.2340834241,0.5970199663,1.194039933,74.88751795,4.807209664,-0.2607148334
609,0.6730734471,0.1588873478,0.6540509734,1.308101947,72.75482279,4.948125584,-0.2964611864
610,0.6224721294,0.1959934307,0.5908114141,1.181622828,76.90134048,4.681322819,-0.2266285205
611,0.6405011812,0.2516708833,0.5889851693,1.177970339,74.78024977,4.814105343,-0.2625218105
612,0.6994575814,0.2729263029,0.6440125319,1.288025064,69.62073051,5.170873637,-0.3482329012
613,0.6532214365,0.2772987567,0.5914420044,1.182884009,73.36604462,4.906902122,-0.286256251
614,0.7113942779,0.2888026297,0.6501344935,1.300268987,68.50098942,5.255398543,-0.3664851596
615,0.6561203585,0.196131653,0.6261200361,1.252240072,73.91912099,4.870187784,-0.2769940026
616,0.6328113202,0.2159375892,0.5948286514,1.189657303,75.80585011,4.748973852,-0.2452084006
617,0.6828093512,0.2208045695,0.6461222424,1.292244485,71.49687935,5.035184798,-0.3173563069
618,0.6016364867,0.1999721769,0.5674306923,1.134861385,78.83768927,4.566343881,-0.1935890351
619,0.6490420832,0.2271912317,0.6079800737,1.215960147,74.26855111,4.847273773,-0.2711288138
620,0.6771781673,0.2248918102,0.6387440364,1.277488073,71.91649066,5.005805994,-0.3104028428
621,0.6078999506,0.2260679774,0.5643010008,1.128602002,78.03920669,4.613065859,-0.2072423097
622,0.6472939497,0.2400052838,0.6011546565,1.202309313,74.29889551,4.845294099,-0.2706190037
623,0.6343934951,0.1757814938,0.6095539132,1.219107826,75.95786227,4.739469875,-0.2426354265
624,0.6524447223,0.2209074181,0.613908811,1.227817622,74.03030914,4.862873115,-0.2751288154
625,0.6397322955,0.2553350442,0.5865674941,1.173134988,74.80995668,4.81219367,-0.2620214772
626,0.6410718537,0.2145214467,0.6041139549,1.20822791,75.07955717,4.794913737,-0.2574775747
627,0.6865004558,0.2134499341,0.6524737554,1.304947511,71.26591637,5.051503135,-0.3211764023
628,0.6204202175,0.2238737361,0.5786205982,1.157241196,76.87445103,4.682960271,-0.2270855941
629,0.6289301679,0.2424411489,0.5803235696,1.160647139,75.91988076,4.741840957,-0.2432784664
630,0.6667103988,0.2291524126,0.6260925871,1.252185174,72.74200097,4.948997762,-0.2966749019
631,0.6242578573,0.1995050677,0.5915197379,1.183039476,76.71206095,4.692873526,-0.2298448747
632,0.6438297733,0.255108297,0.5911315706,1.182263141,74.44767769,4.835610877,-0.2681182486
633,0.6618412874,0.249895534,0.6128508071,1.225701614,72.94302423,4.935358848,-0.2933225236
634,0.6937142945,0.2118641978,0.6605702719,1.321140544,70.70686861,5.091443124,-0.3304012475
635,0.6115341445,0.2252143423,0.5685529966,1.137105993,77.69909482,4.633258609,-0.213045822
636,0.6684509959,0.2706330554,0.6112155784,1.222431157,72.15014046,4.989595276,-0.3065237446
637,0.7266724601,0.2552734111,0.6803589859,1.360717972,67.77087648,5.312016292,-0.3783113592
638,0.6689561581,0.2389765657,0.6248140064,1.249628013,72.45836846,4.968370219,-0.3013986978
639,0.6729864677,0.21130305,0.6389536813,1.277907363,72.38185466,4.973622211,-0.3026717472
640,0.6990864765,0.2007777479,0.669634376,1.339268752,70.37905799,5.115157978,-0.3357958759
641,0.6176940075,0.2038446336,0.5830894034,1.166178807,77.28681395,4.657974389,-0.220070708
642,0.7117460739,0.2408774871,0.6697466013,1.339493203,69.0379734,5.214521549,-0.3577491303
643,0.6959048069,0.1974620095,0.6673022217,1.334604443,70.65430805,5.095230707,-0.3312669451
644,0.6997504857,0.2299897104,0.6608747804,1.321749561,70.06801091,5.137865273,-0.3409044741
645,0.6605088511,0.202273349,0.62877455,1.2575491,73.49828809,4.898073266,-0.2840439926
646,0.7130289989,0.2113248808,0.6809935007,1.361987001,69.22020844,5.200793354,-0.3547772237
647,0.6775906883,0.2411131153,0.6332405597,1.266481119,71.72407579,5.019235118,-0.3135934779
648,0.6194820123,0.2184412078,0.5796907816,1.159381563,77.00696277,4.674901945,-0.2248326441
649,0.6868099743,0.1585683197,0.6682544641,1.336508928,71.64561473,5.024731819,-0.314893511
650,0.6992404734,0.1332228997,0.6864320058,1.372864012,70.80771814,5.084191518,-0.3287394297
651,0.6620192246,0.1774640557,0.6377899048,1.27557981,73.55390582,4.894369592,-0.2831131289
652,0.6888360321,0.2395215565,0.6458517655,1.291703531,70.83278559,5.082392243,-0.3283262053
653,0.6562032485,0.1745027268,0.6325752933,1.265150587,74.06575001,4.860546203,-0.2745340747
654,0.7197773932,0.2473745061,0.6759329475,1.351865895,68.36639428,5.265745017,-0.3686698316
655,0.6847336716,0.1998025965,0.6549344421,1.309868884,71.5218586,5.033426242,-0.3169428435
656,0.6705129537,0.2456704989,0.6238859087,1.247771817,72.2599828,4.982010597,-0.3046983559
657,0.6595594933,0.1773564414,0.6352664149,1.27053283,73.76201701,4.880560682,-0.2796276505
658,0.6731811166,0.2318339426,0.6320014547,1.264002909,72.1786879,4.987621838,-0.306049444
659,0.6799448211,0.1919461706,0.6522895272,1.304579054,71.9695564,5.002115033,-0.3095222861
660,0.7440733732,0.2347478329,0.7060726873,1.412145375,66.72997161,5.394877164,-0.3950650062
661,0.6993380585,0.1687570517,0.6786713325,1.357342665,70.59430571,5.09956145,-0.3322548715
662,0.6473681422,0.225615289,0.6067810585,1.213562117,74.42898157,4.836825554,-0.2684325956
663,0.6405242752,0.2324776632,0.5968462811,1.193692562,74.9689366,4.801988881,-0.259342692
664,0.7226235811,0.183491665,0.698938945,1.39787789,68.72277909,5.238437746,-0.3628807893
665,0.6580826971,0.1841898917,0.6317807531,1.263561506,73.83985295,4.875415993,-0.2783230918
666,0.6612425771,0.199783027,0.630339978,1.260679956,73.45601015,4.900892374,-0.2847514117
667,0.6437315284,0.1942910518,0.6137110622,1.227422124,75.00462566,4.799703976,-0.2587410622
668,0.6468714149,0.1973504603,0.6160319985,1.232063997,74.70732577,4.818804532,-0.2637497206
669,0.6323304881,0.2607323111,0.5760733531,1.152146706,75.4199358,4.773273753,-0.2517326331
670,0.7053260962,0.2417671844,0.6625960538,1.325192108,69.51893943,5.178444938,-0.3498977401
671,0.6623067566,0.2381317226,0.6180157947,1.236031589,73.02511227,4.929810976,-0.2919525362
672,0.6027850217,0.1823255408,0.5745495449,1.14909909,78.83974192,4.566224993,-0.1935538873
673,0.7111970055,0.2491913807,0.6661117297,1.332223459,68.99214039,5.217985671,-0.3584960111
674,0.6591490447,0.2315630694,0.6171353239,1.234270648,73.35725537,4.907490039,-0.2864032296
675,0.6704498818,0.251728194,0.621398391,1.242796782,72.20051433,4.986114065,-0.305686758
676,0.6969117077,0.2350279492,0.6560852013,1.312170403,70.24015517,5.125273416,-0.3380784304
677,0.6688522081,0.2807209982,0.6070906007,1.214181201,71.99081664,5.000637815,-0.3091694256
678,0.6885189249,0.2290146256,0.6493154944,1.298630989,70.9620595,5.073133482,-0.3261941929
679,0.6277579346,0.2608253164,0.5710080374,1.142016075,75.83840888,4.746935033,-0.244657452
680,0.6486684036,0.2383650205,0.6032850196,1.206570039,74.19487856,4.852086923,-0.2723662548
681,0.688618124,0.2864228319,0.6262243065,1.252448613,70.30209581,5.120757722,-0.3370608204
682,0.7129023242,0.2595440519,0.6639778678,1.327955736,68.74828707,5.236494105,-0.3624659016
683,0.6555282338,0.2188258215,0.6179259868,1.235851974,73.78348422,4.879140689,-0.2792679037
684,0.7125613685,0.2637798943,0.6619394771,1.323878954,68.72522854,5.238251042,-0.362840952
685,0.654469673,0.2661418979,0.5979122369,1.195824474,73.39250458,4.905133053,-0.2858137326
686,0.6856027614,0.2492929887,0.6386737447,1.277347489,70.98892166,5.071213812,-0.3257509678
687,0.7396952509,0.1558325883,0.7230942321,1.446188464,67.66022984,5.320703179,-0.3800982748
688,0.6568327787,0.2434964357,0.6100317901,1.22006358,73.43701786,4.902159844,-0.2850691514
689,0.6696810198,0.2774569856,0.6095000323,1.219000065,71.96309686,5.002564032,-0.3096294879
690,0.6647656133,0.224705995,0.6256361055,1.251272211,72.94665134,4.935113448,-0.2932620025
691,0.6460929314,0.2066346771,0.6121586283,1.224317257,74.70274949,4.819099732,-0.2638267629
692,0.680873791,0.1824887882,0.655962622,1.311925244,71.96414336,5.002491285,-0.3096121206
693,0.64755311,0.2604703672,0.592857671,1.185715342,74.06022218,4.860908993,-0.2746268454
694,0.6849634653,0.2496603366,0.6378437623,1.275687525,71.03632808,5.067829514,-0.3249685881
695,0.6606253506,0.2345688614,0.6175785805,1.235157161,73.20273041,4.917849348,-0.2889861759
696,0.6553729993,0.1538639739,0.6370554495,1.274110899,74.26286835,4.847644698,-0.2712242803
697,0.6615204849,0.2378098619,0.6172971906,1.234594381,73.09489106,4.925104816,-0.2907875094
698,0.6671843174,0.2226788776,0.6289268883,1.257853777,72.76263684,4.9475942,-0.2963309339
699,0.6380078157,0.1787068191,0.6124686487,1.224937297,75.61766359,4.760792425,-0.2483912729
700,0.62529483,0.1831190559,0.5978804527,1.195760905,76.73080105,4.691727378,-0.2295265428
701,0.6184546293,0.2240063315,0.5764610065,1.152922013,77.05666655,4.671886498,-0.2239872751
702,0.6515489977,0.2654593109,0.5950188658,1.190037732,73.65384742,4.887728376,-0.2814397549
703,0.6034891084,0.1941979317,0.5713897683,1.142779537,78.69767024,4.574468328,-0.1959860179
704,0.6364235246,0.1786842212,0.6108247308,1.221649462,75.75835528,4.751951104,-0.2460119502
705,0.6381619928,0.2291252401,0.5956109077,1.191221815,75.21047261,4.786567448,-0.2552690361
706,0.6810555474,0.2320082572,0.6403193167,1.280638633,71.53309506,5.032635589,-0.316756835
707,0.6714508296,0.2152321531,0.6360199185,1.272039837,72.47461011,4.967256802,-0.3011283975
708,0.7272244714,0.2544553431,0.6812546588,1.362509318,67.73942514,5.314482656,-0.3788194344
709,0.5928209002,0.2350964367,0.544211618,1.088423236,79.44169203,4.531625533,-0.1832360562
710,0.7106611844,0.1978871528,0.6825540226,1.365108045,69.51157634,5.17899347,-0.3500181239
711,0.6696742611,0.2267824064,0.6301058293,1.260211659,72.51720399,4.964339221,-0.3004194169
712,0.625538067,0.2014503024,0.5922125032,1.184425006,76.58050507,4.700935305,-0.2320788777
713,0.6278403075,0.1804768204,0.6013414746,1.202682949,76.51674513,4.704852505,-0.2331611713
714,0.6951047089,0.2179114882,0.6600644965,1.320128993,70.5440184,5.103196673,-0.3330825613
715,0.6354706538,0.2178536814,0.5969612427,1.193922485,75.55054528,4.765021863,-0.2495258247
716,0.710190342,0.2853583666,0.6503390842,1.300678168,68.63779698,5.244923582,-0.3642625045
717,0.6707117393,0.2509827056,0.6219822495,1.243964499,72.18684122,4.987058499,-0.3059139668
718,0.6450233001,0.2338516477,0.6011393054,1.202278611,74.55804257,4.828452942,-0.2662620487
719,0.6870527295,0.2690232568,0.6321929613,1.264385923,70.64749193,5.095722299,-0.3313791896
720,0.7279343851,0.2756420727,0.6737283702,1.34745674,67.44042748,5.338044456,-0.3836438167
721,0.6812645105,0.2679756776,0.6263468444,1.252693689,71.12662474,5.061395804,-0.3234777474
722,0.6988765861,0.2997222345,0.6313438562,1.262687712,69.31083914,5.193992808,-0.3532978714
723,0.6436998146,0.2467018465,0.5945482741,1.189096548,74.54774102,4.829120173,-0.2664353499
724,0.681542348,0.2590101648,0.6304075718,1.260815144,71.20881889,5.05555359,-0.3221199844
725,0.6891063115,0.2462703512,0.6435980288,1.287196058,70.741033,5.088984211,-0.3298383946
726,0.6282621068,0.2014783549,0.5950796143,1.190159229,76.33194914,4.716242728,-0.2362963563
727,0.6948808943,0.2534450002,0.6470124335,1.294024867,70.20622092,5.127750722,-0.3386357616
728,0.676137827,0.2303292363,0.6356971009,1.271394202,71.95013353,5.00346535,-0.3098446142
729,0.6306873733,0.1676017244,0.6080100532,1.216020106,76.34006161,4.715741544,-0.2361587743
730,0.6659770652,0.2087605489,0.6324116417,1.264823283,72.98526889,4.932502208,-0.292617567
731,0.6403407083,0.1796519664,0.6146229687,1.229245937,75.40533132,4.774198239,-0.2519793127
732,0.6916624927,0.1923937504,0.6643655986,1.328731197,71.02794713,5.068427493,-0.3251069207
733,0.689326082,0.2505877671,0.6421652578,1.284330516,70.67716395,5.093582989,-0.3308905318
734,0.6919002369,0.1775500813,0.6687315654,1.337463131,71.11779767,5.062024019,-0.323623522
735,0.653021037,0.2214381012,0.6143302386,1.228660477,73.97586288,4.866452191,-0.2760422843
736,0.6361453674,0.2231844875,0.595709336,1.191418672,75.44411867,4.771743727,-0.251324132
737,0.7034983993,0.3205868275,0.6262061033,1.252412207,68.63946924,5.2447958,-0.3642353231
738,0.6553346006,0.2443099241,0.6080921803,1.216184361,73.55733211,4.894141612,-0.2830557749
739,0.6364776369,0.1712187091,0.6130154451,1.22603089,75.8011395,4.749268974,-0.2452881054
740,0.6534854133,0.2471411476,0.6049499471,1.209899894,73.68748545,4.885497148,-0.280876343
741,0.6858122465,0.319263358,0.606967335,1.21393467,70.04832754,5.139308997,-0.3412274148
742,0.6313186501,0.2548403917,0.5775981412,1.155196282,75.57569109,4.763436428,-0.2491008061
743,0.6651553157,0.1768529051,0.6412134153,1.282426831,73.29521677,4.91164384,-0.2874404808
744,0.6822815121,0.2266336565,0.6435411778,1.287082356,71.48541317,5.035992436,-0.3175460781
745,0.6318072037,0.2353544233,0.5863349197,1.172669839,75.72519506,4.754031993,-0.246572877
746,0.6745373499,0.2566429533,0.6238068859,1.247613772,71.80801006,5.013368282,-0.3122021076
747,0.7079559213,0.3186225181,0.6322035096,1.264407019,68.32995172,5.268553408,-0.3692609971
748,0.6530316345,0.1866629912,0.6257853013,1.251570603,74.25334101,4.848266692,-0.271384327
749,0.619010966,0.2198081805,0.5786699748,1.15733995,77.03966735,4.672917373,-0.2242764189
750,0.6387685881,0.230331803,0.5957957449,1.19159149,75.14524435,4.790722329,-0.2563696017
751,0.6356464182,0.2347254966,0.5907201624,1.181440325,75.38407933,4.775544163,-0.252338244
752,0.6475409159,0.2151997321,0.6107358783,1.221471757,74.50547191,4.831859872,-0.2671463453
753,0.6548839806,0.1338203211,0.641065636,1.282131272,74.40959454,4.838085763,-0.2687585292
754,0.6768938906,0.2983094468,0.6076156787,1.215231357,71.08717233,5.064204809,-0.3241292244
755,0.6623339623,0.2120781908,0.627462444,1.254924888,73.26327062,4.913785543,-0.2879744716
756,0.6557064498,0.1992776737,0.6246914095,1.249382819,73.93022682,4.869456182,-0.2768077485
757,0.6859551819,0.1243774626,0.6745848786,1.349169757,71.89645585,5.007200922,-0.3107352252
758,0.6538985488,0.2243029825,0.6142242947,1.228448589,73.87446549,4.873131706,-0.2777428079
759,0.675567945,0.2344995552,0.6335629464,1.267125893,71.95625124,5.003039955,-0.3097430928
760,0.7094730549,0.2764372643,0.6534022149,1.30680443,68.80655539,5.232059619,-0.3615178976
761,0.6080150896,0.232122186,0.5619623118,1.123924624,77.9772171,4.61673311,-0.2083006216
762,0.6535039014,0.274249757,0.5931731787,1.186346357,73.37917847,4.906023855,-0.2860366071
763,0.6754189145,0.2748601599,0.6169623996,1.233924799,71.52021537,5.033541889,-0.3169700446
764,0.6674091782,0.2142966678,0.6320695763,1.264139153,72.8184658,4.943800944,-0.2954001589
765,0.6037744456,0.2133658651,0.5648173057,1.129634611,78.53602638,4.583883558,-0.1987517391
766,0.6310136946,0.2435934307,0.5821000973,1.164200195,75.71822493,4.754469618,-0.2466907708
767,0.6397702978,0.2601525908,0.5844883775,1.168976755,74.75399547,4.815796102,-0.2629639352
768,0.6897140031,0.2281136289,0.6508990539,1.301798108,70.87552741,5.079327282,-0.3276214826
769,0.6693978,0.1840021008,0.6436121825,1.287224365,72.89248148,4.938780964,-0.2941657446
770,0.6765575556,0.2176835536,0.6405809836,1.281161967,72.03295385,4.997712585,-0.3084699401
771,0.6389893046,0.2030879466,0.6058569281,1.211713856,75.35631074,4.777303937,-0.2528071838
772,0.5873474712,0.1939920275,0.5543862779,1.108772556,80.27850534,4.484388424,-0.1688591569
773,0.6192347667,0.2294605319,0.5751517717,1.150303543,76.93689057,4.679159728,-0.2260241544
774,0.6802835945,0.1799788575,0.6560437331,1.312087466,72.02968848,4.99793915,-0.3085241519
775,0.7177702918,0.2793261521,0.6611891504,1.322378301,68.14493406,5.282857853,-0.3722600149
776,0.6178490031,0.1954060329,0.5861346884,1.172269377,77.33291418,4.655197645,-0.2192857617
777,0.7033448572,0.2738066764,0.647861013,1.295722026,69.30869035,5.194153838,-0.3533329561
778,0.6916340722,0.2910752414,0.6274017004,1.254803401,69.99982695,5.142869856,-0.3420229814
779,0.6682103059,0.2434192087,0.6222958313,1.244591663,72.47522366,4.96721475,-0.301118186
780,0.6696194487,0.2492536165,0.6215004753,1.243000951,72.29631003,4.979507251,-0.3040944137
781,0.6942715138,0.3095351233,0.6214506758,1.242901352,69.52734157,5.177819141,-0.3497603611
782,0.638017042,0.2480420649,0.5878272534,1.175654507,75.04021191,4.797427817,-0.2581410655
783,0.6736290578,0.2154449865,0.6382472604,1.276494521,72.29304055,4.979732451,-0.3041487739
784,0.6442790207,0.2577100959,0.5904921363,1.180984273,74.3795609,4.840039329,-0.2692633922
785,0.6558894581,0.2041287765,0.6233156695,1.246631339,73.87623092,4.873015252,-0.2777132075
786,0.6613885219,0.2583007569,0.608864103,1.217728206,72.88936473,4.938992147,-0.2942177349
787,0.712732493,0.2501888232,0.6673778235,1.334755647,68.86504126,5.227616123,-0.360565978
788,0.6640303159,0.2073623357,0.6308225758,1.261645152,73.16007878,4.920716407,-0.2896987455
789,0.6773320246,0.2217914237,0.639990028,1.279980056,71.93254716,5.004688618,-0.3101364342
790,0.6129983525,0.1772524087,0.5868122049,1.17362441,77.90323514,4.621117459,-0.2095633531
791,0.6818583157,0.2282308341,0.6425273917,1.285054783,71.5044826,5.034649394,-0.3172304622
792,0.6889607116,0.2212922373,0.6524542956,1.304908591,70.99930664,5.070472052,-0.3255795965
793,0.6733753646,0.232067745,0.63212257,1.26424514,72.1604006,4.988885829,-0.3063532865
794,0.6597666476,0.2258285426,0.6199141058,1.239828212,73.35861988,4.907398757,-0.2863804119
795,0.6651693209,0.1853282035,0.6388299323,1.277659865,73.23484953,4.915692492,-0.2884494645
796,0.6804982528,0.2708775852,0.6242621292,1.248524258,71.15381239,5.05946186,-0.3230287089
797,0.6463148559,0.2013183883,0.6141610533,1.228322107,74.72539582,4.817639252,-0.263445493
798,0.6911422781,0.2276220388,0.6525839839,1.305167968,70.76681721,5.087130016,-0.329413526
799,0.6516110278,0.2363872981,0.607221522,1.214443044,73.9582488,4.867611197,-0.27633775
800,0.6751130539,0.153179965,0.657505539,1.315011078,72.62159411,4.957203218,-0.2986811291
801,0.6725707389,0.2285133033,0.6325607235,1.265121447,72.26091839,4.981946092,-0.3046828032
802,0.6539735742,0.2202097407,0.6157833271,1.231566654,73.90474886,4.871134881,-0.2772350199
803,0.6164590079,0.2315911488,0.5713031141,1.142606228,77.17856088,4.66450781,-0.2219133666
804,0.6407115298,0.2210501303,0.601371852,1.202743704,75.05564698,4.796441233,-0.2578807937
805,0.6605974035,0.1931637753,0.631725166,1.263450332,73.56143726,4.893868492,-0.282987056
806,0.7031951057,0.2605827767,0.6531309005,1.306261801,69.47785866,5.181506842,-0.350569322
807,0.6297557549,0.1951032786,0.5987712598,1.19754252,76.24332686,4.721724705,-0.2377990213
808,0.6821730048,0.2821108698,0.6211066459,1.242213292,70.87672953,5.079241133,-0.3276016595
809,0.6894044945,0.2305140542,0.6497244246,1.299448849,70.87706522,5.079217077,-0.3275961239
810,0.6686716467,0.2389576806,0.6245166115,1.249033223,72.48227398,4.966731592,-0.3010008436
811,0.6783367571,0.2148178377,0.6434236961,1.286847392,71.91307662,5.006043642,-0.3104594852
812,0.6823877671,0.2538472696,0.6334150523,1.266830105,71.19829839,5.056300616,-0.3222938093
813,0.6547048066,0.2262285975,0.6143769245,1.228753849,73.78749758,4.878875308,-0.2792006435
814,0.6933850679,0.214200444,0.6594702588,1.318940518,70.71241035,5.091044107,-0.3303099563
815,0.6563886445,0.2061237308,0.6231846116,1.246369223,73.81745127,4.876895555,-0.2786986049
816,0.6663922421,0.2634240592,0.6121163168,1.224232634,72.4081743,4.971814349,-0.3022338974
817,0.633112356,0.1966525455,0.6017965035,1.203593007,75.92952001,4.74123898,-0.2431152806
818,0.6550158874,0.2365346431,0.61081681,1.22163362,73.6628083,4.887133797,-0.2812896763
819,0.623334022,0.1933047628,0.592603216,1.185206432,76.84111138,4.684992103,-0.2276522403
820,0.7051628819,0.2228446509,0.6690253744,1.338050749,69.7169751,5.163735224,-0.3466577667
821,0.6534105571,0.1678370636,0.631487194,1.262974388,74.34690556,4.842165216,-0.2698122416
822,0.6272166549,0.1990969908,0.5947782111,1.189556422,76.44471562,4.70928562,-0.2343834894
823,0.6910735432,0.2279110771,0.6524102874,1.304820575,70.76951098,5.08693638,-0.3293691348
824,0.6584189516,0.2456974423,0.6108586437,1.221717287,73.27856387,4.912760035,-0.2877188509
825,0.6845107212,0.2456085722,0.6389298528,1.277859706,71.11602704,5.062150052,-0.3236527621
826,0.6607991513,0.2389672649,0.6160764276,1.232152855,73.14452363,4.921762863,-0.2899585815
827,0.6266474702,0.2461229844,0.5762903162,1.152580632,76.09347816,4.731023061,-0.2403385352
828,0.6475839882,0.2320069002,0.6045972379,1.209194476,74.35091734,4.841903945,-0.2697448189
829,0.653314773,0.2536894977,0.6020480308,1.204096062,73.63260148,4.88913868,-0.2817955585
830,0.6996103457,0.1426875214,0.6849050351,1.36981007,70.72949126,5.089814639,-0.3300285561
831,0.6746993777,0.2450476287,0.6286262084,1.257252417,71.92038049,5.005535254,-0.3103383052
832,0.6409094947,0.20008746,0.6088760045,1.217752009,75.20941211,4.786634942,-0.2552869321
833,0.6840006759,0.2131141198,0.6499533033,1.299906607,71.46943648,5.037118211,-0.3178104794
834,0.6870154916,0.2569781277,0.6371440399,1.27428808,70.79091735,5.085398148,-0.3290163472
835,0.6975032474,0.1967203065,0.6691874933,1.338374987,70.53507568,5.103843677,-0.3332297247
836,0.6609905441,0.2453968828,0.6137498426,1.227499685,73.062656,4.92727776,-0.2913257597
837,0.6935687243,0.246537646,0.6482721376,1.296544275,70.38445135,5.114766019,-0.3357072084
838,0.6453944433,0.2307688035,0.6027269255,1.205453851,74.55447663,4.828683887,-0.266322039
839,0.6227120075,0.1913298249,0.5925901976,1.185180395,76.91190718,4.680679666,-0.2264488914
840,0.6951745105,0.2132988158,0.6616428154,1.323285631,70.57947985,5.100632659,-0.3324989202
841,0.6329945061,0.1904629591,0.6036604227,1.207320845,75.98457793,4.737803509,-0.2421830573
842,0.6878175636,0.2484452442,0.6413797327,1.282759465,70.82064148,5.083263756,-0.3285264026
843,0.7219581656,0.2222993777,0.6868817799,1.37376356,68.45281432,5.259097139,-0.3672673435
844,0.6388580083,0.2368617716,0.5933262644,1.186652529,75.07586608,4.795149477,-0.2575398238
845,0.6501426168,0.2805118189,0.5865138887,1.173027777,73.59415683,4.891692704,-0.2824392887
846,0.6754254784,0.2533330704,0.6261165485,1.252233097,71.77168452,5.01590568,-0.312804355
847,0.6488435073,0.2272301457,0.6077535338,1.215507068,74.28549011,4.846168471,-0.2708442345
848,0.6095955284,0.1635491639,0.5872464383,1.174492877,78.30057842,4.597667185,-0.2027774097
849,0.6670851076,0.2362150131,0.6238629724,1.247725945,72.64218003,4.955798406,-0.2983382182
850,0.6144639695,0.1719196378,0.5899233916,1.179846783,77.79814261,4.62735983,-0.2113564817
851,0.6847819693,0.2700470117,0.6292860692,1.258572138,70.81739923,5.083496484,-0.3285798492
852,0.6544497009,0.2550240862,0.6027164562,1.205432912,73.51995742,4.896629604,-0.2836813488
853,0.6891774282,0.2812004807,0.6291993462,1.258398692,70.32586928,5.119026664,-0.3366701463
854,0.6743255498,0.2443454691,0.6284984,1.2569968,71.95849746,5.002883783,-0.3097058168
855,0.6327966174,0.148240206,0.6151881016,1.230376203,76.25914026,4.720745589,-0.2375309335
856,0.6638765205,0.2284923066,0.6233163725,1.246632745,72.98612258,4.932444515,-0.2926033195
857,0.6183950296,0.227572451,0.574998428,1.149996856,77.0318317,4.673392701,-0.2244096909
858,0.6356333103,0.203730666,0.6020992617,1.204198523,75.65028277,4.758739648,-0.247839763
859,0.6598738711,0.2767042839,0.5990561452,1.19811229,72.80046503,4.945023357,-0.2957002966
860,0.690402025,0.2273257557,0.651903334,1.303806668,70.82836464,5.082709474,-0.3283990869
861,0.6827909037,0.2479372108,0.636184374,1.272368748,71.22998107,5.054051603,-0.3217702995
862,0.6855280647,0.3009551259,0.6159340384,1.231868077,70.34846244,5.117382634,-0.3362988147
863,0.6251344971,0.1940730483,0.5942464063,1.188492813,76.67085201,4.695395845,-0.2305447911
864,0.6383793124,0.1947217439,0.6079568973,1.215913795,75.47352012,4.769884848,-0.2508274176
865,0.6532792084,0.1870740942,0.6259209274,1.251841855,74.22916274,4.849845892,-0.2717904565
866,0.6934101566,0.2848596746,0.6321966554,1.264393311,69.94265039,5.147074038,-0.3429605473
867,0.6950871681,0.272415945,0.6394808239,1.278961648,69.96881959,5.145148969,-0.3425314741
868,0.692402875,0.2404227065,0.6493216949,1.29864339,70.5404,5.103458444,-0.3331421075
869,0.6218348127,0.2241531764,0.5800292129,1.160058426,76.74066138,4.691124542,-0.2293590386
870,0.6592368723,0.2165861751,0.6226424998,1.245285,73.48662243,4.898850813,-0.2842392047
871,0.6183751709,0.2322819271,0.5730907068,1.146181414,76.99246024,4.675782523,-0.2250792732
872,0.6448377585,0.2263800433,0.6037945104,1.207589021,74.64384354,4.822902773,-0.2648183004
873,0.64258636,0.2387727205,0.5965775875,1.193155175,74.72573071,4.817617661,-0.2634398546
874,0.6658279174,0.3203202779,0.5837137442,1.167427488,71.67505654,5.02266782,-0.3144057542
875,0.6553106795,0.1986522014,0.6244752914,1.248950583,73.96891805,4.866909095,-0.2761587828
876,0.660895435,0.1910502937,0.6326788769,1.265357754,73.55206914,4.89449181,-0.2831438733
877,0.6661684972,0.2554130441,0.615259818,1.230519636,72.51780723,4.964297925,-0.3004093747
878,0.6330297534,0.1988560757,0.6009849663,1.201969933,75.92065668,4.741792494,-0.2432653308
879,0.6545362588,0.2231303652,0.6153296305,1.230659261,73.83023554,4.876051084,-0.278484311
880,0.6605543989,0.2498656844,0.6114730196,1.222946039,73.052625,4.927954334,-0.2914932352
881,0.7200817813,0.259435681,0.6717223379,1.343444676,68.21117756,5.277727388,-0.3711866946
882,0.7145836712,0.2475964544,0.6703177,1.3406354,68.75315365,5.236123449,-0.3623867386
883,0.6400141536,0.2318186383,0.5965553082,1.193110616,75.02046869,4.798690361,-0.2584739554
884,0.6817855187,0.2718336156,0.625250333,1.250500666,71.03764922,5.067735263,-0.3249467812
885,0.6630060616,0.2068260566,0.6299206458,1.259841292,73.25063036,4.914633474,-0.288185733
886,0.6778988071,0.267974926,0.6226846969,1.245369394,71.40080671,5.041959841,-0.318945965
887,0.6269712134,0.2125866991,0.5898303127,1.179660625,76.36348804,4.714294871,-0.2357614513
888,0.7397243387,0.2260054029,0.7043533596,1.408706719,67.12336387,5.363259217,-0.38874828
889,0.6951081542,0.2335375824,0.6547026375,1.309405275,70.39641008,5.113897137,-0.3355105946
890,0.6778700565,0.2560921883,0.6276341328,1.255268266,71.54069955,5.03210064,-0.316630943
891,0.6318189842,0.2395854926,0.5846315255,1.169263051,75.68394093,4.756623341,-0.2472706022
892,0.7165478058,0.2606581031,0.667456449,1.334912898,68.46116997,5.25845527,-0.3671316975
893,0.5743238078,0.220568906,0.5302802975,1.060560595,81.43692397,4.420599188,-0.1488981134
894,0.638120588,0.1854376317,0.61058232,1.22116464,75.56241649,4.764273256,-0.2493251816
895,0.6369317468,0.1920511677,0.60728774,1.21457548,75.62150514,4.760550578,-0.248326326
896,0.6698286749,0.1921585078,0.6416740306,1.283348061,72.79680913,4.9452717,-0.2957612502
897,0.6153245201,0.2395054764,0.5667992518,1.133598504,77.21435855,4.662345278,-0.2213041144
898,0.6298019412,0.2666041112,0.5705898115,1.141179623,75.58606594,4.762782604,-0.2489254346
899,0.6751802475,0.2220617633,0.6376181772,1.275236354,72.10624077,4.99263304,-0.3072529665
900,0.6301653505,0.2090401397,0.594483464,1.188966928,76.10103666,4.730553167,-0.2402104791
901,0.6561663808,0.2396182142,0.6108497612,1.221699522,73.53343082,4.895732403,-0.2834558463
902,0.6805165874,0.2590654731,0.6292756998,1.2585514,71.29144309,5.049694387,-0.3207544494
903,0.6293828713,0.2211863186,0.5892362948,1.17847259,76.07237279,4.732335627,-0.2406960802
904,0.702864919,0.2840535534,0.6429095374,1.285819075,69.21552563,5.201145216,-0.3548536365
905,0.6486342242,0.1888721564,0.6205269255,1.241053851,74.61675694,4.824653533,-0.2652741432
906,0.6487588052,0.1889244958,0.6206412186,1.241282437,74.60558498,4.82537601,-0.2654621398
907,0.6199290277,0.1627752462,0.5981774139,1.196354828,77.34495647,4.65447285,-0.2190806948
908,0.6706493318,0.2547821015,0.6203681221,1.240736244,72.15043804,4.989574696,-0.3065188008
909,0.6696828226,0.2764460365,0.6099612051,1.21992241,71.97564656,5.001691784,-0.3094212109
910,0.6573424378,0.2163643228,0.6207137507,1.241427501,73.64986964,4.887992359,-0.2815063733
911,0.6620692232,0.2254878333,0.6224876652,1.24497533,73.16663968,4.920275164,-0.2895891448
912,0.6523718138,0.2817524535,0.5883914839,1.176782968,73.38373743,4.905719068,-0.2859603617
913,0.6838796897,0.2593639086,0.6327889007,1.265577801,71.01580748,5.069293904,-0.3253072804
914,0.6790084147,0.2240904211,0.6409648278,1.281929656,71.77468031,5.015696322,-0.312754692
915,0.6703065306,0.2345886941,0.6279163874,1.255832775,72.38971756,4.973081981,-0.3025409477
916,0.6715432084,0.2417780138,0.6265091163,1.253018233,72.21490701,4.985120315,-0.305447573
917,0.6934644806,0.2146534072,0.659406476,1.318812952,70.70215773,5.091782367,-0.3304788494
918,0.6241940931,0.2252266078,0.5821436601,1.16428732,76.51322076,4.705069221,-0.2332209873
919,0.6250627742,0.1438420619,0.6082868838,1.216573768,76.97591293,4.676787664,-0.2253606583
920,0.6506294149,0.1644136885,0.629513125,1.25902625,74.60661303,4.825309519,-0.2654448406
921,0.6760959833,0.2332040924,0.6346035218,1.269207044,71.92566818,5.005167266,-0.3102505728
922,0.6748663429,0.2317898981,0.6338122939,1.267624588,72.04036233,4.997198631,-0.3083469407
923,0.6862264065,0.1980665725,0.6570207865,1.314041573,71.41607891,5.040881627,-0.3186933246
924,0.5985686738,0.2208475966,0.556336945,1.11267389,78.98575906,4.557783635,-0.1910529743
925,0.7239057595,0.2296185613,0.6865237541,1.373047508,68.23960832,5.275528522,-0.3707258888
926,0.6805049609,0.2730550377,0.6233201009,1.246640202,71.12659319,5.061398049,-0.3234782684
927,0.6436532038,0.241930474,0.5964554405,1.192910881,74.60015656,4.825727138,-0.2655534831
928,0.6783069028,0.2162177695,0.642923114,1.285846228,71.90317326,5.006733134,-0.310623786
929,0.6662508873,0.1945944879,0.6371995215,1.274399043,73.07578245,4.926392684,-0.2911065898
930,0.5838451005,0.2146307803,0.5429629173,1.085925835,80.49853517,4.472131067,-0.1650728212
931,0.6771181925,0.2480029644,0.6300663269,1.260132654,71.69061228,5.02157798,-0.3141480119
932,0.6581616735,0.2168724365,0.6214041638,1.242808328,73.57559941,4.892926499,-0.2827499749
933,0.7276885397,0.263784558,0.6781948966,1.356389793,67.60008334,5.325437221,-0.3810690315
934,0.6765729525,0.2183652585,0.6403651879,1.280730376,72.02560194,4.998222719,-0.3085919951
935,0.6706547434,0.1686159953,0.6491120327,1.298224065,72.89315834,4.938735105,-0.2941544539
936,0.671013764,0.2087990334,0.6377008979,1.275401796,72.5659621,4.961003611,-0.2996076283
937,0.6677860898,0.1954816137,0.638533633,1.277067266,72.94102246,4.935494292,-0.2933559242
938,0.6109914115,0.1998099023,0.5773963179,1.154792636,77.94483789,4.618650955,-0.2088533161
939,0.6768716088,0.2099523903,0.6434867276,1.286973455,72.074636,4.994822312,-0.3077778445
940,0.6500651853,0.2504747281,0.5998726162,1.199745232,73.94935004,4.868196946,-0.2764870116
941,0.6438111955,0.1952007618,0.6135059234,1.227011847,74.99090014,4.800582461,-0.2589724525
942,0.6694612915,0.1958517358,0.6401722568,1.280344514,72.79901956,4.945121544,-0.2957243966
943,0.6945084762,0.2403512702,0.6515928871,1.303185774,70.37501381,5.115451927,-0.3358623608
944,0.6599644654,0.2280289627,0.6193188902,1.23863778,73.32134634,4.909893475,-0.2870036498
945,0.6582350834,0.2568307348,0.6060622069,1.212124414,73.1746649,4.919735546,-0.2894550771
946,0.6342931766,0.2052839559,0.600155256,1.200310512,75.75826771,4.751956597,-0.2460134316
947,0.677290434,0.2471762756,0.6305761023,1.261152205,71.68532195,5.02194857,-0.3142356698
948,0.6356547532,0.2199453377,0.5963899845,1.192779969,75.51620735,4.767188563,-0.2501061326
949,0.6316384633,0.2112206781,0.5952755442,1.190551088,75.95032638,4.739940131,-0.2427630201
950,0.7174789055,0.2427958378,0.6751489917,1.350297983,68.58617222,5.248871432,-0.3651014751
951,0.6704450079,0.2091682544,0.6369812792,1.273962558,72.60993762,4.957999026,-0.2988752803
952,0.6184791154,0.2266402025,0.5754568922,1.150913784,77.03198043,4.673383678,-0.2244071613
953,0.6358355896,0.2395452735,0.5889863826,1.177972765,75.32100708,4.779543104,-0.2534032859
954,0.6581988583,0.2553037334,0.6066677351,1.21333547,73.19463824,4.918393049,-0.2891213819
955,0.6621670647,0.2399068052,0.617179023,1.234358046,73.01913331,4.93021464,-0.2920523408
956,0.6471050656,0.2729118804,0.5867402079,1.173480416,73.95490158,4.867831507,-0.2763938948
957,0.7049453686,0.2471718196,0.6601924449,1.32038489,69.49146246,5.180492499,-0.3503469492
958,0.6150910952,0.2365914476,0.5677689163,1.135537833,77.26305014,4.659407043,-0.2204752776
959,0.6362610503,0.198243398,0.6045888514,1.209177703,75.63591614,4.759643545,-0.2480826773
960,0.6545215845,0.2424380723,0.6079656945,1.215931389,73.64645713,4.88821885,-0.2815635236
961,0.6165620987,0.1858913545,0.5878717767,1.175743553,77.51664954,4.644163572,-0.2161559037
962,0.6438578254,0.2280941893,0.6021012706,1.204202541,74.7144647,4.818344098,-0.2636295327
963,0.7306254967,0.242561301,0.6891862097,1.378372419,67.61765717,5.32405314,-0.3807854355
964,0.6994608378,0.1821995432,0.6753138456,1.350627691,70.49213813,5.106952485,-0.3339362011
965,0.7024175677,0.2111122547,0.6699418298,1.33988366,70.0338735,5.140369681,-0.3414645335
966,0.6693553161,0.2104300539,0.6354177614,1.270835523,72.68964834,4.952562135,-0.2975473664
967,0.6488229793,0.1879757464,0.620996278,1.241992556,74.60682779,4.825295628,-0.2654412268
968,0.7098432401,0.2205385067,0.6747148972,1.349429794,69.38000457,5.188814879,-0.3521682987
969,0.6949865929,0.2172109293,0.6601710207,1.320342041,70.5595926,5.102070275,-0.3328262497
970,0.6405203693,0.2361515391,0.5953980131,1.190796026,74.93448379,4.804196703,-0.2599233863
971,0.6772755801,0.2403539399,0.633192068,1.266384136,71.75760825,5.01688962,-0.313037694
972,0.6454068059,0.1967926871,0.6146727449,1.22934549,74.8393254,4.810305252,-0.2615267705
973,0.6994640851,0.2624745481,0.6483495338,1.296699068,69.74523695,5.161642798,-0.3461950486
974,0.6747894274,0.2372053185,0.6317233636,1.263446727,71.99332182,5.000463806,-0.3091278439
975,0.740978928,0.2666954426,0.6913199784,1.382639957,66.60775577,5.404776003,-0.3970236563
976,0.6513953024,0.2587966877,0.5977793192,1.195558638,73.7430161,4.881818225,-0.2799460344
977,0.6437466063,0.1578244959,0.6241002497,1.248200499,75.24160292,4.784587064,-0.2547436726
978,0.6784054866,0.2430352579,0.6333781395,1.266756279,71.63770707,5.025286469,-0.3150245015
979,0.6344265886,0.2200947405,0.595025547,1.190051094,75.62525153,4.760314745,-0.2482629868
980,0.6604568498,0.2161569901,0.624082852,1.248165704,73.38684172,4.905511554,-0.2859084437
981,0.6425284517,0.2002549694,0.6105249859,1.221049972,75.06541569,4.795817044,-0.2577160606
982,0.6796805288,0.2381819805,0.6365806825,1.273161365,71.5835174,5.029090677,-0.3159219924
983,0.6923373337,0.1969805319,0.6637240795,1.327448159,70.93886495,5.074792221,-0.3265768448
984,0.6570478804,0.2060894985,0.6238902434,1.247780487,73.76147055,4.880596839,-0.2796368075
985,0.7194070225,0.2674484562,0.6678456314,1.335691263,68.16840614,5.281038833,-0.3718797619
986,0.6199258453,0.2048627367,0.585097695,1.17019539,77.07182999,4.670967331,-0.2237293395
987,0.6610941005,0.2921531013,0.5930362342,1.186072468,72.49456901,4.965889237,-0.3007961997
988,0.6191209788,0.1875705877,0.59002378,1.18004756,77.26828883,4.659091142,-0.2203860942
989,0.651312126,0.1998021829,0.61990852,1.23981704,74.303507,4.844993387,-0.2705415204
990,0.7025112339,0.2129352851,0.6694629177,1.338925835,70.01077303,5.142065777,-0.3418434517
991,0.6848408198,0.2912052093,0.6198439115,1.239687823,70.54036286,5.103461131,-0.3331427188
992,0.6781079824,0.2307383937,0.6376442813,1.275288563,71.78510807,5.014967723,-0.3125818182
993,0.609940103,0.2086878789,0.5731285183,1.146257037,77.98042192,4.616543372,-0.2082459136
994,0.6561030092,0.2505229343,0.6063904832,1.212780966,73.42618314,4.902883203,-0.2852504014
995,0.6394344616,0.2251089995,0.5985000995,1.197000199,75.13327481,4.791485543,-0.2565715222
996,0.6503705547,0.2478170746,0.6013057093,1.202611419,73.95068687,4.868108942,-0.276464589
997,0.6200345609,0.1684122734,0.5967245285,1.193449057,77.3031821,4.656988111,-0.2197920246
998,0.6521798728,0.1820103906,0.6262673585,1.252534717,74.35913417,4.841368906,-0.2696067214
999,0.6592315712,0.2041597708,0.626821388,1.253642776,73.59136145,4.891878516,-0.2824860905
1000,0.6460086381,0.2520378478,0.5948143272,1.189628654,74.28818163,4.84599289,-0.2707990141
1001,0.7049816225,0.1983181101,0.6765123911,1.353024782,69.94253215,5.14708274,-0.3429624858
1002,0.6729799778,0.2488318601,0.6252877384,1.250575477,72.02206998,4.998467832,-0.3086506304
1003,0.6661030029,0.2739686114,0.6071527077,1.214305415,72.30633242,4.978817041,-0.3039277695
1004,0.635520638,0.2287749083,0.5929152744,1.185830549,75.45036051,4.771348971,-0.2512186865
1005,0.6892986941,0.268869618,0.6346982103,1.269396421,70.46998436,5.108557966,-0.3343006366
1006,0.6672072053,0.2552703603,0.6164434264,1.232886853,72.432258,4.970161223,-0.3018331886
1007,0.6408574599,0.1983864727,0.6093776263,1.218755253,75.22691732,4.785521098,-0.2549915202
1008,0.6446046875,0.1987880698,0.6131871709,1.226374342,74.89437302,4.806769661,-0.2605993259
1009,0.6378597384,0.2201627296,0.5986596849,1.19731937,75.31704891,4.779794285,-0.2534701135
1010,0.7336897669,0.286205452,0.6755642925,1.351128585,66.88937479,5.382020704,-0.3925076861
1011,0.6331968971,0.1818309526,0.6065276706,1.213055341,76.02544065,4.735257,-0.2414910381
1012,0.6667671509,0.2205939812,0.6292191422,1.258438284,72.81640692,4.94394073,-0.2954344895
1013,0.6650641691,0.2226546443,0.6266859328,1.253371866,72.94038472,4.935537445,-0.2933665651
1014,0.6706010049,0.2492040368,0.6225777509,1.245155502,72.21519721,4.985100282,-0.3054427501
1015,0.6424323096,0.1738511581,0.6184618397,1.236923679,75.25936947,4.783457562,-0.2544438057
1016,0.6280587935,0.2385576555,0.5809888924,1.161977785,76.03704706,4.734534203,-0.2412944585
1017,0.6754109773,0.2539147315,0.625865239,1.251730478,71.76646708,5.016270337,-0.3128908455
1018,0.6487859282,0.1853831473,0.6217364951,1.24347299,74.62840578,4.823900447,-0.2650781111
1019,0.675655521,0.1972772479,0.6462136415,1.292427283,72.27768873,4.980790149,-0.3044040092
1020,0.6703857673,0.2630046944,0.6166405822,1.233281164,72.07917014,4.994508113,-0.3077025493
1021,0.6311929429,0.1999507395,0.5986854207,1.197370841,76.07791996,4.731990572,-0.240602109
1022,0.6549020791,0.2191785496,0.61713653,1.23427306,73.83408088,4.875797135,-0.2784198514
1023,0.6588388479,0.1886291174,0.6312588087,1.262517617,73.74385442,4.881762729,-0.279931988
1024,0.6361562212,0.2221968109,0.5960900226,1.192180045,75.45177655,4.771259425,-0.2511947645
1025,0.6139270865,0.2230123543,0.5719894731,1.143978946,77.49050478,4.64573048,-0.2166014055
1026,0.587445345,0.1398520552,0.570555375,1.14111075,80.5377295,4.469954669,-0.1643980972
1027,0.6931820799,0.2618809902,0.6418097404,1.283619481,70.24461072,5.124948324,-0.3380052441
1028,0.6490895022,0.2524181857,0.5979985296,1.195997059,74.01382427,4.863956208,-0.2754054155
1029,0.6377531221,0.2869869336,0.5695327424,1.139065485,74.61369115,4.824851772,-0.2653257338
1030,0.7080946743,0.2488385746,0.6629309403,1.325861881,69.23216522,5.199895148,-0.3545821057
1031,0.6516699624,0.2355912312,0.6075940352,1.21518807,73.96088809,4.867437497,-0.2762934792
1032,0.635291202,0.1856634057,0.6075557679,1.215111536,75.81243842,4.748561153,-0.2450969219
1033,0.6458163887,0.2138569661,0.6093800176,1.218760035,74.66752511,4.82137314,-0.2644197126
1034,0.668095093,0.171429528,0.6457266993,1.291453399,73.08665596,4.925659757,-0.2909250251
1035,0.687068159,0.2609796288,0.6355724101,1.27114482,70.74109507,5.088979745,-0.3298373719
1036,0.6645916923,0.222942343,0.6260821266,1.252164253,72.97743916,4.933031416,-0.2927482375
1037,0.6604563121,0.1935527162,0.6314585388,1.262917078,73.57042913,4.893270357,-0.2828365299
1038,0.6474578495,0.181262129,0.6215671383,1.243134277,74.77205216,4.814633136,-0.2626598649
1039,0.6833968042,0.2269153204,0.6446244095,1.289248819,71.39272608,5.042530518,-0.3190796296
1040,0.7028264064,0.2122285913,0.6700178972,1.340035794,69.99257112,5.143402996,-0.3421419794
1041,0.6542760238,0.1718090523,0.6313151074,1.262630215,74.24765949,4.848637688,-0.2714797656
1042,0.623117663,0.2006300126,0.5899349286,1.179869857,76.80850334,4.686981055,-0.2282063775
1043,0.65076197,0.2268457821,0.6099443686,1.219888737,74.12225238,4.856841076,-0.2735856795
1044,0.6864977405,0.2054448399,0.6550355452,1.31007109,71.33439249,5.046654039,-0.3200443584
1045,0.6980756836,0.2598151553,0.6479241816,1.295848363,69.88416419,5.151381635,-0.3439192348
1046,0.6175704519,0.2289639608,0.5735579899,1.14711598,77.09706262,4.669438598,-0.2233000887
1047,0.6855845907,0.2630855152,0.6330973406,1.266194681,70.83564959,5.082186754,-0.3282789896
1048,0.6685436925,0.1273887044,0.6562947408,1.312589482,73.29577035,4.911606744,-0.2874312267
1049,0.7049657326,0.2016151554,0.6755205498,1.3510411,69.91711109,5.14895416,-0.3433792235
1050,0.6708682683,0.2391203262,0.6268059532,1.253611906,72.29793127,4.979395588,-0.3040674576
1051,0.6561098018,0.2148965688,0.6199189759,1.239837952,73.76787665,4.880173002,-0.2795294588
1052,0.6629358075,0.1368178054,0.6486638367,1.297327673,73.71616935,4.883596138,-0.2803958326
1053,0.7362614388,0.2474973062,0.6934161735,1.386832347,67.15819065,5.360477948,-0.3881881767
1054,0.682520037,0.2458170987,0.6367162279,1.273432456,71.27440656,5.050901402,-0.3210360678
1055,0.6691233336,0.2155369663,0.6334586424,1.266917285,72.66491251,4.954248035,-0.2979595064
1056,0.7031601698,0.2669358281,0.6505224731,1.301044946,69.40625887,5.186852106,-0.3517393931
1057,0.642500071,0.1904015537,0.6136396252,1.22727925,75.14103735,4.790990552,-0.256440573
1058,0.6179459083,0.1853350708,0.58949814,1.17899628,77.39178942,4.651656238,-0.2182830896
1059,0.7065827566,0.2703524269,0.6528160209,1.305632042,69.10206861,5.209684851,-0.3567042705
1060,0.6466240572,0.2386020376,0.6009922952,1.20198459,74.37147229,4.840565729,-0.2693993482
1061,0.7074337629,0.2133532204,0.6744945754,1.348989151,69.62834447,5.170308195,-0.3481083273
1062,0.6314829186,0.1840316332,0.6040720441,1.208144088,76.16455077,4.726608328,-0.2391342583
1063,0.6760828008,0.2227456448,0.6383355946,1.276671189,72.02597179,4.998197054,-0.3085858552
1064,0.625195421,0.1713580803,0.6012534597,1.202506919,76.81385765,4.686654349,-0.2281153921
1065,0.6824001245,0.2086091885,0.6497323576,1.299464715,71.63710713,5.025328554,-0.3150344392
1066,0.6901227998,0.2367945916,0.6482266581,1.296453316,70.75798911,5.087764711,-0.3295590018
1067,0.6494274365,0.2588688831,0.595602969,1.191205938,73.91385094,4.870535027,-0.2770823821
1068,0.6653349235,0.2314819736,0.6237681111,1.247536222,72.83503801,4.942676078,-0.2951238147
1069,0.6917645407,0.2181132577,0.6564790831,1.312958166,70.80560642,5.08434315,-0.3287742374
1070,0.619939478,0.2524148118,0.5662258553,1.132451711,76.65450325,4.696397273,-0.2308224349
1071,0.6377297405,0.2432613487,0.5895109313,1.179021863,75.11429739,4.792696098,-0.2568916391
1072,0.7035874635,0.1923021452,0.6767977569,1.353595514,70.09715946,5.135728791,-0.3404261663
1073,0.7097426975,0.2417637337,0.6672967809,1.334593562,69.18106137,5.203736295,-0.3554159417
1074,0.6833933553,0.2500236342,0.63601467,1.27202934,71.15888443,5.059101233,-0.3229449296
1075,0.655381824,0.25158334,0.6051703548,1.21034071,73.47687541,4.899500666,-0.2844023014
1076,0.6522633681,0.1368460009,0.6377465589,1.275493118,74.61813626,4.824564349,-0.2652509319
1077,0.6258351057,0.12433317,0.6133602876,1.226720575,76.99430654,4.675670399,-0.225047876
1078,0.6578922239,0.2585895999,0.6049409864,1.209881973,73.18440091,4.919081055,-0.2892924217
1079,0.6421309847,0.2158900806,0.6047509195,1.209501839,74.97439636,4.801639192,-0.2592506603
1080,0.6472795091,0.2681344374,0.5891304494,1.178260899,73.99637623,4.865103108,-0.2756981519
1081,0.6608556013,0.2559191554,0.609290991,1.218581982,72.96120762,4.934128857,-0.2930191083
1082,0.6450558681,0.2464583355,0.5961169029,1.192233806,74.43047699,4.836728375,-0.2684074535
1083,0.6468649788,0.1995449708,0.6153178897,1.230635779,74.69113145,4.819849332,-0.2640223463
1084,0.6577623554,0.2589853313,0.6046303949,1.20926079,73.19108684,4.918631701,-0.2891807179
1085,0.6933495268,0.2223787922,0.6567200614,1.313440123,70.64146516,5.09615704,-0.3314784314
1086,0.6963820015,0.245517416,0.6516663951,1.30333279,70.17404261,5.130102052,-0.3391641438
1087,0.710990611,0.2630448337,0.6605414933,1.321082987,68.85276013,5.228548563,-0.3607658978
1088,0.6706526049,0.2117392194,0.6363500762,1.272700152,72.5709084,4.960665478,-0.2995252636
1089,0.6406031903,0.2602935052,0.5853372862,1.170674572,74.67793746,4.820700896,-0.2642444467
1090,0.6527840317,0.2541632628,0.6012720082,1.202544016,73.67342664,4.886429428,-0.2811118294
1091,0.6701649014,0.2033860085,0.638557066,1.277114132,72.68097573,4.953153097,-0.2976918728
1092,0.6538381114,0.2071030699,0.6201714233,1.240342847,74.02792072,4.863030009,-0.2751688921
1093,0.7112438493,0.2398771361,0.6695720818,1.339144164,69.08632733,5.210871875,-0.3569609213
1094,0.7066179985,0.2464248995,0.6622565702,1.32451314,69.37096305,5.189491167,-0.3523159892
1095,0.5924695624,0.221846043,0.5493673776,1.098734755,79.58058884,4.523716213,-0.1808523577
1096,0.6720049529,0.2435610677,0.6263135501,1.2526271,72.15826383,4.989033561,-0.3063887868
1097,0.6601583873,0.1753469086,0.6364452513,1.272890503,73.72492618,4.88301608,-0.280249125
1098,0.7026415991,0.292699433,0.6387740279,1.277548056,69.11713505,5.208549222,-0.3564585973
1099,0.681698678,0.2156345893,0.6466953003,1.293390601,71.6330158,5.025615577,-0.3151022096
1100,0.6171114075,0.2070266594,0.5813488209,1.162697642,77.31745852,4.656128213,-0.2195489403
1101,0.6254637811,0.249400065,0.5735891814,1.147178363,76.17005323,4.726266882,-0.2390410075
1102,0.7195827685,0.3289063361,0.6400156114,1.280031223,67.29428359,5.349637158,-0.3859980823
1103,0.6490312168,0.2690903769,0.5906199196,1.181239839,73.83126437,4.875983136,-0.2784670647
1104,0.6892801924,0.1765792367,0.6662784379,1.332556876,71.33207332,5.046818118,-0.3200827063
1105,0.6192788011,0.2028747123,0.5851051911,1.170210382,77.14659958,4.666440283,-0.2224572532
1106,0.6805101283,0.2300013545,0.6404634351,1.28092687,71.59676154,5.028160384,-0.3157026686
1107,0.6925074662,0.2471335614,0.6469092623,1.293818525,70.46191789,5.109142794,-0.3344333199
1108,0.6755767092,0.209491564,0.6422749992,1.284549998,72.18447835,4.987221744,-0.3059532293
1109,0.6600797315,0.2486344264,0.6114623243,1.222924649,73.10610859,4.9243491,-0.2906001813
1110,0.6547202315,0.2247455556,0.6149374088,1.229874818,73.7997638,4.878064393,-0.2789950648
1111,0.6480415799,0.2074428398,0.6139424708,1.227884942,74.52629812,4.83050962,-0.2667960523
1112,0.6903174859,0.2045693682,0.659309946,1.318619892,71.03733046,5.067758004,-0.3249520427
1113,0.7312220133,0.2424584359,0.6898547235,1.379709447,67.57529604,5.327390645,-0.3814689731
1114,0.6861676201,0.2580762155,0.6357850816,1.271570163,70.84645079,5.081411927,-0.3281009147
1115,0.7064899969,0.2558328144,0.6585420919,1.317084184,69.27824456,5.196436519,-0.3538300101
1116,0.6569223256,0.1986999853,0.6261511461,1.252302292,73.83095481,4.87600358,-0.2784722538
1117,0.6736563286,0.2438170967,0.6279857263,1.255971453,72.01915467,4.998670168,-0.3086990274
1118,0.6337316438,0.2064591646,0.5991580841,1.198316168,75.79950631,4.749371303,-0.2453157392
1119,0.7000597307,0.1925570797,0.6730567566,1.346113513,70.36835927,5.115935681,-0.3359717556
1120,0.7034356135,0.2392547314,0.6614974194,1.322994839,69.69037502,5.165706167,-0.3470932004
1121,0.6564834239,0.2476359524,0.6079859546,1.215971909,73.42406303,4.903024774,-0.2852858668
1122,0.676587289,0.2626154145,0.6235411002,1.2470822,71.57139225,5.029942672,-0.3161227708
1123,0.6561598669,0.2219060506,0.6174977535,1.234995507,73.70198385,4.884536089,-0.2806334757
1124,0.6822159477,0.2158917602,0.6471548093,1.294309619,71.58893265,5.028710258,-0.3158323175
1125,0.6969775406,0.2796869202,0.6383987146,1.276797429,69.72946556,5.162810257,-0.3464532766
1126,0.6610244225,0.272629064,0.6021849222,1.204369844,72.75261222,4.948275931,-0.2964980335
1127,0.6781598908,0.2094346434,0.6450100524,1.290020105,71.97394197,5.001810241,-0.3094495014
1128,0.6704546828,0.2691243359,0.6140696813,1.228139363,72.0011691,4.999918814,-0.3089975883
1129,0.6949714978,0.2622778508,0.6435803848,1.28716077,70.09901329,5.135592972,-0.3403957432
1130,0.6347137815,0.1822278606,0.6079922625,1.215984525,75.88719298,4.743883465,-0.243831796
1131,0.6536480619,0.2076159774,0.6197994795,1.239598959,74.04005691,4.862232891,-0.2749652464
1132,0.6719132417,0.1750832003,0.6487012235,1.297402447,72.74675196,4.94867455,-0.2965957136
1133,0.6498209639,0.2261896765,0.6091843033,1.218368607,74.20997095,4.851100134,-0.272112792
1134,0.6442178459,0.1517805548,0.6260824995,1.252164999,75.23435091,4.785048261,-0.2548660662
1135,0.6492298471,0.1891363306,0.6210691128,1.242138226,74.56326707,4.828114622,-0.2661741547
1136,0.6443475013,0.1897840329,0.6157643408,1.231528682,74.98349383,4.801056627,-0.259097305
1137,0.6520969701,0.2243280405,0.6122968142,1.224593628,74.02964724,4.862916594,-0.2751399218
1138,0.6866829537,0.2114650459,0.6533115744,1.306623149,71.26855436,5.051316155,-0.3211327997
1139,0.6364793039,0.2067202317,0.6019739613,1.203947923,75.55132249,4.764972844,-0.2495126889
1140,0.6225386384,0.1707068101,0.5986764913,1.197352983,77.06007396,4.671679918,-0.2239293152
1141,0.6672081836,0.2692840847,0.610452981,1.220905962,72.27050098,4.981285519,-0.3045235031
1142,0.6835145115,0.196869833,0.6545489717,1.309097943,71.64315121,5.024904599,-0.3149343199
1143,0.6928365996,0.2088957417,0.6605945223,1.321189045,70.80160879,5.084630224,-0.3288401297
1144,0.6725588807,0.2032380441,0.6411160156,1.282232031,72.48436608,4.966588238,-0.3009660228
1145,0.6467468667,0.1659810913,0.6250854237,1.250170847,74.93242802,4.804328506,-0.2599580328
1146,0.6564777553,0.2569140213,0.6041177277,1.208235455,73.32444965,4.909685674,-0.2869517651
1147,0.6612810841,0.1970209549,0.6312490915,1.262498183,73.47428823,4.899673188,-0.2844455914
1148,0.6587483039,0.2105681683,0.6241877717,1.248375543,73.57965407,4.892656871,-0.2826820948
1149,0.6330948371,0.194195366,0.6025754995,1.205150999,75.94897367,4.740024554,-0.2427859231
1150,0.6469440532,0.2256171008,0.6063279078,1.212655816,74.46604742,4.834417999,-0.2678093614
1151,0.6935684348,0.2417958799,0.6500553255,1.300110651,70.43419917,5.111153449,-0.3348892071
1152,0.6893721992,0.1154126266,0.6796425198,1.35928504,71.66476576,5.023389056,-0.3145762491
1153,0.7086601351,0.2332320872,0.6691800808,1.338360162,69.34968229,5.191083623,-0.3526635692
1154,0.6294481222,0.2697482094,0.5687185965,1.137437193,75.58272203,4.762993318,-0.2489819594
1155,0.6544141601,0.2122224993,0.6190472548,1.23809451,73.93596831,4.869078045,-0.2767114548
1156,0.6460713555,0.2074089086,0.6118739585,1.223747917,74.69839499,4.819380658,-0.2639000697
1157,0.6696134252,0.2599661419,0.6170897376,1.234179475,72.17842944,4.987639698,-0.3060537383
1158,0.6928769957,0.1777627164,0.6696857083,1.339371417,71.03922835,5.067622613,-0.3249207158
1159,0.7038025287,0.25458702,0.6561428569,1.312285714,69.498756,5.179948832,-0.3502277181
1160,0.6955008786,0.2260479411,0.6577414389,1.315482878,70.43786791,5.110887235,-0.3348288721
1161,0.7184575577,0.3068688399,0.6496251052,1.29925021,67.71883273,5.31609872,-0.3791520289
1162,0.6510302038,0.2245053637,0.6110954655,1.222190931,74.12036409,4.856964808,-0.2736173788
1163,0.6292657458,0.2328283914,0.5846078335,1.169215667,75.98004575,4.738086118,-0.2422598032
1164,0.6620000177,0.1934857247,0.6330934353,1.266186871,73.44067888,4.901915471,-0.2850079052
1165,0.6297350442,0.1755123362,0.6047823127,1.209564625,76.37727052,4.713444164,-0.2355276756
1166,0.6770849189,0.1782773653,0.653193056,1.306386112,72.30131417,4.979162607,-0.30401121
1167,0.7391517666,0.2930333716,0.6785843922,1.357168784,66.40857231,5.420986892,-0.4002119264
1168,0.6758740321,0.2129985233,0.6414338129,1.282867626,72.1300761,4.990983227,-0.3068570579
1169,0.6849087303,0.1842575851,0.6596583291,1.319316658,71.62652661,5.026070885,-0.3152096957
1170,0.6925886547,0.2136940661,0.6587973063,1.317594613,70.77971561,5.086202974,-0.3292009631
1171,0.617588551,0.2148891598,0.5789976402,1.15799528,77.21217878,4.6624769,-0.221341215
1172,0.6766590008,0.2362750379,0.6340674332,1.268134866,71.84921629,5.010493066,-0.3115187904
1173,0.6727926329,0.214227288,0.6377747219,1.275549444,72.37258947,4.974258937,-0.3028258663
1174,0.7277995865,0.1966885812,0.7007180889,1.401436178,68.24054356,5.27545622,-0.3707107287
1175,0.6873610011,0.2126193995,0.653649858,1.307299716,71.20435319,5.055870658,-0.3221937702
1176,0.6686870669,0.2394909896,0.624328807,1.248657614,72.47560594,4.96718855,-0.3011118236
1177,0.6327475554,0.2108802223,0.596572712,1.193145424,75.85296329,4.746024208,-0.2444111416
1178,0.6488743613,0.2322152382,0.605899348,1.211798696,74.23627926,4.849380971,-0.2716709233
1179,0.6666206732,0.2295466517,0.6258525837,1.251705167,72.74576432,4.948741736,-0.2966121755
1180,0.6418793705,0.2067391248,0.6076743046,1.215348609,75.07187113,4.795404651,-0.2576071961
1181,0.6972711191,0.2907170862,0.6337748728,1.267549746,69.56123301,5.175296418,-0.3492061434
1182,0.6053318323,0.2407803986,0.5553840355,1.110768071,78.16038097,4.60591409,-0.2051728727
1183,0.6564616087,0.1806076097,0.6311281447,1.262256289,74.00262059,4.864692589,-0.2755933893
1184,0.6632467165,0.3265675682,0.577277949,1.154555898,71.79132344,5.01453355,-0.3124787735
1185,0.6521030658,0.2309952975,0.6098193019,1.219638604,73.96740229,4.867008829,-0.2761842089
1186,0.6711686987,0.2267428497,0.6317080831,1.263416166,72.39358776,4.972816118,-0.302476565
1187,0.6586160193,0.2071818204,0.6251805773,1.250361155,73.61902828,4.890040095,-0.2820228473
1188,0.6981807546,0.2602819834,0.6478500252,1.29570005,69.87060739,5.152381143,-0.3441414026
1189,0.6774616232,0.2021717892,0.6465916939,1.293183388,72.0911078,4.993681065,-0.3075042998
1190,0.692794045,0.2008890703,0.6630287854,1.326057571,70.87150979,5.079615223,-0.3276877324
1191,0.6664161649,0.2814000693,0.604089816,1.208179632,72.18637416,4.987090766,-0.3059217277
1192,0.6910252282,0.2173409559,0.6559563818,1.311912764,70.87110003,5.079644592,-0.3276944893
1193,0.6236972559,0.2173420234,0.5846030378,1.169206076,76.62539808,4.698181139,-0.2313166686
1194,0.6855588693,0.1931393162,0.6577903677,1.315580735,71.50803858,5.034399029,-0.3171716037
1195,0.6811328834,0.2558371586,0.6312601311,1.262520262,71.27783335,5.050658572,-0.3209794243
1196,0.6604408993,0.2574527892,0.6081942476,1.216388495,72.97945122,4.932895411,-0.2927146587
1197,0.6682386404,0.2020767409,0.6369520165,1.273904033,72.85145879,4.941561994,-0.2948499712
1198,0.6121362401,0.2530442039,0.5573862282,1.114772456,77.38823337,4.651869985,-0.2183436574
1199,0.6296397479,0.2052777861,0.5952371314,1.190474263,76.17803782,4.725771499,-0.2389056878
1200,0.6480472546,0.2051990346,0.6147020419,1.229404084,74.54386707,4.829371136,-0.2665005185
1201,0.6490847524,0.1834743041,0.622614002,1.245228004,74.6158639,4.824711277,-0.2652891712
1202,0.6953272449,0.293849107,0.6301846395,1.260369279,69.67060647,5.1671719,-0.347416756
1203,0.695222573,0.2684049432,0.641321458,1.282642916,70.00690275,5.142350052,-0.3419069307
1204,0.6260894902,0.1850024766,0.598132204,1.196264408,76.64597933,4.696919567,-0.2309671854
1205,0.6938799048,0.303500299,0.623984688,1.247969376,69.64748666,5.168887167,-0.3477951097
1206,0.6811898853,0.1875101999,0.6548737167,1.309747433,71.90206032,5.006810631,-0.3106422494
1207,0.6552594404,0.227718976,0.6144176122,1.228835224,73.72606307,4.882940781,-0.2802300775
1208,0.6910136372,0.2661510937,0.6377016874,1.275403375,70.36615955,5.11609561,-0.336007916
1209,0.6785595844,0.253195671,0.6295514766,1.259102953,71.51652395,5.033801702,-0.3170311493
1210,0.6457043835,0.2291258504,0.6036849307,1.207369861,74.54253217,4.82945762,-0.2665229742
1211,0.6629681738,0.1870879092,0.6360227305,1.272045461,73.40660319,4.904190963,-0.2855779213
1212,0.6395852956,0.1768480549,0.6146495879,1.229299176,75.4903755,4.768819835,-0.2505426292
1213,0.7067673374,0.3043120432,0.6378983066,1.275796613,68.63656849,5.245017458,-0.3642824725
1214,0.6649135754,0.2084227034,0.6314032305,1.262806461,73.07714934,4.926300536,-0.2910837661
1215,0.6863090346,0.2369983126,0.6440899711,1.288179942,71.06029329,5.06612038,-0.3245729897
1216,0.6677695461,0.2966872769,0.5982414449,1.19648289,71.86706246,5.00924885,-0.3112227998
1217,0.650654074,0.2065677789,0.6169930929,1.233986186,74.30673146,4.844783143,-0.2704873411
1218,0.6298853049,0.2526065569,0.5770142327,1.154028465,75.73017492,4.753719378,-0.2464886447
1219,0.6733284044,0.1948645171,0.6445145151,1.28902903,72.4873469,4.966384002,-0.3009164093
1220,0.6285902955,0.214578115,0.5908316106,1.181663221,76.19967104,4.724429845,-0.2385390333
1221,0.619582785,0.185034046,0.5913080663,1.182616133,77.242306,4.66065837,-0.2208284074
1222,0.6247797088,0.2237194681,0.583351767,1.166703534,76.47220704,4.707592652,-0.2339170122
1223,0.6801580382,0.2222052293,0.642837299,1.285674598,71.69864651,5.021015285,-0.3140148841
1224,0.6430362205,0.1669763255,0.6209786531,1.241957306,75.24952151,4.784083576,-0.2546100242
1225,0.668279354,0.1784574097,0.644011062,1.288022124,73.02413882,4.929876693,-0.2919687857
1226,0.686043349,0.1756295698,0.6631815218,1.326363044,71.59655042,5.028175211,-0.315706165
1227,0.7220171436,0.2702834967,0.6695189221,1.339037844,67.94076155,5.298733658,-0.375565014
1228,0.659034142,0.2172237601,0.6222056239,1.244411248,73.49828166,4.898073695,-0.2840441003
1229,0.6459601445,0.2147806932,0.6092074869,1.218414974,74.64714527,4.82268945,-0.2647627312
1230,0.7056529348,0.1702319731,0.684811755,1.36962351,70.0964738,5.135779027,-0.3404374185
1231,0.7039102598,0.2788335305,0.646329263,1.292658526,69.2021538,5.202150226,-0.3550718213
1232,0.6373504128,0.2447795984,0.5884713221,1.176942644,75.1331535,4.791493279,-0.2565735685
1233,0.6696860584,0.179447149,0.6451962008,1.290392402,72.90071812,4.93822296,-0.2940283458
1234,0.6536101402,0.1443826517,0.6374636188,1.274927238,74.46479277,4.834499454,-0.2678304593
1235,0.7101380195,0.2080488032,0.6789784255,1.357956851,69.46769938,5.18226461,-0.3507353766
1236,0.6255434021,0.2193092582,0.5858395661,1.171679132,76.43926999,4.709621116,-0.234475885
1237,0.7245123214,0.2289629751,0.6873820335,1.374764067,68.20108466,5.278508425,-0.3713502584
1238,0.6316764929,0.2236656734,0.5907527894,1.181505579,75.84268924,4.746667129,-0.2445850154
1239,0.6196983171,0.2553592816,0.5646393907,1.129278781,76.64706766,4.696852874,-0.230948704
1240,0.6824962317,0.1991702098,0.6527881232,1.305576246,71.70695663,5.020433399,-0.3138771782
1241,0.6585277416,0.2173047669,0.621640913,1.243281826,73.54065036,4.895251785,-0.2833350073
1242,0.713806523,0.2666211617,0.6621426647,1.324285329,68.59783376,5.247979131,-0.3649119854
1243,0.6691672914,0.2614719463,0.6159685748,1.23193715,72.19839868,4.986260175,-0.3057219153
1244,0.6959502748,0.2626697414,0.6444776117,1.288955223,70.0175774,5.141566066,-0.341731845
1245,0.6654004193,0.2480698639,0.6174293973,1.234858795,72.66195241,4.954449861,-0.2980088228
1246,0.6710271552,0.1828372016,0.6456376698,1.29127534,72.76605829,4.947361565,-0.2962738999
1247,0.6657501101,0.1916823347,0.6375586966,1.275117393,73.13965842,4.922090255,-0.2900398463
1248,0.6533082753,0.1755924997,0.6292686045,1.258537209,74.30571507,4.844849412,-0.2705044191
1249,0.6585721409,0.2210684198,0.6203595881,1.240719176,73.50353371,4.897723712,-0.2839562091
1250,0.6603753591,0.2711611719,0.602135561,1.204271122,72.8257478,4.943306604,-0.2952787335
1251,0.6529079649,0.2431287936,0.6059514835,1.211902967,73.77875884,4.879453188,-0.2793470949
1252,0.6672482207,0.2334335524,0.6250831662,1.250166332,72.65585479,4.954865661,-0.2981104091
1253,0.6725465705,0.2236468006,0.6342720221,1.268544044,72.30845561,4.978670848,-0.3038924655
1254,0.6757233596,0.2522039485,0.6268933139,1.253786628,71.75959199,5.016750932,-0.3130048113
1255,0.6773980955,0.2319977211,0.6364316437,1.272863287,71.83086998,5.011772795,-0.3118230447
1256,0.6222066244,0.1660256058,0.5996470476,1.199294095,77.11783402,4.668180902,-0.2229466988
1257,0.7147663394,0.2506946615,0.6693602219,1.338720444,68.70607269,5.239711511,-0.3631524799
1258,0.6848120206,0.1634820015,0.6650121343,1.330024269,71.77491762,5.015679738,-0.3127507579
1259,0.6614821245,0.2265947313,0.6214607218,1.242921444,73.20603751,4.917627183,-0.2889309184
1260,0.6797207058,0.1962974946,0.6507591963,1.301518393,71.95416032,5.003185339,-0.3097777914
1261,0.7094458762,0.2273997377,0.6720139958,1.344027992,69.34623146,5.191341943,-0.3527199272
1262,0.6777922015,0.184105823,0.6523092168,1.304618434,72.20249309,4.985977417,-0.305653875
1263,0.6327261835,0.2263929961,0.5908372319,1.181674464,75.72368646,4.754126705,-0.2465983939
1264,0.6781371239,0.2438337264,0.6327835907,1.265567181,71.65130414,5.024332834,-0.3147992621
1265,0.6497890452,0.2088775641,0.6153015248,1.23060305,74.36281574,4.841129218,-0.2695448447
1266,0.6362141314,0.216776735,0.5981440196,1.196288039,75.49300966,4.768653437,-0.2504981206
1267,0.6893459865,0.2038782027,0.6585070748,1.31701415,71.12021023,5.061852304,-0.3235836805
1268,0.740208631,0.1759834079,0.7189844627,1.437968925,67.49349071,5.333847697,-0.3827883906
1269,0.7088740079,0.2460052146,0.6648186169,1.329637234,69.20290292,5.202093912,-0.3550595985
1270,0.6243228084,0.1888801523,0.5950657587,1.190131517,76.78105911,4.688656345,-0.2286727042
1271,0.63116663,0.2136377621,0.5939109541,1.187821908,75.97341991,4.738499339,-0.2423719995
1272,0.7022399512,0.2686823444,0.6488071723,1.297614345,69.45647808,5.18310185,-0.3509187771
1273,0.6848439055,0.2383135521,0.642041919,1.284083838,71.1646377,5.058692233,-0.322849895
1274,0.6756724084,0.2268014305,0.6364701993,1.272940399,72.02186532,4.998482036,-0.308654028
1275,0.6729569791,0.298570459,0.603097651,1.206195302,71.40799546,5.041452259,-0.3188270479
1276,0.6012890488,0.225006536,0.5576025277,1.115205055,78.68729966,4.575071219,-0.1961635052
1277,0.6178609855,0.2398372642,0.5694122269,1.138824454,76.97201008,4.6770248,-0.2254270231
1278,0.6365587634,0.183619915,0.6095004398,1.21900088,75.71347555,4.754767859,-0.2467711005
1279,0.6872433664,0.2179054596,0.651782675,1.30356535,71.16703658,5.058521716,-0.3228102684
1280,0.6881757125,0.2673429258,0.6341242554,1.268248511,70.57786411,5.100749428,-0.3325255157
1281,0.6329459363,0.1866512087,0.6047990448,1.20959809,76.01541138,4.735881757,-0.2416608973
1282,0.6864095374,0.2163870376,0.6514097811,1.302819562,71.24730049,5.05282302,-0.32148408
1283,0.6884442141,0.2365068339,0.646544626,1.293089252,70.89451761,5.077966705,-0.3273083156
1284,0.624948852,0.2673348718,0.5648832923,1.129766585,76.02675604,4.735175072,-0.2414687596
1285,0.6616015095,0.2316741214,0.6197125614,1.239425123,73.14796325,4.921531428,-0.2899011273
1286,0.6611712279,0.2161447271,0.6248430599,1.24968612,73.32646155,4.909550964,-0.2869181273
1287,0.6501958826,0.2131242195,0.6142741675,1.228548335,74.29221996,4.845729475,-0.2707311648
1288,0.6866166373,0.2287355491,0.6473966753,1.294793351,71.11671765,5.062100894,-0.3236413575
1289,0.6714220665,0.2310987099,0.630397476,1.260794952,72.33117775,4.977106846,-0.303514621
1290,0.6851279405,0.2416570926,0.6410944895,1.282188979,71.10763257,5.062747654,-0.323791384
1291,0.6830180448,0.1958203391,0.6543455084,1.308691017,71.69135272,5.021526116,-0.314135743
1292,0.7040076554,0.2245081202,0.6672502401,1.33450048,69.79043394,5.158300066,-0.3454548843
1293,0.6448391563,0.2187408812,0.6066052789,1.213210558,74.71150263,4.81853513,-0.2636794014
1294,0.6606955299,0.2460603792,0.6131662687,1.226332537,73.08080315,4.926054237,-0.2910227559
1295,0.6662017561,0.241086833,0.621049047,1.242098094,72.6672461,4.954088937,-0.2979206272
1296,0.6703287823,0.236918624,0.6270647829,1.254129566,72.36480659,4.974793922,-0.3029553223
1297,0.6507442677,0.255654096,0.5984221629,1.196844326,73.83440542,4.875775703,-0.2784144111
1298,0.6752014851,0.2804839432,0.6141871075,1.228374215,71.46704291,5.037286914,-0.3178500889
1299,0.6638661091,0.2119239769,0.6291314957,1.258262991,73.1355705,4.922365376,-0.2901081264
1300,0.692565072,0.2456957908,0.6475183066,1.295036613,70.47263346,5.108365933,-0.3342570609
1301,0.6536258083,0.198657177,0.6227054065,1.245410813,74.11324359,4.857431446,-0.2737369104
1302,0.666432304,0.1535012116,0.6485132179,1.297026436,73.33496282,4.90898183,-0.2867759875
1303,0.6695831506,0.2349135726,0.6270224948,1.25404499,72.44664247,4.969174384,-0.3015938318
1304,0.6528994577,0.288175766,0.5858604183,1.171720837,73.2541494,4.914397382,-0.2881269194
1305,0.64288699,0.1868560711,0.6151329048,1.23026581,75.13223539,4.79155183,-0.2565890561
1306,0.6221632403,0.217287543,0.5829864675,1.165972935,76.76750661,4.689484079,-0.2289029662
1307,0.6653956589,0.2262308418,0.6257563337,1.251512667,72.87962621,4.939652118,-0.2943801768
1308,0.6686425549,0.1760670136,0.6450451713,1.290090343,73.01033596,4.930808704,-0.2921991859
1309,0.6342342781,0.2002396136,0.6017949956,1.203589991,75.80218552,4.749203437,-0.2452704066
1310,0.668523218,0.2243893874,0.6297401813,1.259480363,72.63524304,4.956271707,-0.2984537757
1311,0.6629229813,0.2694689344,0.6056842186,1.211368437,72.62955416,4.956659918,-0.2985485387
1312,0.6801554465,0.1715768696,0.6581586505,1.316317301,72.09747907,4.993239773,-0.3073984863
1313,0.6352965392,0.2052876592,0.6012143293,1.202428659,75.66831911,4.757605352,-0.2475347784
1314,0.6190723328,0.1863808398,0.5903496725,1.180699345,77.2806506,4.658345876,-0.2201756403
1315,0.6067439206,0.215154648,0.5673153115,1.134630623,78.23679328,4.601415586,-0.2038674165
1316,0.6649366963,0.2337445187,0.6224984419,1.244996884,72.84659828,4.941891708,-0.2949310307
1317,0.6806666306,0.2654742716,0.6267618952,1.25352379,71.20492292,5.055830205,-0.3221843569
1318,0.679384785,0.2808250627,0.6186282973,1.237256595,71.11990836,5.061873789,-0.3235886658
1319,0.6716144204,0.2384509624,0.627859115,1.25571823,72.24282852,4.98319359,-0.3049835042
1320,0.6568481804,0.2114554747,0.6218811095,1.243762219,73.7340605,4.882411162,-0.280096086
1321,0.6689994536,0.2332583993,0.6270173746,1.254034749,72.51143325,4.964734303,-0.3005154814
1322,0.685068203,0.2348144619,0.6435686531,1.287137306,71.18166787,5.057481944,-0.3225685648
1323,0.6672695019,0.2693784566,0.610478366,1.220956732,72.26422458,4.981718161,-0.3046278423
1324,0.6881751722,0.2038956055,0.6572759311,1.314551862,71.21327421,5.055237299,-0.3220463681
1325,0.6790535448,0.1605444685,0.6598023874,1.319604775,72.25714386,4.982206337,-0.3047455483
1326,0.7051458235,0.2695663834,0.6515862164,1.303172433,69.22180791,5.200673182,-0.3547511235
1327,0.6448769917,0.1453742382,0.6282775384,1.256555077,75.21123166,4.786519142,-0.2552562273
1328,0.6572334748,0.2452816598,0.6097481019,1.219496204,73.38429209,4.90568199,-0.2859510854
1329,0.6707201143,0.1761087454,0.6471871302,1.29437426,72.8381735,4.942463309,-0.2950715272
1330,0.6776847317,0.2054985037,0.6457762465,1.291552493,72.04566098,4.996831108,-0.3082589667
1331,0.6517414636,0.2024909351,0.6194871722,1.238974344,74.24541794,4.848784073,-0.2715174184
1332,0.6752746688,0.2667020577,0.6203756046,1.240751209,71.63124005,5.025740163,-0.3151316233
1333,0.6157798482,0.2400638136,0.567057481,1.134114962,77.1661338,4.665258997,-0.2221248469
1334,0.6565590964,0.2401710303,0.6110545993,1.222109199,73.49420494,4.89834539,-0.284112321
1335,0.6344003909,0.1608429102,0.6136720738,1.227344148,76.04763264,4.733875171,-0.2411151602
1336,0.7002137964,0.2157748734,0.6661385477,1.332277095,70.16386134,5.130846466,-0.3393313026
1337,0.6836374814,0.2688035679,0.6285736614,1.257147323,70.92466064,5.075808566,-0.3268111539
1338,0.6851846047,0.2376425583,0.6426538392,1.285307678,71.14403327,5.06015731,-0.3231902319
1339,0.6945603795,0.2058052042,0.663368931,1.326737862,70.69187407,5.092523076,-0.3306482433
1340,0.669819496,0.2036470522,0.6381113033,1.276222607,72.70747982,4.951347522,-0.2972502299
1341,0.6949390088,0.2034059842,0.6645045007,1.329009001,70.68202522,5.09323267,-0.3308104648
1342,0.6850385866,0.2791322338,0.6255901702,1.25118034,70.6837421,5.093108957,-0.3307821866
1343,0.6436665707,0.2715605867,0.5835764749,1.16715295,74.27537119,4.846828689,-0.2710142376
1344,0.6273197205,0.223568963,0.5861287832,1.172257566,76.24029491,4.72191248,-0.2378504205
1345,0.6544674074,0.2361994124,0.6103584397,1.220716879,73.71329346,4.88378667,-0.2804440125
1346,0.6046765046,0.1839670546,0.5760119773,1.152023955,78.64882415,4.577309374,-0.1968219383
1347,0.6844325597,0.2975315061,0.6163788865,1.232757773,70.48540486,5.107440337,-0.3340469704
1348,0.6484099739,0.2037662422,0.6155605679,1.231121136,74.52373337,4.830675863,-0.2668391929
1349,0.6152761614,0.1985085921,0.5823736719,1.164747344,77.55105893,4.642102958,-0.2155695055
1350,0.68139571,0.2467448842,0.6351512227,1.270302445,71.35559771,5.045154291,-0.3196937019
1351,0.7232128902,0.2784726482,0.6674502744,1.334900549,67.75178193,5.313513383,-0.3786198323
1352,0.7069991754,0.1984614093,0.6785726954,1.357145391,69.78648882,5.158591671,-0.3455194997
1353,0.7003102169,0.1357520793,0.6870267629,1.374053526,70.71180874,5.091087421,-0.3303198669
1354,0.6771504788,0.2132913505,0.6426815469,1.285363094,72.02315597,4.998392463,-0.3086326016
1355,0.6228842156,0.2069967189,0.5874837056,1.174967411,76.78228138,4.688581708,-0.2286519368
1356,0.6568592844,0.2334927655,0.6139586696,1.227917339,73.53421419,4.895680248,-0.2834427346
1357,0.7252836926,0.2681028992,0.6739119157,1.347823831,67.72583985,5.315548701,-0.3790388603
1358,0.6330799956,0.1582390413,0.6129850623,1.225970125,76.18001694,4.725648726,-0.2388721457
1359,0.6658646767,0.2911362477,0.5988450993,1.197690199,72.10397933,4.992789626,-0.3072905265
1360,0.6680075659,0.2444814737,0.6216614168,1.243322834,72.48113848,4.966809401,-0.3010197426
1361,0.652188515,0.2061161371,0.6187616643,1.237523329,74.17788709,4.85319836,-0.2726515882
1362,0.6482899134,0.2543218398,0.5963222397,1.192644479,74.06330728,4.860706512,-0.27457507
1363,0.640441007,0.2338511736,0.5962200199,1.19244004,74.96342362,4.802342031,-0.2594356185
1364,0.6925239697,0.2460363755,0.6473450012,1.294690002,70.47227704,5.108391769,-0.3342629237
1365,0.6621718787,0.1887739853,0.6346936107,1.269387221,73.46126873,4.900541553,-0.2846634305
1366,0.695773816,0.2412825825,0.6525978229,1.305195646,70.26597245,5.123390276,-0.3376543315
1367,0.6789845543,0.2204295316,0.6422077908,1.284415582,71.81023815,5.013212729,-0.3121651635
1368,0.6773395098,0.2380802013,0.6341187817,1.268237563,71.77544636,5.01564279,-0.3127419927
1369,0.665166791,0.2385982077,0.6209007611,1.241801522,72.77928953,4.946462137,-0.2960533313
1370,0.659158928,0.1770189621,0.6349447058,1.269889412,73.79816908,4.878169804,-0.2790217926
1371,0.6490196157,0.247340192,0.6000410744,1.200082149,74.07348413,4.860038707,-0.2744042729
1372,0.7299938927,0.2070768509,0.7000073294,1.400014659,67.99509128,5.294499841,-0.3746860269
1373,0.696074065,0.2177214001,0.6611478623,1.322295725,70.46963762,5.108583103,-0.3343063402
1374,0.6705025708,0.1977589083,0.640675512,1.281351024,72.69792149,4.951998525,-0.2974095096
1375,0.6528867765,0.2178361156,0.615474264,1.230948528,74.01920672,4.863602516,-0.2753151057
1376,0.6162250433,0.1861076277,0.5874497893,1.174899579,77.54659999,4.642369879,-0.2156454982
1377,0.7080398469,0.257880088,0.6594075257,1.318815051,69.13662244,5.2070811,-0.3561407997
1378,0.6320584245,0.1425737687,0.6157682782,1.231536556,76.35361156,4.714904674,-0.2359289657
1379,0.654419913,0.2189780241,0.6166960739,1.233392148,73.87725428,4.87294775,-0.2776960489
1380,0.7318321295,0.2785359211,0.6767540221,1.353508044,67.12111266,5.363439099,-0.3887844804
1381,0.662488792,0.2367906117,0.618725792,1.237451584,73.02304267,4.929950696,-0.2919870836
1382,0.6376130077,0.1757704385,0.6129070896,1.225814179,75.67171338,4.757391949,-0.2474773804
1383,0.6391052597,0.2590150232,0.5842659932,1.168531986,74.82612388,4.81115393,-0.2617491543
1384,0.6740842646,0.2159189573,0.6385676155,1.277135231,72.25142505,4.982600686,-0.3048406112
1385,0.6857128006,0.2086829743,0.6531871563,1.306374313,71.37004172,5.044133243,-0.319454826
1386,0.6716760171,0.2119163284,0.6373697056,1.274739411,72.48472948,4.966563338,-0.3009599743
1387,0.6474986696,0.2347120073,0.603460687,1.206921374,74.33261736,4.843095976,-0.2700523607
1388,0.6248382984,0.2060859036,0.5898741387,1.179748277,76.60964626,4.699147138,-0.2315841246
1389,0.6862309872,0.2302778309,0.6464403208,1.292880642,71.13277287,5.060958339,-0.3233762096
1390,0.6632474766,0.2522633089,0.6134007159,1.226801432,72.79846784,4.945159022,-0.2957335953
1391,0.632354051,0.1884326394,0.6036263631,1.207252726,76.05625139,4.733338725,-0.24096917
1392,0.6768201602,0.2109634406,0.643101824,1.286203648,72.07021122,4.995128971,-0.3078513219
1393,0.6553527898,0.2348437804,0.6118297785,1.223659557,73.65034443,4.887960848,-0.2814984217
1394,0.6881026615,0.1612447582,0.6689434959,1.337886992,71.52620032,5.033120708,-0.3168709721
1395,0.7237734122,0.2746968885,0.6696189749,1.33923795,67.75735964,5.31307598,-0.3785297286
1396,0.6906869599,0.2861498644,0.6286228851,1.25724577,70.14109541,5.132511802,-0.3397050408
1397,0.5970024862,0.1889421431,0.5663151376,1.132630275,79.35807404,4.536400415,-0.1846705604
1398,0.6621917093,0.3029009341,0.5888538732,1.177707746,72.249625,4.982724824,-0.3048705324
1399,0.6847591575,0.2720512454,0.6283973454,1.256794691,70.79479628,5.085119513,-0.3289524156
1400,0.709904412,0.2242455751,0.6735563794,1.347112759,69.34106064,5.191729066,-0.3528043734
1401,0.6779731305,0.2749636035,0.619711693,1.239423386,71.30939645,5.04842304,-0.3204576448
1402,0.694729293,0.2062341268,0.6634125982,1.326825196,70.67500113,5.093738864,-0.3309261535
1403,0.6805005982,0.2338505115,0.6390579022,1.278115804,71.56006757,5.030738682,-0.3163102815
1404,0.6789928672,0.2229740747,0.6413375677,1.282675135,71.78627503,5.0148862,-0.3125624715
1405,0.7156566343,0.2138710983,0.6829521004,1.365904201,68.99973171,5.217411591,-0.358372321
1406,0.6719789489,0.2212666174,0.6345051551,1.26901031,72.37712766,4.973947041,-0.3027503781
1407,0.6516933948,0.1847818268,0.6249479637,1.249895927,74.3816584,4.839902844,-0.2692281357
1408,0.6924416746,0.2437335827,0.6481276212,1.296255242,70.50302864,5.106163621,-0.333757031
1409,0.706305913,0.2696213697,0.6528187802,1.30563756,69.13211714,5.207420442,-0.3562142751
1410,0.6567356447,0.1525984839,0.6387608392,1.277521678,74.15428316,4.854743174,-0.2730479231
1411,0.6654308159,0.2012705073,0.6342620544,1.268524109,73.09217481,4.925287843,-0.2908328681
1412,0.6634493811,0.2762035727,0.6032219059,1.206443812,72.50259662,4.965339405,-0.3006625771
1413,0.6209002882,0.1760615666,0.595415395,1.19083079,77.17784775,4.66455091,-0.2219255027
1414,0.6377764327,0.219269296,0.5988987843,1.197797569,75.33217189,4.778834739,-0.2532147786
1415,0.6792033195,0.213715207,0.6447037766,1.289407553,71.8522003,5.010284981,-0.3114693008
1416,0.6571071597,0.1892346026,0.6292694848,1.25853897,73.88650975,4.872337335,-0.2775408604
1417,0.6654562866,0.1916665997,0.6372566076,1.274513215,73.16433155,4.920430384,-0.2896277029
1418,0.6471062098,0.2405789118,0.6007230926,1.201446185,74.30965302,4.844592666,-0.2704382508
1419,0.6633513408,0.2239647051,0.6243995614,1.248799123,73.07245735,4.926616855,-0.2911621097
1420,0.637745432,0.1864999735,0.6098663755,1.219732751,75.58835187,4.762638569,-0.2488867932
1421,0.6103791171,0.1894816946,0.580223538,1.160447076,78.07254676,4.611095897,-0.2066730138
1422,0.6500214922,0.2242729517,0.6101062067,1.220212413,74.20997477,4.851099884,-0.2721127279
1423,0.6743038455,0.2526602021,0.6251787731,1.250357546,71.87137568,5.00894823,-0.3111512576
1424,0.7129205271,0.2365441436,0.67253442,1.34506884,68.99302787,5.21791855,-0.3584815511
1425,0.6820220799,0.2069523644,0.6498652448,1.29973049,71.6815851,5.02221037,-0.3142975857
1426,0.6288996486,0.2345850363,0.5835106072,1.167021214,75.99729753,4.737010548,-0.2419676612
1427,0.6573702625,0.2405826122,0.6117643898,1.22352878,73.42057843,4.903257475,-0.2853441566
1428,0.6291243343,0.1930894159,0.5987603072,1.197520614,76.31486825,4.717298323,-0.2365860212
1429,0.713195201,0.2463265854,0.6693060646,1.338612129,68.87141739,5.227132149,-0.360462177
1430,0.6908478768,0.2385854215,0.6483423367,1.296684673,70.68232702,5.093210922,-0.3308054939
1431,0.6517167262,0.2951132949,0.5810704211,1.162140842,73.2633511,4.913780145,-0.2879731264
1432,0.6729661862,0.1901735637,0.6455366011,1.291073202,72.55276667,4.961905886,-0.2998273445
1433,0.6501984873,0.227179075,0.6092189597,1.218437919,74.16809324,4.853839222,-0.2728160428
1434,0.6386219442,0.2380231444,0.5926069274,1.185213855,75.08578214,4.794516215,-0.25737259
1435,0.6915399845,0.2635035794,0.639369544,1.278739088,70.3556115,5.11686264,-0.336181305
1436,0.6638057492,0.2419221509,0.6181518791,1.236303758,72.86023465,4.940966794,-0.2947036095
1437,0.6973746545,0.2506550423,0.6507714334,1.301542867,70.04121674,5.139830757,-0.3413440703
1438,0.6370128087,0.1879664024,0.6086492833,1.217298567,75.64321651,4.759184189,-0.2479592428
1439,0.7033223585,0.1911202356,0.6768569978,1.353713996,70.12668377,5.133566578,-0.3399416027
1440,0.6714814415,0.2703745109,0.6146421318,1.229284264,71.9007318,5.006903142,-0.3106642893
1441,0.6640674391,0.2532208203,0.6138931339,1.227786268,72.71879192,4.950577292,-0.2970617148
1442,0.6199522334,0.2038743857,0.5854707564,1.170941513,77.07674952,4.6706692,-0.2236456533
1443,0.6710058825,0.2038147565,0.6393030888,1.278606178,72.60787953,4.958139562,-0.2989095588
1444,0.6705087663,0.2445076267,0.6243380704,1.248676141,72.27249343,4.981148192,-0.3044903798
1445,0.6863861387,0.2911315456,0.6215853559,1.243170712,70.41723457,5.112384805,-0.3351681837
1446,0.6302303274,0.2454342974,0.5804759006,1.160951801,75.77149855,4.751126834,-0.2457896005
1447,0.6456958933,0.2349119754,0.6014478784,1.202895757,74.48877259,4.832943106,-0.2674271993
1448,0.644804198,0.2299787636,0.6023970634,1.204794127,74.61373402,4.824849001,-0.2653250125
1449,0.6736239795,0.2605809557,0.6211818021,1.242363604,71.83870787,5.011225991,-0.3116930654
1450,0.6216695825,0.2293704354,0.5778081629,1.155616326,76.71079969,4.692950685,-0.2298662984
1451,0.6468797908,0.177512115,0.6220473558,1.244094712,74.84745044,4.80978307,-0.2613898946
1452,0.6534144078,0.2339185158,0.6101086102,1.22021722,73.82620453,4.876317323,-0.2785518815
1453,0.6654054794,0.2328772948,0.6233238465,1.246647693,72.81564617,4.943992383,-0.2954471743
1454,0.691433686,0.224702205,0.6539032507,1.307806501,70.77129952,5.086807823,-0.3293396605
1455,0.652170272,0.20405796,0.6194242589,1.238848518,74.19600356,4.852013353,-0.2723473621
1456,0.659974881,0.1582556076,0.6407199125,1.281439825,73.84779915,4.874891387,-0.2781898816
1457,0.6742520428,0.1807000904,0.6495870184,1.299174037,72.51590116,4.964428412,-0.3004411052
1458,0.6122829835,0.1955586904,0.5802131078,1.160426216,77.85246906,4.6241308,-0.2104296317
1459,0.6480122032,0.2229584463,0.6084483106,1.216896621,74.39668095,4.838925546,-0.2689756146
1460,0.6846244276,0.2129366732,0.6506677955,1.301335591,71.42082908,5.040546359,-0.3186147402
1461,0.6731816036,0.2441234026,0.6273573429,1.254714686,72.05514014,4.996173754,-0.3081015764
1462,0.6519750945,0.2216213647,0.6131520974,1.226304195,74.06452153,4.860626823,-0.2745546918
1463,0.6371886277,0.2511109888,0.585621566,1.171243132,75.08287001,4.794702173,-0.2574217037
1464,0.6227128145,0.217456396,0.5835100387,1.167020077,76.71531527,4.692674452,-0.2297895965
1465,0.6636782722,0.2810144263,0.6012484854,1.202496971,72.42237605,4.970839396,-0.3019976127
1466,0.6709502314,0.2380924703,0.6272847747,1.254569549,72.30148344,4.979150951,-0.3040083956
1467,0.6674305703,0.2711851719,0.6098542192,1.219708438,72.22889471,4.984154907,-0.3052150998
1468,0.6662247037,0.2068903684,0.6332864527,1.266572905,72.98012326,4.932849986,-0.2927034431
1469,0.6204273968,0.2042879649,0.5858298235,1.171659647,77.02965329,4.673524865,-0.2244467414
1470,0.6475686742,0.2262503161,0.6067585865,1.213517173,74.40568135,4.838340211,-0.2688243138
1471,0.6326813768,0.2100870789,0.5967823253,1.193564651,75.86529326,4.745252862,-0.2442024639
1472,0.6326784719,0.217327323,0.5941808508,1.188361702,75.80623708,4.74894961,-0.245201853
1473,0.6859435235,0.1914908307,0.6586727406,1.317345481,71.48985424,5.035679592,-0.3174725777
1474,0.7258805866,0.2350833028,0.6867593952,1.37351879,68.04061897,5.290957158,-0.3739491865
1475,0.7018493698,0.1207719769,0.6913802625,1.382760525,70.66497216,5.094461782,-0.3310913246
1476,0.6767467792,0.2329676947,0.6353835506,1.270767101,71.8746785,5.008718056,-0.3110964735
1477,0.6882419993,0.218114678,0.6527656829,1.305531366,71.08543519,5.064328565,-0.3241579063
1478,0.6370456177,0.2347765409,0.5922052811,1.184410562,75.25791893,4.78354976,-0.254468289
1479,0.6897119943,0.25071076,0.6425315166,1.285063033,70.64510808,5.09589425,-0.3314184445
1480,0.6485999779,0.1686311738,0.6262950252,1.25259005,74.75559397,4.815693126,-0.2629370179
1481,0.7257057291,0.2467173218,0.6824803062,1.364960612,67.93443658,5.299226992,-0.3756673221
1482,0.6484071927,0.2121841295,0.6127069306,1.225413861,74.45544479,4.835106432,-0.2679876481
1483,0.6375612211,0.1810033698,0.6113281368,1.222656274,75.64204375,4.759257976,-0.2479790722
1484,0.6924837807,0.2101538897,0.6598250747,1.319650149,70.8187136,5.083402136,-0.3285581826
1485,0.6656802009,0.223711984,0.6269633786,1.253926757,72.87904682,4.939691388,-0.2943898409
1486,0.6821894179,0.266576165,0.6279486844,1.255897369,71.06835805,5.065545482,-0.3244398503
1487,0.6589845413,0.2048189409,0.6263464114,1.252692823,73.60699999,4.890839187,-0.2822242525
1488,0.6224327844,0.1682467026,0.599262562,1.198525124,77.08427364,4.6702133,-0.2235176568
1489,0.6657324707,0.3092195347,0.5895617033,1.179123407,71.85599911,5.010020102,-0.3114062965
1490,0.6418908787,0.2852663904,0.5750191185,1.150038237,74.26368564,4.847591348,-0.2712105505
1491,0.6646784613,0.2202508655,0.6271259946,1.254251989,72.99450246,4.931878263,-0.2924634609
1492,0.6307538296,0.2449126424,0.581264304,1.162528608,75.72888341,4.75380045,-0.2465104903
1493,0.6494098963,0.2605247055,0.5948614051,1.18972281,73.89686227,4.871654749,-0.2773672688
1494,0.6078677404,0.1764048733,0.5817082693,1.163416539,78.39096191,4.592366151,-0.2012324412
1495,0.6961502111,0.2133004702,0.6626673569,1.325334714,70.50289663,5.106173182,-0.3337592029
1496,0.6856775475,0.2466883369,0.6397644595,1.279528919,71.01079909,5.069651442,-0.3253899377
1497,0.6730532993,0.2044035137,0.641264335,1.28252867,72.43412493,4.970033121,-0.3018021241
1498,0.6089650896,0.2130713113,0.5704726958,1.140945392,78.04029195,4.613001707,-0.2072237794
1499,0.633223101,0.1844427636,0.6057659305,1.211531861,76.00560253,4.736492943,-0.2418270164
1500,0.6209999498,0.2093125609,0.5846616025,1.169323205,76.93850045,4.679061821,-0.2259967838
1501,0.6095998793,0.1624926735,0.5875441633,1.175088327,78.30584751,4.597357815,-0.2026873564
1502,0.6524268037,0.227207668,0.6115859791,1.223171958,73.97478846,4.866522872,-0.2760603077
1503,0.6391793745,0.2057810742,0.6051482647,1.210296529,75.31837405,4.779710191,-0.2534477408
1504,0.7209584342,0.1984279228,0.6931142931,1.386228586,68.73250623,5.237696393,-0.3627225856
1505,0.6785004067,0.1906314673,0.6511700589,1.302340118,72.09676489,4.993289235,-0.3074103475
1506,0.670799109,0.2378829315,0.6272026431,1.254405286,72.3161229,4.978142986,-0.3037649722
1507,0.6507498892,0.2833243195,0.5858350863,1.171670173,73.50511078,4.897618631,-0.2839298169
1508,0.6682453063,0.3054347655,0.5943579675,1.188715935,71.701157,5.020839483,-0.3139732838
1509,0.6742730013,0.2758362327,0.6152710403,1.230542081,71.60246115,5.027760139,-0.3156082776
1510,0.6713981114,0.2416426585,0.6264058186,1.252811637,72.22832016,4.984194554,-0.305224649
1511,0.6308580312,0.1998826608,0.5983550597,1.196710119,76.10866698,4.730078903,-0.2400812021
1512,0.6581618633,0.2622313139,0.603665285,1.20733057,73.12003065,4.923411503,-0.290367673
1513,0.6691556303,0.2707128375,0.611950829,1.223901658,72.09029071,4.993737665,-0.3075178697
1514,0.6188160644,0.2355066347,0.5722498987,1.144499797,76.92217052,4.680055146,-0.2262744119
1515,0.6275307495,0.1519443435,0.6088577487,1.217715497,76.71185679,4.692886016,-0.2298483427
1516,0.6530511819,0.2210421503,0.6145048527,1.229009705,73.97679123,4.866391121,-0.2760267109
1517,0.6884044985,0.211559956,0.6550901759,1.310180352,71.13028205,5.061135561,-0.3234173465
1518,0.7114976172,0.247459557,0.6670776768,1.334155354,68.98789384,5.218306865,-0.3585652
1519,0.6542053026,0.1597097074,0.6344110555,1.268822111,74.32848944,4.843364943,-0.270121729
1520,0.7078445723,0.2450258264,0.6640830392,1.328166078,69.29185655,5.195415709,-0.3536077949
1521,0.6612069915,0.2079477214,0.6276562998,1.2553126,73.39310769,4.905092744,-0.2858036453
1522,0.7325648573,0.264784141,0.6830377945,1.366075589,67.23361162,5.354464699,-0.3869747241
1523,0.6639339719,0.1578154383,0.6449051143,1.289810229,73.51807512,4.896754974,-0.2837128514
1524,0.7004302568,0.2637385843,0.6488794216,1.297758843,69.65537056,5.168302129,-0.3476660966
1525,0.7172730582,0.2070267596,0.6867463584,1.373492717,68.9372426,5.222140985,-0.3593903066
1526,0.6486396047,0.1377437434,0.6338454054,1.267690811,74.92454589,4.804833926,-0.2600908699
1527,0.6691871641,0.2321492058,0.627629036,1.255258072,72.50657776,4.965066772,-0.3005963074
1528,0.7102709227,0.2522828257,0.663956444,1.327912888,69.02890321,5.215206722,-0.3578969535
1529,0.6736000684,0.2573117357,0.622517247,1.245034494,71.877796,5.008500817,-0.3110447624
1530,0.6675584913,0.2548568007,0.6169946114,1.233989223,72.40741498,4.971866488,-0.3022465302
1531,0.6777434022,0.2254092754,0.6391609953,1.278321991,71.86549666,5.009357991,-0.3112487709
1532,0.6840209697,0.2096862789,0.6510885896,1.302177179,71.49734946,5.035151691,-0.3173485262
1533,0.6040346706,0.2271202217,0.5597091104,1.119418221,78.40332968,4.591641726,-0.201020994
1534,0.7146816973,0.2700796834,0.6616848895,1.323369779,68.49060675,5.256195223,-0.3666537573
1535,0.69349492,0.17856111,0.6701127771,1.340225554,70.98495275,5.071497353,-0.3258164591
1536,0.6909754987,0.2321494986,0.6508100722,1.301620144,70.73634074,5.089321786,-0.3299157059
1537,0.6586363971,0.1783646137,0.634025211,1.268050422,73.83329338,4.87584914,-0.2784330524
1538,0.7139690907,0.2437335304,0.6710781092,1.342156218,68.84024818,5.229498869,-0.3609695578
1539,0.6716773217,0.254577732,0.6215630321,1.243126064,72.06736548,4.995326214,-0.3078985768
1540,0.6828626199,0.2622413743,0.6305004514,1.261000903,71.06480367,5.06579884,-0.3244985295
1541,0.6821006653,0.2500581283,0.6346118893,1.269223779,71.26298565,5.051710881,-0.3212248426
1542,0.6529054858,0.1639094302,0.6319962596,1.263992519,74.41437851,4.837774731,-0.2686781042
1543,0.6273740278,0.2206154093,0.5873048713,1.174609743,76.26053206,4.720659432,-0.237507337
1544,0.6686713631,0.2376040048,0.6250325822,1.250065164,72.49588317,4.965799218,-0.3007743254
1545,0.6389318554,0.2212744858,0.5993926241,1.198785248,75.21183505,4.786480742,-0.2552460449
1546,0.6797097998,0.2771162431,0.620654493,1.241308986,71.1406731,5.060396315,-0.32324573
1547,0.73664043,0.2348318273,0.6982070868,1.396414174,67.26000903,5.352363242,-0.3865498559
1548,0.6825237669,0.2000199335,0.6525570616,1.305114123,71.69793606,5.021065037,-0.3140266565
1549,0.6283652756,0.1990460098,0.5960063805,1.192012761,76.34063833,4.715705919,-0.2361489934
1550,0.7088439271,0.2882377309,0.6475945672,1.295189134,68.70206275,5.240017339,-0.3632176878
1551,0.6400308435,0.2679513394,0.581241396,1.162482792,74.64225366,4.823005501,-0.2648450582
1552,0.6213103346,0.1811104912,0.5943277899,1.18865558,77.10849184,4.668746482,-0.2231056436
1553,0.6749000668,0.268292391,0.6192812714,1.238562543,71.6431077,5.024907651,-0.3149350407
1554,0.6599072649,0.1844296371,0.6336113219,1.267222644,73.68361702,4.885753639,-0.2809411413
1555,0.6640374851,0.2586053388,0.6116118544,1.223223709,72.66158832,4.954474686,-0.2980148886
1556,0.629407184,0.152639274,0.6106182566,1.221236513,76.53931513,4.703465133,-0.2327780896
1557,0.6522174512,0.1756229853,0.6281275115,1.256255023,74.39904792,4.838771598,-0.2689358254
1558,0.6424395261,0.2139558477,0.6057651689,1.211530338,74.96344883,4.802340416,-0.2594351935
1559,0.6967910747,0.1914931425,0.6699613259,1.339922652,70.63141597,5.096882104,-0.3316439016
1560,0.6580359442,0.2232769623,0.6189981438,1.237996288,73.52930283,4.896007253,-0.2835249376
1561,0.651225492,0.2114453527,0.6159427768,1.231885554,74.21719166,4.850628162,-0.2719915202
1562,0.6564077825,0.1833127556,0.6302916868,1.260583374,73.98841378,4.865626679,-0.2758317344
1563,0.6396332587,0.2098552378,0.6042280073,1.208456015,75.24549994,4.784339267,-0.2546779001
1564,0.6807564909,0.2557864098,0.6308745615,1.261749123,71.30895215,5.048454494,-0.3204649902
1565,0.6629357429,0.2195427595,0.6255275981,1.251055196,73.14747542,4.92156425,-0.2899092759
1566,0.716311042,0.2568578488,0.6686744757,1.337348951,68.52198701,5.253788101,-0.3661441559
1567,0.6839617472,0.2245892393,0.6460366438,1.292073288,71.36906991,5.044201927,-0.3194708984
1568,0.675378009,0.2244736255,0.6369827678,1.273965536,72.06778148,4.99529738,-0.307891669
1569,0.6217193222,0.2435557607,0.5720275404,1.144055081,76.57547897,4.701243856,-0.2321642038
1570,0.6353657031,0.2446995909,0.5863545744,1.172709149,75.3125866,4.780077491,-0.2535454514
1571,0.6327890496,0.1814074195,0.6062287765,1.212457553,76.06478072,4.732807964,-0.2408246891
1572,0.6562345822,0.1516643087,0.6384682955,1.276936591,74.2020348,4.851618975,-0.2722460747
1573,0.6927074587,0.2250445515,0.6551324852,1.31026497,70.667327,5.09429202,-0.3310525428
1574,0.7009760331,0.241670991,0.6579988838,1.315997768,69.8559337,5.153463435,-0.3443818522
1575,0.6513916192,0.2572666182,0.5984354006,1.196870801,73.76032272,4.880672789,-0.2796560417
1576,0.6489148831,0.1819617556,0.6228807631,1.245761526,74.64099779,4.82308665,-0.2648661945
1577,0.6878629457,0.2218351912,0.6511102671,1.302220534,71.08184203,5.064584565,-0.3242172318
1578,0.6629657158,0.1671453861,0.6415496553,1.283099311,73.54205686,4.895158163,-0.2833114651
1579,0.6449447957,0.1725152304,0.6214437101,1.24288742,75.0483165,4.796909735,-0.2580044054
1580,0.7280556195,0.169529171,0.7080429686,1.416085937,68.41882443,5.261709815,-0.3678190564
1581,0.683921417,0.2183555535,0.6481275776,1.296255155,71.42942778,5.039939577,-0.3184724824
1582,0.6603819439,0.2740995447,0.6008109115,1.201621823,72.78936031,4.945777769,-0.2958854379
1583,0.6216683637,0.2675962704,0.5611272499,1.1222545,76.33051084,4.716331596,-0.2363207484
1584,0.6545107526,0.2746252973,0.5941088044,1.188217609,73.28733617,4.912171991,-0.2875722161
1585,0.6502305549,0.201790377,0.6181265391,1.236253078,74.38145001,4.839916403,-0.2692316384
1586,0.68494062,0.2833572322,0.623580253,1.247160506,70.63708934,5.096472737,-0.331550485
1587,0.7184290545,0.2859281555,0.6590792033,1.318158407,68.01083548,5.293274189,-0.3744312426
1588,0.6595519085,0.2580304098,0.606983548,1.213967096,73.04876697,4.928214601,-0.2915576456
1589,0.6826848173,0.2157861533,0.6476842563,1.295368513,71.55201041,5.031305171,-0.3164436823
1590,0.6622624516,0.2308533918,0.6207239856,1.241447971,73.09989956,4.924767368,-0.2907038709
1591,0.6906586467,0.2394288095,0.6478296161,1.295659232,70.68876175,5.092747292,-0.3306995077
1592,0.6610808862,0.2432410572,0.6147045844,1.229409169,73.07726986,4.926292412,-0.2910817537
1593,0.6562251077,0.226118204,0.6160372958,1.232074592,73.6580701,4.887448171,-0.2813690334
1594,0.6662937383,0.2310155345,0.6249633338,1.249926668,72.75910861,4.947834119,-0.2963897468
1595,0.6994925447,0.2525013342,0.6523288253,1.304657651,69.85575455,5.153476651,-0.3443847876
1596,0.6658921785,0.2389538453,0.6215411919,1.243082384,72.71480167,4.950848957,-0.2971282132
1597,0.6473938077,0.2582258108,0.5936650343,1.187330069,74.09921366,4.858351151,-0.2739724178
1598,0.6765952886,0.1931146528,0.6484503955,1.296900791,72.23312477,4.983863029,-0.3051447934
1599,0.6989792764,0.2831666406,0.6390529575,1.278105915,69.52832969,5.177745555,-0.3497442043
1600,0.6637295766,0.2239244381,0.6248158103,1.249631621,73.04096802,4.928740811,-0.2916878464
1601,0.6048756667,0.243635754,0.5536390444,1.107278089,78.17884552,4.604826249,-0.2048574507
1602,0.6740539093,0.2542650981,0.6242579055,1.248515811,71.87431923,5.008743093,-0.3111024329
1603,0.6959993999,0.21047779,0.6634110826,1.326822165,70.53922626,5.103543363,-0.3331614228
1604,0.659687742,0.232184295,0.6174774248,1.23495485,73.30546438,4.910957226,-0.2872691697
1605,0.6180623918,0.1717012828,0.59373377,1.18746754,77.46564887,4.647221126,-0.2170249038
1606,0.652017637,0.2294876325,0.6102969978,1.220593996,73.98897039,4.865590075,-0.2758223965
1607,0.6745105881,0.2697087857,0.6182408142,1.236481628,71.65816293,5.023851928,-0.3146856376
1608,0.6741043185,0.2599925144,0.6219489727,1.243897945,71.80580189,5.013522453,-0.3122387208
1609,0.6835976627,0.2637907514,0.6306506195,1.261301239,70.98738378,5.071323675,-0.3257763446
1610,0.6351040255,0.2034582303,0.6016326718,1.203265344,75.69974263,4.755630436,-0.2470033656
1611,0.6654470248,0.2066737755,0.6325390844,1.265078169,73.04696933,4.928335881,-0.2915876571
1612,0.7327012747,0.2612762338,0.6845333357,1.369066671,67.26405966,5.352040924,-0.3864846536
1613,0.6866469653,0.1641509224,0.6667372268,1.333474454,71.6239811,5.026249511,-0.315251858
1614,0.6930783042,0.2411870053,0.6497586969,1.299517394,70.47916718,5.107892366,-0.3341495829
1615,0.6617088772,0.2233128227,0.6228884502,1.2457769,73.21706991,4.916886191,-0.2887465735
1616,0.7031371779,0.2820117293,0.644105019,1.288210038,69.22104269,5.200730674,-0.3547636105
1617,0.7040401328,0.2227109478,0.6678864741,1.335772948,69.80467468,5.157247729,-0.3452216275
1618,0.6657564777,0.2108499419,0.6314855419,1.262971084,72.9861289,4.932444088,-0.292603214
1619,0.6914840757,0.2862293916,0.6294624392,1.258924878,70.07682546,5.137219011,-0.3407598426
1620,0.6581668839,0.203464376,0.6259280268,1.251856054,73.68739542,4.885503117,-0.280877851
1621,0.6350879295,0.2863972244,0.5668450477,1.133690095,74.86324721,4.808768166,-0.2611237644
1622,0.6880406662,0.2351357964,0.6466151217,1.293230243,70.94040945,5.074681734,-0.326551366
1623,0.7226289543,0.2309605127,0.684726111,1.369452222,68.32116922,5.269230666,-0.369403443
1624,0.6870926899,0.2319701919,0.6467504887,1.293500977,71.04735041,5.067043288,-0.3247866474
1625,0.6541626757,0.2560125231,0.6019853771,1.203970754,73.53390243,4.895701005,-0.2834479527
1626,0.6575319749,0.2564532267,0.6054585374,1.210917075,73.23907069,4.915409174,-0.2883789219
1627,0.6455918291,0.1912407174,0.6166164106,1.233232821,74.86424026,4.808704379,-0.2611070337
1628,0.6595690036,0.2082309584,0.6258363512,1.251672702,73.5294543,4.895997168,-0.2835224024
1629,0.6642870149,0.1582997454,0.6451499274,1.290299855,73.4857029,4.898912112,-0.2842545916
1630,0.6418866102,0.2322055841,0.5984137257,1.196827451,74.85056737,4.809582781,-0.2613373848
1631,0.6600603569,0.2842482597,0.5957202377,1.191440475,72.68829782,4.952654152,-0.2975698697
1632,0.700928751,0.211869746,0.6681409467,1.336281893,70.14266197,5.132397173,-0.3396793251
1633,0.65780273,0.1332745298,0.6441601752,1.28832035,74.1649672,4.85404381,-0.2728685324
1634,0.6601999759,0.2784399395,0.5986110659,1.197222132,72.75084404,4.948396198,-0.2965275063
1635,0.6734766981,0.2483837617,0.6260002953,1.252000591,71.98584154,5.00098342,-0.3092520022
1636,0.6308099322,0.184921593,0.6030963232,1.206192646,76.21913007,4.72322368,-0.2382091993
1637,0.6588325669,0.206722757,0.6255605909,1.251121182,73.60439522,4.891012268,-0.2822678659
1638,0.6931941787,0.2670914752,0.6396720357,1.279344071,70.1823937,5.129491615,-0.3390270255
1639,0.6994433558,0.2673880055,0.6463162248,1.29263245,69.6889763,5.165809847,-0.3471160949
1640,0.6579481544,0.227724248,0.6172823023,1.234564605,73.49586782,4.898234563,-0.2840844942
1641,0.6794254365,0.2343140862,0.6377427638,1.275485528,71.64287093,5.024924257,-0.3149389627
1642,0.6704379247,0.2282720459,0.630379952,1.260759904,72.43975403,4.969646913,-0.3017084574
1643,0.6472903988,0.2291233401,0.6053819913,1.210763983,74.4035848,4.838476546,-0.2688595583
1644,0.6552781832,0.2873480685,0.5889147518,1.177829504,73.05872436,4.92754292,-0.2913914026
1645,0.6841742323,0.1915492447,0.6568129619,1.313625924,71.63128185,5.025737229,-0.3151309308
1646,0.6602124357,0.2885290904,0.5938277732,1.187655546,72.61879315,4.957394421,-0.2987277831
1647,0.6835380976,0.1964198645,0.6547087655,1.309417531,71.64478933,5.024789707,-0.314907184
1648,0.6634085306,0.255476171,0.6122440727,1.224488145,72.7496551,4.948477068,-0.2965473238
1649,0.6445543176,0.2213011028,0.605372687,1.210745374,74.71417422,4.818362831,-0.2636344232
1650,0.7115530141,0.2173495567,0.6775447306,1.355089461,69.2789229,5.196385638,-0.3538189368
1651,0.6538992931,0.2202048275,0.6157061958,1.231412392,73.91118284,4.870710847,-0.2771271256
1652,0.6459793182,0.2877431578,0.5783538317,1.156707663,73.86744754,4.873594689,-0.2778604729
1653,0.6410995549,0.2078095447,0.6064848163,1.212969633,75.13216244,4.791556483,-0.2565902867
1654,0.6815498919,0.2191649474,0.6453502777,1.290700555,71.61352706,5.026983236,-0.3154250063
1655,0.6384030373,0.2222644288,0.598462164,1.196924328,75.25031342,4.784033231,-0.2545966583
1656,0.7489387954,0.2825538642,0.6935939973,1.387187995,65.85529225,5.466531051,-0.4090426181
1657,0.6554997401,0.2684297032,0.5980178958,1.196035792,73.27662709,4.912889885,-0.2877512246
1658,0.6067404565,0.2333087587,0.5600901755,1.120180351,78.08976787,4.610079013,-0.2063789285
1659,0.6295626579,0.2198307706,0.5899352274,1.179870455,76.06752221,4.732637393,-0.240778249
1660,0.684996781,0.20880174,0.6523974428,1.304794886,71.4264639,5.040148711,-0.3185215179
1661,0.6801126225,0.2193483433,0.6437697442,1.287539488,71.72834901,5.018936096,-0.3135226574
1662,0.7049220998,0.1823277058,0.6809344861,1.361868972,70.06873651,5.137812067,-0.3408925685
1663,0.671404854,0.256418737,0.6205110066,1.241022013,72.06949601,4.995178542,-0.3078631984
1664,0.7079932474,0.2270481149,0.6705994273,1.341198855,69.46046187,5.182804582,-0.3508536678
1665,0.6322858797,0.2249448256,0.5909189954,1.181837991,75.77631519,4.750824834,-0.2457081122
1666,0.6906784382,0.2466561342,0.6451336733,1.290267347,70.61191015,5.098290065,-0.3319650558
1667,0.6411786203,0.1511348499,0.6231117719,1.246223544,75.50324395,4.768007058,-0.2503251895
1668,0.6896859104,0.2360537641,0.6480318476,1.296063695,70.80015064,5.084734944,-0.3288641638
1669,0.6441958092,0.2210645897,0.605077423,1.210154846,74.74777879,4.816196626,-0.2630686166
1670,0.6462059749,0.2144317172,0.6095910109,1.219182022,74.62858687,4.823888741,-0.2650750635
1671,0.6283269766,0.1852495371,0.6003977003,1.200795401,76.44118021,4.709503425,-0.2344434746
1672,0.7193224732,0.3112988065,0.6484734949,1.29694699,67.58917567,5.326296651,-0.381245035
1673,0.6842056523,0.2145197727,0.6497065813,1.299413163,71.44065093,5.039147814,-0.3182867944
1674,0.6324594871,0.1884419051,0.6037339242,1.207467848,76.04671806,4.733932104,-0.2411306517
1675,0.6987658788,0.2485434713,0.6530695952,1.30613919,69.95540066,5.146135918,-0.3427515013
1676,0.7219603353,0.2639015682,0.6719990238,1.343998048,68.0204164,5.292528612,-0.3742761831
1677,0.6121806067,0.1921584642,0.5812402428,1.162480486,77.88511183,4.62219276,-0.2098726305
1678,0.6394588078,0.260823401,0.5838481998,1.1676964,74.77445798,4.814478229,-0.2626193496
1679,0.6463272823,0.2061167306,0.6125804838,1.225160968,74.68643465,4.820152437,-0.2641014112
1680,0.6800644814,0.1928128615,0.6521586458,1.304317292,71.95324582,5.003248928,-0.3097929671
1681,0.7324904893,0.250512303,0.6883210755,1.376642151,67.39844578,5.341369461,-0.3843203657
1682,0.6856477128,0.2342590135,0.6443876943,1.288775389,71.1406332,5.060399153,-0.3232463891
1683,0.6479757291,0.185036211,0.6209944815,1.241988963,74.70105761,4.819208878,-0.2638552454
1684,0.7003324683,0.2583469613,0.6509396391,1.301879278,69.72511458,5.163132426,-0.3465245114
1685,0.6907060187,0.2797409098,0.6315218347,1.263043669,70.22305783,5.126521276,-0.3383592495
1686,0.6477140837,0.1975906874,0.6168398937,1.233679787,74.63216326,4.82365758,-0.2650148761
1687,0.637196981,0.2810980336,0.5718425379,1.143685076,74.73901207,4.816761555,-0.2632162323
1688,0.6658142084,0.2638265185,0.6113134452,1.22262689,72.45208719,4.968800955,-0.3015032271
1689,0.6798593834,0.2918545964,0.6140274226,1.228054845,70.93477507,5.075084818,-0.3266443119
1690,0.6280229896,0.1999318293,0.5953487542,1.190697508,76.36519691,4.714189377,-0.2357324666
1691,0.6686353041,0.2384594683,0.6246681133,1.249336227,72.490317,4.966180518,-0.3008669737
1692,0.6441193916,0.2567922477,0.590717811,1.181435622,74.40374191,4.838466329,-0.2688569172
1693,0.6830985637,0.219571051,0.6468478965,1.293695793,71.48475713,5.036038653,-0.3175569355
1694,0.7155220397,0.2861076785,0.6558309124,1.311661825,68.22575187,5.276599966,-0.3709504855
1695,0.6947090964,0.2599338742,0.6442477083,1.288495417,70.14669566,5.132102041,-0.339613109
1696,0.6744758451,0.2314905701,0.6335059444,1.267011889,72.07536666,4.994771677,-0.3077657111
1697,0.6203278145,0.142865011,0.6036523719,1.207304744,77.41136307,4.650480055,-0.2179496904
1698,0.6760397266,0.2249567055,0.6375140725,1.275028145,72.00903739,4.999372483,-0.3088669783
1699,0.6971951159,0.1918225725,0.6702873491,1.340574698,70.59729329,5.099345644,-0.3322056903
1700,0.6075545495,0.1872892434,0.5779664955,1.155932991,78.35405759,4.594529129,-0.2018633251
1701,0.6717258535,0.2075560188,0.6388553211,1.277710642,72.51751484,4.964317942,-0.3004142422
1702,0.6492857518,0.2231098362,0.6097491193,1.219498239,74.284392,4.846240109,-0.2708626837
1703,0.6556944083,0.2243580452,0.6161157558,1.232231512,73.71968012,4.883363566,-0.2803370156
1704,0.7072454083,0.2468737508,0.6627589447,1.325517889,69.31813283,5.193446294,-0.3531787791
1705,0.6701050422,0.1946132013,0.6412226364,1.282445273,72.75522842,4.948097997,-0.2964544252
1706,0.6574783435,0.2311557036,0.6155037066,1.231007413,73.50365702,4.897715496,-0.2839541455
1707,0.6344624608,0.2471177431,0.5843589951,1.16871799,75.36984185,4.77644627,-0.2525786857
1708,0.6436072028,0.266326616,0.5859183946,1.171836789,74.34205997,4.842480826,-0.2698936755
1709,0.6516749524,0.2114107667,0.6164298268,1.232859654,74.17864421,4.853148825,-0.2726388745
1710,0.7186209358,0.2804469439,0.6616385426,1.323277085,68.06727578,5.28888509,-0.373517651
1711,0.6198993587,0.2316190513,0.5750024609,1.150004922,76.85577463,4.684098257,-0.2274030308
1712,0.6714397554,0.248839807,0.6236265674,1.247253135,72.14947771,4.989641109,-0.3065347549
1713,0.6349656701,0.1658483038,0.6129239286,1.225847857,75.96811869,4.738830001,-0.2424617634
1714,0.6380433351,0.2791737135,0.5737258362,1.147451672,74.68646635,4.820150391,-0.2641008775
1715,0.670821029,0.2273096788,0.6311348215,1.262269643,72.41706763,4.971203775,-0.3020859349
1716,0.6357202876,0.2346036273,0.5908480533,1.181696107,75.37858041,4.775892542,-0.2524311113
1717,0.6427090284,0.2513425428,0.5915249964,1.183049993,74.58723756,4.826562986,-0.2657708599
1718,0.6265486571,0.2092737517,0.5905655903,1.181131181,76.42838255,4.710292014,-0.234660605
1719,0.6560739902,0.2203286268,0.617971178,1.235942356,73.72343466,4.883114869,-0.2802741137
1720,0.6547494557,0.1983235764,0.6239908724,1.247981745,74.01948693,4.863584104,-0.2753104042
1721,0.6310061977,0.2210414787,0.5910240996,1.182048199,75.92609888,4.741452614,-0.2431731989
1722,0.6246653569,0.2140549767,0.5868451883,1.173690377,76.56299763,4.702010255,-0.2323760866
1723,0.6559263206,0.1870171359,0.62870019,1.25740038,74.00316133,4.864657044,-0.2755843173
1724,0.5955914267,0.1505968269,0.5762375753,1.152475151,79.69913066,4.516987789,-0.1788171434
1725,0.6556246024,0.2152107302,0.6192963434,1.238592687,73.80670615,4.877605556,-0.2788787071
1726,0.6905728917,0.2498531116,0.6437890503,1.287578101,70.58598616,5.100162505,-0.3323918226
1727,0.6967793529,0.1942906781,0.6691431828,1.338286366,70.61074536,5.098374166,-0.3319842322
1728,0.6762069055,0.2635318852,0.6227412982,1.245482596,71.59193839,5.028499132,-0.3157825423
1729,0.6307397141,0.2151945766,0.5928944941,1.185788988,75.99932794,4.736883993,-0.2419332768
1730,0.6724703447,0.2737248508,0.6142402385,1.228480477,71.77774162,5.015482403,-0.312703942
1731,0.6809206124,0.2341203749,0.6394063891,1.278812778,71.52333316,5.033322471,-0.3169184343
1732,0.6468996315,0.2447694584,0.5988046805,1.197609361,74.28557072,4.846163212,-0.2708428802
1733,0.6309361234,0.1954286437,0.5999066902,1.19981338,76.13433903,4.728483948,-0.2396462206
1734,0.6661379059,0.2204605059,0.628599137,1.257198274,72.87024784,4.94028785,-0.2945366032
1735,0.6948555611,0.2220066327,0.6584354986,1.316870997,70.52629279,5.104479276,-0.3333742499
1736,0.6788505833,0.221347961,0.6417501029,1.283500206,71.81277816,5.013035412,-0.312123047
1737,0.6502487389,0.2409333416,0.6039656839,1.207931368,74.03164536,4.862785343,-0.2751063938
1738,0.7014189508,0.2115886648,0.6687441824,1.337488365,70.1070807,5.135002006,-0.3402633454
1739,0.6544795176,0.2251656929,0.6145273385,1.229054677,73.81661734,4.876950651,-0.2787125829
1740,0.6526240385,0.2066198522,0.6190528025,1.238105605,74.13627789,4.855922232,-0.2733502194
1741,0.6692299096,0.2026531793,0.6378090316,1.275618063,72.76444557,4.947471216,-0.2963007833
1742,0.6615503977,0.1693848122,0.6394980172,1.278996034,73.64664421,4.888206433,-0.2815603906
1743,0.6761402664,0.2078476206,0.6434011397,1.286802279,72.15220854,4.989452261,-0.3064893871
1744,0.7103771839,0.2879189155,0.6494139215,1.298827843,68.58981266,5.248592845,-0.3650423227
1745,0.6131405934,0.2255066728,0.5701650005,1.140330001,77.54417755,4.642514904,-0.2156867828
1746,0.6923711038,0.2554541597,0.6435222744,1.287044549,70.38184652,5.114955316,-0.3357500324
1747,0.6392612991,0.2306903154,0.5961853629,1.192370726,75.0979942,4.793736555,-0.2571666237
1748,0.612133991,0.1836346332,0.5839403603,1.167880721,77.94484235,4.618650691,-0.20885324
1749,0.669852111,0.2241941878,0.6312201017,1.262440203,72.52651315,4.963702022,-0.3002644426
1750,0.7459491797,0.1785313874,0.7242697857,1.448539571,67.06666857,5.367793088,-0.3896597777
1751,0.6162353517,0.2171916082,0.5766921311,1.153384262,77.32053576,4.655942907,-0.2194965425
1752,0.7207568263,0.293464225,0.6583077938,1.316615588,67.73735836,5.31464481,-0.3788528178
1753,0.7020058093,0.2290650313,0.6635822238,1.327164448,69.90186205,5.150077401,-0.3436291749
1754,0.6549945842,0.1789566205,0.6300733555,1.260146711,74.13896829,4.855746017,-0.2733050511
1755,0.6794708321,0.2461225953,0.6333279402,1.26665588,71.51854808,5.033659234,-0.3169976436
1756,0.7272499582,0.2625557542,0.6782012811,1.356402562,67.6463692,5.321793383,-0.3803220209
1757,0.6281878722,0.2035541121,0.5942943094,1.188588619,76.32305611,4.716792256,-0.2364471707
1758,0.7099515592,0.2637069367,0.6591584543,1.318316909,68.92397697,5.223146078,-0.359606357
1759,0.7155143453,0.2248837941,0.679255517,1.358511034,68.91043448,5.224172547,-0.3598268963
1760,0.6807120222,0.1422639808,0.6656799658,1.331359932,72.22790695,4.984223069,-0.3052315169
1761,0.7404799058,0.2833239891,0.6841330339,1.368266068,66.44079358,5.418357919,-0.3996964972
1762,0.6699054892,0.2170419742,0.6337713672,1.267542734,72.58670981,4.95958559,-0.2992621274
1763,0.6149938606,0.2169628076,0.5754516389,1.150903278,77.43900251,4.648820211,-0.2174788626
1764,0.612022076,0.1998913076,0.5784587165,1.156917433,77.84695967,4.624458059,-0.2105236346
1765,0.6993954442,0.2278285432,0.6612474138,1.322494828,70.11641404,5.134318475,-0.3401101634
1766,0.7026742866,0.19169774,0.6760200659,1.352040132,70.17232242,5.130227811,-0.3391923872
1767,0.6644785547,0.2457028004,0.617383093,1.234766186,72.7644579,4.947470377,-0.2963005777
1768,0.7263473854,0.2531283033,0.6808131802,1.36162636,67.81834033,5.308298585,-0.377544397
1769,0.6469675087,0.2091993591,0.6122112261,1.224422452,74.60557692,4.825376532,-0.2654622755
1770,0.6884791538,0.2234644975,0.6512043946,1.302408789,71.01762999,5.069163812,-0.3252772016
1771,0.6824565013,0.2470899394,0.6361551996,1.272310399,71.26604977,5.05149368,-0.3211741973
1772,0.6472126701,0.1537697486,0.6286804472,1.257360894,74.96345779,4.802339841,-0.2594350424
1773,0.6569768537,0.3001115815,0.5844241824,1.168848365,72.7365836,4.94936636,-0.2967651946
1774,0.6625136219,0.1902840853,0.6345992957,1.269198591,73.4213924,4.903203116,-0.2853305407
1775,0.6017094822,0.1992290612,0.5677693917,1.135538783,78.83564893,4.566462062,-0.193623972
1776,0.6917961705,0.3097015282,0.6186007638,1.237201528,69.7199985,5.163511299,-0.34660827
1777,0.7155271122,0.1607078284,0.6972460414,1.394492083,69.40709315,5.18678976,-0.3517257626
1778,0.683604909,0.2638254247,0.63064397,1.26128794,70.98639314,5.071394447,-0.3257926913
1779,0.677874706,0.227248535,0.6386487457,1.277297491,71.83748599,5.011311226,-0.3117133288
1780,0.7310735594,0.2169778049,0.6981326389,1.396265278,67.8305473,5.307343289,-0.3773471044
1781,0.7049893059,0.2772187941,0.6481972398,1.29639448,69.13954917,5.20686068,-0.3560930673
1782,0.6614847933,0.1803932699,0.6364121305,1.272824261,73.57880402,4.892713395,-0.2826963258
1783,0.6849024111,0.211952742,0.6512813124,1.302562625,71.40703851,5.041519821,-0.3188428781
1784,0.6796849982,0.1764196705,0.656389973,1.312779946,72.10288417,4.992865461,-0.3073087159
1785,0.6863330009,0.2008979377,0.6562720524,1.312544105,71.38486247,5.043085993,-0.3192096984
1786,0.6529671723,0.1915063777,0.6242527015,1.248505403,74.22376117,4.850198836,-0.2718811816
1787,0.6646314792,0.2383008251,0.6204415523,1.240883105,72.82728614,4.943202186,-0.2952530815
1788,0.6621331476,0.2597082708,0.6090746417,1.218149283,72.81028399,4.944356487,-0.2955365828
1789,0.6730905544,0.1609772572,0.6535573556,1.307114711,72.74072999,4.949084235,-0.2966960859
1790,0.6732044743,0.2616604779,0.6202725679,1.240545136,71.86095631,5.009674495,-0.3113240777
1791,0.687524867,0.290242449,0.6232573814,1.246514763,70.33814392,5.118133348,-0.336468412
1792,0.6766069314,0.1901167219,0.6493478049,1.29869561,72.25487678,4.982362659,-0.3047832338
1793,0.6693499068,0.2649210732,0.6146918925,1.229383785,72.14312241,4.990080661,-0.3066403342
1794,0.6743802833,0.1506124695,0.6573466746,1.314693349,72.69618017,4.952117143,-0.2974385261
1795,0.654929519,0.2079112088,0.6210520141,1.242104028,73.92766234,4.869625099,-0.2768507579
1796,0.6992954225,0.1815390871,0.6753204038,1.350640808,70.50975659,5.105676397,-0.333646337
1797,0.6700807039,0.1681515922,0.648639493,1.297278986,72.9435382,4.935324072,-0.2933139477
1798,0.6891628655,0.1924884159,0.6617353436,1.323470687,71.22542537,5.054374868,-0.3218455818
1799,0.7154985299,0.210266106,0.6839051915,1.367810383,69.04298057,5.214143379,-0.3576675211
1800,0.6838469508,0.1912466044,0.6565602702,1.31312054,71.65988312,5.023731331,-0.3146571397
1801,0.6828349957,0.3106081975,0.6081004678,1.216200936,70.42268095,5.111989421,-0.3350786233
1802,0.643762291,0.2143011045,0.607046064,1.214092128,74.84403449,4.810002593,-0.2614474408
1803,0.6959975854,0.2287402494,0.6573359394,1.314671879,70.37325192,5.115579999,-0.3358913252
1804,0.6499717077,0.2321949023,0.6070821593,1.214164319,74.14092207,4.855618057,-0.2732722493
1805,0.6516191123,0.2303108866,0.6095607952,1.21912159,74.01574591,4.863829926,-0.2753731734
1806,0.6770195914,0.2414606459,0.6324968645,1.264993729,71.76721319,5.016218186,-0.3128784772
1807,0.6767652558,0.2036486812,0.6453978821,1.290795764,72.13591114,4.990579509,-0.3067601289
1808,0.7256127747,0.2651730349,0.6754236895,1.350847379,67.73613856,5.314740516,-0.3788725203
1809,0.6741803538,0.1839146173,0.6486097154,1.297219431,72.49893204,4.965590387,-0.3007235762
1810,0.6506146422,0.2034581868,0.6179839633,1.235967927,74.33506735,4.842936353,-0.2700111887
1811,0.6618079676,0.2238196717,0.6228118019,1.245623604,73.20406242,4.917759863,-0.2889639198
1812,0.6571237609,0.1848294631,0.6305947246,1.261189449,73.91679081,4.870341313,-0.2770330803
1813,0.6745040484,0.341077585,0.5819121861,1.163824372,70.59718974,5.099353123,-0.3322073949
1814,0.6584366592,0.249109567,0.609494264,1.218988528,73.24121845,4.915265032,-0.2883430287
1815,0.6217196668,0.2081636638,0.5858355001,1.171671,76.88078235,4.682574617,-0.2269779771
1816,0.6467506066,0.2168371404,0.6093176525,1.218635305,74.56047551,4.828295387,-0.2662211186
1817,0.6689733999,0.3097887071,0.5929218893,1.185843779,71.5750724,5.02968405,-0.3160618333
1818,0.6791907518,0.1863391037,0.6531292489,1.306258498,72.07259201,4.994963966,-0.307811787
1819,0.7223317321,0.2165754961,0.6890995471,1.378199094,68.47699958,5.257239689,-0.3668746976
1820,0.6755497643,0.1585623554,0.6566775948,1.31335519,72.5541538,4.961811022,-0.2998042482
1821,0.6315786785,0.2204853146,0.5918427605,1.183685521,75.87896615,4.744397799,-0.2439710451
1822,0.6565409063,0.2069846187,0.6230596515,1.246119303,73.79742212,4.87821918,-0.2790343118
1823,0.6890013715,0.2573381327,0.639140028,1.278280056,70.62822553,5.097112341,-0.3316964333
1824,0.6584350023,0.2486550251,0.609678055,1.21935611,73.24617536,4.914932394,-0.2882601878
1825,0.6658499066,0.1980558646,0.6357121775,1.271424355,73.08251149,4.925939088,-0.2909942303
1826,0.5993911211,0.2215801258,0.556930843,1.113861686,78.89958108,4.562761869,-0.1925291413
1827,0.6811927534,0.226188562,0.6425436185,1.285087237,71.57770314,5.02949919,-0.3160182715
1828,0.6335212398,0.2082590022,0.5983120836,1.196624167,75.80423644,4.749074945,-0.2452357047
1829,0.6746689049,0.2091395802,0.6414349283,1.282869857,72.26189553,4.981878725,-0.3046665597
1830,0.6807516095,0.1765442305,0.6574609407,1.314921881,72.01570775,4.998909422,-0.3087562488
1831,0.6564684628,0.197971744,0.6259057686,1.251811537,73.87529289,4.873077127,-0.2777289351
1832,0.6592347086,0.250595239,0.609747839,1.219495678,73.15723778,4.920907499,-0.2897462037
1833,0.6598059791,0.2755468401,0.5995146946,1.199029389,72.82066038,4.943651954,-0.2953635654
1834,0.6731719234,0.2325004073,0.6317467839,1.263493568,72.1729758,4.988016581,-0.3061443535
1835,0.6717288425,0.1897227667,0.6443794764,1.288758953,72.65804181,4.954716519,-0.2980739738
1836,0.6917024686,0.25594828,0.6426062426,1.285212485,70.42924209,5.111513192,-0.3349707276
1837,0.6782907549,0.2429962185,0.6332702314,1.266540463,71.64747413,5.024601417,-0.3148627092
1838,0.6347919016,0.2189716715,0.5958289733,1.191657947,75.60199558,4.761779067,-0.2486561518
1839,0.7044122444,0.2098009614,0.6724434301,1.34488686,69.89118935,5.150863841,-0.3438040997
1840,0.6833490293,0.2875991707,0.619881128,1.239762256,70.70933612,5.09126545,-0.3303605996
1841,0.6799126889,0.1877720905,0.6534698973,1.306939795,72.00348765,4.999757814,-0.308959102
1842,0.6857228165,0.2532806641,0.6372320505,1.274464101,70.93578339,5.075012677,-0.3266276786
1843,0.6728648948,0.2277554791,0.6331465932,1.266293186,72.24381572,4.983125495,-0.3049670951
1844,0.6348817055,0.1892972763,0.6060043904,1.212008781,75.82380783,4.747849129,-0.2449045359
1845,0.7112621037,0.2123820032,0.6788134242,1.357626848,69.34495241,5.191437697,-0.352740816
1846,0.6811346462,0.2074268156,0.6487823383,1.297564677,71.74935679,5.017466582,-0.3131744679
1847,0.7108925237,0.2899019383,0.6490955603,1.298191121,68.52425466,5.253614239,-0.3661073261
1848,0.6999249159,0.2324112867,0.6602119976,1.320423995,70.03086025,5.140590859,-0.3415139632
1849,0.6363369956,0.2042336082,0.6026718885,1.205343777,75.58350722,4.762943839,-0.2489686868
1850,0.6322044059,0.2351122194,0.5868599962,1.173719992,75.69141282,4.75615379,-0.2471442407
1851,0.6060591647,0.2029628937,0.5710637222,1.142127444,78.3918011,4.592316989,-0.2012180941
1852,0.6834662812,0.1844129833,0.6581170178,1.316234036,71.74122868,5.018035049,-0.3133091907
1853,0.6477269309,0.1932671127,0.6182216432,1.236443286,74.66345776,4.821635788,-0.2644881741
1854,0.6090484738,0.2431588415,0.5584029202,1.11680584,77.77950876,4.62846842,-0.2116743456
1855,0.6891429888,0.273539977,0.6325297937,1.265059587,70.42538032,5.111793481,-0.3350342336
1856,0.6077525012,0.2070434129,0.5713983968,1.142796794,78.20079186,4.603533947,-0.2044825233
1857,0.6054754478,0.1925790373,0.574032954,1.148065908,78.51800155,4.584935848,-0.1990600457
1858,0.6806245348,0.2025253039,0.649794782,1.299589564,71.83119013,5.011750458,-0.3118177355
1859,0.7004227152,0.2019947669,0.6706639203,1.341327841,70.26521024,5.123445853,-0.3376668533
1860,0.6906475068,0.2513705761,0.6432781764,1.286556353,70.56355927,5.101783466,-0.3327609644
1861,0.6927349997,0.2788230672,0.6341446814,1.268289363,70.07407334,5.137420773,-0.340805001
1862,0.6408479978,0.149949525,0.6230580199,1.24611604,75.5385875,4.765776167,-0.2497279203
1863,0.6431176386,0.2418765058,0.5958993648,1.19179873,74.64806819,4.822629825,-0.264747198
1864,0.6864847364,0.2202820586,0.6501823652,1.30036473,71.20622615,5.055737672,-0.322162824
1865,0.6820029761,0.2450365072,0.6364630151,1.27292603,71.32445909,5.04735689,-0.3202086052
1866,0.6964750113,0.2099386104,0.664080734,1.328161468,70.50658424,5.105906121,-0.3336985319
1867,0.6739284662,0.2996741427,0.6036348116,1.207269623,71.31188367,5.04824696,-0.3204165235
1868,0.6162875921,0.1775872621,0.590146728,1.180293456,77.59460806,4.639497628,-0.2148272381
1869,0.6471309697,0.181056209,0.6212866819,1.242573364,74.80183475,4.812716175,-0.2621582763
1870,0.6752322124,0.2490757004,0.6276144008,1.255228802,71.83383204,5.011566135,-0.3117739241
1871,0.6854855476,0.2385092838,0.642653684,1.285307368,71.11110097,5.062500722,-0.3237341096
1872,0.6465050503,0.2161718077,0.6092934676,1.218586935,74.58764183,4.826536825,-0.2657640577
1873,0.6699600212,0.2095612597,0.636341503,1.272683006,72.64681941,4.955481918,-0.2982609322
1874,0.6671411673,0.2160202558,0.6311993237,1.262398647,72.82580621,4.943302639,-0.2952777596
1875,0.6274846095,0.1853026051,0.5994996912,1.198999382,76.51718913,4.704825205,-0.2331536356
1876,0.6143835714,0.1593925209,0.5933474505,1.186694901,77.87558331,4.622758311,-0.2100352277
1877,0.6064642306,0.1895518752,0.5760806798,1.15216136,78.4432889,4.589302731,-0.2003377615
1878,0.6381336205,0.2008228594,0.6057100765,1.211420153,75.44971832,4.771389583,-0.2512295354
1879,0.6504763569,0.2162416238,0.6134810926,1.226962185,74.24135523,4.849049413,-0.2715856618
1880,0.6343786089,0.1387891361,0.6190103352,1.23802067,76.16572493,4.726535464,-0.2391143598
1881,0.6839208047,0.2170463087,0.6485665478,1.297133096,71.44120225,5.039108927,-0.3182776724
1882,0.6201870667,0.1628474265,0.5984251945,1.196850389,77.32086237,4.65592324,-0.2194909811
1883,0.6705129093,0.1673539258,0.6492920953,1.298584191,72.91296111,4.937393771,-0.2938241038
1884,0.6733179623,0.1961410581,0.6441162657,1.288232531,72.47831896,4.967002618,-0.3010666698
1885,0.6569662818,0.2224193972,0.618170128,1.236340256,73.62837981,4.889419011,-0.2818662537
1886,0.6908443861,0.2364840425,0.6491080522,1.298216104,70.70380883,5.091663461,-0.3304516513
1887,0.648229286,0.2436003556,0.6007163008,1.201432602,74.18096009,4.852997313,-0.2725999858
1888,0.7036195058,0.2344362005,0.6634154632,1.326830926,69.72465018,5.163166815,-0.3465321145
1889,0.6175019981,0.2035647022,0.5829838159,1.165967632,77.30676797,4.656772097,-0.2197309694
1890,0.6866617356,0.2247057489,0.6488541173,1.297708235,71.15123859,5.059644879,-0.3230712216
1891,0.6655107241,0.1570779287,0.6467078538,1.293415708,73.39084367,4.90524406,-0.2858415115
1892,0.6595981012,0.1743069167,0.6361499461,1.272299892,73.77915424,4.879427038,-0.2793404685
1893,0.6705972866,0.2484650251,0.6228690489,1.245738098,72.22340692,4.984533621,-0.3053063081
1894,0.6523850878,0.1929332784,0.6232038615,1.246407723,74.2632322,4.847620947,-0.271218168
1895,0.6742816287,0.1841420452,0.6486504621,1.297300924,72.48899282,4.966271236,-0.3008890139
1896,0.6490560127,0.2664766213,0.5918309876,1.183661975,73.85975144,4.874102512,-0.2779895033
1897,0.7006727436,0.2113398046,0.6680402537,1.336080507,70.1671307,5.1306074,-0.3392776266
1898,0.6618769198,0.1907733312,0.6337874983,1.267574997,73.47136066,4.899868422,-0.284494576
1899,0.6612681936,0.2250872455,0.621780794,1.243561588,73.2381001,4.915474316,-0.2883951422
1900,0.6668170068,0.2410152623,0.621736732,1.243473464,72.61641165,4.957557001,-0.2987674499
1901,0.6776418654,0.2715629195,0.6208478707,1.241695741,71.37844063,5.043539713,-0.3193159149
1902,0.6466408251,0.2497853885,0.5964491733,1.192898347,74.25638101,4.848068208,-0.2713332599
1903,0.698352405,0.2189261477,0.6631496237,1.326299247,70.28053989,5.122328323,-0.3374150028
1904,0.6448515226,0.2252882295,0.6042174276,1.208434855,74.65251969,4.822342253,-0.2646722762
1905,0.6552286551,0.213200782,0.6195724469,1.239144894,73.85782243,4.874229813,-0.2780218437
1906,0.6772174844,0.2460615708,0.6309336134,1.261867227,71.70309604,5.020703706,-0.3139411523
1907,0.7010881082,0.2158555855,0.6670314098,1.33406282,70.09525086,5.13586863,-0.3404574878
1908,0.6777300664,0.255363781,0.6277797243,1.255559449,71.56027609,5.030724023,-0.3163068292
1909,0.6695032218,0.2287273635,0.6292204361,1.258440872,72.51307706,4.964621757,-0.3004881175
1910,0.6570239157,0.2176218648,0.6199364078,1.239872816,73.66609111,4.88691601,-0.2812346934
1911,0.647358918,0.218217634,0.609470781,1.218941562,74.49542912,4.832511259,-0.2673152506
1912,0.6072726512,0.1610403493,0.585530596,1.171061192,78.53265353,4.584080428,-0.1988094317
1913,0.6680652967,0.2690551549,0.611490445,1.22298089,72.20143239,4.986050665,-0.3056715018
1914,0.7285539352,0.2396459277,0.6880121117,1.376024223,67.798694,5.309836794,-0.3778618911
1915,0.6865371662,0.2447057989,0.641445518,1.282891036,70.96280569,5.073080137,-0.3261818816
1916,0.6518078111,0.2196997599,0.6136655751,1.22733115,74.09601158,4.858561106,-0.2740261658
1917,0.6527261705,0.1834716925,0.6264100827,1.252820165,74.30207514,4.845086753,-0.270565579
1918,0.6132959318,0.2598259077,0.5555379354,1.111075871,77.20816215,4.662719458,-0.2214095791
1919,0.6359160651,0.1570740591,0.6162117995,1.232423599,75.93433099,4.740938589,-0.2430338316
1920,0.7224004789,0.2910790894,0.6611621704,1.322324341,67.6480861,5.321658316,-0.380294307
1921,0.64708343,0.1967650564,0.616441788,1.232883576,74.69329195,4.819709918,-0.2639859762
1922,0.640725303,0.2562466174,0.5872534248,1.17450685,74.71138742,4.81854256,-0.263681341
1923,0.6801713877,0.2478743974,0.6333967159,1.266793432,71.44294843,5.038985763,-0.3182487807
1924,0.6327772275,0.213885252,0.595533474,1.191066948,75.82587349,4.747719788,-0.2448695812
1925,0.6543555636,0.1711104565,0.6315872191,1.263174438,74.24536269,4.848787681,-0.2715183465
1926,0.6543510868,0.2217526485,0.6156306585,1.231261317,73.85854058,4.874182419,-0.2780098037
1927,0.6782398059,0.2592964047,0.6267173277,1.253434655,71.4743068,5.036774977,-0.3177298821
1928,0.6912345601,0.2322658832,0.6510436058,1.302087212,70.71466155,5.090882034,-0.3302728706
1929,0.6808973982,0.2268487648,0.6419975893,1.283995179,71.59541241,5.028255134,-0.3157250111
1930,0.6478475802,0.2061323029,0.6141790951,1.22835819,74.55376115,4.828730227,-0.2663340754
1931,0.6772677938,0.1872399092,0.6508708635,1.301741727,72.2223563,4.984606131,-0.3053237693
1932,0.6895027619,0.2132977743,0.6556814152,1.31136283,71.02775006,5.068441556,-0.3251101734
1933,0.662274615,0.2503915918,0.6131163971,1.226232794,72.90098747,4.938204714,-0.2940238525
1934,0.6251320242,0.2417124441,0.5765111811,1.153022362,76.27638403,4.719678372,-0.2372385756
1935,0.6814111482,0.1877743503,0.6550282027,1.310056405,71.88222564,5.008192176,-0.3109712848
1936,0.6929399535,0.2455271299,0.6479831847,1.295966369,70.44479271,5.11038483,-0.3347149854
1937,0.6447119651,0.205954382,0.610930692,1.221861384,74.82905918,4.810965205,-0.2616997095
1938,0.659622644,0.249494758,0.6106180461,1.221236092,73.13590689,4.922342736,-0.2901025077
1939,0.7025530621,0.2616506465,0.6520120737,1.304024147,69.51515278,5.17872702,-0.3499596512
1940,0.6155846263,0.2165189999,0.5762499065,1.152499813,77.3869971,4.651944299,-0.2183647137
1941,0.6767933693,0.2299690031,0.6365245654,1.273049131,71.89992131,5.006959583,-0.3106777351
1942,0.6728215762,0.2032658302,0.641382784,1.282765568,72.46249619,4.968087203,-0.3013300047
1943,0.6802887632,0.242281545,0.6356826679,1.271365336,71.49218994,5.035515072,-0.3174339206
1944,0.6486060984,0.2423727591,0.6016189131,1.203237826,74.16042765,4.854340939,-0.272944755
1945,0.656759198,0.2625639541,0.6019907094,1.203981419,73.2365606,4.915577644,-0.2884208698
1946,0.6967332065,0.2528040309,0.649251325,1.29850265,70.06790231,5.137873236,-0.3409062559
1947,0.7124739633,0.2324971078,0.6734717836,1.346943567,69.06694581,5.212334146,-0.3572768866
1948,0.6874027044,0.2588088158,0.6368205987,1.273641197,70.73919328,5.08911656,-0.3298687067
1949,0.6617037476,0.1429087973,0.6460873975,1.292174795,73.78805216,4.87883864,-0.2791913493
1950,0.6556472344,0.2301639221,0.6139200803,1.227840161,73.66986996,4.886665338,-0.2811714014
1951,0.6870181361,0.2194228206,0.651035748,1.302071496,71.17135463,5.058214809,-0.3227389379
1952,0.668231283,0.2138228239,0.6330978183,1.266195637,72.75404881,4.948178223,-0.2964740877
1953,0.6886387299,0.26621374,0.6351012084,1.270202417,70.55435523,5.10244901,-0.3329124462
1954,0.6468944591,0.2063157808,0.6131119309,1.226223862,74.63533401,4.823452655,-0.2649615143
1955,0.661923836,0.1959389604,0.6322587196,1.264517439,73.42841254,4.902734344,-0.2852131075
1956,0.6673084539,0.2573874578,0.6156722092,1.231344418,72.40018232,4.972363169,-0.3023668576
1957,0.674981163,0.2599117917,0.6229329266,1.245865853,71.73448036,5.018507114,-0.3134210389
1958,0.6613940362,0.2450009558,0.6143424149,1.22868483,73.03252329,4.92931072,-0.2918288222
1959,0.6162292079,0.2067765785,0.5805014067,1.161002813,77.40178619,4.651055457,-0.2181128172
1960,0.6364415824,0.1808394298,0.6102089711,1.220417942,75.74254229,4.752943183,-0.2462794476
1961,0.6865524075,0.206186263,0.6548598577,1.309719715,71.32383774,5.047400861,-0.3202188788
1962,0.6703872528,0.2375457732,0.6268900018,1.253780004,72.35368795,4.975558402,-0.3031402537
1963,0.6524969611,0.1921617536,0.6235592552,1.24711851,74.25933021,4.847875667,-0.2712837173
1964,0.6270678396,0.1924826431,0.5967951973,1.193590395,76.50578924,4.705526256,-0.2333471132
1965,0.6458857002,0.2102146301,0.6107193685,1.221438737,74.69175853,4.819808866,-0.26401179
1966,0.6675470339,0.2543602706,0.6171870829,1.234374166,72.41385346,4.971424428,-0.3021394114
1967,0.7266580445,0.1902331584,0.7013153778,1.402630756,68.37447221,5.265122908,-0.3685387724
1968,0.658053865,0.2584559213,0.6051738808,1.210347762,73.17205442,4.919911062,-0.2894986878
1969,0.6267924919,0.2102471554,0.5904785869,1.180957174,76.3984395,4.712138132,-0.2351685853
1970,0.7067236611,0.2165995314,0.6727131455,1.345426291,69.65399921,5.168403883,-0.3476885382
1971,0.7337983504,0.2297277687,0.6969111645,1.393822329,67.5147407,5.33216889,-0.3824457297
1972,0.6715432483,0.2544476614,0.6214714169,1.242942834,72.07992127,4.994456066,-0.3076900756
1973,0.6672167598,0.2381376298,0.6232725518,1.246545104,72.61201885,4.957856918,-0.2988406161
1974,0.6464570956,0.201140375,0.614369047,1.228738094,74.71436734,4.818350377,-0.2636311718
1975,0.6316218149,0.2209968082,0.5916980039,1.183396008,75.87068764,4.744915476,-0.2441111636
1976,0.6065189985,0.1641327575,0.5838884597,1.167776919,78.58748485,4.580882066,-0.1978714568
1977,0.7062227742,0.2238849484,0.6697955932,1.339591186,69.62586609,5.170492235,-0.3481488773
1978,0.6758081088,0.1345005746,0.6622886043,1.324577209,72.66556999,4.954203208,-0.2979485523
1979,0.6718661257,0.2765807433,0.6122966465,1.224593293,71.7922991,5.014465403,-0.3124625978
1980,0.6340115446,0.238037955,0.5876296203,1.175259241,75.50006528,4.768207798,-0.2503789011
1981,0.6918469451,0.2249591255,0.6542519295,1.308503859,70.73617024,5.089334053,-0.329918515
1982,0.6268854266,0.2397361485,0.5792339054,1.158467811,76.13361211,4.728529095,-0.2396585381
1983,0.676773839,0.2261847926,0.6378583453,1.275716691,71.93745423,5.004347232,-0.3100550114
1984,0.7026225879,0.2558443248,0.6543868753,1.308773751,69.57583584,5.174210207,-0.3489673095
1985,0.7006506685,0.2632533507,0.6493142788,1.298628558,69.64392365,5.169151609,-0.347853413
1986,0.7207378936,0.2277604594,0.6838042735,1.367608547,68.49235199,5.256061291,-0.3666254184
1987,0.6894881836,0.1800138156,0.6655741743,1.331148349,71.29154106,5.049687448,-0.3207528298
1988,0.6610077396,0.1951582219,0.6315413686,1.263082737,73.51166448,4.897181999,-0.2838201388
1989,0.6510446488,0.2402548202,0.6050923533,1.210184707,73.96923317,4.866888361,-0.2761534968
1990,0.6521731765,0.2453580633,0.6042592762,1.208518552,73.8195618,4.876756123,-0.2786632285
1991,0.6551506435,0.2260064164,0.6149337082,1.229867416,73.75124224,4.881273713,-0.279808199
1992,0.6169005416,0.2351579064,0.5703218716,1.140643743,77.10523749,4.668943534,-0.2231610107
1993,0.680393702,0.3085482515,0.6064103943,1.212820789,70.65173128,5.095416538,-0.3313093786
1994,0.6677363921,0.2788384293,0.6067297749,1.21345955,72.10825137,4.992493829,-0.3072195721
1995,0.6464900528,0.2598436178,0.5919718597,1.183943719,74.16073613,4.854320747,-0.2729395754
1996,0.6742284861,0.2938849472,0.606807786,1.213615572,71.36856724,5.044237455,-0.3194792119
1997,0.6530307679,0.2389124749,0.6077581864,1.215516373,73.81051041,4.87735416,-0.2788149438
1998,0.6107009441,0.2065265605,0.5747194298,1.14943886,77.92416657,4.619876168,-0.2092061289
1999,0.6488797249,0.229138945,0.6070751529,1.214150306,74.26468892,4.84752586,-0.2711936963
