draw,midpoint_residual,valence_offset,markedness,markedness_ratio,apex_angle_deg,effective_vertices,step_cosine
0,0.7374232127,0.3379261275,0.6554379658,1.310875932,65.85620678,5.466455139,-0.409028053
1,0.7605262206,0.3212084512,0.6893658413,1.378731683,64.52780165,5.578990618,-0.4300730845
2,0.7963532532,0.5002711622,0.6196025082,1.239205016,58.19942073,6.185628576,-0.526964388
3,0.863680869,0.2443696493,0.8283888688,1.656777738,59.0916423,6.092232099,-0.513666412
4,0.8431620848,0.3002120862,0.787905454,1.575810908,59.67249533,6.032930213,-0.5049420361
5,0.7922891829,0.4409250783,0.6582607574,1.316521515,60.15200204,5.984838207,-0.4977007332
6,0.8791272176,0.4979636612,0.7244976582,1.448995316,54.18229146,6.644237264,-0.5852083244
7,0.7978047889,0.3401302762,0.7216674279,1.443334856,61.82850892,5.822556718,-0.4721121922
8,0.8451891158,0.3186246134,0.7828301203,1.565660241,59.32521626,6.068245895,-0.5101644417
9,0.8113609802,0.3824973678,0.7155434326,1.431086865,60.28985873,5.971153484,-0.4956124072
10,0.8304050463,0.4668410782,0.6867546495,1.373509299,57.37782341,6.274201052,-0.5390968196
11,0.8187664581,0.3793853962,0.7255654581,1.451130916,59.91283189,6.008729493,-0.5013169664
12,0.821801856,0.4151337992,0.7092405933,1.418481187,59.04729713,6.096807432,-0.5143303159
13,0.8720178552,0.4350221061,0.7557584978,1.511516996,55.9661656,6.432457828,-0.5596823707
14,0.8089589366,0.3712983963,0.7187155641,1.437431128,60.6339472,5.937268092,-0.4903874817
15,0.8399294988,0.3974624874,0.7399358986,1.479871797,58.3848379,6.165984406,-0.5242112789
16,0.8661935242,0.3140125934,0.8072715234,1.614543047,58.21221986,6.184268541,-0.5267745211
17,0.8057216416,0.4613066583,0.6605933173,1.321186635,58.85601441,6.116622127,-0.5171905272
18,0.8058298883,0.5006957863,0.6313996662,1.262799332,57.6865484,6.240622987,-0.5345507807
19,0.8396064312,0.2903912296,0.7877892441,1.575578488,59.99407502,6.000592556,-0.5000895533
20,0.8911333149,0.3389744636,0.8241449496,1.648289899,56.56633158,6.364209768,-0.5509712222
21,0.8462801808,0.3268689179,0.7806067223,1.561213445,59.15371215,6.085839534,-0.5127366303
22,0.8198812239,0.5220098726,0.6322269484,1.264453897,56.26474605,6.398322667,-0.5553562217
23,0.8534177019,0.4170509494,0.7445738912,1.489147782,57.28290193,6.28459781,-0.5404914181
24,0.8761956568,0.4774395763,0.7346906015,1.469381203,54.82856603,6.565920396,-0.5760248395
25,0.8571035182,0.5043224807,0.6930261729,1.386052346,55.03528157,6.541258439,-0.5730719105
26,0.8369630644,0.2751368756,0.79044726,1.58089452,60.31947323,5.968221882,-0.4951634164
27,0.8241347494,0.4600804315,0.6837573266,1.367514653,57.88329074,6.219411429,-0.5316456044
28,0.8354267687,0.453822019,0.701415327,1.402830654,57.43688299,6.267749594,-0.5382283619
29,0.8215734764,0.3767520418,0.7300964841,1.460192968,59.79667775,6.02040136,-0.5030700601
30,0.7474548139,0.4194493306,0.618668698,1.237337396,63.48280445,5.670826977,-0.4464663798
31,0.8209734114,0.2993836233,0.7644388716,1.528877743,60.98498296,5.903092574,-0.4850388387
32,0.8621185528,0.468442011,0.7237475261,1.447495052,55.72478825,6.460320646,-0.5631685959
33,0.8055913595,0.3476260691,0.7267279785,1.453455957,61.23298501,5.879184232,-0.4812491071
34,0.9106540425,0.4223687704,0.8067808916,1.613561783,54.32061713,6.627317932,-0.583248956
35,0.7581642569,0.3947439942,0.6472945384,1.294589077,63.35245699,5.682494683,-0.4485008867
36,0.8332541412,0.3717565065,0.7457275398,1.49145508,59.21306085,6.079739754,-0.5118470475
37,0.8253655949,0.4257373851,0.7070898417,1.414179683,58.62250452,6.140986349,-0.5206743357
38,0.8059288833,0.1969543198,0.7814923933,1.562984787,62.92257672,5.721316875,-0.4551940941
39,0.8070206769,0.4242101628,0.686533401,1.373066802,59.69349018,6.030808367,-0.5046257177
40,0.8382461519,0.4060613988,0.7333285427,1.466657085,58.31449953,6.173421754,-0.5252563241
41,0.8056717981,0.3000468209,0.7477158227,1.495431645,61.90811127,5.81506999,-0.4708869952
42,0.8336745865,0.441532818,0.7071506819,1.414301364,57.81759593,6.226478189,-0.5326163791
43,0.7878546844,0.2375800267,0.7511795622,1.502359124,63.7331769,5.64854943,-0.4425520096
44,0.70876547,0.2349720882,0.6686827418,1.337365484,69.32442159,5.19297517,-0.3530760907
45,0.7483672879,0.268061545,0.6987106738,1.397421348,66.0706948,5.448709161,-0.4056091493
46,0.8214402028,0.3721665483,0.7322950683,1.464590137,59.88434264,6.011588074,-0.5017471406
47,0.7473209098,0.3635215246,0.6529476574,1.305895315,64.71136215,5.563165232,-0.4271785692
48,0.8312286928,0.3910145114,0.7335180922,1.467036184,58.98858031,6.102876152,-0.5152089078
49,0.8272574458,0.4846271493,0.6704412038,1.340882408,57.062241,6.308900486,-0.5437276573
50,0.7657628849,0.3731517418,0.6686931833,1.337386367,63.29486029,5.687665607,-0.4493991365
51,0.85954094,0.3730244005,0.77437938,1.54875876,57.73869606,6.234986665,-0.5337813599
52,0.7690846674,0.3920930113,0.6616300296,1.323260059,62.70010238,5.741617419,-0.4586479666
53,0.7983581156,0.4481207104,0.6607295284,1.321459057,59.61755204,6.038490138,-0.5057695172
54,0.8169317728,0.3935992696,0.7158611153,1.431722231,59.75599329,6.024500308,-0.5036836148
55,0.8802921086,0.3765945729,0.7956699844,1.591339969,56.58662643,6.361927238,-0.5506755893
56,0.8320514608,0.4283146994,0.7133415393,1.426683079,58.19888956,6.185685032,-0.5269722671
57,0.9252702336,0.4058406446,0.8315157102,1.66303142,53.91019843,6.677771748,-0.5890525289
58,0.8553393093,0.4858932504,0.703926902,1.407853804,55.62125543,6.472345819,-0.5646608662
59,0.7652148881,0.4416264035,0.6249159501,1.2498319,61.7660547,5.828444147,-0.4730728166
60,0.878211011,0.4751750641,0.738554831,1.477109662,54.78645849,6.570966803,-0.5766254273
61,0.8391027453,0.4050715886,0.7348540164,1.469708033,58.28655078,6.176381947,-0.5256713502
62,0.7083106957,0.3324264329,0.6254571995,1.250914399,68.07856384,5.288008144,-0.3733348894
63,0.7791802933,0.5159452588,0.5838856218,1.167771244,58.54879555,6.148717435,-0.5217722302
64,0.7728347258,0.3737292478,0.6764613535,1.352922707,62.82549348,5.730157935,-0.4567021403
65,0.7995153796,0.3454703178,0.7210236486,1.442047297,61.63882494,5.840474739,-0.4750280298
66,0.7659759781,0.4046580419,0.6503622591,1.300724518,62.62754529,5.748269365,-0.459772909
67,0.8003822474,0.42532547,0.6780191638,1.356038328,60.05344445,5.994660311,-0.49919197
68,0.8574234911,0.3901901808,0.7634963431,1.526992686,57.5654786,6.253748058,-0.5363354154
69,0.8177143683,0.2614297968,0.7747975539,1.549595108,61.61572007,5.84266482,-0.4753828447
70,0.8267886403,0.4076644626,0.7192976724,1.438595345,58.9191974,6.110062864,-0.5162464009
71,0.7736716622,0.3355442649,0.6971211425,1.394242285,63.43447083,5.675147838,-0.4472210573
72,0.7375147325,0.3738028401,0.6357667948,1.27153359,65.18793466,5.522494337,-0.4196432328
73,0.8431240652,0.452325481,0.7115193944,1.423038789,57.06846826,6.308212065,-0.543636438
74,0.7763427961,0.4125395181,0.6576619823,1.315323965,61.79506899,5.825707551,-0.4726266102
75,0.7737710497,0.4397860783,0.6366394919,1.273278984,61.28811264,5.873896005,-0.4804054717
76,0.766389123,0.4156062494,0.6439128305,1.287825661,62.34951323,5.773902334,-0.4640767426
77,0.8879332944,0.3485526847,0.8166618402,1.63332368,56.60311651,6.36007383,-0.5504353291
78,0.8577791572,0.4725141479,0.7159018526,1.431803705,55.84060468,6.446921592,-0.5614970969
79,0.7870605533,0.316378914,0.7206723926,1.441344785,62.85732312,5.727256302,-0.4562078576
80,0.8874461763,0.4017518737,0.7913002893,1.582600579,55.8102247,6.450430937,-0.5619357725
81,0.8865074583,0.541667674,0.7017774609,1.403554922,52.63370781,6.839723344,-0.6069083708
82,0.7947467097,0.4462615307,0.6576267776,1.315253555,59.87330791,6.012696017,-0.5019137263
83,0.8499909846,0.2841863309,0.8010760284,1.602152057,59.46736376,6.053740694,-0.508029073
84,0.7756629632,0.2816185998,0.7227336969,1.445467394,64.05431631,5.620230154,-0.4375188946
85,0.8500940816,0.4953814726,0.6908380015,1.381676003,55.62071082,6.472409193,-0.5646687112
86,0.7514540263,0.4282100011,0.617510606,1.235021212,62.99662755,5.714591622,-0.4540429439
87,0.8088904962,0.447081054,0.6741085714,1.348217143,59.04632568,6.096907739,-0.5143448564
88,0.787730246,0.4611795005,0.6386175763,1.277235153,59.87816129,6.012208663,-0.5018404596
89,0.8560471284,0.3890005312,0.7625583734,1.525116747,57.65990123,6.243507053,-0.5349437797
90,0.841620405,0.4987378741,0.677927311,1.355854622,55.93863581,6.435623515,-0.5600804878
91,0.8335906838,0.3563649479,0.7535764407,1.507152881,59.44454592,6.056064428,-0.5083720583
92,0.8575785429,0.3885587032,0.7645018584,1.529003717,57.58539924,6.251584685,-0.5360419388
93,0.8248576217,0.3866225,0.7286378651,1.45727573,59.43060314,6.057485218,-0.5085815988
94,0.8919842682,0.4215976844,0.7860606384,1.572121277,55.23394815,6.517730709,-0.5702269309
95,0.9237602991,0.3403233811,0.8587858211,1.717571642,54.91034839,6.556141247,-0.5748574738
96,0.7377807912,0.3466759758,0.6512574481,1.302514896,65.68052876,5.481076459,-0.4118240636
97,0.8307221765,0.3983936716,0.7289594069,1.457918814,58.87909081,6.114224847,-0.5168457756
98,0.8324523909,0.5127218262,0.6558149983,1.311629997,55.96253646,6.432874969,-0.5597348601
99,0.7624100232,0.3921553067,0.6538220392,1.307644078,63.13024198,5.702496755,-0.4519639359
100,0.8259111631,0.4057496652,0.719372267,1.438744534,59.00662582,6.10100976,-0.5149389466
101,0.839541036,0.4092523525,0.7330359221,1.466071844,58.18150674,6.187533121,-0.5272300864
102,0.7849747558,0.4583055356,0.6372922432,1.274584486,60.11851112,5.98817225,-0.4982076368
103,0.8017437056,0.374344354,0.7089846784,1.417969357,61.01259135,5.900421405,-0.4846174016
104,0.8655397956,0.3635088297,0.7855065045,1.571013009,57.56561307,6.25373345,-0.5363334347
105,0.8920463696,0.4097682676,0.7923614657,1.584722931,55.44249149,6.493214687,-0.5672331376
106,0.7822403556,0.4131092246,0.6642595445,1.328519089,61.41769511,5.861502932,-0.4784206806
107,0.8959832252,0.4745645807,0.7599831568,1.519966314,53.96912989,6.670479971,-0.5882210532
108,0.9497003518,0.2322262935,0.9208700814,1.841740163,54.70338203,6.580945942,-0.5778094487
109,0.791791208,0.3152146255,0.726342245,1.45268449,62.57306807,5.75327391,-0.4606170523
110,0.7868691181,0.3785016285,0.6898547139,1.379709428,61.84735998,5.820782004,-0.471822129
111,0.7409686929,0.3719843073,0.6408293681,1.281658736,64.98450894,5.539781801,-0.4228632847
112,0.8084642726,0.4358364589,0.6809266195,1.361853239,59.34295493,6.066431987,-0.509898139
113,0.7980069106,0.2108615104,0.7696443677,1.539288735,63.3163867,5.685731905,-0.4490634743
114,0.7779283409,0.4192397849,0.6552942135,1.310588427,61.54210184,5.849653964,-0.4765128628
115,0.7628964359,0.4654114085,0.6044858913,1.208971783,61.22241997,5.880198793,-0.4814107365
116,0.852250538,0.3919232648,0.756787377,1.513574754,57.81320048,6.226951579,-0.5326813059
117,0.7905176511,0.3842534108,0.6908454769,1.381690954,61.51155209,5.852559199,-0.4769815617
118,0.833902723,0.449567503,0.7023409511,1.404681902,57.61892627,6.247947043,-0.5355478625
119,0.8481223923,0.3833373507,0.7565474657,1.513094931,58.1872947,6.18691764,-0.5271442457
120,0.8179498547,0.471908904,0.6680897778,1.336179556,57.90307497,6.217286391,-0.5313531151
121,0.8558681664,0.4058897606,0.7535010421,1.507002084,57.36621323,6.275470869,-0.5392674773
122,0.870015042,0.4640226053,0.7359410269,1.471882054,55.44040166,6.493459448,-0.5672631759
123,0.796540683,0.4635787673,0.6477436114,1.295487223,59.30817236,6.069989779,-0.5104202681
124,0.8233648125,0.4902020953,0.6615372402,1.32307448,57.10232139,6.304472239,-0.5431404315
125,0.8533985209,0.4138817088,0.7463182743,1.492636549,57.34562349,6.277724055,-0.539570071
126,0.8398985613,0.3614540096,0.7581428574,1.516285715,59.00603023,6.101071342,-0.5149478575
127,0.8018979465,0.3853222685,0.7032546238,1.406509248,60.79971492,5.921080395,-0.4878640025
128,0.7910360502,0.433453158,0.6617071804,1.323414361,60.41073457,5.959205803,-0.493778955
129,0.9165628643,0.4980744962,0.7694213933,1.538842787,52.51454723,6.855243337,-0.6085599793
130,0.7532927065,0.444691098,0.6080293817,1.216058763,62.43110434,5.766356431,-0.4628148708
131,0.7521762365,0.3449801038,0.6683994455,1.336798891,64.71274478,5.563046371,-0.4271567501
132,0.8717272285,0.329561746,0.8070299972,1.614059994,57.71394244,6.237660863,-0.5341466464
133,0.8307635678,0.492721179,0.6688751344,1.337750269,56.65219837,6.354563642,-0.5497199374
134,0.8195897073,0.2617674359,0.7766627954,1.553325591,61.49807445,5.853841819,-0.4771882945
135,0.8615443956,0.395269311,0.7655200307,1.531040061,57.2574275,6.287393893,-0.5408654392
136,0.7766881015,0.4306324339,0.6463745925,1.292749185,61.34334831,5.868606946,-0.4795597369
137,0.8222858391,0.3161499567,0.7590805004,1.518161001,60.68978948,5.931805054,-0.489537853
138,0.7865797952,0.4820425713,0.6215647461,1.243129492,59.32388427,6.068382144,-0.5101844363
139,0.7471591936,0.31787709,0.6761664117,1.352332823,65.49297881,5.496772426,-0.4148047488
140,0.8644287172,0.3452801103,0.7924762788,1.584952558,57.89390025,6.218271674,-0.5314887618
141,0.7627589257,0.2131481665,0.732372199,1.464744398,65.62709964,5.485538778,-0.4126736503
142,0.7862079704,0.349188233,0.7044079433,1.408815887,62.4084712,5.768447666,-0.4631650046
143,0.7560840531,0.3611972667,0.6642285976,1.328457195,64.16068722,5.61091247,-0.4358487394
144,0.8387899485,0.3389470467,0.7672571129,1.534514226,59.41029246,6.059556098,-0.5088867861
145,0.835096145,0.3154730475,0.7732155765,1.546431153,59.94615713,6.005389123,-0.5008136138
146,0.8214209228,0.4281896768,0.7009892532,1.401978506,58.78815175,6.123682907,-0.5182038799
147,0.7696069372,0.3357830748,0.6924915628,1.384983126,63.6970616,5.651752074,-0.4431171664
148,0.739616499,0.335277111,0.6592585414,1.318517083,65.74579188,5.475635622,-0.4107858164
149,0.8148765473,0.5318409778,0.6173888254,1.234777651,56.15401289,6.410939868,-0.5569624063
150,0.7950537785,0.3534176974,0.7121842753,1.424368551,61.78496473,5.826660281,-0.4727820158
151,0.7969000015,0.2639751429,0.7519087287,1.503817457,62.8831861,5.724900762,-0.4558061276
152,0.7904344324,0.3470905038,0.7101512333,1.420302467,62.17687844,5.789933638,-0.4667435727
153,0.8197397819,0.4640989881,0.6757110619,1.351422124,58.01572531,6.205214156,-0.5296864903
154,0.8254940731,0.2760314127,0.7779763004,1.555952601,60.98866848,5.902735852,-0.4849825863
155,0.8922073123,0.4026917693,0.7961615584,1.592323117,55.55638361,6.479903417,-0.5655949569
156,0.781034915,0.4702033735,0.6236379767,1.247275953,60.00289515,5.999710499,-0.4999562391
157,0.797208739,0.458674871,0.652042281,1.304084562,59.40488005,6.060108188,-0.508968102
158,0.821771715,0.4230485518,0.7045130761,1.409026152,58.88096492,6.114030239,-0.5168177736
159,0.7688304018,0.3223040975,0.6980116442,1.396023288,63.95643971,5.628831148,-0.4390543466
160,0.7758194567,0.2868412732,0.720845277,1.441690554,63.97970703,5.626784127,-0.4386894533
161,0.8327028136,0.5166055068,0.6530794179,1.306158836,55.82631463,6.448571832,-0.5617034596
162,0.8444551221,0.4435910866,0.7185620371,1.437124074,57.19871435,6.293847757,-0.5417270715
163,0.9062310133,0.5242743184,0.7391827167,1.478365433,52.30245921,6.883041552,-0.6114930793
164,0.7718383718,0.4497505549,0.6272630314,1.254526063,61.13735061,5.888380776,-0.4827115731
165,0.9303659088,0.4621258371,0.8074778232,1.614955646,52.67991429,6.833724103,-0.6062672256
166,0.7542356487,0.4193637517,0.6269014736,1.253802947,63.03998213,5.710661517,-0.4533686272
167,0.8263172016,0.4457383989,0.6957854535,1.391570907,58.11710742,6.194389501,-0.5281848246
168,0.9170470246,0.4162598958,0.8171309225,1.634261845,54.12434161,6.651351117,-0.5860281648
169,0.9032936153,0.2946549064,0.8538839743,1.707767949,56.46427934,6.375712294,-0.5524567584
170,0.8302265359,0.3644063608,0.7459786224,1.491957245,59.50792027,6.04961488,-0.5074192509
171,0.7510380537,0.2472095237,0.7091865829,1.418373166,66.11418807,5.445124723,-0.4049151789
172,0.7877601559,0.438865987,0.654188588,1.308377176,60.47055315,5.953310847,-0.4928708096
173,0.8495764234,0.3005012256,0.7946566004,1.589313201,59.30279671,6.070540008,-0.5105009463
174,0.7911637579,0.4463396816,0.6532388387,1.306477677,60.07949805,5.992060715,-0.4987979066
175,0.7952426213,0.4340096068,0.6663681325,1.332736265,60.14964009,5.985073219,-0.4977364882
176,0.7335426865,0.3149129882,0.6625063643,1.325012729,66.49862485,5.413645783,-0.3987710791
177,0.8124934234,0.3067179737,0.7523760016,1.504752003,61.40370719,5.862838197,-0.478635049
178,0.7729550426,0.3200876769,0.7035647639,1.407129528,63.71727249,5.649959358,-0.4428009142
179,0.8591828402,0.4302146595,0.7437139905,1.487427981,56.71795892,6.347195965,-0.5487608137
180,0.8278811164,0.3543958358,0.7481916429,1.496383286,59.80404962,6.019659242,-0.5029588591
181,0.8485776277,0.3895567562,0.753876332,1.507752664,58.05415687,6.201106336,-0.5291174392
182,0.7765699,0.3689894329,0.6833063793,1.366612759,62.6748393,5.74393176,-0.4590397351
183,0.7731741564,0.4208626115,0.6485930453,1.297186091,61.79823418,5.825409168,-0.4725779258
184,0.8659418046,0.4633563727,0.7315436288,1.463087258,55.6556612,6.468344679,-0.5641651629
185,0.7871271369,0.2793876574,0.7358747628,1.471749526,63.33339965,5.684204574,-0.4487981459
186,0.8908353689,0.43223195,0.7789500599,1.55790012,55.09086928,6.534658187,-0.5722765665
187,0.7450358228,0.3888345284,0.6355203275,1.271040655,64.35689713,5.593806042,-0.4327640634
188,0.8095206806,0.4496080358,0.673183739,1.346367478,58.94786631,6.107091275,-0.5158178021
189,0.8594670451,0.4243700095,0.7473912608,1.494782522,56.82123592,6.335659444,-0.5472530503
190,0.7677932156,0.2960520028,0.7084205203,1.416841041,64.39419997,5.590565612,-0.4321770387
191,0.8098707067,0.3710525229,0.7198684511,1.439736902,60.58396115,5.942166758,-0.491147614
192,0.7601457628,0.4559455523,0.6082230135,1.216446027,61.67610803,5.836944183,-0.4744553211
193,0.7974412878,0.2387014273,0.7608772805,1.521754561,63.10613698,5.704674968,-0.4523391858
194,0.9007970815,0.3128299548,0.8447323845,1.689464769,56.39075326,6.384025379,-0.5535259638
195,0.8306646153,0.4111064761,0.7217999505,1.443599901,58.63383601,6.139799551,-0.5205054768
196,0.8654604001,0.4451447992,0.7422046967,1.484409393,56.08506656,6.418820946,-0.5579614225
197,0.7421097081,0.4420876696,0.5960581443,1.192116289,63.22786901,5.69369181,-0.4504433282
198,0.8142945176,0.3679382138,0.7264275822,1.452855164,60.37572097,5.962661716,-0.4943102698
199,0.8859140281,0.3295846569,0.8223245218,1.644649044,56.95983822,6.32024267,-0.5452267717
200,0.865271252,0.3878095525,0.7734973113,1.546994623,57.18904521,6.294911878,-0.5418689143
201,0.8573433797,0.4740849941,0.7143396174,1.428679235,55.8234366,6.448904294,-0.5617450169
202,0.8455325828,0.3639243905,0.7632066474,1.526413295,58.65132979,6.137968249,-0.5202447491
203,0.8440078919,0.5200860837,0.6647253471,1.329450694,55.17947891,6.524164546,-0.5710076343
204,0.8148518485,0.4675097472,0.6673965623,1.334793125,58.18883107,6.186754285,-0.5271214589
205,0.7922751706,0.4393337175,0.6593070837,1.318614167,60.19272243,5.980789462,-0.4970841785
206,0.8271786733,0.4866070528,0.6689081653,1.337816331,57.01021218,6.314658133,-0.544489545
207,0.7724671493,0.3309505666,0.6979808158,1.395961632,63.58519606,5.66169521,-0.444866596
208,0.8665784131,0.357115365,0.7895737852,1.57914757,57.60623997,6.249322993,-0.5357348377
209,0.7817800331,0.4188165554,0.6601308303,1.320261661,61.31543162,5.871278901,-0.4799872359
210,0.9233651895,0.3130062116,0.8686946441,1.737389288,55.25140907,6.515670932,-0.5699765557
211,0.78544517,0.3612473785,0.6974413571,1.394882714,62.25112816,5.783027724,-0.4655970947
212,0.7932703573,0.3833809973,0.6944759684,1.388951937,61.35948708,5.867063385,-0.4793125458
213,0.768422439,0.3583573655,0.679744837,1.359489674,63.39446164,5.678729508,-0.447845517
214,0.8697295849,0.3213621984,0.8081806038,1.616361208,57.92754125,6.214660458,-0.530991319
215,0.8002210732,0.408307062,0.6882144354,1.376428871,60.43818477,5.956499213,-0.4933622821
216,0.8018611102,0.381099566,0.7055100005,1.411020001,60.88143882,5.913132262,-0.4866184167
217,0.7649760318,0.3856688432,0.6606420155,1.321284031,63.0982408,5.705388858,-0.4524620907
218,0.8190003115,0.3654404028,0.7329493995,1.465898799,60.14132118,5.98590109,-0.4978624124
219,0.7815077071,0.4645974177,0.6284135069,1.256827014,60.14109396,5.985923706,-0.4978658517
220,0.8207449447,0.3082999368,0.7606401339,1.521280268,60.88531434,5.912755874,-0.4865593237
221,0.787664383,0.451293737,0.6455611072,1.291122214,60.15331579,5.984707497,-0.4976808453
222,0.8115193779,0.4696328088,0.6618222765,1.323644553,58.31166203,6.173722159,-0.5252984654
223,0.813483685,0.4121485965,0.7013481589,1.402696318,59.58315715,6.041975907,-0.5062872895
224,0.746065172,0.2710916089,0.6950701982,1.390140396,66.19649752,5.438354195,-0.4036012269
225,0.8885907255,0.3924229627,0.7972438121,1.594487624,55.90892833,6.439043115,-0.5605099522
226,0.8095329824,0.4594626908,0.6665115793,1.333023159,58.69383357,6.133523372,-0.5196110696
227,0.8597544094,0.4431333836,0.7367567093,1.473513419,56.41739451,6.381010735,-0.553138656
228,0.8834076624,0.3305604692,0.8192306599,1.63846132,57.07904998,6.307042603,-0.5434814179
229,0.828273843,0.4708591784,0.6814170479,1.362834096,57.38489398,6.273427989,-0.5389928787
230,0.7328550242,0.3023897752,0.667560417,1.335120834,66.7304476,5.394838683,-0.3950573744
231,0.6746971407,0.2864992883,0.6108472718,1.221694544,71.43004949,5.03989571,-0.3184621965
232,0.7861145208,0.4726896698,0.6281246021,1.256249204,59.63682584,6.036538581,-0.5054792944
233,0.8697014192,0.4364940797,0.7522323291,1.504464658,56.05272609,6.422524383,-0.5584297501
234,0.7826986457,0.4964888171,0.6050752221,1.210150444,59.06605034,6.094871723,-0.514049594
235,0.8527197419,0.4825672709,0.7030361208,1.406072242,55.83635853,6.447411857,-0.5615584193
236,0.8061754803,0.4531465959,0.6667661267,1.333532253,59.04513883,6.097030291,-0.5143626206
237,0.8069702662,0.2930348098,0.7518853708,1.503770742,61.91591702,5.814336883,-0.4707668043
238,0.8213305778,0.4385502717,0.6944476779,1.388895356,58.55846812,6.147701803,-0.5216282067
239,0.7955660506,0.4745362608,0.6385457525,1.277091505,59.04957995,6.096571733,-0.5142961466
240,0.8636094691,0.2332920723,0.8315023296,1.663004659,59.1925553,6.081845904,-0.5121544691
241,0.8569869695,0.3285675103,0.7914986147,1.582997229,58.53181345,6.15050139,-0.5220250561
242,0.7461291955,0.256351448,0.7007087208,1.401417442,66.36041677,5.424920722,-0.4009820133
243,0.7204793965,0.3629645652,0.6223723043,1.244744609,66.61814569,5.403933062,-0.396857216
244,0.8610491035,0.4381961747,0.7412082508,1.482416502,56.45645478,6.376595934,-0.5525705853
245,0.871975326,0.4408123811,0.7523466048,1.50469321,55.84968959,6.445872889,-0.5613658834
246,0.8114628947,0.4245831306,0.6915209286,1.383041857,59.43022981,6.05752327,-0.5085872091
247,0.7970920316,0.4712663436,0.642855925,1.28571185,59.05970063,6.095527004,-0.5141446507
248,0.7794212911,0.3562238513,0.6932547272,1.386509454,62.72075044,5.739727243,-0.4583276996
249,0.897993009,0.3526352315,0.8258570323,1.651714065,56.03129928,6.424980406,-0.5587399371
250,0.8284875935,0.3018966034,0.7715245514,1.543049103,60.50652025,5.949772,-0.4923245107
251,0.7914552463,0.4402605162,0.6577021247,1.315404249,60.21759359,5.978319267,-0.4967074762
252,0.8508254049,0.3353881229,0.7819326548,1.56386531,58.78131369,6.124395278,-0.5183059482
253,0.7868705711,0.456074,0.6412189971,1.282437994,60.06992427,5.993015712,-0.4989427229
254,0.7976332146,0.4731993237,0.642106802,1.284213604,58.97364813,6.104421406,-0.5154322548
255,0.8941079218,0.3505820026,0.8225091095,1.645018219,56.25741904,6.399155989,-0.5554625641
256,0.8077122342,0.4526962363,0.668928375,1.33785675,58.97066141,6.10473058,-0.5154769242
257,0.7950590007,0.4110531539,0.6805542735,1.361108547,60.6865838,5.932118393,-0.4895866393
258,0.8125232299,0.4166841862,0.6975444703,1.395088941,59.54216162,6.046135884,-0.506904188
259,0.8782647371,0.3814019795,0.7911267146,1.582253429,56.61529743,6.358705444,-0.550257824
260,0.8316590394,0.3877512522,0.7357348192,1.471469638,59.02388425,6.09922584,-0.5146807124
261,0.8291298403,0.3317173164,0.7598815132,1.519763026,60.07139023,5.992869461,-0.4989205492
262,0.835203569,0.4329318991,0.7142373362,1.428474672,57.92736592,6.214679267,-0.5309939119
263,0.8123295105,0.4084450449,0.7021765297,1.404353059,59.72674687,6.027450328,-0.5041245178
264,0.7011184791,0.3987681433,0.5766724284,1.153344857,67.27127108,5.351467189,-0.3863685675
265,0.8464519079,0.3688900862,0.7618404929,1.523680986,58.52054172,6.151686048,-0.5221928421
266,0.8265384848,0.4598990424,0.6867741534,1.373548307,57.75933086,6.232759186,-0.5334767785
267,0.7905272674,0.4007406362,0.6814251998,1.3628504,61.17955621,5.884318591,-0.4820663196
268,0.8729648641,0.3960177178,0.777970193,1.555940386,56.64669323,6.355181202,-0.5498001976
269,0.8412609272,0.4536091853,0.7084904054,1.416980811,57.13553462,6.300807411,-0.5426536165
270,0.8382224214,0.2927432161,0.7854414282,1.570882856,60.04696333,5.99530734,-0.4992899817
271,0.8376590814,0.4073456616,0.7319441568,1.463888314,58.32183162,6.172645645,-0.5251474252
272,0.8856159791,0.4434333622,0.7666045367,1.533209073,55.12389041,6.5307437,-0.5718038481
273,0.7607033926,0.3520140441,0.6743558143,1.348711629,64.01617675,5.623578575,-0.4381173661
274,0.79366202,0.4705843906,0.6391007223,1.278201445,59.2715623,6.073739008,-0.5109696267
275,0.9227804656,0.3172438094,0.8665334115,1.733066823,55.23267636,6.517880786,-0.5702451653
276,0.8177428404,0.4103764831,0.70731499,1.41462998,59.37609411,6.06304617,-0.5094005044
277,0.7868788486,0.385786175,0.685818744,1.371637488,61.70628429,5.834089739,-0.473991634
278,0.748092776,0.3048475098,0.6831623506,1.366324701,65.61762685,5.48633069,-0.4128242416
279,0.7932892757,0.3991712205,0.6855437343,1.371087469,61.04446684,5.897340392,-0.4841306882
280,0.8193730444,0.4234005135,0.7015013835,1.403002767,59.00794419,6.100873449,-0.5149192217
281,0.7670377746,0.3665270117,0.6737988553,1.347597711,63.33656278,5.683920696,-0.4487488103
282,0.7546578475,0.3901184038,0.6460000757,1.292000151,63.68322678,5.652979885,-0.4433336163
283,0.6800377316,0.2668038775,0.625513395,1.25102679,71.24029806,5.053319677,-0.3215998052
284,0.9442636989,0.4197153036,0.845856369,1.691712738,52.81745228,6.815928911,-0.604356464
285,0.8843659175,0.4287983172,0.7734565788,1.546913158,55.47379065,6.489551116,-0.5667831655
286,0.8083543381,0.396249135,0.704573175,1.40914635,60.20466181,5.979603392,-0.4969033545
287,0.8128117902,0.4008812738,0.7070765239,1.414153048,59.85240667,6.014795729,-0.502229211
288,0.8538586391,0.4622997007,0.717881301,1.435762602,56.28302957,6.396244174,-0.5550908195
289,0.7926284384,0.3792373015,0.6960164585,1.392032917,61.47751518,5.855799457,-0.4775036014
290,0.7803356395,0.3909599156,0.6753325512,1.350665102,62.01038369,5.805479318,-0.4693115389
291,0.8298082494,0.3352805785,0.7590577477,1.518115495,59.9807819,6.001922426,-0.5002904533
292,0.8293904322,0.4739113416,0.6806588936,1.361317787,57.24559546,6.288693429,-0.5410391236
293,0.796516466,0.257868432,0.7536195011,1.507239002,62.97283563,5.716750666,-0.4544128818
294,0.8336188618,0.3519325713,0.7556876815,1.511375363,59.5120279,6.049197325,-0.507357473
295,0.840899437,0.3901473816,0.744914011,1.489828022,58.46489864,6.157540821,-0.5230208232
296,0.8231959879,0.3115894054,0.7619472928,1.523894586,60.69618257,5.931180262,-0.4894405538
297,0.8432429805,0.4754203361,0.6964439878,1.392887976,56.49470842,6.37227822,-0.5520139969
298,0.8004959947,0.4074339547,0.689051094,1.378102188,60.44035398,5.956285433,-0.4933293503
299,0.7977249581,0.5076390028,0.6153598555,1.230719711,57.87658011,6.220132553,-0.5317447998
300,0.8867936801,0.4025338285,0.7901705816,1.580341163,55.82959,6.448193512,-0.5616561631
301,0.7959842568,0.3381420484,0.720590655,1.44118131,61.97235515,5.809041776,-0.4698975247
302,0.8412010923,0.3792911261,0.7508378782,1.501675756,58.63860545,6.139300163,-0.5204343977
303,0.8278899101,0.4266700906,0.7094746909,1.418949382,58.46273043,6.157769187,-0.5230530767
304,0.8586552194,0.4575498867,0.7265926555,1.453185311,56.15225016,6.41114112,-0.5569879579
305,0.9209606607,0.534219534,0.7501853292,1.500370658,51.43250713,6.999464349,-0.6234360957
306,0.7932149885,0.4201527224,0.6728013881,1.345602776,60.5944467,5.941138497,-0.4909881923
307,0.8516049435,0.2893531367,0.8009405359,1.601881072,59.31760006,6.069025039,-0.5102787653
308,0.8868254326,0.4660525423,0.7544894802,1.50897896,54.58629906,6.595061511,-0.5794760744
309,0.8231874835,0.4459560284,0.6919254683,1.383850937,58.28227537,6.176835027,-0.525734827
310,0.826762367,0.4484173804,0.6945918689,1.389183738,58.02926577,6.203766242,-0.5294860257
311,0.8428422869,0.4361308084,0.7212302258,1.442460452,57.4486756,6.266462999,-0.5380548856
312,0.7409898002,0.3393831914,0.6586994257,1.317398851,65.58077263,5.489413826,-0.4134100147
313,0.8689781122,0.3781793956,0.7823703115,1.564740623,57.1524371,6.298943986,-0.5424058024
314,0.7539301022,0.4306422589,0.6188358779,1.237671756,62.77274926,5.734972647,-0.4575208952
315,0.8621577721,0.4013012122,0.7630683856,1.526136771,57.11773885,6.30277051,-0.5429144765
316,0.8091113374,0.451061001,0.6717180433,1.343436087,58.93410083,6.108517733,-0.5160236115
317,0.7666518185,0.4325731157,0.6329577477,1.265915495,61.91500209,5.814422803,-0.4707808927
318,0.8518867247,0.4615013996,0.7160498934,1.432099787,56.40174422,6.38278133,-0.5533661928
319,0.8169181369,0.429681257,0.6947872047,1.389574409,59.00697004,6.100974168,-0.5149337965
320,0.8357519415,0.3348021723,0.7657602844,1.531520569,59.6438584,6.035826817,-0.5053733845
321,0.8059062349,0.3124687228,0.7428648308,1.485729662,61.73030209,5.831819833,-0.4736224836
322,0.6957132411,0.2824545376,0.6357958384,1.271591677,69.79288911,5.158118608,-0.3454146713
323,0.8063037782,0.3609926708,0.7209785533,1.441957107,60.97077727,5.904467946,-0.485255642
324,0.7877697445,0.3850916329,0.6872303869,1.374460774,61.66473919,5.838020313,-0.4746299801
325,0.8546719321,0.3541139526,0.7778607974,1.555721595,58.29746784,6.175225328,-0.5255092517
326,0.8071348393,0.4133551904,0.6932561831,1.386512366,59.92474446,6.007535004,-0.5011370554
327,0.8592381507,0.3569021792,0.7816079798,1.56321596,58.00594045,6.206260897,-0.5298313354
328,0.7785426766,0.4565565749,0.6306225441,1.261245088,60.54547038,5.945944391,-0.491732684
329,0.7834539372,0.4421291987,0.646778048,1.293556096,60.64309304,5.936372667,-0.4902483614
330,0.8250925813,0.4561978043,0.6875036953,1.375007391,57.92946284,6.21445431,-0.5309628993
331,0.7385027044,0.428282904,0.601631115,1.20326223,63.85008457,5.638207097,-0.4407213541
332,0.8503937285,0.4185758687,0.7402457265,1.480491453,57.41304305,6.270352186,-0.5385789917
333,0.8397173377,0.4709130265,0.695245373,1.390490746,56.79022733,6.33911884,-0.5477059385
334,0.7765262056,0.387800656,0.6727582026,1.345516405,62.31422271,5.777172278,-0.4646222474
335,0.7745661458,0.3339461133,0.6988796088,1.397759218,63.40131907,5.678115302,-0.4477385024
336,0.8027384074,0.2531499965,0.7617768899,1.52355378,62.62838574,5.748192226,-0.4597598828
337,0.8065442631,0.439573113,0.6762315629,1.352463126,59.36288918,6.064394859,-0.5095988166
338,0.8110422349,0.3354195652,0.7384329503,1.476865901,61.0909248,5.892855628,-0.4834210439
339,0.8375837734,0.4047600912,0.7332911059,1.466582212,58.37603643,6.166914063,-0.5243420891
340,0.7620617399,0.3949041045,0.6517582709,1.303516542,63.09424963,5.705749765,-0.4525242104
341,0.7569824775,0.3728337575,0.6588000156,1.317600031,63.88038775,5.63553248,-0.4402465374
342,0.7466583419,0.3848832573,0.6398152529,1.279630506,64.33080828,5.596074566,-0.4331745075
343,0.7736418991,0.3792307219,0.6743188027,1.348637605,62.66781062,5.744575986,-0.4591487167
344,0.7547927189,0.423774479,0.6246016646,1.249203329,62.89365924,5.723947443,-0.4556434218
345,0.8131161372,0.3689569492,0.7245885883,1.449177177,60.42785113,5.957517821,-0.4935191521
346,0.9254758211,0.5586761407,0.7378254978,1.475650996,50.57919581,7.117550886,-0.6350110521
347,0.8293369151,0.3584039493,0.7478945968,1.495789194,59.65630837,6.034567171,-0.5051858704
348,0.7077873899,0.2857307407,0.6475499465,1.295099893,68.81577454,5.231358688,-0.3613678711
349,0.8327723741,0.277491994,0.7851802471,1.570360494,60.54002456,5.946479253,-0.4918154441
350,0.863085209,0.4440582167,0.7400867369,1.480173474,56.22827929,6.402472289,-0.5558854015
351,0.8045530612,0.4403231884,0.673365516,1.346731032,59.45813446,6.054680377,-0.5081678125
352,0.8752278454,0.3098242429,0.8185552638,1.637110528,57.77234094,6.231355596,-0.5332847067
353,0.8700658846,0.4053437073,0.7698773424,1.539754685,56.63247916,6.356776277,-0.5500074029
354,0.8705174752,0.4363853896,0.7532386517,1.506477303,56.01386759,6.42697988,-0.5589922309
355,0.7876804975,0.3899107438,0.684404981,1.368809962,61.57511984,5.846517245,-0.4760061434
356,0.7543055648,0.4100460999,0.6331185363,1.266237073,63.26018526,5.690783207,-0.4499396923
357,0.8085706636,0.4571587678,0.6669275665,1.333855133,58.80749134,6.121669056,-0.5179151673
358,0.8162068153,0.3976387178,0.7127952129,1.425590426,59.71979742,6.028151728,-0.5042292645
359,0.8096957817,0.3895509006,0.7098291025,1.419658205,60.25568893,5.974539606,-0.4961302973
360,0.8142892157,0.4067455456,0.705425395,1.41085079,59.64858591,6.035348442,-0.5053021845
361,0.8647528143,0.4377734606,0.7457558763,1.491511753,56.27660386,6.396974502,-0.555184101
362,0.830370334,0.4588034469,0.6921085816,1.384217163,57.58292221,6.251853608,-0.5360784347
363,0.7457776704,0.439504755,0.602511331,1.205022662,63.06122388,5.70873792,-0.4530381484
364,0.8741921201,0.4306771393,0.760742443,1.521484886,55.94389284,6.435018762,-0.5600044742
365,0.8155835135,0.4262145048,0.6953543438,1.390708688,59.15976585,6.085216783,-0.512645916
366,0.8147889704,0.3601201278,0.730886147,1.461772294,60.47829518,5.952548744,-0.4927532334
367,0.8590175224,0.3184192,0.7978222338,1.595644468,58.55197662,6.148383382,-0.5217248661
368,0.8890485346,0.4109064811,0.7883927706,1.576785541,55.57113984,6.478182759,-0.5653825454
369,0.7532760681,0.3863212228,0.646668963,1.293337926,63.8553605,5.637741251,-0.4406386952
370,0.7211801792,0.4636982171,0.5523448328,1.104689666,63.94101288,5.630189198,-0.4392962403
371,0.8391477298,0.4449731122,0.7114547363,1.422909473,57.44720035,6.266623922,-0.5380765887
372,0.7898145606,0.3749318494,0.695149731,1.390299462,61.73148022,5.831708533,-0.4736043737
373,0.7750709889,0.4667696847,0.6187577065,1.237515413,60.4538117,5.954959495,-0.4931250268
374,0.8231877165,0.3670299698,0.7368358147,1.473671629,59.87037054,6.012991013,-0.5019580672
375,0.7961505277,0.4457344392,0.6596790678,1.319358136,59.80562669,6.019500504,-0.5029350688
376,0.8353879062,0.3579013063,0.7548374717,1.509674943,59.31777863,6.069006769,-0.510276085
377,0.8537791114,0.3805575934,0.7642739621,1.528547924,57.9263353,6.214789839,-0.5310091543
378,0.8268613896,0.3359697424,0.7555290133,1.511058027,60.14268707,5.985765145,-0.4978417374
379,0.774640495,0.3400289424,0.6960231425,1.392046285,63.29968956,5.687231683,-0.4493238391
380,0.8144383332,0.5222933051,0.6249155958,1.249831192,56.51994789,6.369432624,-0.5516466292
381,0.7910748168,0.3148114669,0.7257362511,1.451472502,62.62406125,5.748589165,-0.4598269079
382,0.7864138176,0.4572673014,0.6398072425,1.279614485,60.06359041,5.993647691,-0.4990385235
383,0.8363542158,0.3080130744,0.7775707815,1.555141563,59.96919014,6.003082569,-0.5004656185
384,0.9130473702,0.4144366307,0.8135710044,1.627142009,54.3443587,6.624422637,-0.5829123171
385,0.8005942953,0.3638488733,0.7131375906,1.426275181,61.26787852,5.875835898,-0.4807151725
386,0.7502292882,0.4257281761,0.6177374078,1.235474816,63.14073962,5.70154867,-0.4518004908
387,0.8019661818,0.3976838103,0.6964175069,1.392835014,60.55389487,5.945117169,-0.4916046485
388,0.8149372259,0.3547064634,0.7336934012,1.467386802,60.55806991,5.944707295,-0.4915411921
389,0.7966207665,0.2227207178,0.7648530103,1.529706021,63.30456451,5.686793721,-0.449247826
390,0.817363389,0.4689641023,0.6694442325,1.338888465,58.01429939,6.205366673,-0.5297075991
391,0.7840982083,0.4188950565,0.6628249633,1.325649927,61.17220137,5.885026073,-0.4821787818
392,0.8782429389,0.3678827148,0.7974791332,1.594958266,56.82742784,6.33496911,-0.5471625965
393,0.7963787646,0.368884388,0.7057927777,1.411585555,61.43703244,5.859658022,-0.4781242842
394,0.7961151167,0.3829475717,0.6979616295,1.395923259,61.19422438,5.882908128,-0.4818420065
395,0.8078473238,0.442244587,0.6760451344,1.352090269,59.22417315,6.078599005,-0.5116804232
396,0.9041023715,0.4717357126,0.7712759011,1.542551802,53.6593638,6.708987481,-0.5925846227
397,0.803395246,0.3888079723,0.7030450071,1.406090014,60.64341624,5.93634103,-0.490243445
398,0.8760808376,0.3539181375,0.8014109969,1.602821994,57.1473204,6.299507964,-0.5424808254
399,0.7616632876,0.3909753776,0.6536583341,1.307316668,63.20388436,5.695852457,-0.450817027
400,0.8527920033,0.3888830558,0.7589625616,1.517925123,57.83731543,6.224355286,-0.5323250569
401,0.7723640499,0.3193782698,0.7032380439,1.406476088,63.76654366,5.645593744,-0.4420297075
402,0.7339878427,0.3614760482,0.6388060893,1.277612179,65.67719539,5.481354645,-0.4118770787
403,0.8856322088,0.4152034239,0.7822726674,1.564545335,55.66431804,6.467338731,-0.564040407
404,0.7509377017,0.3752464689,0.6504594679,1.300918936,64.23835112,5.6041289,-0.4346283705
405,0.8418462649,0.3749413391,0.7537400918,1.507480184,58.67647581,6.1353378,-0.5198698872
406,0.7362641343,0.4486148249,0.5838061444,1.167612289,63.42067661,5.676382203,-0.4474363809
407,0.8117492667,0.428388067,0.689507459,1.379014918,59.32843523,6.067916651,-0.5101161204
408,0.8012517939,0.4209997118,0.6817357845,1.363471569,60.10069639,5.989947232,-0.4984772032
409,0.816840289,0.4568651521,0.677127972,1.354255944,58.35974055,6.16863606,-0.524584251
410,0.8551843438,0.380653931,0.7657955645,1.531591129,57.8486139,6.223139601,-0.5321581127
411,0.8282073321,0.4740379343,0.679128428,1.358256856,57.30390244,6.282294655,-0.5401830036
412,0.7922968551,0.4490261296,0.6527708951,1.30554179,59.94362542,6.00564276,-0.5008518593
413,0.8524039108,0.4902206099,0.6973350563,1.394670113,55.64941426,6.469070786,-0.5642551813
414,0.7706724232,0.3775389863,0.6718633029,1.343726606,62.89147441,5.724146291,-0.4556773655
415,0.8355569198,0.3020989487,0.7790324713,1.558064943,60.08939855,5.991073445,-0.4986481333
416,0.8570440565,0.396028646,0.7600564626,1.520112925,57.48310473,6.262709742,-0.5375482827
417,0.8583591347,0.3896235214,0.764835875,1.52967175,57.52525324,6.258121081,-0.5369278295
418,0.8258367648,0.4987025926,0.6582568543,1.316513709,56.7235727,6.3465678,-0.5486789026
419,0.8260041598,0.4250149882,0.7082691097,1.416538219,58.60273702,6.143057787,-0.5209688571
420,0.8376677292,0.4817576371,0.6852713358,1.370542672,56.60967268,6.359337247,-0.5503397932
421,0.8798750906,0.4479002731,0.7573410859,1.514682172,55.311643,6.508575418,-0.5691124448
422,0.943255396,0.4743412748,0.8153104298,1.63062086,51.88060858,6.93900881,-0.6173021734
423,0.8199355525,0.4720577192,0.6704146627,1.340829325,57.79316711,6.229110083,-0.5329771862
424,0.7766288746,0.3339202558,0.7011773468,1.402354694,63.26760025,5.690116246,-0.4498241125
425,0.8107741031,0.4413807048,0.6801012569,1.360202514,59.08000375,6.093432247,-0.5138406857
426,0.8194483044,0.4927412009,0.654753108,1.309506216,57.22870146,6.290549861,-0.5412870731
427,0.8251019045,0.4263687456,0.7064013346,1.412802669,58.62341008,6.140891489,-0.520660842
428,0.7760133474,0.303798135,0.7140752121,1.428150424,63.74652836,5.647366362,-0.4423430323
429,0.7904180053,0.3686011632,0.6992094147,1.398418829,61.80968614,5.82432985,-0.4724017693
430,0.9108894286,0.4101268321,0.8133360515,1.626672103,54.51996106,6.603086154,-0.5804192938
431,0.8458431265,0.3455118028,0.7720571149,1.54411423,58.9154572,6.110450756,-0.5163023071
432,0.8145747361,0.3523374402,0.7344319771,1.468863954,60.61771682,5.938857794,-0.4906343362
433,0.9190400946,0.3721381507,0.8403260631,1.680652126,54.71586767,6.579444233,-0.5776315786
434,0.8853333327,0.4838025783,0.7414513977,1.482902795,54.24763428,6.636234092,-0.5842831748
435,0.8455649912,0.3034487157,0.7892395272,1.578479054,59.49555143,6.050872567,-0.5076052603
436,0.7755327117,0.3701904782,0.6814763361,1.362952672,62.71893618,5.739893275,-0.4583558427
437,0.7843511045,0.4131894992,0.6666941525,1.333388305,61.28662751,5.874038345,-0.4804282051
438,0.8156661146,0.4014014796,0.7100620133,1.420124027,59.67687894,6.03248706,-0.5048759961
439,0.8572707838,0.4288143131,0.7423149478,1.484629896,56.84564125,6.332939379,-0.5468964916
440,0.8409315764,0.3973400982,0.7411388281,1.482277656,58.33195122,6.171574797,-0.5249971112
441,0.731254214,0.44222238,0.5823848317,1.164769663,63.94561123,5.629784329,-0.4392241411
442,0.8496161072,0.3384604263,0.7792894645,1.558578929,58.80575329,6.121849987,-0.5179411163
443,0.8379275483,0.4381805869,0.7142270994,1.428454199,57.66522615,6.242930516,-0.5348652558
444,0.8407640508,0.425185103,0.725328765,1.45065753,57.79319672,6.229106893,-0.5329767491
445,0.830845484,0.4505967135,0.6980449987,1.396089997,57.75759608,6.232946391,-0.5335023876
446,0.8699099581,0.3779584401,0.7835118077,1.567023615,57.10686643,6.303970477,-0.5430738245
447,0.8092989378,0.4512812591,0.6717960969,1.343592194,58.91804671,6.110182195,-0.5162636009
448,0.8011168349,0.3412370634,0.7248071811,1.449614362,61.60694891,5.843496657,-0.4755175207
449,0.8472396856,0.4157812479,0.7382012184,1.476402437,57.63662495,6.246028464,-0.5352869692
450,0.8883477155,0.3487171511,0.8170422341,1.634084468,56.57940022,6.36273977,-0.5507808606
451,0.7933612112,0.4134383996,0.6771194142,1.354238828,60.73602915,5.927289042,-0.4888339741
452,0.8389276626,0.4646296679,0.6985119145,1.397023829,56.98957695,6.316944593,-0.544791594
453,0.7715306483,0.3810749955,0.6708512422,1.341702484,62.76698287,5.735499518,-0.4576103841
454,0.793133132,0.2289538188,0.7593683652,1.51873673,63.47262784,5.671736184,-0.446625303
455,0.6605013309,0.365477839,0.5501708438,1.100341688,71.29631385,5.049349406,-0.3206739291
456,0.7591960722,0.4083819279,0.6400022476,1.280004495,62.98001484,5.716099002,-0.4543012612
457,0.8073453144,0.4485310125,0.6712871126,1.342574225,59.09689518,6.091690585,-0.5135877492
458,0.7826844882,0.3349219968,0.7074053039,1.414810608,62.86166666,5.726860568,-0.4561403959
459,0.8309975407,0.3774157064,0.7403474165,1.480694833,59.24448533,6.076514937,-0.5113758009
460,0.8382848404,0.4833037497,0.6849371936,1.369874387,56.5365779,6.367559081,-0.5514045162
461,0.7679878062,0.3511436608,0.6830105416,1.366021083,63.54914886,5.664906713,-0.4454299659
462,0.7680890077,0.3415994074,0.6879466322,1.375893264,63.70292375,5.651231981,-0.4430254434
463,0.7452555115,0.4322360617,0.607106057,1.214212114,63.29523675,5.687631779,-0.449393267
464,0.9031000157,0.4855637045,0.7614575019,1.522915004,53.39605305,6.742071359,-0.5962801774
465,0.8015281929,0.3107390513,0.738842802,1.477685604,62.02432351,5.80417455,-0.4690966869
466,0.8518073387,0.3143732109,0.7916724237,1.583344847,59.00579858,6.101095293,-0.5149513232
467,0.8019221921,0.4395382856,0.6707348937,1.341469787,59.62788166,6.037444061,-0.5056139819
468,0.8588688902,0.4704588064,0.7185570834,1.437114167,55.83684063,6.447356189,-0.561551457
469,0.8815238753,0.4094417013,0.7806675579,1.561335116,55.97390726,6.431568165,-0.5595703927
470,0.8447223162,0.4684180468,0.702951154,1.405902308,56.59744898,6.360710712,-0.55051791
471,0.7503345347,0.3939966138,0.6385676019,1.277135204,63.88763698,5.634893025,-0.4401329318
472,0.8170760044,0.4871544754,0.6559677691,1.311935538,57.51767069,6.258946089,-0.537039471
473,0.7436357553,0.3850812747,0.6361655039,1.272331008,64.53238355,5.578594501,-0.4300008872
474,0.842957487,0.3387989549,0.7718760218,1.543752044,59.17553249,6.083595447,-0.5124096273
475,0.7500191441,0.4622785635,0.5906159888,1.181231978,62.11412158,5.795783484,-0.46771198
476,0.8275553942,0.2066997134,0.8013258756,1.602651751,61.51306273,5.852415471,-0.4769583884
477,0.9386187479,0.5437865087,0.7650499244,1.530099849,50.48454541,7.130895149,-0.6362863301
478,0.8602829909,0.4804867552,0.7135960359,1.427192072,55.51931689,6.484229637,-0.5661283562
479,0.8777770569,0.3502263776,0.8048813863,1.609762773,57.11046734,6.303573001,-0.5430210511
480,0.8065735194,0.4092784733,0.6950194051,1.39003881,60.04384312,5.995618889,-0.4993371651
481,0.7878055173,0.2792362975,0.7366577382,1.473315476,63.29147833,5.687969526,-0.4494518659
482,0.7318567598,0.3908413683,0.6187546701,1.23750934,65.22216948,5.519595605,-0.4191008043
483,0.7798805767,0.39926165,0.6699282415,1.339856483,61.8663791,5.818992565,-0.4715294281
484,0.7632624869,0.3477668204,0.6794320146,1.358864029,63.9190918,5.632120073,-0.4396399093
485,0.8195393453,0.3651826727,0.7336800079,1.467360016,60.11408584,5.988613067,-0.498274603
486,0.8031370036,0.4113063882,0.6898232394,1.379646479,60.20227966,5.97984,-0.4969394344
487,0.80146227,0.4560925798,0.6590305978,1.318061196,59.23332287,6.07766005,-0.5115432126
488,0.774029705,0.2984077462,0.7141952122,1.428390424,63.94910243,5.629476979,-0.4391693995
489,0.8968728982,0.4204828617,0.7921964141,1.584392828,55.01557681,6.543601301,-0.5733537151
490,0.7913282981,0.2414973496,0.7535778033,1.507155607,63.47075122,5.671903878,-0.4466546077
491,0.8675176802,0.4267790314,0.755279143,1.510558286,56.35893428,6.387629656,-0.5539883884
492,0.789477502,0.3588574156,0.7032041534,1.406408307,62.03974993,5.80273132,-0.4688588898
493,0.7723849008,0.4404132744,0.6345191745,1.269038349,61.35635045,5.867363319,-0.4793605914
494,0.8387126488,0.3687302737,0.7533106215,1.506621243,58.9550789,6.10634413,-0.5157099537
495,0.8728430263,0.45308057,0.7460381664,1.492076333,55.54607755,6.481105703,-0.5657432875
496,0.8660727564,0.3794276603,0.7785349511,1.557069902,57.28585487,6.284273855,-0.5404480555
497,0.7704066691,0.3635737439,0.6792205595,1.358441119,63.17128031,5.698792208,-0.4513248955
498,0.7559080183,0.4522604637,0.6056875474,1.211375095,62.04816714,5.801944144,-0.4687291248
499,0.8268650696,0.2054953962,0.8009228961,1.601845792,61.56411781,5.847562067,-0.4761750065
500,0.8085449884,0.3945254893,0.7057581998,1.4115164,60.22730513,5.977355275,-0.4965603585
501,0.7187905331,0.3820511683,0.6088486965,1.217697393,66.34783657,5.425949339,-0.4011831448
502,0.8543597662,0.3354292596,0.7857593919,1.571518784,58.58401083,6.145021396,-0.5212478066
503,0.758992122,0.4054093544,0.6416481097,1.283296219,63.06149559,5.708713323,-0.4530339207
504,0.8200595204,0.4497344667,0.685737943,1.371475886,58.361901,6.168407709,-0.5245521485
505,0.7958644681,0.3624518857,0.7085399651,1.41707993,61.58159956,5.845902065,-0.4759066822
506,0.843810833,0.4810398571,0.6932657339,1.386531468,56.31911295,6.392146132,-0.5545668701
507,0.8138524558,0.3741458407,0.7227521772,1.445504354,60.29370458,5.970772613,-0.4955541071
508,0.840769069,0.423008429,0.7266061494,1.453212299,57.83816709,6.224263633,-0.5323124736
509,0.8349082182,0.44865004,0.704119929,1.408239858,57.58702875,6.251407787,-0.5360179294
510,0.8380824511,0.4216710365,0.7242760053,1.448552011,58.01113437,6.20570523,-0.5297544518
511,0.9208328141,0.4030605067,0.8279343571,1.655868714,54.16323482,6.646574955,-0.5854779927
512,0.7828950509,0.370986886,0.6894152531,1.378830506,62.23660936,5.784376812,-0.4658213388
513,0.9108954624,0.4077280587,0.8145479566,1.629095913,54.55975924,6.598269586,-0.5798535212
514,0.8901115208,0.4484336683,0.7688990601,1.53779812,54.80498103,6.568746001,-0.5763612752
515,0.7453232353,0.2810677357,0.6902953375,1.380590675,66.12706743,5.444064193,-0.4047096336
516,0.8641595202,0.3990148726,0.7665238469,1.533047694,57.05338176,6.309880131,-0.5438574198
517,0.8785206643,0.5122909152,0.7136922136,1.427384427,53.82851115,6.687905578,-0.5902040402
518,0.8026544083,0.489188604,0.636355725,1.27271145,58.21972083,6.183471766,-0.5266632368
519,0.8991550846,0.4262605092,0.7916955504,1.583391101,54.79999564,6.569343588,-0.5764323783
520,0.7871747273,0.4736812263,0.6287051353,1.257410271,59.54681283,6.04566362,-0.5068342099
521,0.8036798971,0.3589216221,0.7190804171,1.438160834,61.16430533,5.885785804,-0.4822995105
522,0.8276347479,0.4309403797,0.7065901677,1.413180335,58.3834084,6.166135378,-0.5242325255
523,0.8556582257,0.3900266143,0.7615971635,1.523194327,57.66296738,6.243175063,-0.5348985652
524,0.78122412,0.4805945046,0.6159058757,1.231811751,59.67193698,6.032986663,-0.5049504475
525,0.7872987409,0.3107354377,0.7233828828,1.446765766,62.92099473,5.721460723,-0.4552186786
526,0.7560617138,0.2359540853,0.7183000659,1.436600132,65.87885609,5.464575759,-0.4086672965
527,0.7798881109,0.386746137,0.6772391683,1.354478337,62.12341084,5.794916846,-0.467568672
528,0.8760126483,0.4650120264,0.742402839,1.484805678,55.1264441,6.530441168,-0.5717672824
529,0.8547109817,0.35821208,0.7760251078,1.552050216,58.23334835,6.182024737,-0.5264610361
530,0.7839030015,0.4976659614,0.6056669932,1.211333986,58.95953216,6.105882914,-0.5156433612
531,0.8031782809,0.4366974826,0.6740850537,1.348170107,59.62454042,6.037782387,-0.5056642935
532,0.8367736531,0.3576219486,0.7565029335,1.513005867,59.24338875,6.076627411,-0.511392248
533,0.8673465575,0.418977066,0.7594394439,1.518878888,56.51951763,6.369481112,-0.5516528926
534,0.8340762703,0.4249129803,0.7177270956,1.435454191,58.16117669,6.189695953,-0.5275315571
535,0.8435996642,0.4345124837,0.7230901015,1.446180203,57.44360583,6.267016055,-0.5381294678
536,0.8638238294,0.253924437,0.8256597293,1.651319459,58.99565657,6.102144139,-0.5151030528
537,0.7573978796,0.3223505307,0.6853770374,1.370754075,64.72219025,5.562234508,-0.4270076866
538,0.8214080809,0.4297076307,0.7000447039,1.400089408,58.75516381,6.127121034,-0.5186962067
539,0.8506047326,0.4442092377,0.725400968,1.450801936,56.86423652,6.330868434,-0.5466247506
540,0.8618225781,0.3408883097,0.7915385754,1.583077151,58.09745485,6.196484871,-0.5284760466
541,0.8603320272,0.3749411247,0.7743321962,1.548664392,57.66519029,6.242934398,-0.5348657846
542,0.7953230524,0.3790863327,0.6991654382,1.398330876,61.3153322,5.871288421,-0.4799887582
543,0.8262900711,0.3304044876,0.75735603,1.51471206,60.25623609,5.974485354,-0.4961220057
544,0.7394721334,0.3989268274,0.6226366697,1.245273339,64.51225228,5.58033532,-0.4303180757
545,0.9118311422,0.2686805992,0.8713476731,1.742695346,56.28546708,6.395967178,-0.5550554326
546,0.8330728026,0.3758355097,0.7434769425,1.486953885,59.15401798,6.085808071,-0.5127320476
547,0.7969228479,0.4606923797,0.6502680654,1.300536131,59.3661603,6.064060707,-0.5095496935
548,0.7709215498,0.4103423063,0.6526401977,1.305280395,62.18475911,5.789199881,-0.4666219257
549,0.7566918392,0.416734685,0.6315969773,1.263193955,62.94473095,5.719303182,-0.4548497773
550,0.8669494233,0.4944603906,0.7121167213,1.424233443,54.83987132,6.564566826,-0.5758635372
551,0.7956121578,0.3187365653,0.7289757935,1.457951587,62.28288265,5.780079288,-0.46510654
552,0.9090884613,0.3898996179,0.8212308557,1.642461711,54.93405347,6.553312149,-0.5745188871
553,0.7770018702,0.5087264128,0.587306856,1.174613712,58.93966021,6.107941558,-0.515940496
554,0.7985360097,0.4452979459,0.6628495291,1.325699058,59.679271,6.032245266,-0.504839958
555,0.7620700619,0.433662399,0.6266479896,1.253295979,62.17448084,5.790156913,-0.4667805806
556,0.786316061,0.4893651071,0.6154792765,1.230958553,59.10437312,6.090919859,-0.5134757585
557,0.8853324553,0.5127555352,0.7217307791,1.443461558,53.5122688,6.727429206,-0.5946506425
558,0.8555415848,0.4229127062,0.7437044079,1.487408816,57.05508344,6.309691938,-0.5438324961
559,0.8679299091,0.5012659296,0.7085441376,1.417088275,54.61256279,6.591889881,-0.5791024319
560,0.8333595691,0.5097300571,0.6592901033,1.318580207,56.01246266,6.427141085,-0.5590125626
561,0.7579727261,0.3450309835,0.6748898235,1.349779647,64.31929577,5.597076207,-0.4333556
562,0.8840263514,0.2990813158,0.8318972031,1.663794406,57.42532121,6.269011516,-0.5383984202
563,0.8975571072,0.3861577732,0.810241282,1.620482564,55.56030178,6.479446447,-0.5655385597
564,0.684844816,0.3051156881,0.6131205745,1.226241149,70.34279555,5.117794895,-0.3363919581
565,0.8098456595,0.5036082017,0.6342150829,1.268430166,57.38381162,6.273546316,-0.5390087905
566,0.8261284126,0.2777276778,0.7780459441,1.556091888,60.93186934,5.908238233,-0.4858492914
567,0.8280744859,0.5070520695,0.6546797331,1.309359466,56.35514349,6.388059327,-0.5540434684
568,0.8168268626,0.3585786196,0.7339124587,1.467824917,60.3831332,5.961929779,-0.4941978081
569,0.885960937,0.4508762088,0.762651576,1.525303152,54.95403086,6.550929829,-0.5742334679
570,0.8409490013,0.4144027203,0.7317551558,1.463510312,58.00316185,6.206558203,-0.5298724641
571,0.794615367,0.4537925141,0.6522928297,1.304585659,59.68399782,6.031767528,-0.5047687426
572,0.8482941024,0.3429797593,0.7758658189,1.551731638,58.81503136,6.120884265,-0.5178025895
573,0.7684050097,0.4060109767,0.6523812886,1.304762577,62.4421207,5.7653391,-0.4626444219
574,0.8366971157,0.4143143467,0.7269151845,1.453830369,58.23670509,6.181668408,-0.5264112252
575,0.903185947,0.3670446124,0.8252412419,1.650482484,55.56737954,6.478621144,-0.5654366774
576,0.7924100125,0.4210697255,0.6712778219,1.342555644,60.62151201,5.938485994,-0.4905766171
577,0.7419998975,0.3421108478,0.6584254063,1.316850813,65.46383158,5.499219819,-0.4152675804
578,0.7399840249,0.3863580779,0.6311131378,1.262226276,64.75563873,5.559361425,-0.4264797265
579,0.8479933962,0.5078417626,0.6791093757,1.358218751,55.36533722,6.502263294,-0.5683416218
580,0.853669329,0.3743214251,0.7672253867,1.534450773,58.03569261,6.20307924,-0.5293908668
581,0.8310636761,0.4533535262,0.6965180643,1.393036129,57.67964634,6.241369753,-0.5346525851
582,0.8307353284,0.3715927289,0.7429939634,1.485987927,59.3591229,6.064779639,-0.5096553739
583,0.8450964307,0.3373856163,0.7748283185,1.549656637,59.07480979,6.093967992,-0.5139184524
584,0.7643913491,0.3130967925,0.6973267047,1.394653409,64.38722725,5.591171034,-0.4322867804
585,0.8480335767,0.4454714497,0.7216066344,1.443213269,56.96962266,6.319157178,-0.5450836086
586,0.8537927695,0.444123635,0.729188789,1.458377578,56.70139496,6.349050147,-0.5490024688
587,0.8421076596,0.4702997068,0.6985438399,1.39708768,56.68351422,6.351052947,-0.5492632831
588,0.8149507307,0.4756241939,0.6617600166,1.323520033,57.96071714,6.211103275,-0.5305005744
589,0.8499356614,0.3719569006,0.7642242424,1.528448485,58.27850733,6.177234396,-0.5257907686
590,0.8626801641,0.4532479531,0.7340186364,1.468037273,56.04749307,6.423124038,-0.5585055135
591,0.8133503801,0.3088846922,0.7524155021,1.504831004,61.32324199,5.870531112,-0.4798676443
592,0.7455442084,0.4709700423,0.5779475632,1.155895126,62.11326662,5.795863261,-0.4677251692
593,0.7244438998,0.3849095059,0.6137292858,1.227458572,65.87786548,5.46465793,-0.4086830762
594,0.7590817782,0.3293428695,0.6839140445,1.367828089,64.50034942,5.581365113,-0.4305055924
595,0.798568292,0.3736149745,0.7057784126,1.411556825,61.21830927,5.880593638,-0.4814736195
596,0.7727329014,0.4182629993,0.6497477975,1.299495595,61.8874359,5.817012691,-0.4712053071
597,0.8649157845,0.4157045241,0.7584649385,1.516929877,56.70733732,6.34838483,-0.5489157796
598,0.8337222143,0.4367105123,0.7101948036,1.420389607,57.9238373,6.215057855,-0.5310460974
599,0.7702553011,0.3369697442,0.6926359941,1.385271988,63.63546859,5.657222426,-0.4440806094
600,0.8050591415,0.4177544706,0.6881870557,1.376374111,59.95036843,6.004967265,-0.5007499932
601,0.7805859601,0.3575552456,0.6938794473,1.387758895,62.62333818,5.748655541,-0.4598381145
602,0.8048399619,0.2427194199,0.7673686516,1.534737303,62.59992726,5.750805405,-0.4602009119
603,0.8027102483,0.4016048436,0.6950232315,1.390046463,60.43019923,5.957286334,-0.4934835082
604,0.9206751236,0.4446076269,0.8062051484,1.612410297,53.45033101,6.735224893,-0.5955194165
605,0.8675311185,0.4014635366,0.769049589,1.538099178,56.83348714,6.334293709,-0.5470740741
606,0.7949738047,0.3579635187,0.7098207305,1.419641461,61.71350161,5.833407449,-0.4738807135
607,0.8129365486,0.435310325,0.6865644566,1.373128913,59.10212102,6.091151956,-0.5135094873
608,0.8905786646,0.5101508191,0.7299839037,1.459967807,53.34962419,6.747938818,-0.5969305006
609,0.8574032048,0.5399018539,0.6660677471,1.332135494,53.93172553,6.675106284,-0.588748871
610,0.9239146119,0.4453135814,0.8095146844,1.619029369,53.28978405,6.755516211,-0.5977680957
611,0.8432081824,0.4384242351,0.7202667762,1.440533552,57.37910336,6.274061094,-0.5390780044
612,0.8284730191,0.478401785,0.6763869274,1.352773855,57.1721233,6.296775058,-0.5421171157
613,0.7916405864,0.2843544597,0.7388080666,1.477616133,62.98440671,5.715700421,-0.4542329741
614,0.7645322646,0.3754649679,0.6659847157,1.331969431,63.33062043,5.684454022,-0.4488414924
615,0.8348459292,0.4851942065,0.6793778827,1.358755765,56.65878692,6.353824703,-0.5496238754
616,0.8510333065,0.3424633921,0.7790869745,1.558173949,58.66965256,6.136051337,-0.519971614
617,0.8623751198,0.3429552904,0.7912474429,1.582494886,58.03831544,6.202798915,-0.5293520301
618,0.7775770252,0.5422364027,0.5573201178,1.114640236,57.53116591,6.257477913,-0.536840768
619,0.8538916177,0.4693623943,0.7133230948,1.42664619,56.11119768,6.415831686,-0.5575828837
620,0.7552379786,0.4106861001,0.6338149032,1.267629806,63.18405253,5.697640237,-0.4511259619
621,0.8445068366,0.4146263833,0.7357151346,1.471430269,57.80628777,6.227696223,-0.5327834097
622,0.8041961088,0.38700174,0.704954633,1.409909266,60.63024546,5.937630588,-0.4904437864
623,0.8381449215,0.4093070066,0.7314059637,1.462811927,58.25684517,6.179531331,-0.5261123277
624,0.8457455332,0.4279857039,0.7294612698,1.45892254,57.4683091,6.264322121,-0.5377660148
625,0.7985159098,0.302617245,0.7389522726,1.477904545,62.3201202,5.776625572,-0.4645310989
626,0.9026681887,0.546775575,0.7182244283,1.436448857,51.81857982,6.947315061,-0.6181535259
627,0.7976201876,0.399056884,0.6906168019,1.381233604,60.78576042,5.922439688,-0.4880765892
628,0.8120526841,0.5717551359,0.5766503501,1.1533007,54.62473203,6.590421346,-0.5789292641
629,0.823594064,0.4118386985,0.7132293241,1.426458648,59.01441753,6.100204239,-0.5148223667
630,0.7995075605,0.2897306442,0.7451634003,1.490326801,62.42111946,5.767278817,-0.4629693454
631,0.7806716707,0.262633615,0.7351679004,1.470335801,63.94443907,5.629887528,-0.4392425201
632,0.9008228106,0.3393290136,0.8344684276,1.668936855,56.06490561,6.421129156,-0.5582533974
633,0.7604779191,0.4003809548,0.6465460204,1.293092041,63.07779324,5.70723834,-0.4527803191
634,0.8162466816,0.3876824832,0.7183042096,1.436608419,59.90762716,6.009251528,-0.5013955647
635,0.8411566363,0.4521878995,0.7092746931,1.418549386,57.17442945,6.296521075,-0.542083293
636,0.7801447298,0.3588292745,0.6927245854,1.385449171,62.62924852,5.748113038,-0.4597465102
637,0.896980079,0.4748651595,0.7609706581,1.521941316,53.91652374,6.676988334,-0.5889633137
638,0.7949322968,0.3308915786,0.7227918924,1.445583785,62.1483914,5.792587578,-0.4671832285
639,0.8197878272,0.3584926477,0.7372483321,1.474496664,60.21018486,5.979054886,-0.4968196997
640,0.8854675769,0.5024205119,0.7291271899,1.45825438,53.77890297,6.694074816,-0.5909027606
641,0.8545170972,0.4869454017,0.7021991492,1.404398298,55.63369522,6.47089859,-0.5644816626
642,0.8220370701,0.4308694382,0.700068905,1.40013781,58.69424139,6.133480755,-0.5196049881
643,0.8099746733,0.445955885,0.6761525863,1.352305173,59.01335603,6.100313966,-0.5148382495
644,0.7092346476,0.3710712895,0.6044169781,1.208833956,67.28542414,5.350341542,-0.3861407205
645,0.8558139763,0.4255931056,0.7424877578,1.484975516,56.98695513,6.31723522,-0.5448299661
646,0.8156460946,0.4148758835,0.7022510612,1.404502122,59.40190825,6.060411368,-0.5090127483
647,0.8773158172,0.3816310739,0.7899625096,1.579925019,56.66076746,6.35360261,-0.5495949975
648,0.8737570935,0.43114833,0.7599753786,1.519950757,55.95641363,6.433578863,-0.5598234118
649,0.7855718641,0.3477523612,0.7044085809,1.408817162,62.47240805,5.762543997,-0.4621757177
650,0.8345278751,0.456127509,0.6988450972,1.397690194,57.42871391,6.268641164,-0.5383485205
651,0.7963851867,0.4603798342,0.6498305732,1.299661146,59.40518461,6.060077119,-0.5089635264
652,0.8032326724,0.4248338196,0.6816883098,1.36337662,59.89862642,6.010154515,-0.5015314778
653,0.8880177394,0.4119684494,0.7866749661,1.573349932,55.60357455,6.474403901,-0.5649155254
654,0.9161005581,0.3523843534,0.8456154563,1.691230913,55.13051461,6.529958999,-0.5717089954
655,0.7834624922,0.4351271834,0.6515196167,1.303039233,60.82067905,5.919039472,-0.4875445746
656,0.7998409275,0.3607008052,0.7138910551,1.42778211,61.36787145,5.866261799,-0.4791841107
657,0.9481565028,0.407576916,0.8560851659,1.712170332,52.83412395,6.813778162,-0.6041246141
658,0.7635116634,0.4036160474,0.6481081286,1.296216257,62.80925119,5.731639737,-0.4569543125
659,0.7745048794,0.28320334,0.7208700829,1.441740166,64.11144285,5.615222244,-0.4366221241
660,0.8815809995,0.3164804572,0.8228153978,1.645630796,57.35195609,6.27703089,-0.5394770124
661,0.8482833103,0.4953010313,0.6886664381,1.377332876,55.7108924,6.46193203,-0.5633689907
662,0.8489947288,0.3919907866,0.7530838418,1.506167684,57.98834477,6.208144092,-0.530091765
663,0.759015145,0.4337877997,0.6228419825,1.245683965,62.36460596,5.772505005,-0.4638433924
664,0.7926133533,0.3910671368,0.689421803,1.378843606,61.24960555,5.877588872,-0.4809948047
665,0.934591333,0.4665240972,0.8098248122,1.619649624,52.40835492,6.869133759,-0.6100296251
666,0.8460650719,0.4639352617,0.7075239775,1.415047955,56.63952681,6.355985304,-0.5499046702
667,0.9127669747,0.4089508415,0.816028651,1.632057302,54.44995983,6.611575125,-0.5814137547
668,0.7905383919,0.3883091435,0.6885978204,1.377195641,61.43110238,5.860223666,-0.4782151841
669,0.8569520715,0.4678282573,0.717985776,1.435971552,55.99564908,6.429070936,-0.5592558573
670,0.8937850375,0.3637271378,0.8164277448,1.63285549,56.08863906,6.418412107,-0.5579096777
671,0.8124639921,0.4126008993,0.6998987329,1.399797466,59.63231276,6.036995436,-0.5055472569
672,0.8379030343,0.4346040194,0.7163803747,1.432760749,57.74547295,6.23425494,-0.5336813369
673,0.839709848,0.4083977219,0.733705615,1.46741123,58.18895277,6.186741346,-0.5271196539
674,0.8296513152,0.2785564499,0.7814906327,1.562981265,60.71286954,5.929550073,-0.4891865588
675,0.7816459429,0.4454103554,0.6423239022,1.284647804,60.66507443,5.934221682,-0.4899139448
676,0.7392673702,0.4326292016,0.5994566028,1.198913206,63.68108034,5.653170425,-0.4433671957
677,0.848484123,0.3529019288,0.7716122961,1.543224592,58.65785842,6.137285092,-0.5201474338
678,0.8540858769,0.4471653325,0.7276715265,1.455343053,56.61911737,6.358276439,-0.5502021532
679,0.713571887,0.4439812304,0.5586282351,1.11725647,65.11027497,5.529081242,-0.4208731445
680,0.8664802928,0.3764848918,0.7804147769,1.560829554,57.31192201,6.281415583,-0.5400652087
681,0.8359766914,0.4500868338,0.7044706315,1.408941263,57.49654407,6.261245885,-0.5373504784
682,0.8458874794,0.4335432897,0.7263372796,1.452674559,57.34329143,6.277979359,-0.5396043393
683,0.7179935042,0.3484816704,0.6277540899,1.25550818,67.07359725,5.367238597,-0.3895484048
684,0.7700174037,0.4800594083,0.6020546209,1.204109242,60.33441316,5.966744038,-0.4949368591
685,0.8700050951,0.4625058869,0.7368834169,1.473766834,55.47556041,6.489344089,-0.5667577175
686,0.8414210853,0.2914640757,0.7893276477,1.578655295,59.87652311,6.012373153,-0.50186519
687,0.901279608,0.4165036485,0.7992681919,1.598536384,54.87266611,6.560643496,-0.5753954984
688,0.7671684481,0.5130637187,0.5703622079,1.140724416,59.30808648,6.069998568,-0.5104215569
689,0.8717362828,0.4626519055,0.738835138,1.477670276,55.38760552,6.499649093,-0.5680217963
690,0.8233838862,0.5516361045,0.6112762324,1.222552465,55.00372365,6.545011431,-0.5735231985
691,0.7960127569,0.3176785731,0.7298743956,1.459748791,62.27270312,5.78102414,-0.4652638126
692,0.8471396313,0.3392011911,0.7762654874,1.552530975,58.93398253,6.108529995,-0.5160253801
693,0.7922315592,0.4315436759,0.6643800864,1.328760173,60.38628238,5.961618861,-0.4941500248
694,0.7975101778,0.4590845495,0.6521225806,1.304245161,59.37668482,6.062985852,-0.5093916325
695,0.8691818066,0.3778607433,0.7827504529,1.565500906,57.14682574,6.299562493,-0.5424880782
696,0.8525630456,0.4959292718,0.6934824468,1.386964894,55.486172,6.488103018,-0.5666051184
697,0.7020400248,0.2949551161,0.6370727399,1.27414548,69.13251994,5.207390101,-0.3562077061
698,0.8709433494,0.4751514656,0.7299132843,1.459826569,55.1344533,6.529492512,-0.5716525934
699,0.7617333212,0.2986501844,0.7007465448,1.40149309,64.76711681,5.55837619,-0.4262985197
700,0.8270044233,0.3232923227,0.7611953694,1.522390739,60.31373775,5.968789424,-0.4952503833
701,0.8879969455,0.3221983099,0.82748222,1.65496444,56.9432822,6.322080254,-0.5454689784
702,0.8242994569,0.5231581221,0.637004846,1.274009692,56.01209365,6.427183426,-0.5590179027
703,0.8325304753,0.2719459841,0.7868623603,1.573724721,60.61476761,5.939146749,-0.4906791877
704,0.7285418035,0.2746233733,0.6748000906,1.349600181,67.40861293,5.340563829,-0.3841565377
705,0.8244124292,0.4103534814,0.7150285825,1.430057165,58.99862607,6.101837009,-0.5150586293
706,0.7202152123,0.3681659197,0.6190022679,1.238004536,66.53425208,5.410746927,-0.3982007686
707,0.8458093543,0.4040128797,0.7430794418,1.486158884,57.9409306,6.213224335,-0.5307932824
708,0.8585205856,0.4294459281,0.7433934293,1.486786859,56.7679261,6.341609158,-0.5480315543
709,0.8313936505,0.3848031588,0.7369816355,1.473963271,59.09193016,6.092202421,-0.5136621014
710,0.7848415225,0.3568539214,0.6990218124,1.398043625,62.36547881,5.772424214,-0.4638298961
711,0.7614929091,0.2427893257,0.7217511995,1.443502399,65.43755358,5.50142816,-0.415684759
712,0.7351220001,0.3787167269,0.6300618984,1.260123797,65.25436191,5.516872581,-0.4185905996
713,0.7649722583,0.1593086097,0.7482000553,1.496400111,65.86832636,5.465449328,-0.4088350212
714,0.8357004357,0.3592305885,0.7545519216,1.509103843,59.27894759,6.072982309,-0.5108588223
715,0.8037224114,0.3829738405,0.7066121652,1.41322433,60.73470113,5.927418647,-0.4888541941
716,0.8782110686,0.4767870104,0.7375153068,1.475030614,54.74842528,6.575531591,-0.5771676344
717,0.8195964115,0.4009721356,0.7148143984,1.429628797,59.45952699,6.054538578,-0.5081468802
718,0.8985237415,0.4734821294,0.7636488638,1.527297728,53.87636892,6.681964788,-0.5895295548
719,0.7656107129,0.265612681,0.7180596545,1.436119309,64.91334725,5.545854824,-0.4239884559
720,0.7759876597,0.3874062216,0.6723639398,1.34472788,62.35628397,5.773275396,-0.4639720635
721,0.8451343079,0.3522707592,0.7682169684,1.536433937,58.85442148,6.116787677,-0.5172143218
722,0.8654332371,0.4615017523,0.7321139395,1.464227879,55.72348376,6.460471882,-0.5631874095
723,0.7644040149,0.3176530061,0.6952769704,1.390553941,64.32012385,5.597004148,-0.4333425748
724,0.7727673444,0.3844298579,0.6703603903,1.340720781,62.62105364,5.748865263,-0.4598735212
725,0.7920501045,0.2921016638,0.7362200664,1.472440133,62.86297535,5.726741345,-0.4561200694
726,0.8349322462,0.3768394498,0.745052941,1.490105882,59.0317149,6.098416768,-0.5145635287
727,0.8264812392,0.4448196964,0.6965677832,1.393135566,58.1298906,6.19302731,-0.5279953634
728,0.757888784,0.3960076241,0.6461991725,1.292398345,63.34310643,5.68333352,-0.4486467443
729,0.8398515881,0.3323825782,0.7712797883,1.542559577,59.44310811,6.056210912,-0.508393668
730,0.7907936834,0.4474455233,0.6520330922,1.304066184,60.07233866,5.992774845,-0.4989062033
731,0.8057117391,0.5347306455,0.6026894252,1.20537885,56.48281725,6.373619758,-0.5521870392
732,0.808766561,0.4217178888,0.6901140286,1.380228057,59.6484558,6.035361607,-0.5053041441
733,0.9233780534,0.4887219991,0.783439747,1.566879494,52.43227773,6.865999639,-0.6096987286
734,0.8349598196,0.4411311782,0.7089154985,1.417830997,57.75777403,6.232927187,-0.5334997606
735,0.8657965212,0.4149031932,0.7599072025,1.519814405,56.67694217,6.351789391,-0.5493591316
736,0.8592182522,0.459334871,0.7261318621,1.452263724,56.08284521,6.419075185,-0.5579935959
737,0.8567207972,0.375716018,0.7699402563,1.539880513,57.84727399,6.223283746,-0.5321779119
738,0.7333954172,0.2772526075,0.6789696823,1.357939365,67.02407888,5.371203992,-0.3903442466
739,0.8053889988,0.26503107,0.7605326892,1.521065378,62.33764162,5.775001919,-0.4642602682
740,0.8058931831,0.4293338908,0.6820089682,1.364017936,59.64179529,6.036035607,-0.5054044557
741,0.8537962046,0.4593183382,0.7197184333,1.439436867,56.35649177,6.387906498,-0.5540238782
742,0.7871466898,0.3074584154,0.7246166118,1.449233224,62.97556719,5.716502702,-0.4543704129
743,0.7222161662,0.4110666485,0.5938184918,1.187636984,65.421951,5.502740204,-0.4159324176
744,0.8845317154,0.3645075372,0.8059346195,1.611869239,56.55144966,6.365884556,-0.5511879618
745,0.8607311798,0.383844287,0.7704036132,1.540807226,57.49698829,6.261197512,-0.5373439399
746,0.7442864949,0.4737663052,0.5740277646,1.148055529,62.09763555,5.797322181,-0.4679662846
747,0.7512564057,0.3980055031,0.6371638773,1.274327755,63.73757929,5.648159281,-0.4424831059
748,0.7955904949,0.2973029302,0.7379533883,1.475906777,62.57274097,5.753303986,-0.4606221196
749,0.8670438439,0.5160002655,0.6967845817,1.393569163,54.24177363,6.636951115,-0.5843661832
750,0.8327109534,0.3910684073,0.7351687103,1.470337421,58.90426224,6.111612068,-0.5164696296
751,0.7887817991,0.3246652322,0.7188666174,1.437733235,62.62817299,5.748211752,-0.4597631802
752,0.850478386,0.4893929081,0.6955631291,1.391126258,55.76568254,6.45558314,-0.5625786591
753,0.8039958034,0.3419713174,0.7276433673,1.455286735,61.41911073,5.861367834,-0.4783989844
754,0.8274628274,0.3375092523,0.755501314,1.511002628,60.08505825,5.991506216,-0.4987137945
755,0.8469416608,0.4936553284,0.6881966242,1.376393248,55.82208967,6.449059899,-0.5617644655
756,0.8904398619,0.4794515828,0.7503394748,1.50067895,54.11363329,6.652667324,-0.5861795941
757,0.8198759744,0.4120342723,0.7088189979,1.417637996,59.22053899,6.078972028,-0.5117349181
758,0.822882594,0.4185218961,0.7085020719,1.417004144,58.91541921,6.110454696,-0.516302875
759,0.7268359064,0.1846367072,0.7029934005,1.405986801,68.40312433,5.262917498,-0.3680738515
760,0.8265447882,0.462456784,0.6850620482,1.370124096,57.69414213,6.239801594,-0.5344387655
761,0.7698494868,0.4301899893,0.6384393514,1.276878703,61.77630223,5.827477318,-0.4729152352
762,0.8959714441,0.4130264287,0.7950937038,1.590187408,55.1922113,6.522659476,-0.5708251882
763,0.8567683749,0.3911587714,0.7622643005,1.524528601,57.5836911,6.25177013,-0.5360671061
764,0.7972329829,0.3876510186,0.696639876,1.393279752,61.03608541,5.898150211,-0.4842586806
765,0.8922166231,0.3920543017,0.8014636156,1.602927231,55.73274419,6.459398424,-0.5630538467
766,0.7476670185,0.2787498583,0.6937611167,1.387522233,65.99148009,5.45524967,-0.4068724833
767,0.7154784041,0.3625459575,0.6168223208,1.233644642,66.99340423,5.373663335,-0.3908370925
768,0.8320385699,0.293348776,0.7786107355,1.557221471,60.40135062,5.960131625,-0.4939213701
769,0.9063887468,0.4397370997,0.7925729264,1.585145853,54.20385508,6.641594025,-0.5849031022
770,0.9073918713,0.4022838708,0.8133435285,1.626687057,54.81838354,6.567140013,-0.5761701028
771,0.9206825435,0.441767671,0.8077732794,1.615546559,53.50295359,6.728600494,-0.5947813472
772,0.7991444908,0.4047405081,0.6890696905,1.378139381,60.57721546,5.942828459,-0.4912501663
773,0.7833737906,0.4019463886,0.6723939295,1.344787859,61.59258582,5.844859332,-0.4757380332
774,0.751203952,0.3829079591,0.6462885364,1.292577073,64.06510755,5.619283472,-0.4373495274
775,0.8212240511,0.3359154006,0.7493796006,1.498759201,60.47508029,5.952865184,-0.4928020581
776,0.8856510289,0.3803211135,0.7998334799,1.59966696,56.25266944,6.399696292,-0.5555314938
777,0.6984590429,0.3760330635,0.5885950813,1.177190163,67.99688829,5.29435992,-0.3746569479
778,0.771156673,0.3649512973,0.6793328823,1.358665765,63.09749322,5.705456455,-0.4524737264
779,0.8329785149,0.4774408223,0.6825712179,1.365142436,56.96539905,6.319625703,-0.5451454093
780,0.7470921797,0.4491416056,0.5970079924,1.194015985,62.6993996,5.741681775,-0.4586588662
781,0.7538240044,0.3806329571,0.6506682577,1.301336515,63.93611884,5.630620164,-0.4393729724
782,0.8675556378,0.4526191865,0.7401274598,1.48025492,55.81786663,6.449547819,-0.5618254407
783,0.7636792054,0.4470366658,0.6191640721,1.238328144,61.71288403,5.833465826,-0.4738902052
784,0.8456630688,0.47503162,0.699636324,1.399272648,56.38246136,6.384964248,-0.5536464864
785,0.8143938074,0.4749064133,0.6615898821,1.323179764,58.01058743,6.20576374,-0.5297625482
786,0.8283685983,0.4362169311,0.7042082957,1.408416591,58.22546039,6.182862233,-0.5265780787
787,0.8242035273,0.4819675112,0.6685946249,1.33718925,57.29506456,6.283263711,-0.5403128059
788,0.8392452745,0.4944681047,0.6781105546,1.356221109,56.1779988,6.408202636,-0.556614667
789,0.7659034905,0.2228263919,0.7327731953,1.465546391,65.32774794,5.510675194,-0.4174270408
790,0.845888233,0.4771339639,0.698476974,1.396953948,56.31699845,6.392386134,-0.5545975798
791,0.8162475114,0.493460471,0.6501974803,1.300394961,57.37240498,6.274793607,-0.5391764678
792,0.7605963565,0.3348860876,0.6829041849,1.36580837,64.31040801,5.597849728,-0.4334953931
793,0.7873587429,0.4122274841,0.6708221012,1.341644202,61.12487547,5.889582551,-0.482902247
794,0.8166536179,0.2916443888,0.762801863,1.525603726,61.34039305,5.868889684,-0.4796049973
795,0.8645329663,0.3272137713,0.800217719,1.600435438,58.13481692,6.192502515,-0.5279223426
796,0.8916246605,0.360398679,0.8155411255,1.631082251,56.24672762,6.400372346,-0.5556177205
797,0.8627159471,0.4329820752,0.7461938944,1.492387789,56.47951044,6.373992925,-0.5522351561
798,0.9254428898,0.3111796342,0.8715570994,1.743114199,55.16913416,6.525387891,-0.5711558466
799,0.7047495574,0.3698491985,0.5999029163,1.199805833,67.6482002,5.321649341,-0.3802924653
800,0.8321951375,0.465969407,0.6895079829,1.379015966,57.30632684,6.282028877,-0.5401473941
801,0.9031567428,0.3610420661,0.8278530839,1.655706168,55.6542567,6.468507915,-0.5641854023
802,0.7954394243,0.4080389632,0.6828089647,1.365617929,60.72876603,5.927997941,-0.4889445572
803,0.8116490423,0.4663333659,0.6643096866,1.328619373,58.39448671,6.164965569,-0.524067861
804,0.8717545916,0.4585876555,0.7413861546,1.482772309,55.47819766,6.489035606,-0.5667197946
805,0.8610310067,0.4296255821,0.746187814,1.492375628,56.63457559,6.356540969,-0.5499768444
806,0.7985226236,0.4408694742,0.6657871185,1.331574237,59.79093549,6.020979553,-0.5031566735
807,0.8192841547,0.4069017782,0.7110959633,1.422191927,59.3590934,6.064782654,-0.509655817
808,0.7884206542,0.3752489907,0.6933940604,1.386788121,61.81203526,5.824108501,-0.4723656324
809,0.8153713118,0.282339028,0.7649281334,1.529856267,61.52845303,5.850951589,-0.4767222817
810,0.8045137902,0.3665400827,0.7161639521,1.432327904,60.98370649,5.903216133,-0.485058321
811,0.9025058472,0.3771035092,0.8199449662,1.639889932,55.45331431,6.491947407,-0.5670775626
812,0.7773238305,0.4545560133,0.6305641666,1.261128333,60.67400807,5.933347927,-0.489778011
813,0.8875889033,0.4912180309,0.739269171,1.478538342,53.96432653,6.67107371,-0.5882888481
814,0.8039352279,0.2523174913,0.7633136539,1.526627308,62.56169604,5.754319701,-0.4607932134
815,0.8798372542,0.4254720951,0.7701214775,1.540242955,55.76237737,6.455965778,-0.5626263499
816,0.8214501371,0.376957979,0.7298513615,1.459702723,59.80019399,6.02004736,-0.5030170203
817,0.8436431783,0.4230248807,0.7299203809,1.459840762,57.68332953,6.240971229,-0.5345982596
818,0.8515912975,0.429618971,0.7352790475,1.470558095,57.12558491,6.30190484,-0.5427994712
819,0.8426533257,0.286587437,0.7924217742,1.584843548,59.86138535,6.013893562,-0.5020936944
820,0.836985319,0.3733457105,0.7491044017,1.498208803,58.97544329,6.104235592,-0.5154054055
821,0.8035283706,0.3941603883,0.7002109901,1.40042198,60.53115553,5.947350531,-0.491950217
822,0.8064817524,0.348200413,0.7274402307,1.454880461,61.1698174,5.88525543,-0.4822152331
823,0.727239152,0.4557301441,0.5667334646,1.133466929,63.7992392,5.642700517,-0.4415177669
824,0.7757352855,0.3123076911,0.7100909373,1.420181875,63.6470802,5.656190337,-0.4438990188
825,0.7592716409,0.374989318,0.6602093881,1.320418776,63.68621803,5.652714372,-0.4432868195
826,0.81008764,0.4490174959,0.6742590547,1.348518109,58.93098014,6.10884121,-0.5160702651
827,0.8404406021,0.4179592191,0.7291436736,1.458287347,57.95927933,6.211257355,-0.5305218465
828,0.8346225435,0.4777470901,0.6843628482,1.368725696,56.87273151,6.329922802,-0.5465005903
829,0.7561291749,0.3388165509,0.6759694327,1.351938865,64.5476333,5.577276526,-0.4297605767
830,0.7789529259,0.4215173415,0.6550502207,1.310100441,61.42544648,5.860763261,-0.4783018767
831,0.8370601793,0.3618425245,0.7548110566,1.509622113,59.16013798,6.085178505,-0.5126403394
832,0.8696238433,0.4700741784,0.731625516,1.463251032,55.31884308,6.507728288,-0.569009111
833,0.8962118506,0.3965870672,0.8036879862,1.607375972,55.45952954,6.491219868,-0.5669882112
834,0.8397297371,0.4109063865,0.7323264115,1.464652823,58.13875719,6.192082827,-0.5278639349
835,0.8580736049,0.4606118395,0.7239661903,1.447932381,56.11062112,6.415897612,-0.5575912372
836,0.7997649445,0.4476688502,0.6627341602,1.32546832,59.54856549,6.045485681,-0.5068078399
837,0.8183920632,0.2792387716,0.7692797135,1.538559427,61.38044568,5.865060053,-0.4789914745
838,0.8513232656,0.424897022,0.7377084948,1.47541699,57.23674805,6.289665508,-0.541168981
839,0.8546527921,0.4175744219,0.7456963171,1.491392634,57.20744286,6.292887464,-0.5415990141
840,0.8128911859,0.3566572226,0.7304708794,1.460941759,60.64807349,5.93588517,-0.4901725971
841,0.8283779415,0.1859008606,0.8072489603,1.614497921,61.6147136,5.842760259,-0.4753982989
842,0.8288795818,0.3841430738,0.7344899319,1.468979864,59.24621077,6.076337968,-0.5113499214
843,0.7352877743,0.389708805,0.6235183705,1.247036741,65.00779595,5.537797348,-0.4224949411
844,0.7563466486,0.3591525368,0.665634816,1.331269632,64.18048038,5.609182073,-0.4355377962
845,0.9178266828,0.3622587084,0.843311596,1.686623192,54.91289487,6.555837219,-0.5748211064
846,0.7911814173,0.4043662724,0.6800411405,1.360082281,61.06351781,5.895500504,-0.4838397236
847,0.7813581146,0.3761094187,0.6848811637,1.369762327,62.23774291,5.78427146,-0.4658038321
848,0.8245722764,0.3471806253,0.7479204854,1.495840971,60.10886178,5.989133538,-0.4983536532
849,0.8100697144,0.3503524932,0.7303876181,1.460775236,60.91890471,5.909495611,-0.4860470534
850,0.7588793108,0.4698454231,0.595938828,1.191877656,61.3273152,5.870141206,-0.4798052721
851,0.7810404322,0.4106785907,0.6643547636,1.328709527,61.54604873,5.849278832,-0.4764522992
852,0.8352085287,0.3651831879,0.7511421475,1.502284295,59.21110515,6.079940563,-0.5118763704
853,0.8099474966,0.4554438384,0.669765524,1.339531048,58.77556335,6.124994462,-0.5183917752
854,0.7596434906,0.3467744958,0.6758740133,1.351748027,64.17746801,5.609445357,-0.4355851227
855,0.78117055,0.3363104122,0.7050693121,1.410138624,62.93702662,5.720003301,-0.4549695242
856,0.7741581926,0.4905501131,0.5989002369,1.197800474,59.74624423,6.025483353,-0.5038306009
857,0.860118449,0.4018854148,0.7604550347,1.520910069,57.21469946,6.29208933,-0.5414925417
858,0.7309690635,0.3098919115,0.6620292857,1.324058571,66.75836267,5.392582826,-0.394609749
859,0.7789746496,0.4676127441,0.6230086887,1.246017377,60.19992628,5.980073768,-0.4969750775
860,0.8870719738,0.4429567329,0.7685610057,1.537122011,55.06285377,6.537982966,-0.5726774774
861,0.8168814341,0.4426622472,0.6865460016,1.373092003,58.70799687,6.13204366,-0.5193998485
862,0.8088275566,0.2772309444,0.7598322314,1.519664463,61.98871116,5.807509033,-0.4696455185
863,0.8473762251,0.4825109138,0.6965842986,1.393168597,56.10219618,6.416861094,-0.5577132937
864,0.8358667366,0.5120762971,0.6606444334,1.321288867,55.81781911,6.44955331,-0.5618261269
865,0.8453395143,0.3781760463,0.7560302722,1.512060544,58.42826873,6.161401113,-0.5235656151
866,0.7598275425,0.4788322779,0.5899640192,1.179928038,60.97656665,5.903907349,-0.4851672896
867,0.7830347502,0.383087442,0.6829256415,1.365851283,61.9983377,5.806607295,-0.4694971791
868,0.7838141304,0.4216701185,0.6607260417,1.321452083,61.12498136,5.889572348,-0.4829006287
869,0.7949320339,0.3809720482,0.6976942289,1.395388458,61.30375918,5.872396813,-0.4801659468
870,0.8323523672,0.4257189194,0.7152439198,1.43048784,58.23817927,6.181511931,-0.5263893492
871,0.76312789,0.3586844601,0.6735797165,1.347159433,63.73690414,5.64821911,-0.4424936732
872,0.7951272145,0.4076208914,0.6826950243,1.365390049,60.7564082,5.925300897,-0.4885236548
873,0.7611158865,0.3501986979,0.6757649478,1.351529896,64.0202223,5.623223211,-0.438053894
874,0.774753579,0.4294062624,0.6448669397,1.289733879,61.49252593,5.854370016,-0.4772733954
875,0.8904392608,0.4544375192,0.7657470981,1.531494196,54.66498327,6.585568649,-0.5783563049
876,0.9185590696,0.5168909296,0.7593250499,1.5186501,51.97653218,6.926202748,-0.6159841856
877,0.7979232621,0.4188284399,0.6791643911,1.358328782,60.34502265,5.965695002,-0.4947759506
878,0.8216604152,0.4263544855,0.7023871373,1.404774275,58.81521751,6.120864892,-0.5177998101
879,0.7819383629,0.4857892755,0.6127286375,1.225457275,59.46510362,6.053970784,-0.5080630498
880,0.8418014056,0.3363229134,0.7716971584,1.543394317,59.27643631,6.073239594,-0.510896501
881,0.7404627929,0.3786922794,0.6362996976,1.272599395,64.88371342,5.548387739,-0.4244568175
882,0.8023604113,0.3277183094,0.7323816896,1.464763379,61.73425815,5.831446118,-0.4735616716
883,0.9163611196,0.5323622535,0.7458606656,1.491721331,51.66820046,6.967535095,-0.6202144924
884,0.8780663162,0.3975247569,0.7829268952,1.56585379,56.35813133,6.387720662,-0.5540000554
885,0.7705344614,0.3180812588,0.7018174043,1.403634809,63.90615241,5.633260437,-0.4398427374
886,0.9315380982,0.3462908233,0.8647808359,1.729561672,54.45957458,6.610407863,-0.5812772158
887,0.8543991369,0.4806653143,0.706370116,1.412740232,55.80281602,6.45128733,-0.5620427271
888,0.783838518,0.4177876964,0.6632166034,1.326433207,61.21350809,5.881054872,-0.4815470621
889,0.7951062791,0.3641704412,0.706805408,1.413610816,61.59838569,5.844309002,-0.4756489929
890,0.8819641972,0.4064009292,0.7827510012,1.565502002,56.00560339,6.427928247,-0.5591118229
891,0.8029723377,0.4713195614,0.6500941825,1.300188365,58.73211261,6.129525808,-0.5190401311
892,0.8831500982,0.4600437631,0.7538659244,1.507731849,54.89347594,6.55815639,-0.575098408
893,0.8206726535,0.3769081333,0.7290019639,1.458003928,59.84614679,6.015424873,-0.502323685
894,0.8940662516,0.2497439375,0.8584768069,1.716953614,57.38410426,6.273514324,-0.5390044884
895,0.7541607526,0.3199391667,0.6829329179,1.365865836,64.97922021,5.54023269,-0.4229469298
896,0.7972624198,0.4151932943,0.6806187585,1.361237517,60.46482427,5.953874908,-0.4929578068
897,0.8039898071,0.3781762055,0.7094944451,1.41898889,60.80759604,5.920312978,-0.4877439264
898,0.9014312688,0.4135684322,0.8009615997,1.601923199,54.91661421,6.555393212,-0.5747679868
899,0.8017035926,0.3977278606,0.6960899363,1.392179873,60.56863913,5.943669945,-0.4913805393
900,0.8562221928,0.4577784737,0.7235712214,1.447142443,56.26962407,6.397767996,-0.5552854183
901,0.7967951788,0.4704016557,0.64312117,1.28624234,59.10114943,6.09125209,-0.513524038
902,0.8651816903,0.4756316712,0.7227128548,1.44542571,55.40144208,6.4980258,-0.5678230273
903,0.8502177584,0.4663732588,0.7108911451,1.42178229,56.36896225,6.386493304,-0.5538426705
904,0.676743379,0.3838020649,0.5573845853,1.114769171,69.53752292,5.177061029,-0.349593881
905,0.833268525,0.4083876597,0.7263304717,1.452660943,58.54357344,6.149265903,-0.5218499809
906,0.8356066234,0.4505765187,0.7037181466,1.407436293,57.50460289,6.260368421,-0.5372318523
907,0.8106464033,0.3940950006,0.708404349,1.416808698,60.11233888,5.988787106,-0.4983010385
908,0.8422427584,0.3142691333,0.7814139594,1.562827919,59.54984132,6.045356159,-0.506788644
909,0.8156758778,0.4418121082,0.6856596813,1.371319363,58.79530023,6.122938374,-0.5180971701
910,0.7376004401,0.3824784279,0.6306858658,1.261371732,65.00292819,5.538212047,-0.4225719429
911,0.7826072662,0.4051440549,0.6695763048,1.33915261,61.57116723,5.846892567,-0.4760668116
912,0.7857729106,0.2876204345,0.7312411044,1.462482209,63.3210717,5.68531123,-0.4489904126
913,0.7884689171,0.3575543114,0.7027361863,1.405472373,62.12525029,5.794745266,-0.4675402927
914,0.9098133018,0.3975647237,0.8183535511,1.636707102,54.77778509,6.572007236,-0.576749099
915,0.8412470712,0.4596446729,0.7045732109,1.409146422,56.99191059,6.316685935,-0.5447574388
916,0.8163487206,0.3274748557,0.7477870369,1.495574074,60.88758188,5.912535674,-0.4865247478
917,0.7997617365,0.4598445497,0.6543407562,1.308681512,59.22885734,6.078118272,-0.51161018
918,0.8532585207,0.2900848951,0.8024343317,1.604868663,59.21563645,6.079475314,-0.5118084292
919,0.8200222815,0.5703965466,0.589138627,1.178277254,54.35792583,6.622769256,-0.5827198997
920,0.8500504516,0.4069128671,0.7463294774,1.492658955,57.65746426,6.243770943,-0.5349797149
921,0.8494223948,0.4163227708,0.7404010773,1.480802155,57.50930914,6.259856107,-0.5371625711
922,0.7740161479,0.4175807424,0.6517110715,1.303422143,61.82345476,5.823032721,-0.4721899524
923,0.8230613298,0.4222765276,0.7064789359,1.412957872,58.82545645,6.119799518,-0.5176469209
924,0.7984082632,0.4894463443,0.6307915906,1.261583181,58.44020011,6.160143178,-0.5233881848
925,0.8851389845,0.3502919148,0.8128755109,1.625751022,56.72405436,6.346513909,-0.5486718744
926,0.7190355597,0.4595404007,0.5530232873,1.106046575,64.2277,5.605058254,-0.4347957838
927,0.8546967171,0.3756782048,0.7677059103,1.535411821,57.95758539,6.211438893,-0.5305469075
928,0.8274243583,0.3764705723,0.7368181438,1.473636288,59.46468119,6.054013791,-0.5080694002
929,0.7565431908,0.381658173,0.6532186759,1.306437352,63.73407113,5.648470176,-0.4425380138
930,0.8067599357,0.3387394433,0.7322002345,1.464400469,61.30038082,5.872720449,-0.4802176674
931,0.8945311312,0.3462190721,0.8248140996,1.649628199,56.29503263,6.394880386,-0.5549165532
932,0.862907928,0.392323291,0.7685652397,1.537130479,57.23669674,6.289671146,-0.541169734
933,0.8502477262,0.4627407993,0.7132966764,1.426593353,56.45531499,6.376724673,-0.5525871654
934,0.7080641146,0.328127136,0.6274451155,1.254890231,68.16893909,5.280997545,-0.3718711272
935,0.8326225396,0.4523576992,0.6990227502,1.3980455,57.62063329,6.247761946,-0.5355227018
936,0.817930552,0.4847364201,0.6588178739,1.317635748,57.54350218,6.256136425,-0.5366591034
937,0.8374939407,0.3674696261,0.7525703785,1.505140757,59.0444244,6.097104065,-0.5143733138
938,0.8157633919,0.3794241114,0.7221545924,1.444309185,60.08732517,5.991280174,-0.4986795003
939,0.8330256265,0.5228897664,0.648473582,1.296947164,55.60525976,6.474207684,-0.5648912555
940,0.7891197367,0.3396773813,0.7122704792,1.424540958,62.37827523,5.771240046,-0.4636320225
941,0.8467990817,0.4693128208,0.7048504529,1.409700906,56.46958075,6.375113738,-0.5523796309
942,0.8318344587,0.2888339837,0.7800791605,1.560158321,60.46657143,5.953702873,-0.4929312755
943,0.7466474709,0.3180963728,0.6754977005,1.350995401,65.52526048,5.494064386,-0.4142920199
944,0.8505969178,0.4599613553,0.7155072803,1.431014561,56.50383233,6.371249261,-0.5518812081
945,0.8302935349,0.3028590013,0.7730871745,1.546174349,60.38808279,5.961441122,-0.4941227061
946,0.7615014864,0.3825067695,0.658462668,1.316925336,63.38949799,5.679174176,-0.447922974
947,0.8296234249,0.3262793478,0.762769175,1.52553835,60.11901046,5.988122513,-0.4982000802
948,0.7809390519,0.3453166436,0.7004443007,1.400888601,62.80735592,5.731812695,-0.4569837355
949,0.7920245706,0.4932725238,0.6196653433,1.239330687,58.66352762,6.136691989,-0.5200629235
950,0.9083518887,0.3208297368,0.8498067038,1.699613408,55.91198641,6.438690934,-0.5604657501
951,0.8397124142,0.3541526438,0.7613756257,1.522751251,59.13087011,6.088190472,-0.513078865
952,0.8802426841,0.3731826692,0.7972213484,1.594442697,56.64226926,6.355677565,-0.5498646915
953,0.835054048,0.4281571964,0.7169356165,1.433871233,58.03886024,6.202740689,-0.5293439629
954,0.7938026588,0.2386939625,0.75706529,1.51413058,63.33876198,5.683723344,-0.4487145086
955,0.790418189,0.3498182505,0.708793415,1.41758683,62.13321226,5.794002706,-0.4674174491
956,0.8080578097,0.4574067073,0.6661355177,1.332271035,58.82949759,6.119379134,-0.5175865735
957,0.8435519538,0.3438677653,0.7702823241,1.540564648,59.06849579,6.094619393,-0.5140129832
958,0.8895340837,0.2868126598,0.8420269498,1.6840539,57.26632184,6.286417364,-0.5407348627
959,0.7894376144,0.4347543011,0.6589388778,1.317877756,60.47352376,5.953018406,-0.4928256968
960,0.8244459969,0.4687394609,0.6782289581,1.356457916,57.64253706,6.24538784,-0.5351998084
961,0.9337775929,0.3387707658,0.8701580094,1.740316019,54.44492261,6.612186825,-0.5814852817
962,0.7820340096,0.3312953141,0.708392975,1.41678595,62.95937271,5.717973107,-0.4546221805
963,0.6992155861,0.331023827,0.615894197,1.231788394,68.7989633,5.232636987,-0.3616414394
964,0.7686192399,0.4043681282,0.653652777,1.307305554,62.46515316,5.763213277,-0.4622880008
965,0.7742380693,0.2624484352,0.7283992084,1.456798417,64.3709524,5.592584646,-0.432542901
966,0.8747868181,0.48218491,0.7298970404,1.459794081,54.78080716,6.571644681,-0.5767060096
967,0.7851354156,0.3771219508,0.6886339049,1.37726781,61.98155073,5.808179947,-0.469755848
968,0.824144391,0.2984780255,0.7681958381,1.536391676,60.80660245,5.920409717,-0.4877590652
969,0.7548193585,0.3876890924,0.6476491578,1.295298316,63.7238865,5.64937294,-0.4426974089
970,0.8407779689,0.4132023474,0.7322372656,1.464474531,58.03631327,6.203012902,-0.5293816768
971,0.7612124715,0.4422428639,0.6195689438,1.239137888,61.99900685,5.806544625,-0.4694868675
972,0.7153467066,0.4503727124,0.5557745322,1.111549064,64.78368994,5.556954232,-0.4260368462
973,0.883466524,0.3734220568,0.8006678878,1.601335776,56.47201464,6.374838977,-0.5523442199
974,0.8717120273,0.3771298076,0.7859102791,1.571820558,57.02535122,6.312981723,-0.5442679017
975,0.7681621637,0.3995360392,0.6560823601,1.31216472,62.60052893,5.750750132,-0.4601915889
976,0.9479481528,0.5151727732,0.795740356,1.591480712,50.81662123,7.084296266,-0.6318044685
977,0.8104535378,0.3389261917,0.7361820247,1.472364049,61.07372308,5.89451538,-0.4836838368
978,0.8346693649,0.3526434343,0.7565154043,1.513030809,59.44092326,6.056433519,-0.5084265048
979,0.8434926115,0.282791681,0.7946751858,1.589350372,59.8556228,6.014472545,-0.5021806708
980,0.875392543,0.524895352,0.7005690357,1.401138071,53.61017088,6.715143676,-0.5932759962
981,0.7352727214,0.4398756967,0.5891819297,1.178363859,63.74424298,5.647568834,-0.4423788048
982,0.7878161142,0.4329721291,0.6581712279,1.316342456,60.6136262,5.939258588,-0.4906965458
983,0.7496476712,0.4921126827,0.5655057369,1.131011474,61.11586768,5.89045061,-0.4830399108
984,0.8341711251,0.4465838424,0.7045596765,1.409119353,57.67459772,6.241916098,-0.5347270465
985,0.8184445468,0.4550113608,0.6803059148,1.36061183,58.31914839,6.172929646,-0.5251872786
986,0.8379591179,0.3926893781,0.7402503196,1.480500639,58.58169042,6.145264799,-0.5212823681
987,0.7574110383,0.3171615366,0.6878081423,1.375616285,64.79907679,5.555634707,-0.4257938711
988,0.782827493,0.2739274347,0.7333366515,1.466673303,63.67605996,5.653616135,-0.4434457333
989,0.9517140712,0.3990808463,0.8639989302,1.72799786,52.80215464,6.817903596,-0.6045691605
990,0.7926919615,0.4902538269,0.6229058765,1.245811753,58.72499951,6.13026825,-0.5191462417
991,0.8438896273,0.3900165812,0.7483560445,1.496712089,58.30246136,6.174696429,-0.5254351007
992,0.867116874,0.390293078,0.7743145268,1.548629054,57.04968304,6.310289222,-0.5439115918
993,0.8759604087,0.5065461359,0.7146451216,1.429290243,54.10053429,6.65427809,-0.586364803
994,0.8293039883,0.3899181899,0.7319213826,1.463842765,59.11734057,6.08958381,-0.5132815352
995,0.8860075907,0.4205225388,0.7798527073,1.559705415,55.54835411,6.480840086,-0.5657105236
996,0.736703602,0.4640633395,0.5721690434,1.144338087,62.90488026,5.722926401,-0.4554690802
997,0.8282408614,0.3392825151,0.7555595935,1.511119187,60.01362951,5.998637358,-0.4997939759
998,0.8617684253,0.3932320907,0.76682028,1.53364056,57.28122317,6.284781995,-0.5405160693
999,0.6771871867,0.2555286739,0.6271264487,1.254252897,71.60285587,5.027732423,-0.3156017405
1000,0.8544841727,0.4639382531,0.7175684627,1.435136925,56.21251884,6.404267367,-0.5561140364
1001,0.8361363552,0.4584592478,0.6992418198,1.39848364,57.28730976,6.284114257,-0.5404266905
1002,0.7604726525,0.4305155418,0.6268771997,1.253754399,62.35729463,5.773181825,-0.4639564376
1003,0.7938630672,0.3536933084,0.7107176747,1.421435349,61.85418317,5.820139909,-0.4717171273
1004,0.7942334822,0.3915258467,0.6910241208,1.382048242,61.14189451,5.887943167,-0.482642117
1005,0.8295884545,0.2583084859,0.7883487363,1.576697473,60.93176424,5.908248423,-0.4858508946
1006,0.8985111637,0.4987647808,0.7473660446,1.494732089,53.28754186,6.755800463,-0.5977994673
1007,0.8412511865,0.4047222917,0.7374980851,1.47499617,58.1755749,6.18816403,-0.5273180555
1008,0.8141205412,0.5106599716,0.6340494058,1.268098812,56.93421664,6.323086911,-0.5456015839
1009,0.810736282,0.5572508277,0.5888674163,1.177734833,55.33011935,6.506402014,-0.5688472586
1010,0.7908840574,0.4558261954,0.6463126734,1.292625347,59.84407972,6.015632652,-0.5023548799
1011,0.8430464605,0.2973067661,0.7888827678,1.577765536,59.71399944,6.028737037,-0.5043166499
1012,0.813825928,0.3858470535,0.7165435732,1.433087146,60.08306831,5.991704654,-0.4987438979
1013,0.7387609382,0.4759351625,0.5650251719,1.130050344,62.36976951,5.772027103,-0.4637635508
1014,0.7628668194,0.3443488156,0.680727315,1.36145463,64.00320337,5.624718468,-0.4383208951
1015,0.859441591,0.3667389969,0.7772659497,1.554531899,57.84386475,6.223650539,-0.5322282878
1016,0.8788514699,0.5041087953,0.7198987628,1.439797526,54.03424733,6.662441281,-0.5873015747
1017,0.7845384315,0.3698220217,0.6919047787,1.383809557,62.15462614,5.792006522,-0.4670870143
1018,0.8569211072,0.4415324324,0.7344132999,1.4688266,56.59687702,6.360774993,-0.5505262438
1019,0.8914612004,0.3122619244,0.8349823725,1.669964745,56.8814685,6.328950526,-0.5463728806
1020,0.8160923975,0.5004845039,0.6446100082,1.289220016,57.16333912,6.297742671,-0.5422459384
1021,1.012246864,0.4346727733,0.9141680885,1.828336177,49.72287305,7.240128695,-0.6464852631
1022,0.8244150715,0.4216202638,0.7084465846,1.416893169,58.76393601,6.126206385,-0.5185653033
1023,0.8111476581,0.4534489804,0.6725656439,1.345131288,58.76010814,6.12660547,-0.5186224262
1024,0.7584780452,0.4497107104,0.6107775552,1.22155511,61.96105224,5.810101459,-0.4700716527
1025,0.8373812013,0.4475971345,0.7077175153,1.415435031,57.48033882,6.263011099,-0.5375889884
1026,0.8524624443,0.5257295457,0.6710444574,1.342088915,54.61102182,6.592075885,-0.5791243579
1027,0.7669248406,0.4134656617,0.6459255822,1.291851164,62.36573771,5.77240025,-0.4638258929
1028,0.7843921372,0.4205398397,0.6621308543,1.324261709,61.11624102,5.890414626,-0.4830342053
1029,0.8243031496,0.4667273234,0.6794418945,1.358883789,57.70299167,6.238844635,-0.5343082137
1030,0.7873635206,0.3220358808,0.7184944016,1.436988803,62.75678323,5.736431689,-0.4577686614
1031,0.755884614,0.2651326693,0.7078603093,1.415720619,65.5824232,5.489275669,-0.4133837835
1032,0.7858858107,0.3420358836,0.7075506779,1.415101356,62.545322,5.755826151,-0.4610468271
1033,0.8670549465,0.4269098984,0.7546735843,1.509347169,56.37997127,6.385246248,-0.5536826775
1034,0.8901446952,0.4779565821,0.7509427967,1.501885593,54.16184547,6.646745451,-0.5854976507
1035,0.8973600113,0.3290931854,0.8348369094,1.669673819,56.37188522,6.386162155,-0.5538001933
1036,0.8422990384,0.416853838,0.7319156699,1.46383134,57.88102556,6.219654827,-0.5316790887
1037,0.8160763955,0.2850596672,0.764670955,1.52934191,61.45382755,5.858056599,-0.4778668099
1038,0.7466421909,0.4059161518,0.6266630984,1.253326197,63.86495168,5.63689458,-0.4404884187
1039,0.8626079888,0.5067538096,0.6980638357,1.396127671,54.70897813,6.580272787,-0.5777297302
1040,0.9146342858,0.2019479748,0.8920610361,1.784122072,56.67392576,6.352127459,-0.5494031215
1041,0.8998556184,0.398548036,0.8067834883,1.613566977,55.24738649,6.51614534,-0.5700342409
1042,0.768845527,0.2476947127,0.7278535386,1.455707077,64.8889021,5.547944076,-0.4243748188
1043,0.7991158152,0.4752434545,0.6424404603,1.284880921,58.83196367,6.119122625,-0.5175497456
1044,0.8304379353,0.3827821526,0.7369565714,1.473913143,59.18205594,6.082924871,-0.5123118513
1045,0.7341643148,0.3776713409,0.629572553,1.259145106,65.34311515,5.509379208,-0.4171833019
1046,0.9143069433,0.3928357674,0.8256132547,1.651226509,54.6357796,6.589088737,-0.5787720351
1047,0.8120767436,0.3372281812,0.738746094,1.477492188,61.00148378,5.901495795,-0.4847869702
1048,0.8762963161,0.218604437,0.8485913821,1.697182764,58.60428757,6.142895255,-0.5209457573
1049,0.8237721083,0.3602176675,0.7408398737,1.481679747,59.94919196,6.00508511,-0.5007677665
1050,0.8691470272,0.4590539412,0.7380284778,1.476056956,55.59588238,6.475299691,-0.5650262996
1051,0.8377627056,0.4557944042,0.7029209144,1.405841829,57.26658362,6.286388628,-0.5407310194
1052,0.7302615735,0.4480148397,0.5766842022,1.153368404,63.83855378,5.639225494,-0.4409019963
1053,0.8682935795,0.3849306315,0.7783072331,1.556614466,57.07799049,6.307159675,-0.5434969401
1054,0.8687185646,0.3722206726,0.7849354849,1.56987097,57.26112943,6.286987414,-0.5408110934
1055,0.776296091,0.3981961053,0.6663898878,1.332779776,62.11340968,5.795849911,-0.4677229622
1056,0.8845241698,0.3098990135,0.8284597808,1.656919562,57.27447782,6.285522168,-0.5406151145
1057,0.7739392081,0.451877014,0.6283224189,1.256644838,60.95139673,5.906345372,-0.4855513743
1058,0.8224241034,0.4938384979,0.6576510806,1.315302161,57.0430509,6.311022891,-0.5440087211
1059,0.778890032,0.3249659142,0.7078607466,1.415721493,63.25784308,5.690993914,-0.4499761991
1060,0.8427828585,0.4375340444,0.720310285,1.44062057,57.4211582,6.269466017,-0.5384596472
1061,0.8930116843,0.4022018032,0.7973102143,1.594620429,55.52471639,6.483599078,-0.5660506706
1062,0.801225454,0.3915181607,0.6990534729,1.398106946,60.72046692,5.928808164,-0.4890709042
1063,0.8369441786,0.4357983559,0.7145315605,1.429063121,57.77066825,6.231536019,-0.5333094027
1064,0.8102652162,0.3356134978,0.7374912207,1.474982441,61.1349827,5.888608847,-0.4827477666
1065,0.8064452231,0.4324796623,0.6806726376,1.361345275,59.53706738,6.046653217,-0.5069808277
1066,0.8726126716,0.3816014976,0.7847503881,1.569500776,56.90612164,6.326208669,-0.5460124538
1067,0.7929049892,0.4726974444,0.6365967703,1.273193541,59.25245679,6.07569744,-0.5112562351
1068,0.8156058795,0.3538914485,0.7348290912,1.469658182,60.53151184,5.947315523,-0.4919448027
1069,0.8124385201,0.3141700581,0.7492352925,1.498470585,61.30811963,5.871979147,-0.4800991885
1070,0.8880181617,0.4196815804,0.7825877756,1.565175551,55.4642838,6.490663457,-0.5669198585
1071,0.908753589,0.3844863097,0.8234095962,1.646819192,55.03384279,6.541429451,-0.5730924893
1072,0.7142330133,0.3539742698,0.6203474942,1.240694988,67.25035318,5.353131738,-0.3867052771
1073,0.8864741555,0.4468470555,0.7656135692,1.531227138,55.01265459,6.543948892,-0.573395501
1074,0.9012459952,0.2547041771,0.8645057119,1.729011424,56.96142932,6.320066128,-0.5452034924
1075,0.829485336,0.441601514,0.7021638166,1.404327633,58.04196272,6.202409139,-0.5292980222
1076,0.8506981662,0.4338301266,0.7317641637,1.463528327,57.08411147,6.306483376,-0.5434072617
1077,0.8306649582,0.3520293366,0.752382628,1.504765256,59.68028486,6.03214279,-0.5048246833
1078,0.7782349182,0.4446728635,0.6386827321,1.277365464,60.88881392,5.912416039,-0.4865059611
1079,0.8074640706,0.4347219396,0.6804521001,1.3609042,59.42620979,6.057933045,-0.5086476185
1080,0.7767020562,0.445091695,0.6365213799,1.27304276,60.96995116,5.904547948,-0.4852682489
1081,0.7831135913,0.4220644197,0.6596427234,1.319285447,61.15831309,5.886362488,-0.4823911243
1082,0.8111109806,0.3622574249,0.7257207321,1.451441464,60.66125511,5.934595309,-0.4899720557
1083,0.8447205823,0.3673329144,0.7606703571,1.521340714,58.64185123,6.138960358,-0.5203860238
1084,0.7993656845,0.3894643791,0.6980709097,1.396141819,60.87217123,5.914032516,-0.4867597174
1085,0.7879665516,0.3278704523,0.7165139586,1.433027917,62.63242382,5.747821624,-0.4596972942
1086,0.768169793,0.4150451478,0.6463917977,1.292783595,62.24988514,5.7831432,-0.4656162944
1087,0.8335230984,0.25658971,0.7930463267,1.586092653,60.71517179,5.929325231,-0.4891515126
1088,0.7700176692,0.3104153097,0.7046769092,1.409353818,64.05037957,5.620575591,-0.4375806774
1089,0.8253947197,0.4087269236,0.7170904721,1.434180944,58.97622907,6.104154262,-0.515393653
1090,0.8301927295,0.3289717905,0.7622319392,1.524463878,60.04821655,5.995182217,-0.4992710302
1091,0.8434315379,0.4095825499,0.7373051566,1.474610313,57.96327616,6.21082906,-0.5304627134
1092,0.8204369287,0.4740641112,0.6696118073,1.339223615,57.71187733,6.237884065,-0.5341771163
1093,0.8132429303,0.4265747642,0.6923857554,1.384771511,59.2843714,6.072426704,-0.5107774413
1094,0.782802539,0.4838105943,0.6153918458,1.230783692,59.48021356,6.052432876,-0.5078358864
1095,0.8226146679,0.356147041,0.7415215284,1.483043057,60.08251884,5.991759449,-0.49875221
1096,0.8018180986,0.4331508076,0.6747537633,1.349507527,59.78755731,6.021319756,-0.5032076258
1097,0.818649219,0.3325367088,0.7480680992,1.496136198,60.67727045,5.933028914,-0.4897283679
1098,0.8726112584,0.4291469713,0.7597916065,1.519583213,56.05370338,6.422412406,-0.5584156004
1099,0.7706645134,0.3723006698,0.6747710749,1.34954215,62.9925343,5.714962955,-0.4541065949
1100,0.8172806626,0.3400063554,0.7431980623,1.486396125,60.64817512,5.935875223,-0.490171051
1101,0.7936530534,0.444971169,0.6571802096,1.314360419,59.96979996,6.003021525,-0.5004564039
1102,0.8171277781,0.4397703592,0.6886942986,1.377388597,58.76290175,6.12631421,-0.5185807377
1103,0.8682847525,0.5362510632,0.6829005847,1.365801169,53.57605417,6.719419815,-0.5937552269
1104,0.7760337085,0.3814252211,0.6758277276,1.351655455,62.47234728,5.762549602,-0.4621766583
1105,0.836947868,0.4227322073,0.722342865,1.44468573,58.05069477,6.201476165,-0.5291687118
1106,0.7713194745,0.4498313312,0.6265664411,1.253132882,61.16659138,5.885565828,-0.4822645582
1107,0.8550990904,0.2518358525,0.8171738847,1.634347769,59.50821211,6.049585212,-0.5074148618
1108,0.7499717869,0.3611227671,0.6573036043,1.314607209,64.57532407,5.574884914,-0.4293241386
1109,0.7795661141,0.3809800163,0.6801305415,1.360261083,62.25730184,5.782454256,-0.4655017328
1110,0.8000174243,0.4283006712,0.6757117834,1.351423567,60.00601014,5.999399046,-0.4999091541
1111,0.8358160655,0.3941345036,0.7370525683,1.474105137,58.67426796,6.135568666,-0.5199028045
1112,0.8120332086,0.3756300548,0.7199305479,1.439861096,60.37470811,5.962761747,-0.4943256367
1113,0.8376035411,0.4560999096,0.7025329633,1.405065927,57.2675808,6.286279165,-0.5407163791
1114,0.8119909794,0.3745502197,0.7204453369,1.440890674,60.39642646,5.960617558,-0.4939960961
1115,0.7499849348,0.5058095712,0.5537455013,1.107491003,60.56405572,5.944119754,-0.4914502095
1116,0.8457353014,0.3723908327,0.7593373873,1.518674775,58.50298145,6.153532539,-0.5224541959
1117,0.8835427569,0.3858139123,0.7948556022,1.589711204,56.27281668,6.397405022,-0.555239076
1118,0.8587090555,0.4191507147,0.7494624209,1.498924842,56.96373742,6.319810046,-0.5451697217
1119,0.8334812632,0.4472432129,0.7033239115,1.406647823,57.69603674,6.239596692,-0.5344108165
1120,0.7463036016,0.2784489996,0.6924126085,1.384825217,66.09073021,5.447057384,-0.4052894971
1121,0.8127424102,0.3945709323,0.7105378278,1.421075656,59.98058923,6.001941705,-0.5002933649
1122,0.7495567353,0.379187448,0.6465695467,1.293139093,64.25236003,5.602907035,-0.434408157
1123,0.8029948018,0.3747828699,0.7101679042,1.420335808,60.9291887,5.908498171,-0.4858901837
1124,0.7777284861,0.392982093,0.6711383409,1.342276682,62.13253959,5.794065435,-0.467427828
1125,0.7896017869,0.3433323324,0.711051258,1.422102516,62.28984829,5.779432923,-0.4649989131
1126,0.7534186659,0.3713921793,0.6555208123,1.311041625,64.14699075,5.612110495,-0.4360638753
1127,0.8096262947,0.4417389592,0.678499395,1.35699879,59.13599859,6.087662483,-0.5130020337
1128,0.8161451158,0.3877656425,0.7181438969,1.436287794,59.91198098,6.008814833,-0.5013298164
1129,0.8399436332,0.4912719146,0.681290843,1.362581686,56.23364692,6.401861158,-0.5558075244
1130,0.8335510955,0.4472316411,0.7034140231,1.406828046,57.69257813,6.23997075,-0.5344618368
1131,0.7516807672,0.3894290898,0.6429377573,1.285875515,63.89626168,5.634132429,-0.4399977617
1132,0.8852658272,0.4008288466,0.7893236476,1.578647295,55.9356872,6.435962764,-0.5601231209
1133,0.7907594762,0.3332247406,0.7171205069,1.434241014,62.3749689,5.771545964,-0.4636831512
1134,0.8062942417,0.4058836017,0.6966842226,1.393368445,60.1309609,5.986932432,-0.4980192223
1135,0.8174524576,0.3516208097,0.7379643125,1.475928625,60.45835323,5.954512169,-0.4930560682
1136,0.8453170768,0.3179719599,0.7832335495,1.566467099,59.32645979,6.068118699,-0.5101457747
1137,0.8442657245,0.4688816725,0.7020930072,1.404186014,56.60912571,6.359398692,-0.5503477638
1138,0.8738038929,0.3440072871,0.8032385883,1.606477177,57.40806358,6.270896065,-0.5386522163
1139,0.7476347859,0.318936916,0.6761930321,1.352386064,65.4439763,5.500888246,-0.4155828026
1140,0.937495773,0.5506054787,0.7587700121,1.517540024,50.3467296,7.150414791,-0.6381400941
1141,0.8393860082,0.5160913866,0.6619807787,1.323961557,55.5233978,6.483753052,-0.5660696423
1142,0.8225023226,0.3399902116,0.7489437407,1.497887481,60.33926063,5.966264688,-0.4948633421
1143,0.783612631,0.2190205128,0.7523820642,1.504764128,64.17944503,5.609272562,-0.4355540625
1144,0.8703650284,0.3594323883,0.7926812984,1.585362597,57.36951563,6.27510963,-0.5392189377
1145,0.7811302922,0.3980722786,0.6720885317,1.344177063,61.81365336,5.823956043,-0.4723407404
1146,0.853439869,0.5454584677,0.6563799738,1.312759948,53.916011,6.677051831,-0.5889705459
1147,0.7763596501,0.5339290956,0.563608044,1.127216088,57.95959344,6.211223693,-0.5305171992
1148,0.7573585137,0.4667414444,0.5964430755,1.192886151,61.51856947,5.851891601,-0.476873912
1149,0.7610215569,0.3721308988,0.6638316083,1.327663217,63.62597779,5.658066289,-0.4442290196
1150,0.8314052069,0.4324810402,0.7100667349,1.42013347,58.14323162,6.191606313,-0.5277976062
1151,0.8359876344,0.3256788037,0.7699406741,1.539881348,59.75781953,6.024316196,-0.5036560791
1152,0.8404639869,0.4141108919,0.7313630305,1.462726061,58.03531903,6.20311917,-0.5293963984
1153,0.8839474776,0.3548516029,0.8095946413,1.619189283,56.72181466,6.346764506,-0.5487045549
1154,0.8144691296,0.4092325158,0.7041936603,1.408387321,59.58716978,6.041569038,-0.5062268938
1155,0.7258991626,0.3538649585,0.6338053214,1.267610643,66.39796123,5.421853222,-0.4003816395
1156,0.8036085259,0.437773756,0.6738996968,1.347799394,59.57394429,6.042910274,-0.5064259467
1157,0.8308180981,0.3255578481,0.7643760852,1.52875217,60.05929083,5.99407677,-0.4991035518
1158,0.8044724794,0.4856951272,0.6413082048,1.28261641,58.2291759,6.182467713,-0.5265229486
1159,0.8140363435,0.4483955628,0.679408999,1.358817998,58.72660465,6.130100696,-0.5191222976
1160,0.8392477609,0.3637088624,0.7563416342,1.512683268,59.00662936,6.101009394,-0.5149388937
1161,0.7896582571,0.427047701,0.6642216679,1.328443336,60.64647476,5.936041648,-0.4901969179
1162,0.8310328521,0.5203793821,0.6479358764,1.295871753,55.78313658,6.453563246,-0.5623267816
1163,0.7942683862,0.2029788263,0.7678944364,1.535788873,63.61938921,5.658652252,-0.4443320399
1164,0.7644568264,0.4105946109,0.6448304466,1.289660893,62.58978382,5.751737393,-0.4603580803
1165,0.9176760913,0.3367094545,0.8536721571,1.707344314,55.25380806,6.515388037,-0.5699421521
1166,0.7266219945,0.3519773826,0.635681874,1.271363748,66.38055597,5.423274855,-0.4006599886
1167,0.8741009967,0.4275520989,0.7623986852,1.52479737,56.00991084,6.427433906,-0.5590494909
1168,0.7983732421,0.4282596187,0.6737904219,1.347580844,60.10299358,5.989718291,-0.4984424456
1169,0.8677159557,0.474075992,0.7267619512,1.453523902,55.31614148,6.508046121,-0.5690478848
1170,0.7942246747,0.4576816405,0.6490919425,1.298183885,59.60178269,6.040087792,-0.5060069278
1171,0.8909824659,0.5477796825,0.7026999174,1.405399835,52.26216762,6.888348042,-0.6120493514
1172,0.7880278676,0.3493513011,0.7063579748,1.41271595,62.29099089,5.779326911,-0.464981258
1173,0.8364737412,0.4916095102,0.6767631855,1.353526371,56.39718469,6.383297358,-0.5534324754
1174,0.8185791595,0.3419795379,0.743721612,1.487443224,60.54119478,5.946364311,-0.4917976605
1175,0.7985854274,0.4434503114,0.6641464494,1.328292899,59.72297465,6.027831033,-0.5041813761
1176,0.8270632961,0.3267602329,0.7597772345,1.519554469,60.26220957,5.973893134,-0.4960314817
1177,0.7650001307,0.3879599074,0.6593271648,1.31865433,63.0496095,5.709789527,-0.4532188525
1178,0.9294294276,0.4997376111,0.7836462091,1.567292418,51.92799459,6.932676735,-0.6166513068
1179,0.8500864761,0.4729542735,0.7063719077,1.412743815,56.212759,6.404240006,-0.5561105527
1180,0.7501450276,0.3735610537,0.6505149511,1.301029902,64.32533133,5.596551041,-0.4332606624
1181,0.7976073096,0.4359041337,0.6679558417,1.335911683,59.96572634,6.003429325,-0.5005179567
1182,0.8445422204,0.4162049437,0.7348639377,1.469727875,57.77304052,6.23128014,-0.5332743778
1183,0.8158964562,0.4938083228,0.6494923922,1.298984784,57.38001244,6.273961693,-0.5390646406
1184,0.8696285378,0.3503347993,0.7959392705,1.591878541,57.54177315,6.256324411,-0.5366845666
1185,0.8157609376,0.331270541,0.7454701443,1.490940289,60.86817323,5.914420967,-0.48682067
1186,0.9092516006,0.5040309355,0.7567636944,1.513527389,52.68855025,6.832604015,-0.6061473523
1187,0.8539701228,0.371357393,0.7689984768,1.537996954,58.06749139,6.199682325,-0.5289199411
1188,0.7458153082,0.1674641664,0.7267710967,1.453542193,67.15083925,5.361064791,-0.3883064179
1189,0.7628301541,0.4073419299,0.6449669729,1.289933946,62.76895845,5.735319,-0.4575797256
1190,0.8322707613,0.4767189465,0.6822123322,1.364424664,57.02122684,6.313438345,-0.5443282884
1191,0.7757797478,0.3486410537,0.6930249871,1.386049974,63.08405262,5.706672052,-0.4526829097
1192,0.7815049727,0.430133058,0.6524841567,1.304968313,61.06236364,5.895611937,-0.4838573526
1193,0.8555162342,0.3752903531,0.7688076339,1.537615268,57.91947606,6.215525838,-0.5311105939
1194,0.8101890044,0.2855496406,0.7582002543,1.516400509,61.80805255,5.824483787,-0.4724268987
1195,0.7723247475,0.3550273558,0.6858870842,1.371774168,63.19873426,5.696316615,-0.4508972591
1196,0.8398892772,0.4521746621,0.7077796783,1.415559357,57.24113629,6.289183327,-0.5411045744
1197,0.8215484554,0.3165338635,0.7581214796,1.516242959,60.72851992,5.928021965,-0.4889483042
1198,0.8281109382,0.4960910338,0.6630696888,1.326139378,56.68718362,6.350641839,-0.5492097644
1199,0.909299601,0.5128030962,0.7509052863,1.501810573,52.46947445,6.861132187,-0.6091840185
1200,0.7958683452,0.4071726897,0.6838251411,1.367650282,60.72156435,5.928701012,-0.4890541974
1201,0.8419348803,0.3532602729,0.7642391787,1.528478357,59.01911151,6.099719071,-0.5147521306
1202,0.807208415,0.2947085614,0.7514867191,1.502973438,61.88049123,5.817665517,-0.4713122114
1203,0.8483084072,0.3329786526,0.7802258459,1.560451692,58.95576814,6.106272743,-0.5156996474
1204,0.8754964632,0.3815800342,0.7879662014,1.575932403,56.75606334,6.342934636,-0.5482047262
1205,0.8672921302,0.3900322122,0.7746421836,1.549284367,57.04491321,6.310816859,-0.5439814478
1206,0.8380884192,0.4672613089,0.6957435358,1.391487072,56.96693431,6.319455389,-0.5451229455
1207,0.828334449,0.3053452328,0.7700014599,1.54000292,60.47226974,5.953141854,-0.492844741
1208,0.8131599783,0.4238756263,0.6939442367,1.387888473,59.34915264,6.065798482,-0.5098050841
1209,0.7512261364,0.3200483388,0.6796394403,1.359278881,65.17894011,5.523256429,-0.4197857208
1210,0.8730608228,0.2983509189,0.8205010235,1.641002047,58.0236472,6.204366967,-0.5295692114
1211,0.7389201017,0.3283942418,0.6619366576,1.323873315,65.90689988,5.462250548,-0.4082205288
1212,0.7972072582,0.4513330873,0.657143711,1.314287422,59.60029271,6.040238792,-0.5060293578
1213,0.7405031341,0.3174065688,0.669027624,1.338055248,65.96608795,5.457349544,-0.4072772783
1214,0.7732088995,0.4343988168,0.6396480832,1.279296166,61.46186605,5.857290432,-0.4777435626
1215,0.8053139888,0.3920016401,0.703466655,1.40693331,60.46741305,5.953620005,-0.4929184948
1216,0.794703816,0.4047096651,0.6839329222,1.367865844,60.84362023,5.916807689,-0.4871949478
1217,0.7770449806,0.3847628893,0.6750973417,1.350194683,62.34227244,5.774572949,-0.4641886818
1218,0.7540420132,0.3147485421,0.6852099772,1.370419954,65.06454812,5.532967037,-0.4215969681
1219,0.7851269584,0.386170349,0.6835911076,1.367182215,61.80742153,5.824543252,-0.4724366055
1220,0.9023419319,0.4794898191,0.7644020378,1.528804076,53.56819776,6.720405297,-0.5938655545
1221,0.8089850381,0.4022848677,0.7018715531,1.403743106,60.04710031,5.995293664,-0.4992879103
1222,0.8045546956,0.4323370587,0.6785226052,1.35704521,59.64893465,6.035313155,-0.5052969319
1223,0.8052168478,0.4106750562,0.6926183437,1.385236687,60.09372397,5.99064222,-0.4985826943
1224,0.7973519454,0.3355738494,0.7232982209,1.446596442,61.92683013,5.813312247,-0.4705987524
1225,0.8119976591,0.4535576413,0.6735173824,1.347034765,58.71023602,6.13180979,-0.5193664526
1226,0.8695104485,0.1668363948,0.853354579,1.706709158,59.33160439,6.067592537,-0.5100685452
1227,0.8016806476,0.5264448681,0.6046053768,1.209210754,56.9962316,6.316207052,-0.544694194
1228,0.7781574567,0.4284566969,0.6495797767,1.299159553,61.30716089,5.872070975,-0.480113867
1229,0.8284035093,0.5164512586,0.6477117196,1.295423439,56.03860585,6.424142688,-0.5586341717
1230,0.7601652425,0.3383456784,0.6807153574,1.361430715,64.28325758,5.600214014,-0.4339223701
1231,0.8129953829,0.4599223803,0.6703975661,1.340795132,58.49121922,6.154769977,-0.5226292286
1232,0.8151907985,0.446495113,0.6820396997,1.364079399,58.70923765,6.131914064,-0.519381343
1233,0.8676901113,0.3096923135,0.810541054,1.621082108,58.18318493,6.187354653,-0.527205198
1234,0.8796345021,0.4527314753,0.7541823841,1.508364768,55.22119019,6.519236524,-0.570409836
1235,0.8549891953,0.4704553572,0.713917559,1.427835118,56.02962839,6.425172009,-0.5587641227
1236,0.7491021638,0.4395982747,0.6065537145,1.213107429,62.84277493,5.728582171,-0.4564337941
1237,0.7237403802,0.2672230258,0.6726009161,1.345201832,67.84990858,5.305828814,-0.3770341463
1238,0.795673563,0.4591010432,0.6498635634,1.299727127,59.48052944,6.052400734,-0.5078311372
1239,0.8206758056,0.367384531,0.7338510641,1.467702128,60.01056073,5.998944113,-0.4998403662
1240,0.8309997085,0.3569926587,0.7504110588,1.500822118,59.58313518,6.041978135,-0.5062876202
1241,0.8261308391,0.4086543453,0.7179789617,1.435957923,58.93631556,6.108288185,-0.5159905008
1242,0.8184908831,0.4031358986,0.7123263108,1.424652622,59.47999583,6.052455031,-0.5078391601
1243,0.7828938681,0.2890896787,0.727564407,1.455128814,63.48911635,5.670263199,-0.4463678028
1244,0.8560983341,0.3400258361,0.7856760072,1.571352014,58.42364023,6.161889238,-0.5236344389
1245,0.8768687738,0.5219021082,0.7046396498,1.4092793,53.63195246,6.712416451,-0.5929699246
1246,0.693728251,0.4054214261,0.5629319262,1.125863852,67.66657976,5.320203877,-0.3799957635
1247,0.851197596,0.4760609895,0.7056226199,1.41124524,56.07882516,6.419535341,-0.5580518191
1248,0.830050331,0.4347093562,0.707114791,1.414229582,58.1675984,6.18901261,-0.5274363379
1249,0.8934260658,0.4096950013,0.7939522284,1.587904457,55.37559936,6.501058303,-0.5681942438
1250,0.9929860103,0.3320637429,0.9358177639,1.871635528,51.81492887,6.947804578,-0.6182036132
1251,0.7775507093,0.4557329659,0.6299941027,1.259988205,60.62750385,5.937899091,-0.4904854859
1252,0.7853031055,0.4009649981,0.6752244352,1.35044887,61.49449459,5.854182596,-0.4772432014
1253,0.7998485383,0.4477557349,0.662776347,1.325552694,59.54156884,6.046196078,-0.5069131061
1254,0.8171347649,0.4505662382,0.6816885572,1.363377114,58.50183688,6.153652931,-0.5224712291
1255,0.7546057406,0.1915469999,0.7298901085,1.459780217,66.36384268,5.42464067,-0.4009272366
1256,0.7689407549,0.481002639,0.5999219498,1.1998439,60.36630752,5.963591527,-0.4944530831
1257,0.7921001,0.5117604949,0.6045856137,1.209171227,58.02484643,6.204238738,-0.5295514566
1258,0.8795709777,0.3546124048,0.8049193421,1.609838684,56.95374357,6.320919003,-0.5453159388
1259,0.8018319612,0.424240023,0.6804078901,1.36081578,59.99363331,6.000636737,-0.5000962294
1260,0.8792876782,0.4331866598,0.7651771944,1.530354389,55.63983011,6.470185104,-0.5643932756
1261,0.8026986208,0.435309072,0.6744116604,1.348823321,59.68539035,6.031626799,-0.5047477615
1262,0.7852458424,0.3800572344,0.6871444765,1.374288953,61.91881625,5.814064639,-0.4707221605
1263,0.7312505181,0.427357884,0.593373878,1.186747756,64.36622568,5.592995336,-0.4326172798
1264,0.7570449519,0.4054295131,0.6393308761,1.278661752,63.18802072,5.697282426,-0.4510641508
1265,0.7289065164,0.3443348949,0.6424470327,1.284894065,66.35309841,5.425519058,-0.401099021
1266,0.7296434759,0.4072218633,0.6054336925,1.210867385,64.99524021,5.538867136,-0.4226935509
1267,0.759666941,0.3960321232,0.6482687859,1.296537572,63.2260784,5.693853061,-0.4504712301
1268,0.7725432213,0.3149130915,0.705445089,1.410890178,63.8195534,5.640904407,-0.4411996186
1269,0.8037388739,0.3837254853,0.7062230026,1.412446005,60.71960501,5.928892323,-0.4890840254
1270,0.8355835399,0.5282561572,0.6474143067,1.294828613,55.30544787,6.509304488,-0.5692013487
1271,0.8259561146,0.3551005126,0.7457259076,1.491451815,59.90452524,6.009562692,-0.5014424056
1272,0.8039924756,0.5038068064,0.626564125,1.25312825,57.67997931,6.241333723,-0.5346476741
1273,0.7768821399,0.4766771192,0.6134531631,1.226906326,60.04425498,5.995577763,-0.4993309371
1274,0.8163582965,0.3923779246,0.7158773866,1.431754773,59.81253958,6.018804794,-0.502830782
1275,0.7617482891,0.4222424219,0.634012455,1.26802491,62.48475339,5.761405471,-0.4619846337
1276,0.7274774044,0.2529086933,0.682100115,1.36420023,67.73785138,5.314606127,-0.3788448543
1277,0.7493884753,0.3837851065,0.6436552486,1.287310497,64.1691273,5.610174474,-0.4357161552
1278,0.8740311806,0.4229324449,0.7648912679,1.529782536,56.10284337,6.416787072,-0.557703918
1279,0.7818120622,0.4398588504,0.6463391466,1.292678293,60.79977295,5.921074743,-0.4878631183
1280,0.7654399914,0.4100039668,0.6463707355,1.292741471,62.54053032,5.756267146,-0.4611210373
1281,0.845603261,0.4326414604,0.7265440397,1.453088079,57.37758552,6.274227065,-0.5391003166
1282,0.7956358455,0.325071491,0.7261989565,1.452397913,62.19042404,5.788672542,-0.4665344756
1283,0.8366134156,0.5616439089,0.6200630022,1.240126004,54.03510134,6.662335983,-0.5872895108
1284,0.7346583454,0.1882084771,0.7101411505,1.420282301,67.80555759,5.309299308,-0.3777509772
1285,0.7718337678,0.3780328982,0.6729178946,1.345835789,62.80710355,5.731835726,-0.4569876534
1286,0.8346396612,0.3685007872,0.7488861956,1.497772391,59.18884738,6.082226905,-0.5122100517
1287,0.8242920653,0.5111687569,0.6466559447,1.293311889,56.41105194,6.381728183,-0.5532308744
1288,0.7842983629,0.4267800509,0.6580142173,1.316028435,60.97464956,5.904092973,-0.4851965471
1289,0.7366100541,0.3993224803,0.618979748,1.237959496,64.69969848,5.564168126,-0.4273626212
1290,0.8768931271,0.4470159635,0.7543992874,1.508798575,55.47641811,6.489243759,-0.5667453841
1291,0.8540096723,0.35798734,0.7753564244,1.550712849,58.27525953,6.177578666,-0.5258389846
1292,0.8049490104,0.4383937956,0.6750953928,1.350190786,59.48227692,6.052222925,-0.5078048631
1293,0.8559699499,0.3584671841,0.7772939167,1.554587833,58.1605152,6.189766352,-0.5275413651
1294,0.8048035553,0.4604219113,0.6600912257,1.320182451,58.93079456,6.108860447,-0.5160730394
1295,0.7171932035,0.487950415,0.5256143868,1.051228774,63.29916524,5.687278791,-0.4493320143
1296,0.7921863565,0.329974745,0.7201915655,1.440383131,62.33429966,5.775311537,-0.4643119286
1297,0.8743609698,0.3955145543,0.7797918587,1.559583717,56.58314931,6.362318188,-0.550726245
1298,0.8124439063,0.5210492223,0.6233560851,1.24671217,56.66170389,6.353497606,-0.5495813433
1299,0.8272977544,0.4459977153,0.6967837631,1.393567526,58.05782854,6.200714168,-0.5290630608
1300,0.8089104722,0.4196879342,0.6915187559,1.383037512,59.68485662,6.031680738,-0.5047558032
1301,0.768093672,0.4437251993,0.6269576034,1.253915207,61.53122783,5.850687735,-0.476679709
1302,0.8005472976,0.4135637379,0.6854494951,1.37089899,60.3061505,5.96954037,-0.495365421
1303,0.7914400998,0.4346053985,0.6614344859,1.322868972,60.35873594,5.964339617,-0.4945679432
1304,0.7635523191,0.3493476916,0.6789464886,1.357892977,63.87280494,5.636201516,-0.4403653632
1305,0.9050182928,0.451165688,0.7845429448,1.56908589,54.04522988,6.661087404,-0.5871464229
1306,0.8046020944,0.5092893862,0.6229035651,1.24580713,57.46395125,6.264797185,-0.5378301381
1307,0.7862244384,0.2366124279,0.7497755841,1.499551168,63.84840411,5.638355492,-0.4407476815
1308,0.8517307894,0.304725338,0.7953538872,1.590707774,59.12993149,6.088287115,-0.5130929263
1309,0.7845194691,0.4445022799,0.6464429754,1.292885951,60.51806682,5.948636811,-0.4921490904
1310,0.7278637839,0.1978773128,0.7004500389,1.400900078,68.22640231,5.276549662,-0.3709399432
1311,0.8043557208,0.454423593,0.6636921905,1.327384381,59.11420539,6.089906777,-0.5133284956
1312,0.7409407991,0.3629273031,0.6459698448,1.29193969,65.16249362,5.524650455,-0.4200462326
1313,0.7790841849,0.463551469,0.6261726621,1.252345324,60.31314784,5.968847803,-0.4952593278
1314,0.6796466618,0.4268172005,0.5289108264,1.057821653,68.16542238,5.281269996,-0.3719281028
1315,0.7937550335,0.4273800618,0.6688746788,1.337749358,60.39524995,5.960733671,-0.4940139494
1316,0.830649158,0.4363537929,0.7068050587,1.413610117,58.09821091,6.196404232,-0.528464844
1317,0.8731707775,0.3970237067,0.7776884871,1.555376974,56.61868832,6.358324622,-0.5502084062
1318,0.7633848165,0.4266898856,0.6330024641,1.266004928,62.2700183,5.781273393,-0.4653052903
1319,0.7806618847,0.4508796318,0.6372915627,1.274583125,60.5769651,5.94285302,-0.4912539723
1320,0.8220316695,0.365414904,0.7363477532,1.472695506,59.96467723,6.003534358,-0.5005338084
1321,0.81205345,0.2980885422,0.7553635063,1.510727013,61.5409128,5.849766987,-0.4765311079
1322,0.7183987718,0.3875482987,0.6048992573,1.209798515,66.255178,5.433537587,-0.4026639686
1323,0.7703437497,0.3092334349,0.7055523903,1.411104781,64.04537445,5.621014837,-0.4376592243
1324,0.7991838704,0.3013085936,0.7402080722,1.480416144,62.29533196,5.778924177,-0.4649141795
1325,0.8040736231,0.4956391333,0.6331478823,1.266295765,57.94148446,6.213164944,-0.5307850898
1326,0.7990035384,0.4303409617,0.6732111935,1.346422387,60.01736571,5.998263932,-0.4997374945
1327,0.8884874309,0.5018648214,0.7331722962,1.466344592,53.65731912,6.709243136,-0.5926133681
1328,0.8411494428,0.3485022174,0.7655576984,1.531115397,59.13552485,6.087711252,-0.5130091312
1329,0.8111968668,0.2560688163,0.7697201556,1.539440311,62.07125739,5.799785845,-0.4683730991
1330,0.784561637,0.5190454138,0.5883271375,1.176654275,58.14666148,6.191241094,-0.5277467601
1331,0.8383112343,0.4037201373,0.7346943421,1.469388684,58.35596382,6.169035287,-0.5246403683
1332,0.7532509361,0.3592968482,0.6620368174,1.324073635,64.3864818,5.591235768,-0.4322985126
1333,0.8253427871,0.3954808619,0.7244208749,1.44884175,59.23799211,6.077180998,-0.5114731869
1334,0.8971135536,0.4902519994,0.7513093272,1.502618654,53.55557372,6.721989422,-0.5940428107
1335,0.8106975014,0.4553533755,0.6707337342,1.341467468,58.73631555,6.129087203,-0.5189774294
1336,0.856354672,0.2414168764,0.8216210903,1.643242181,59.53254854,6.04711219,-0.5070488074
1337,0.8862423442,0.4255709966,0.7773768839,1.554753768,55.44251424,6.493212022,-0.5672328105
1338,0.8187737094,0.3505700226,0.7399263791,1.479852758,60.39685629,5.960575138,-0.4939895733
1339,0.8017423438,0.35183942,0.7204164132,1.440832826,61.39957045,5.863233201,-0.4786984402
1340,0.8986398063,0.4728421179,0.7641818063,1.528363613,53.88519378,6.680870472,-0.5894051362
1341,0.8266730557,0.4335764443,0.7038464378,1.407692876,58.37761682,6.166747113,-0.5243186017
1342,0.8181760758,0.340871366,0.7437867993,1.487573599,60.58189146,5.942369763,-0.4911790794
1343,0.8268646183,0.4227228745,0.7106408857,1.421281771,58.60422664,6.142901641,-0.5209466651
1344,0.8067210658,0.403120672,0.6987793656,1.397558731,60.16271117,5.983772888,-0.4975386086
1345,0.7170150146,0.4063320739,0.5907662625,1.181532525,65.91228411,5.461804349,-0.408134741
1346,0.7401317567,0.3503932509,0.6519352629,1.303870526,65.44973463,5.500404273,-0.4154913886
1347,0.7956902438,0.4638689647,0.6464894026,1.292978805,59.34814268,6.065901707,-0.5098202484
1348,0.818501579,0.4332639477,0.6944257962,1.388851592,58.83710254,6.118588178,-0.5174729999
1349,0.7508233119,0.3402579731,0.6692982574,1.338596515,64.88501861,5.548276131,-0.4244361915
1350,0.8346986367,0.4483855579,0.7040399177,1.408079835,57.60438064,6.249524706,-0.535762239
1351,0.7635751673,0.4174281914,0.639375274,1.278750548,62.48524262,5.761360361,-0.4619770607
1352,0.803397564,0.4100741956,0.6908594647,1.381718929,60.21319759,5.978755728,-0.4967740655
1353,0.7512503787,0.4796870209,0.5781673578,1.156334716,61.46496813,5.856994821,-0.4776959987
1354,0.8860506364,0.4616133955,0.7563060249,1.51261205,54.72063275,6.578871294,-0.5775636881
1355,0.8170820315,0.4753306126,0.6645929994,1.329185999,57.85519052,6.222432193,-0.5320609281
1356,0.8537094901,0.3509706779,0.7782284219,1.556456844,58.39729897,6.164668681,-0.5240260574
1357,0.7308375259,0.3224667152,0.6558496069,1.311699214,66.57704487,5.407269138,-0.3975155504
1358,0.8041699814,0.2412781331,0.7671207346,1.534241469,62.65585365,5.745672256,-0.4593340971
1359,0.6857061005,0.2339892208,0.6445478266,1.289095653,71.13861353,5.060542821,-0.3232797464
1360,0.9446276129,0.3602618389,0.8732312033,1.746462407,53.66297301,6.708536256,-0.5925338806
1361,0.8587658972,0.4651915728,0.7218557105,1.443711421,55.96831412,6.432210897,-0.5596512947
1362,0.7433395417,0.3964246647,0.6288093189,1.257618638,64.3053132,5.598293237,-0.4335755233
1363,0.8605482345,0.4477407094,0.7348955852,1.46979117,56.27686507,6.396944811,-0.5551803092
1364,0.8486691372,0.4573331248,0.714902593,1.429805186,56.66440254,6.35319502,-0.5495419932
1365,0.7954588534,0.3716840777,0.7032821154,1.406564231,61.44316624,5.85907306,-0.478030256
1366,0.7531964522,0.378170644,0.6513768952,1.30275379,64.02792117,5.622547061,-0.4379330978
1367,0.8693677015,0.4085449648,0.7673924759,1.534784952,56.61050808,6.359243402,-0.5503276192
1368,0.8188485462,0.4463313182,0.6865138717,1.373027743,58.51112293,6.152676312,-0.5223330304
1369,0.8100510544,0.4489543774,0.6742571303,1.348514261,58.93460339,6.108465643,-0.5160160981
1370,0.8564540002,0.3195050172,0.7946256971,1.589251394,58.68034409,6.134933351,-0.5198122122
1371,0.9019144151,0.2538169833,0.8654632004,1.730926401,56.93433505,6.32307376,-0.5455998519
1372,0.8355876337,0.4399556438,0.7103842095,1.420768419,57.75071319,6.23368925,-0.5336039887
1373,0.8173865861,0.5066884616,0.6413950686,1.282790137,56.89995949,6.326893784,-0.5461025533
1374,0.8794793401,0.5646823441,0.6742534835,1.348506967,52.17457977,6.899911827,-0.6132575588
1375,0.8142467364,0.4087449117,0.704219671,1.408439342,59.61001692,6.039253444,-0.5058829646
1376,0.7671628501,0.3752861768,0.6691032238,1.338206448,63.16245718,5.699588269,-0.451462307
1377,0.8172170916,0.4769607065,0.6635904303,1.327180861,57.80256094,6.228097754,-0.5328384533
1378,0.8861233088,0.4584785925,0.75829539,1.51659078,54.78507065,6.571133262,-0.576645217
1379,0.8214872295,0.3333495646,0.7508124506,1.501624901,60.49699281,5.950709006,-0.4924692403
1380,0.8965745725,0.3577003723,0.8221291916,1.644258383,56.03292822,6.424793624,-0.5587163584
1381,0.7553507714,0.446857566,0.6089935169,1.217987034,62.2391104,5.78414437,-0.4657827121
1382,0.6872582638,0.3900525036,0.5658471222,1.131694244,68.54990957,5.251648066,-0.3656906138
1383,0.8720537442,0.4796158582,0.7283174867,1.456634973,54.97338591,6.548623376,-0.5739568735
1384,0.7521421272,0.3398816177,0.6709681553,1.341936311,64.80110939,5.555460445,-0.4257617718
1385,0.938080425,0.3930497875,0.8517668392,1.703533678,53.51214754,6.72744445,-0.594652344
1386,0.7686107834,0.4081140192,0.6513105892,1.302621178,62.38165412,5.770927448,-0.4635797702
1387,0.8703745101,0.3968639172,0.7746294721,1.549258944,56.76642971,6.341776325,-0.5480533997
1388,0.8155588429,0.2865416919,0.7635640673,1.527128135,61.4678597,5.856719296,-0.4776516612
1389,0.7979219773,0.4755345613,0.6407389194,1.281477839,58.88944193,6.113150137,-0.516691107
1390,0.8440897634,0.5163249472,0.667754504,1.335509008,55.29348234,6.510713103,-0.5693730424
1391,0.8070688251,0.325706397,0.7384276751,1.47685535,61.47444356,5.856092046,-0.4775507039
1392,0.7665307014,0.4650298531,0.6093574911,1.218714982,61.01460722,5.90022646,-0.4845866253
1393,0.8553454966,0.4436149367,0.7313150528,1.462630106,56.63263938,6.356758292,-0.5500050674
1394,0.7555611013,0.3102219562,0.6889375267,1.377875053,65.02625548,5.536225289,-0.4222029068
1395,0.8833551489,0.3772478907,0.7987492398,1.59749848,56.41848686,6.380887188,-0.5531227729
1396,0.8512189924,0.4115372201,0.7451247476,1.490249495,57.50673048,6.260136805,-0.5372005323
1397,0.8250173561,0.4502629549,0.6913153473,1.382630695,58.07923271,6.198428995,-0.5287460163
1398,0.8518109564,0.2875807262,0.8017975002,1.603595,59.32592747,6.068173147,-0.5101537655
1399,0.7606480533,0.3062644255,0.696266876,1.392533752,64.73622301,5.561028791,-0.4267862073
1400,0.7856777224,0.3890061068,0.6826153619,1.365230724,61.71698736,5.833077981,-0.4738271396
1401,0.825761536,0.3375936375,0.7535997945,1.507199589,60.18331727,5.981724111,-0.497226606
1402,0.7886619688,0.408925819,0.6743644235,1.348728847,61.11833158,5.890213144,-0.4830022568
1403,0.8979859859,0.4050031182,0.8014682184,1.602936437,55.2316382,6.518003299,-0.5702600497
1404,0.8326664733,0.4891429592,0.6738491086,1.347698217,56.65859991,6.353845675,-0.5496266022
1405,0.7352105665,0.3194664306,0.6621750348,1.32435007,66.31015312,5.429032856,-0.40178551
1406,0.8291344888,0.3487470522,0.7522230348,1.50444607,59.81936317,6.01811823,-0.5027278353
1407,0.8396543054,0.4312512848,0.7204454746,1.440890949,57.72428985,6.236542727,-0.5339939629
1408,0.830505149,0.3326744207,0.7609642123,1.521928425,59.97764792,6.002236041,-0.5003378136
1409,0.7639534672,0.4510282545,0.616602314,1.233204628,61.5835176,5.845719992,-0.4758772397
1410,0.7960919124,0.3983479067,0.6892614005,1.378522801,60.89210815,5.91209618,-0.4864557281
1411,0.8949353986,0.4208618745,0.7898003863,1.579600773,55.10307499,6.533210716,-0.5721018562
1412,0.7698484188,0.4468570833,0.6268854242,1.253770848,61.33820868,5.869098686,-0.4796384506
1413,0.8184554129,0.3991800302,0.7145100184,1.429020037,59.56012356,6.044312511,-0.5066339296
1414,0.8755311659,0.2742978249,0.8314538626,1.662907725,58.14868116,6.191026052,-0.5277168182
1415,0.9260597858,0.524838002,0.7629756211,1.525951242,51.46834643,6.994590364,-0.6229469005
1416,0.7369296778,0.2004226735,0.7091516777,1.418303355,67.54655807,5.329657207,-0.3819325693
1417,0.8247010622,0.3961505465,0.7233232932,1.446646586,59.26171961,6.074747786,-0.5111172874
1418,0.6952444342,0.4238933677,0.5510709901,1.10214198,67.04855376,5.369243329,-0.3899509313
1419,0.8181125852,0.4219742478,0.7008893895,1.401778779,59.10995886,6.090344283,-0.5133920998
1420,0.8619691364,0.3881188923,0.7696457091,1.539291418,57.35871116,6.276291652,-0.5393777383
1421,0.8433028376,0.2899079697,0.7919046944,1.583809389,59.78594294,6.021482347,-0.5032319744
1422,0.8335863655,0.4582040875,0.6963585592,1.392717118,57.42766759,6.268755378,-0.53836391
1423,0.847868486,0.4687467133,0.7065107843,1.413021569,56.42947274,6.379644936,-0.5529630244
1424,0.7148054347,0.4131879342,0.5832859852,1.16657197,65.89751347,5.463028589,-0.4083700754
1425,0.7795607347,0.3819250912,0.6795941169,1.359188234,62.23922631,5.784133598,-0.465780922
1426,0.7442907962,0.3541028105,0.6546602088,1.309320418,65.09383393,5.530477747,-0.4211334254
1427,0.8083175932,0.3837967779,0.7113911475,1.422782295,60.44563274,5.955765266,-0.4932492081
1428,0.7406200179,0.351164347,0.6520748517,1.304149703,65.40182805,5.504433297,-0.4162517825
1429,0.7854133954,0.3288183064,0.7132690398,1.42653808,62.78070433,5.734245957,-0.4573974325
1430,0.8315630384,0.4134287012,0.7215080012,1.443016002,58.53716991,6.149938587,-0.5219453153
1431,0.8763611909,0.4449590094,0.7549969649,1.50999393,55.54569681,6.481150128,-0.565748767
1432,0.797204564,0.3950694678,0.6924270593,1.384854119,60.891462,5.912158917,-0.4864655813
1433,0.8045915058,0.43342547,0.677871561,1.355743122,59.62121952,6.038118691,-0.505714297
1434,0.8350415026,0.5038442062,0.6659093985,1.331818797,56.11056628,6.415903882,-0.5575920317
1435,0.8184774336,0.2297784068,0.7855617054,1.571123411,61.87421546,5.81825559,-0.4714088127
1436,0.8704565246,0.3623822226,0.7914377334,1.582875467,57.32048186,6.280477559,-0.5399394662
1437,0.8164133585,0.4293220678,0.6944158222,1.388831644,59.04344667,6.09720503,-0.5143879477
1438,0.8586766901,0.4272560794,0.7448341431,1.489668286,56.80431699,6.337546494,-0.5475001754
1439,0.7756147043,0.4851295047,0.6051673597,1.210334719,59.84511577,6.015528508,-0.5023392446
1440,0.7943245089,0.3295262315,0.7227474581,1.445494916,62.20682889,5.787145984,-0.4662812068
1441,0.7770138385,0.4034668129,0.6640519829,1.328103966,61.95509885,5.810659763,-0.4701633607
1442,0.8207632806,0.3754005351,0.7298813609,1.459762722,59.86740473,6.013288895,-0.5020028361
1443,0.8449420785,0.4659824662,0.7048315098,1.40966302,56.64668957,6.355181614,-0.549800251
1444,0.8685241227,0.4415868186,0.7478871795,1.495774359,56.00643068,6.427833298,-0.5590998517
1445,0.7954831592,0.274439154,0.7466435611,1.493287122,62.8564357,5.727337161,-0.4562216403
1446,0.8547284159,0.3778053303,0.7666966788,1.533393358,57.9207724,6.215386727,-0.5310914232
1447,0.7714543304,0.2723352274,0.7217861925,1.443572385,64.44393108,5.586251396,-0.4313941489
1448,0.8062354275,0.4315337627,0.6810243581,1.362048716,59.57115872,6.043192843,-0.5064678681
1449,0.854242371,0.4509491267,0.7255169975,1.451033995,56.52632291,6.368714281,-0.551553822
1450,0.8526489025,0.3220210409,0.7895014883,1.579002977,58.85998189,6.116209833,-0.5171312606
1451,0.8132365054,0.3877948318,0.7148208042,1.429641608,60.08112419,5.991898535,-0.4987733075
1452,0.8574770093,0.31398922,0.7979207926,1.595841585,58.6935324,6.133554845,-0.5196155607
1453,0.7646990004,0.3144055799,0.6970750982,1.394150196,64.34773797,5.594602256,-0.4329081705
1454,0.757210899,0.322706762,0.6850026943,1.370005389,64.72946956,5.561608993,-0.4268928003
1455,0.7383034812,0.4183935129,0.6083082267,1.216616453,64.12184612,5.614311218,-0.4364587672
1456,0.760925559,0.3972460591,0.6490017525,1.298003505,63.11753282,5.703644992,-0.4521617932
1457,0.7642677758,0.4662554853,0.6055667227,1.211133445,61.11345776,5.890682891,-0.4830767389
1458,0.7791038575,0.3933161014,0.6725364416,1.345072883,62.03927637,5.802775614,-0.4688661903
1459,0.7811569909,0.4101814953,0.6647987555,1.329597511,61.5499474,5.848908329,-0.4763924732
1460,0.7975898918,0.4089498653,0.6847697738,1.369539548,60.58084343,5.942472564,-0.4911950123
1461,0.8326875949,0.2609556273,0.7907406599,1.58148132,60.72063172,5.928792073,-0.4890683953
1462,0.8099904057,0.4707939805,0.6591187186,1.318237437,58.36268823,6.168324505,-0.5245404507
1463,0.8258547098,0.4422049192,0.6974889327,1.394977865,58.22525165,6.182884398,-0.5265811759
1464,0.8436531109,0.1803867343,0.8241427047,1.648285409,60.73896771,5.927002279,-0.4887892314
1465,0.7981209472,0.3932003151,0.6945434173,1.389086835,60.87360833,5.913892898,-0.4867378071
1466,0.824398605,0.4318362965,0.7022467322,1.404493464,58.54179369,6.14945285,-0.5218764781
1467,0.9106075841,0.4159932766,0.8100344228,1.620068846,54.43375488,6.613543394,-0.5816438441
1468,0.7691849162,0.3189211753,0.6999533694,1.399906739,63.98311599,5.626484338,-0.4386359858
1469,0.9087141582,0.4930483256,0.7633248128,1.526649626,52.97344253,6.795858129,-0.6021851383
1470,0.7805836936,0.398068943,0.6714551507,1.342910301,61.84775267,5.820745046,-0.4718160861
1471,0.8781126838,0.5149646804,0.7112617404,1.422523481,53.77289031,6.694823319,-0.5909874174
1472,0.8326212086,0.4767909215,0.6825895503,1.365179101,57.00122569,6.315653667,-0.5446210938
1473,0.8349124165,0.3800722762,0.7433867151,1.48677343,58.97696087,6.104078519,-0.5153827076
1474,0.8778031324,0.4434053029,0.7575817293,1.515163459,55.50684043,6.485687119,-0.5663078421
1475,0.8018860811,0.3768689846,0.7078072164,1.415614433,60.95807463,5.905698337,-0.4854494809
1476,0.8471817941,0.3403380057,0.7758137883,1.551627577,58.91537003,6.110459797,-0.5163036101
1477,0.799091643,0.4303252427,0.6733258048,1.34665161,60.01259849,5.998740415,-0.4998095618
1478,0.7984633248,0.4107547198,0.6847074128,1.369414826,60.49018422,5.9513788,-0.4925726601
1479,0.7953296283,0.3518572882,0.7132640931,1.426528186,61.79373838,5.825832996,-0.4726470761
1480,0.8820289874,0.3986402214,0.7868043648,1.57360873,56.13691221,6.412892798,-0.5572102665
1481,0.8581899512,0.5000579445,0.6974468041,1.394893608,55.10307456,6.533210767,-0.5721018624
1482,0.8607900185,0.4602019076,0.727443235,1.45488647,55.98415254,6.430391167,-0.5594221859
1483,0.7133887928,0.3879088155,0.5987072077,1.197414415,66.6129121,5.404357633,-0.3969410566
1484,0.7614652378,0.458167516,0.608203778,1.216407556,61.52899403,5.850900144,-0.4767139815
1485,0.7924723711,0.404372492,0.6815389546,1.363077909,60.98525947,5.903065808,-0.4850346183
1486,0.8010657053,0.3976819052,0.6953814539,1.390762908,60.60757075,5.939851994,-0.4907886319
1487,0.9004596149,0.3923382655,0.8104925684,1.620985137,55.31835942,6.507785187,-0.5690160527
1488,0.843315793,0.5192576216,0.6644945817,1.328989163,55.23805501,6.517246125,-0.5701680467
1489,0.8992715297,0.4631595998,0.7708258359,1.541651672,54.06565734,6.658570665,-0.5868577842
1490,0.8457615308,0.37140426,0.7598496184,1.519699237,58.51775786,6.151978702,-0.5222342783
1491,0.7950960517,0.325251468,0.7255268527,1.451053705,62.22158162,5.785773853,-0.4660534119
1492,0.8096310528,0.504687418,0.6330821841,1.266164368,57.35958442,6.276196099,-0.5393649042
1493,0.8755485565,0.4474819502,0.7525590867,1.505118173,55.53280989,6.482654142,-0.565934216
1494,0.8528278027,0.3123308261,0.7935771646,1.587154329,58.97422618,6.104361572,-0.5154236092
1495,0.8106710229,0.3732299108,0.7196436209,1.439287242,60.49802565,5.950607415,-0.4924535514
1496,0.9260893992,0.389576613,0.8401616737,1.680323347,54.1239049,6.651404785,-0.5860343408
1497,0.8011186618,0.3135862085,0.7371938687,1.474387737,62.01101802,5.805419932,-0.4693017627
1498,0.9099608357,0.4285589692,0.8027240699,1.60544814,54.24294491,6.636807802,-0.5843495939
1499,0.7991088967,0.3709818949,0.7077764212,1.415552842,61.23285478,5.879196736,-0.4812510995
1500,0.7984783686,0.3128862765,0.7346222724,1.469244545,62.18503054,5.789174611,-0.4666177356
1501,0.7914740023,0.3880071868,0.6898416625,1.379683325,61.37969462,5.86513182,-0.4790029814
1502,0.9088543103,0.3837077983,0.82388378,1.64776756,55.04078054,6.54060492,-0.5729932558
1503,0.7508150536,0.4581013575,0.5948667001,1.1897334,62.193548,5.788381779,-0.4664862488
1504,0.7763298147,0.386547767,0.6732524082,1.346504816,62.35189052,5.773682193,-0.4640399892
1505,0.8201865824,0.3328253623,0.7496221102,1.49924422,60.58168965,5.942389559,-0.4911821475
1506,0.9307551951,0.5027047094,0.783321906,1.566643812,51.80489354,6.949150465,-0.6183412744
1507,0.904738302,0.3705478495,0.8253760878,1.650752176,55.43940653,6.493576006,-0.5672774793
1508,0.7528207371,0.3752695199,0.6526192225,1.305238445,64.11106993,5.615254906,-0.4366279795
1509,0.7740820573,0.3957629246,0.6652629096,1.330525819,62.30457804,5.778066578,-0.4647712997
1510,0.8101542767,0.52355901,0.6182523069,1.236504614,56.68484751,6.350903562,-0.5492438371
1511,0.826421098,0.4481234601,0.6943753997,1.388750799,58.05475131,6.201042841,-0.5291086356
1512,0.8427245886,0.5007121754,0.6778436764,1.355687353,55.82761036,6.448422164,-0.5616847494
1513,0.8966248236,0.4424628791,0.7798478538,1.559695708,54.6133265,6.591797699,-0.579091565
1514,0.8896750771,0.469238511,0.75586835,1.5117367,54.38130384,6.61992219,-0.5823882617
1515,0.848806071,0.2878087747,0.7985222949,1.59704459,59.49434485,6.050995282,-0.5076234042
1516,0.7575578627,0.3047259098,0.693567614,1.387135228,64.96757189,5.541226022,-0.4231311436
1517,0.7577831928,0.4474231559,0.6115945445,1.223189089,62.06980934,5.799921151,-0.4683954288
1518,0.8249328749,0.4218345951,0.7089215912,1.417843182,58.730507,6.12969338,-0.5190640837
1519,0.8376495951,0.4120678846,0.7292851998,1.4585704,58.22946959,6.182436531,-0.5265185908
1520,0.7630931503,0.3886889557,0.6566826111,1.313365222,63.15852277,5.69994332,-0.451523578
1521,0.7835381965,0.3352107237,0.7082131573,1.416426315,62.80256115,5.7322503,-0.4570581692
1522,0.798369393,0.3872343287,0.6981713703,1.396342741,60.97546151,5.904014354,-0.4851841557
1523,0.8162342184,0.4327998267,0.6920423465,1.384084693,58.9746218,6.104320622,-0.5154176922
1524,0.8255255415,0.3571258781,0.7442805431,1.488561086,59.89722976,6.010294657,-0.5015525665
1525,0.810983023,0.4335195888,0.6853861902,1.37077238,59.25422772,6.075515856,-0.5112296712
1526,0.858638073,0.5053203466,0.6941978736,1.388395747,54.93488081,6.553213453,-0.5745070682
1527,0.7895403126,0.3728298629,0.6959682454,1.391936491,61.78727672,5.826442257,-0.4727464583
1528,0.8876187091,0.2891713183,0.8391942096,1.678388419,57.34286351,6.278026209,-0.5396106273
1529,0.7934666159,0.3834530747,0.6946603559,1.389320712,61.34610211,5.868343507,-0.4795175608
1530,0.7940844002,0.3403343973,0.7174555963,1.434911193,62.05655228,5.80116018,-0.4685998442
1531,0.7693193633,0.340783771,0.6897236433,1.379447287,63.63530114,5.657237313,-0.444083228
1532,0.7323944205,0.4574299977,0.5719784824,1.143956965,63.4019142,5.678062004,-0.4477292148
1533,0.823425827,0.5088140053,0.6474089902,1.29481798,56.52958437,6.368346841,-0.5515063393
1534,0.8010651719,0.3679044598,0.7115839501,1.4231679,61.16854831,5.885377534,-0.4822346374
1535,0.8235996196,0.3671856681,0.7372184333,1.474436867,59.84385246,6.015655497,-0.5023583095
1536,0.7826746063,0.4145069552,0.663900236,1.327800472,61.35947597,5.867064448,-0.479312716
1537,0.8286351763,0.4511482035,0.6950550726,1.390110145,57.86280454,6.221613398,-0.5319484048
1538,0.8130592141,0.4052881206,0.7048452489,1.409690498,59.74929118,6.02517608,-0.5037846638
1539,0.8291712074,0.3352599137,0.7583704118,1.516740824,60.01816225,5.998184325,-0.4997254526
1540,0.7956352432,0.4010885093,0.6871415051,1.37428301,60.86325627,5.914898775,-0.4868956296
1541,0.8509494733,0.4063782357,0.7476441237,1.495288247,57.6193649,6.24789948,-0.5355413973
1542,0.8306950706,0.4455456189,0.7011015632,1.402203126,57.88509954,6.219217084,-0.5316188658
1543,0.828482094,0.3612364617,0.7455808466,1.491161693,59.65989851,6.03420403,-0.5051317934
1544,0.7829567261,0.4165389281,0.6629604485,1.325920897,61.29594463,5.873145477,-0.4802855802
1545,0.761183101,0.4246463928,0.6317239543,1.263447909,62.46112001,5.76358541,-0.4623504181
1546,0.7040707783,0.350382324,0.6106945946,1.221389189,68.08239404,5.287710649,-0.3732728723
1547,0.7636515543,0.3574451327,0.674830848,1.349661696,63.72446665,5.649321507,-0.4426883295
1548,0.8269433228,0.4763589225,0.6759566821,1.351913364,57.30727657,6.281924767,-0.5401334442
1549,0.8771714135,0.40733749,0.7768563947,1.553712789,56.23211477,6.402035589,-0.5558297543
1550,0.8018998047,0.3995107304,0.6952945225,1.390589045,60.52094219,5.948354189,-0.4921054033
1551,0.9139638092,0.4747203695,0.7810060276,1.562012055,53.15004669,6.773277211,-0.5997214882
1552,0.9350914977,0.5578919799,0.7504349725,1.500869945,50.23800013,7.165890343,-0.639600012
1553,0.8299276451,0.3704218146,0.7426759558,1.485351912,59.42500919,6.058055436,-0.5086656596
1554,0.8418368102,0.331893005,0.7736512445,1.547302489,59.33676997,6.067064321,-0.5099909966
1555,0.8280466845,0.2236669807,0.797266827,1.594533654,61.34588633,5.868364149,-0.4795208656
1556,0.772451413,0.4043802015,0.6581472769,1.316294554,62.22183746,5.785750063,-0.4660494611
1557,0.7897538278,0.3391312014,0.7132328769,1.426465754,62.34690606,5.774143783,-0.4641170491
1558,0.7342294286,0.4269946684,0.597300935,1.19460187,64.17307995,5.609828923,-0.4356540602
1559,0.8260301003,0.3805526032,0.7331476269,1.466295254,59.47280989,6.053186333,-0.5079471979
1560,0.8745426583,0.4769429099,0.7330418282,1.466083656,54.91913046,6.555092861,-0.5747320484
1561,0.7139400745,0.3785837699,0.6052972486,1.210594497,66.77763704,5.391026337,-0.3943006248
1562,0.8297245364,0.4826097277,0.6749301126,1.349860225,56.99175684,6.316702975,-0.5447596891
1563,0.8382834855,0.3230147541,0.7735506904,1.547101381,59.66176916,6.034014832,-0.5051036157
1564,0.8612496519,0.3157454201,0.8012838402,1.60256768,58.46239998,6.157803993,-0.5230579923
1565,0.7999032779,0.4131671302,0.6849366222,1.369873244,60.35277408,5.964928796,-0.494658378
1566,0.8074284435,0.392725637,0.7054837103,1.410967421,60.32820283,5.967358269,-0.49503104
1567,0.7611697964,0.2144658203,0.7303313433,1.460662687,65.72462379,5.477399173,-0.4111226303
1568,0.7728588008,0.4733364811,0.6109527819,1.221905564,60.38289881,5.961952922,-0.4942013646
1569,0.7834141056,0.4490089726,0.641972432,1.283944864,60.46437389,5.953919256,-0.4929646459
1570,0.8360359881,0.4308666619,0.7164566233,1.432913247,57.92733766,6.214682299,-0.5309943299
1571,0.808504608,0.3442327569,0.7315623761,1.463124752,61.10987104,5.891028632,-0.4831315492
1572,0.8100001952,0.358149366,0.7265186493,1.453037299,60.79622824,5.92141997,-0.4879171223
1573,0.875605907,0.4655867786,0.7415623076,1.483124615,55.13303203,6.529660835,-0.5716729463
1574,0.7910169209,0.3624153967,0.703109415,1.40621883,61.88210187,5.817514098,-0.4712874182
1575,0.7913320098,0.387645637,0.6898820261,1.379764052,61.39548938,5.863622941,-0.4787609758
1576,0.8094930089,0.4920311425,0.6427941243,1.285588249,57.768745,6.23174348,-0.5333377974
1577,0.9127919579,0.3961311456,0.8223559289,1.644711858,54.65692395,6.586539709,-0.5784710487
1578,0.8223077294,0.3150155584,0.7595756709,1.519151342,60.70367068,5.93044862,-0.4893265812
1579,0.8511867622,0.3873609667,0.7579382465,1.515876493,57.95074218,6.212172381,-0.5306481448
1580,0.7969322867,0.3488196814,0.7165374376,1.433074875,61.74431569,5.830496233,-0.473407058
1581,0.7765718423,0.4035557601,0.6634806514,1.326961303,61.98082264,5.808248175,-0.4697670662
1582,0.8116435396,0.4341424647,0.6857736913,1.371547383,59.20233825,6.080840903,-0.5120078101
1583,0.7637203429,0.3884066746,0.6575781454,1.315156291,63.12354277,5.703101952,-0.4520682326
1584,0.7643472521,0.4292643583,0.6324229854,1.264845971,62.14417327,5.792980758,-0.4672483193
1585,0.8369775966,0.5188189437,0.6567788067,1.313557613,55.55099064,6.480532496,-0.5656725779
1586,0.7802100106,0.3554427913,0.694541635,1.38908327,62.68384795,5.743106267,-0.4589000431
1587,0.7901898085,0.4071110959,0.6772447778,1.354489556,61.06494999,5.895362235,-0.4838178479
1588,0.8548252261,0.441137021,0.7322050914,1.464410183,56.71326788,6.347720974,-0.5488292569
1589,0.7838732299,0.3471152,0.702828769,1.405657538,62.59065722,5.751657132,-0.4603445478
1590,0.8328172632,0.4504723854,0.700470716,1.400941432,57.65529222,6.244006164,-0.5350117428
1591,0.8214212552,0.3344300472,0.7502595697,1.500519139,60.48516723,5.951872442,-0.4926488619
1592,0.7977766658,0.3375149649,0.7228632352,1.44572647,61.87073656,5.818582742,-0.4714623602
1593,0.7998461891,0.4515193325,0.660215282,1.320430564,59.4447901,6.056039551,-0.5083683883
1594,0.7898901202,0.3372726292,0.7142643598,1.42852872,62.36737529,5.772248685,-0.4638005719
1595,0.8894475851,0.385554468,0.801538994,1.603077988,55.97681067,6.431234571,-0.5595283941
1596,0.8454846466,0.4420167174,0.7207395571,1.441479114,57.17982124,6.295927343,-0.5420042123
1597,0.8290474499,0.3940780002,0.7293985221,1.458797044,59.05469748,6.09604342,-0.5142195447
1598,0.8062278844,0.382614689,0.7096544239,1.419308848,60.59180837,5.94139719,-0.4910283068
1599,0.7176464084,0.2932483758,0.6549975249,1.30999505,67.97141571,5.296344003,-0.3750691094
1600,0.8507548806,0.4109982487,0.7448921442,1.489784288,57.54186181,6.256314771,-0.5366832609
1601,0.7581369913,0.3560229253,0.6693424939,1.338684988,64.11687294,5.614746688,-0.4365368601
1602,0.8287091883,0.4272261051,0.7100963131,1.420192626,58.40557554,6.163795094,-0.5239030206
1603,0.8064104243,0.3600095889,0.7215891271,1.443178254,60.98090777,5.903487061,-0.4851010361
1604,0.7993560984,0.4531873052,0.6584766044,1.316953209,59.42913473,6.05763489,-0.5086036652
1605,0.7241437119,0.3209680349,0.6491252853,1.298250571,67.086305,5.366221913,-0.3893441233
1606,0.7198486112,0.3492260805,0.6294626024,1.258925205,66.92361067,5.379267442,-0.3919580396
1607,0.8363595656,0.4077126504,0.730251818,1.460503636,58.38614778,6.165846072,-0.5241918099
1608,0.7696757914,0.2551376007,0.7261581292,1.452316258,64.7550079,5.559415583,-0.426489685
1609,0.7995213113,0.3333912802,0.7266942833,1.453388567,61.82546451,5.822843432,-0.472159032
1610,0.8277380779,0.4151268492,0.7161145332,1.432229066,58.71484759,6.131328187,-0.5192976706
1611,0.8282566716,0.4813218052,0.6740463143,1.348092629,57.10305637,6.304391094,-0.5431296608
1612,0.8408299266,0.499696463,0.6762384271,1.352476854,55.94957741,6.434364952,-0.5599222732
1613,0.789342912,0.3635521676,0.7006368918,1.401273784,61.96641343,5.809598783,-0.4699890627
1614,0.9380674443,0.3338465536,0.8766510188,1.753302038,54.2985833,6.630007232,-0.5835612908
1615,0.7306011678,0.4222515303,0.5962228708,1.192445742,64.54743371,5.577293771,-0.429763722
1616,0.8122453251,0.4045345797,0.7043395786,1.408679157,59.8117261,6.018886654,-0.5028430544
1617,0.7456940639,0.456258129,0.5898204444,1.179640889,62.57506295,5.753090496,-0.4605861482
1618,0.7388758149,0.2938950427,0.6779108892,1.355821778,66.41664604,5.420327906,-0.4000827864
1619,0.8235311413,0.4386255043,0.6970015836,1.394003167,58.43547717,6.16064106,-0.5234584218
1620,0.8091786671,0.4765222162,0.653985239,1.307970478,58.24545355,6.180739922,-0.5262813979
1621,0.8697447949,0.4762860047,0.727741472,1.455482944,55.16484426,6.525895338,-0.5712173037
1622,0.8116248103,0.4346737813,0.6854148645,1.370829729,59.19102268,6.082003379,-0.5121774436
1623,0.7649439206,0.4777866038,0.5973769018,1.194753804,60.70678995,5.930143899,-0.4892791021
1624,0.8264552746,0.4314960063,0.7048684398,1.40973688,58.43596283,6.160589859,-0.5234511995
1625,0.8239047761,0.4179251753,0.7100405818,1.420081164,58.87070999,6.115095267,-0.5169709912
1626,0.7918208985,0.3960952606,0.6856302792,1.371260558,61.19666961,5.882673065,-0.4818046097
1627,0.7892984855,0.3507020186,0.7071069179,1.414213836,62.18878418,5.788825184,-0.4665597908
1628,0.8453397918,0.4179199396,0.7348076536,1.469615307,57.69591955,6.239609366,-0.5344125453
1629,0.8886831849,0.4235705425,0.7812463112,1.562492622,55.35966683,6.502929309,-0.5684230483
1630,0.7952195086,0.4977454612,0.620180234,1.240360468,58.34396192,6.170304315,-0.5248186858
1631,0.7640416239,0.4509505536,0.6167683529,1.233536706,61.58029378,5.846026024,-0.4759267259
1632,0.863983843,0.3400491429,0.7942510066,1.588502013,57.99144208,6.207812517,-0.5300459261
1633,0.8761172546,0.5159371454,0.7080891934,1.416178387,53.83487103,6.687115491,-0.5901144307
1634,0.7742766347,0.3063404532,0.711097626,1.422195252,63.82589469,5.640343966,-0.441100294
1635,0.7735685735,0.4212760679,0.6487948925,1.297589785,61.76382586,5.828654475,-0.4731070884
1636,0.8636327517,0.3745428168,0.7781896993,1.556379399,57.49476236,6.261439916,-0.5373767039
1637,0.8481659319,0.4688289986,0.7068131424,1.413626285,56.41237857,6.381578106,-0.5532115863
1638,0.8648157112,0.3689333811,0.7821728547,1.564345709,57.52047406,6.258641047,-0.5369981967
1639,0.829960249,0.3677388131,0.7440444747,1.488088949,59.4680913,6.053666633,-0.5080181358
1640,0.7372994883,0.4550394204,0.5801290041,1.160258008,63.15545844,5.700219884,-0.4515712978
1641,0.7795327733,0.4704859675,0.6215418723,1.243083745,60.08137385,5.991873636,-0.4987695308
1642,0.8167476191,0.2978168648,0.7605141605,1.521028321,61.25901616,5.876685957,-0.4808507998
1643,0.8317767599,0.4039120161,0.7271228655,1.454245731,58.71410013,6.131406242,-0.5193088192
1644,0.8797826973,0.4098202242,0.7785017522,1.557003504,56.05509454,6.422253017,-0.5583954582
1645,0.8604698029,0.4816215832,0.7130560513,1.426112103,55.4815343,6.488645358,-0.5666718129
1646,0.8747603139,0.4637942905,0.7416875776,1.483375155,55.21462336,6.520011875,-0.5705039706
1647,0.8915867697,0.4617915436,0.762676562,1.525353124,54.45446357,6.611028306,-0.5813497993
1648,0.8252495609,0.4385350017,0.6990878986,1.398175797,58.34324915,6.170379697,-0.5248292751
1649,0.8089374238,0.36266199,0.7230878485,1.446175697,60.78432713,5.922579339,-0.4880984228
1650,0.8753855656,0.3287157009,0.8113235337,1.622647067,57.52865218,6.257751336,-0.5368777824
1651,0.7975488844,0.3907444625,0.6952718806,1.390543761,60.9566019,5.905841021,-0.4854719528
1652,0.8798076045,0.41305665,0.7768176265,1.553635253,55.99537114,6.429102847,-0.5592598787
1653,0.8231729906,0.4515294857,0.6882840228,1.376568046,58.14834225,6.191062136,-0.5277218426
1654,0.8218846302,0.4612100941,0.6802790563,1.360558113,57.97524385,6.209546974,-0.5302856363
1655,0.8033767946,0.4241228925,0.6823005542,1.364601108,59.90638152,6.009376478,-0.5014143747
1656,0.84146481,0.3959786255,0.7424715178,1.484943036,58.3277561,6.172018676,-0.5250594264
1657,0.8108367134,0.397411484,0.7067674924,1.413534985,60.0362641,5.99637578,-0.4994517682
1658,0.8328461052,0.3545085949,0.7536287488,1.507257498,59.51629337,6.048763786,-0.5072933185
1659,0.8319922203,0.4978154915,0.6666264255,1.333252851,56.44143033,6.378293355,-0.5527891229
1660,0.8182806722,0.4063903347,0.710232465,1.42046493,59.42672664,6.057880357,-0.5086398518
1661,0.8618435885,0.4100541187,0.7580435283,1.516087057,56.9736842,6.318706699,-0.5450241767
1662,0.7883646797,0.1221853635,0.7788386259,1.557677252,64.49808825,5.581560784,-0.4305412126
1663,0.7936439558,0.2786694484,0.7431110732,1.486222146,62.92434959,5.721155679,-0.455166543
1664,0.8351905584,0.4206274364,0.7215371291,1.443074258,58.19017596,6.186611297,-0.5271015119
1665,0.8131522556,0.4989007073,0.6421173374,1.284234675,57.36420704,6.27569034,-0.5392969641
1666,0.7385013815,0.3374542484,0.6568933861,1.313786772,65.78804975,5.472118438,-0.410113267
1667,0.8306923056,0.3839033736,0.7366599665,1.473319933,59.14767971,6.086460226,-0.5128270202
1668,0.7586476348,0.3921281376,0.6494472707,1.298894541,63.37692097,5.680301196,-0.4481192213
1669,0.8571772906,0.4404484462,0.7353625458,1.470725092,56.60702497,6.359634695,-0.5503783762
1670,0.7712215172,0.331166211,0.6964995113,1.392999023,63.66357443,5.654724907,-0.443641039
1671,0.787979611,0.3397052628,0.7109938128,1.421987626,62.44981254,5.764628993,-0.462525401
1672,0.8367740835,0.3620580329,0.7543903815,1.508780763,59.17288905,6.08386722,-0.5124492462
1673,0.794560174,0.4518167335,0.6535958304,1.307191661,59.73953164,6.026160402,-0.5039317977
1674,0.816439179,0.4390983139,0.6883063299,1.37661266,58.81706812,6.120672307,-0.5177721777
1675,0.8332305191,0.3265487314,0.7665761697,1.533152339,59.90534655,6.009480301,-0.5014300034
1676,0.8534215537,0.3468393137,0.7797633223,1.559526645,58.47389796,6.156593157,-0.5228869448
1677,0.8445385726,0.3994864015,0.7440806513,1.488161303,58.09467314,6.196781573,-0.5285172624
1678,0.8569964427,0.3092898862,0.7992388061,1.598477612,58.77867448,6.124670268,-0.5183453405
1679,0.8613282702,0.3707913985,0.7774317512,1.554863502,57.67818289,6.241528113,-0.5346741698
1680,0.7965732377,0.4447777498,0.6608340763,1.321668153,59.80555019,6.019508204,-0.5029362228
1681,0.8346234441,0.2513681345,0.7958708152,1.59174163,60.70140043,5.930670421,-0.4893611365
1682,0.8298538894,0.3189944891,0.7660939848,1.53218797,60.20499475,5.979570325,-0.4968983119
1683,0.800224631,0.2039744855,0.7737918772,1.547583754,63.23014993,5.693486421,-0.4504077858
1684,0.8340497501,0.4379149794,0.7098376268,1.419675254,57.87922859,6.219847927,-0.5317056512
1685,0.8319290388,0.3996208413,0.7296636957,1.459327391,58.78817311,6.123680682,-0.518203561
1686,0.8543501227,0.4621285179,0.7185759285,1.437151857,56.26229188,6.398601762,-0.5553918419
1687,0.8068464124,0.4268715616,0.6846764222,1.369352844,59.64335679,6.035877579,-0.505380939
1688,0.7976300226,0.4680994002,0.6458301669,1.291660334,59.12010496,6.089299068,-0.5132401274
1689,0.8533086266,0.3687455602,0.7695208406,1.539041681,58.14557989,6.19135626,-0.5277627944
1690,0.8332045719,0.3585864225,0.7520941671,1.504188334,59.4314701,6.057396854,-0.5085685706
1691,0.8059849365,0.3210757293,0.7392713263,1.478542653,61.60664497,5.843525486,-0.4755221872
1692,0.8318267799,0.4369459882,0.7078234209,1.415646842,58.0210422,6.204645528,-0.5296077781
1693,0.8185207913,0.4566913523,0.6792711495,1.358542299,58.27253956,6.177867014,-0.5258793632
1694,0.7779227017,0.4424152021,0.639869142,1.279738284,60.96723656,5.904810851,-0.4853096746
1695,0.8600749343,0.3966375155,0.7631563234,1.526312647,57.31110014,6.281505661,-0.540077281
1696,0.8190833865,0.3289436355,0.750129108,1.500258216,60.70320825,5.930493797,-0.4893336198
1697,0.804141593,0.3626669314,0.7177160988,1.435432198,61.07289409,5.89459539,-0.4836965003
1698,0.8165158031,0.4450279261,0.6845788499,1.3691577,58.67143616,6.135864802,-0.5199450233
1699,0.7408229533,0.4193527267,0.6107060985,1.221412197,63.92748505,5.631380614,-0.4395083312
1700,0.7954224653,0.3492905845,0.7146278653,1.429255731,61.83009843,5.822407034,-0.4720877363
1701,0.8081042569,0.4365857159,0.6800186782,1.360037356,59.34568682,6.066152728,-0.509857122
1702,0.81282341,0.3663168194,0.7255989827,1.451197965,60.49056524,5.951341313,-0.4925668728
1703,0.7804635427,0.4446490186,0.641412965,1.28282593,60.7557925,5.925360944,-0.4885330312
1704,0.8484655633,0.3966628436,0.7500349329,1.500069866,57.93302487,6.214072212,-0.5309102164
1705,0.8700580615,0.4549796532,0.7416161713,1.483232343,55.64179224,6.469956942,-0.5643650053
1706,0.850004865,0.3935980844,0.7533849073,1.506769815,57.90486789,6.217093883,-0.5313266055
1707,0.8191604329,0.3765944265,0.7274616504,1.454923301,59.93956976,6.006049116,-0.5009131244
1708,0.8175150768,0.4701806882,0.6687757631,1.337551526,57.97330262,6.2097549,-0.5303143608
1709,0.8118966468,0.3612525672,0.7270988569,1.454197714,60.63128972,5.937528323,-0.490427903
1710,0.8766985064,0.3198928617,0.8162529192,1.632505838,57.57046501,6.253206396,-0.5362619603
1711,0.8492173175,0.4366941756,0.7283325129,1.456665026,57.10052026,6.304671103,-0.543166826
1712,0.7268347859,0.3686085609,0.6264315882,1.252863176,66.04707667,5.450657594,-0.4059858977
1713,0.797624023,0.2709282752,0.7502012741,1.500402548,62.76056218,5.736086286,-0.4577100216
1714,0.8589769972,0.386076397,0.7673242452,1.53464849,57.55303686,6.255099985,-0.5365186779
1715,0.8594823839,0.4408562078,0.7378046979,1.475609396,56.48014918,6.373920842,-0.5522258621
1716,0.8420965676,0.5057324472,0.6733211129,1.346642226,55.71056412,6.461970108,-0.5633737245
1717,0.7398511704,0.3162961614,0.6688321857,1.337664371,66.0288555,5.452161745,-0.4062765086
1718,0.8092708334,0.2950416473,0.7535713026,1.507142605,61.74936193,5.830019757,-0.4733294771
1719,0.802019055,0.4589680297,0.6577103559,1.315420712,59.12546794,6.088746737,-0.513159792
1720,0.7954778118,0.3264579097,0.7254034618,1.450806924,62.18003528,5.789639687,-0.4666948444
1721,0.8602251047,0.3916815773,0.7658803907,1.531760781,57.39011022,6.272857791,-0.538916192
1722,0.8792026864,0.3054925777,0.8244220089,1.648844018,57.60974905,6.248942339,-0.5356831223
1723,0.9178409998,0.4274419918,0.8122348456,1.624469691,53.89354102,6.679835713,-0.5892874387
1724,0.8338650586,0.4449839143,0.7052093675,1.410418735,57.72809928,6.236131182,-0.5339377477
1725,0.8217184418,0.4514177349,0.6866172342,1.373234468,58.23011856,6.182367628,-0.5265089612
1726,0.8419767786,0.4184649154,0.7306243976,1.461248795,57.86596171,6.221273947,-0.5319017441
1727,0.8561526323,0.3363582763,0.7873121616,1.574624323,58.47187202,6.15680647,-0.5229170848
1728,0.7743007753,0.4230531972,0.6485118988,1.297023798,61.67575859,5.836977254,-0.4744606899
1729,0.8196593785,0.407664608,0.7110914598,1.42218292,59.32226821,6.068547459,-0.5102086947
1730,0.7352648407,0.3645547292,0.6385250468,1.277050094,65.52810982,5.493825489,-0.4142467576
1731,0.8105847888,0.4556768848,0.6703777119,1.340755424,58.73422876,6.129304966,-0.5190085616
1732,0.8643759753,0.4389185196,0.7446451234,1.489290247,56.27182258,6.397518038,-0.5552535059
1733,0.7234272034,0.3165015281,0.6505180253,1.301036051,67.20791067,5.356512298,-0.3873883037
1734,0.7543098924,0.3479766326,0.6692500855,1.338500171,64.51621797,5.579992308,-0.4302555965
1735,0.8642364424,0.4269042831,0.7514368645,1.502873729,56.52442717,6.368927878,-0.5515814208
1736,0.8479470371,0.1775124483,0.8291583133,1.658316627,60.50528846,5.949893128,-0.4923432233
1737,0.8689995268,0.4416559398,0.748398429,1.496796858,55.98111084,6.430740559,-0.5594661885
1738,0.8328431111,0.4055690122,0.7274210776,1.454842155,58.62250443,6.140986358,-0.520674337
1739,0.8021213783,0.3561124686,0.7187368192,1.437473638,61.30602383,5.872179885,-0.4801312754
1740,0.838541151,0.3202080206,0.774995539,1.549991078,59.68454726,6.031712001,-0.5047604642
1741,0.8709633861,0.4551843372,0.7425526508,1.485105302,55.59260371,6.475681583,-0.5650735123
1742,0.7597099343,0.2942832353,0.7003974313,1.400794863,64.96248381,5.54166003,-0.4232116042
1743,0.8030702562,0.3750698534,0.7101017121,1.420203424,60.91945198,5.909442523,-0.4860387058
1744,0.8367851832,0.3563228106,0.757128455,1.51425691,59.26311705,6.074604541,-0.5110963238
1745,0.8428214192,0.504765309,0.6749517964,1.349903593,55.70422653,6.462705299,-0.5634651087
1746,0.845082848,0.4537705273,0.7129216847,1.425843369,56.93288091,6.32323526,-0.545621121
1747,0.7945377127,0.3496596779,0.713462183,1.426924366,61.87895426,5.817810018,-0.47133587
1748,0.9076644937,0.512622072,0.7490483593,1.498096719,52.54384622,6.851420783,-0.6081541285
1749,0.8515564092,0.404811773,0.7491833865,1.498366773,57.61624536,6.248237763,-0.5355873769
1750,0.8234359764,0.3847836412,0.7280029922,1.456005984,59.54558021,6.045788767,-0.5068527551
1751,0.7851640455,0.3195562678,0.717193398,1.434386796,62.93317333,5.720353526,-0.455029412
1752,0.8369977337,0.4206586066,0.7236100766,1.447220153,58.0910066,6.197172696,-0.5285715866
1753,0.7717252172,0.412269096,0.6523756612,1.304751322,62.09007653,5.798027964,-0.4680828731
1754,0.7919950501,0.3611884502,0.7048397427,1.409679485,61.84267197,5.821223251,-0.4718942687
1755,0.8624072345,0.433589405,0.7454840481,1.490968096,56.48284203,6.373616962,-0.5521866786
1756,0.7486330319,0.3425396181,0.6656711098,1.33134222,64.99689779,5.538725881,-0.422667332
1757,0.8669644607,0.4107532789,0.7634848525,1.526969705,56.69415155,6.34986132,-0.5491081299
1758,0.8242828898,0.419239139,0.7097047461,1.419409492,58.82187116,6.120172529,-0.5177004588
1759,0.8449105423,0.4108977653,0.7382661112,1.476532222,57.85767248,6.222165265,-0.5320242497
1760,0.8956958252,0.4096105749,0.796548924,1.593097848,55.26528179,6.514035365,-0.5697775947
1761,0.7810741973,0.4578796025,0.6327899899,1.26557998,60.35879703,5.96433358,-0.4945670165
1762,0.8213864432,0.3187034909,0.7570361775,1.514072355,60.70881872,5.929945725,-0.4892482209
1763,0.7788558107,0.3544873404,0.6935092641,1.387018528,62.78686351,5.733683447,-0.457301836
1764,0.8090390073,0.3246720208,0.7410345432,1.482069086,61.36907798,5.866146467,-0.4791656277
1765,0.7764078439,0.4026325625,0.6638495008,1.327699002,62.0111639,5.805406274,-0.4692995143
1766,0.8532881377,0.423341583,0.740866081,1.481732162,57.16476777,6.297585279,-0.5422249877
1767,0.8246031018,0.3358994026,0.7530882199,1.50617644,60.27610586,5.97251589,-0.495820872
1768,0.7205162103,0.3526089249,0.6283395224,1.256679045,66.81256201,5.388208282,-0.3937403811
1769,0.7664620705,0.3958476727,0.6563297384,1.312659477,62.78919788,5.733470281,-0.4572656029
1770,0.8373062887,0.297767323,0.7825704073,1.565140815,60.04039887,5.995962831,-0.4993892471
1771,0.7713256926,0.5011770881,0.5863146344,1.172629269,59.53065367,6.047304671,-0.5070773124
1772,0.8160017916,0.304419935,0.7570914259,1.514182852,61.22067027,5.88036685,-0.4814375027
1773,0.8718579208,0.412563697,0.7680673342,1.536134668,56.40861676,6.382003685,-0.5532662793
1774,0.7764249262,0.3592870591,0.6882938873,1.376587775,62.85925364,5.727080408,-0.4561778741
1775,0.7760131348,0.4416215138,0.6380962497,1.276192499,61.10355597,5.891637471,-0.483228048
1776,0.8865979004,0.4033059324,0.7895569403,1.579113881,55.82614402,6.44859154,-0.5617059232
1777,0.7740015282,0.3736900456,0.6778156943,1.355631389,62.75131323,5.736931731,-0.4578535386
1778,0.8067834746,0.3194689435,0.7408368032,1.481673606,61.58021879,5.846033143,-0.475927877
1779,0.9087284549,0.3453693545,0.8405399537,1.681079907,55.58804301,6.476212878,-0.5651391831
1780,0.8293880354,0.3722748177,0.7411450421,1.482290084,59.42448799,6.058108571,-0.5086734915
1781,0.7878436555,0.3753398736,0.6926886781,1.385377356,61.84619788,5.820891378,-0.4718400118
1782,0.8295743856,0.448645467,0.6977900158,1.395580032,57.87226661,6.22059617,-0.5318085573
1783,0.8430496405,0.3601151955,0.7622661887,1.524532377,58.85018788,6.11722771,-0.5172775598
1784,0.7220701327,0.3461780624,0.6336765939,1.267353188,66.81595578,5.3879346,-0.3936859327
1785,0.7861661757,0.3548406891,0.701530713,1.403061426,62.31630333,5.77697939,-0.464590091
1786,0.8444637152,0.2806855009,0.796451264,1.592902528,59.82293666,6.017758741,-0.5026739196
1787,0.7866903562,0.3908936472,0.6827033566,1.365406713,61.61653691,5.842587364,-0.4753703019
1788,0.9231261297,0.3931730305,0.8352106438,1.670421288,54.20952578,6.640899267,-0.5848228225
1789,0.771450982,0.4125695769,0.6518611523,1.303722305,62.1004185,5.797062382,-0.467923359
1790,0.8958314216,0.4711328792,0.7619368386,1.523873677,54.05248005,6.660193939,-0.587043987
1791,0.8412346268,0.4286492651,0.7238338931,1.447667786,57.6950854,6.239699577,-0.5344248505
1792,0.7788758958,0.3879633151,0.6753755453,1.350751091,62.16267071,5.79125697,-0.4669628627
1793,0.8362371611,0.4854997907,0.6808689616,1.361737923,56.57993268,6.362679893,-0.5507731041
1794,0.922095861,0.4575567595,0.8005639192,1.601127838,53.13753082,6.77487257,-0.599896274
1795,0.8466588753,0.4248670391,0.7323382075,1.464676415,57.48440062,6.262568559,-0.5375292106
1796,0.8259296999,0.3410904978,0.752208177,1.504416354,60.12170062,5.987854573,-0.4981593692
1797,0.877813616,0.4998837019,0.7215767659,1.443153532,54.19273143,6.642957284,-0.5850605622
1798,0.7303259726,0.3759119874,0.6261519017,1.252303803,65.65003613,5.483622268,-0.4123089767
1799,0.8337179386,0.4918631682,0.6731687938,1.346337588,56.52812816,6.368510894,-0.5515275401
1800,0.7624643746,0.4398483592,0.6228044183,1.245608837,61.98559055,5.807801407,-0.4696936026
1801,0.7792533041,0.3983433906,0.6697449179,1.339489836,61.92495406,5.813488366,-0.4706276434
1802,0.8297471368,0.3000528891,0.7735945804,1.547189161,60.45504854,5.954837664,-0.4931062469
1803,0.8839165436,0.4130523113,0.7814705652,1.56294113,55.78888691,6.452898057,-0.5622437878
1804,0.9285552491,0.397169239,0.8393279729,1.678655946,53.89258646,6.679954027,-0.5893008987
1805,0.7904024114,0.3179055294,0.723651882,1.447303764,62.62306666,5.748680465,-0.4598423226
1806,0.8545183016,0.3735525355,0.7685440983,1.537088197,58.00204415,6.206677804,-0.529889008
1807,0.8367514381,0.3811330642,0.744909764,1.489819528,58.85520601,6.11670614,-0.5172026028
1808,0.848837885,0.4789909108,0.7007806094,1.401561219,56.12136824,6.41466898,-0.5574355203
1809,0.8756990005,0.3507294758,0.8023948992,1.604789798,57.21309353,6.292265945,-0.5415161055
1810,0.9364745282,0.3819626024,0.8550374917,1.710074983,53.74803397,6.69791941,-0.5913373201
1811,0.7764687403,0.4151392787,0.6561730595,1.312346119,61.72769924,5.832065741,-0.4736624931
1812,0.7920485017,0.2520755338,0.7508653369,1.501730674,63.31858349,5.685534644,-0.4490292162
1813,0.8251957322,0.3233557323,0.7592029154,1.518405831,60.41936191,5.958354882,-0.4936480108
1814,0.7858697991,0.3548469959,0.7011953727,1.402390745,62.33488678,5.775257141,-0.464302853
1815,0.9217400121,0.4937068738,0.7783689181,1.556737836,52.39168891,6.871318858,-0.6102600837
1816,0.8718706765,0.3992990781,0.775060464,1.550120928,56.64638196,6.355216124,-0.5498047355
1817,0.7899620408,0.2905580221,0.7345856394,1.469171279,63.01548576,5.712881455,-0.4537496641
1818,0.7975435106,0.4462739674,0.6609956107,1.321991221,59.71156753,6.028982572,-0.5043533013
1819,0.8892328117,0.4066930342,0.7907817457,1.581563491,55.63575677,6.470658815,-0.5644519621
1820,0.8311615247,0.3005028692,0.774937098,1.549874196,60.36625283,5.963596929,-0.4944539127
1821,0.8129030235,0.4333158847,0.6877853369,1.375570674,59.15030331,6.086190262,-0.5127877089
1822,0.7854058165,0.3930074591,0.680005466,1.360010932,61.65318107,5.839114767,-0.4748075279
1823,0.8371863314,0.4263754599,0.7204754823,1.440950965,57.9612448,6.211046731,-0.5304927677
1824,0.8623419509,0.3746525656,0.7767039947,1.553407989,57.5620316,6.254122553,-0.5363861911
1825,0.7339928658,0.4096390301,0.6090495809,1.218099162,64.63474474,5.569759755,-0.428387263
1826,0.8699692102,0.500001552,0.7119303861,1.423860772,54.55169793,6.599244637,-0.5799681438
1827,0.7960883443,0.3065730761,0.7346901394,1.469380279,62.42021962,5.767361958,-0.462983266
1828,0.9015883373,0.3962153228,0.8098610671,1.619722134,55.20031363,6.521702076,-0.5707090727
1829,0.7838676127,0.2266956398,0.7503715887,1.500743177,64.09458961,5.616698729,-0.4368867308
1830,0.8508116045,0.4726822747,0.7074262177,1.414852435,56.18323554,6.407605338,-0.5565387336
1831,0.8933339305,0.51758096,0.7281177523,1.456235505,53.03166155,6.788397524,-0.6013736066
1832,0.8210051575,0.3731248237,0.7313189008,1.462637802,59.89303808,6.010715294,-0.5016158567
1833,0.8197931679,0.4216665302,0.7030349745,1.406069949,59.02187246,6.099433735,-0.5147108168
1834,0.8197703224,0.5000673914,0.6495813926,1.299162785,56.98881605,6.317028935,-0.5448027304
1835,0.7656318692,0.4552392246,0.6155886674,1.231177335,61.35967052,5.867045845,-0.4793097358
1836,0.7504415068,0.4186709267,0.6227978085,1.245595617,63.30530221,5.686727453,-0.4492363232
1837,0.7699690357,0.4325311959,0.6370000632,1.274000126,61.70954547,5.833781424,-0.4739415151
1838,0.8599623247,0.4748588996,0.7169687758,1.433937552,55.67534257,6.466058104,-0.5638815109
1839,0.7919720342,0.4276624044,0.6665767554,1.333153511,60.49422351,5.950981418,-0.4925113057
1840,0.8740212986,0.4164541262,0.7684264384,1.536852877,56.22592865,6.402739958,-0.5559195046
1841,0.819116341,0.3389142049,0.7457135789,1.491427158,60.55548971,5.944960593,-0.4915804089
1842,0.8096656632,0.3406688729,0.734508819,1.469017638,61.09474898,5.892486769,-0.4833626155
1843,0.7888407769,0.4002662575,0.6797475225,1.359495045,61.29229149,5.873495529,-0.4803415034
1844,0.7502512512,0.4514896151,0.5991945156,1.198389031,62.42812217,5.766631887,-0.4628610089
1845,0.9176424846,0.4373521903,0.8067160536,1.613432107,53.724186,6.700892592,-0.5916729233
1846,0.7676352403,0.4827564032,0.5968334084,1.193666817,60.3843766,5.961807015,-0.4941789419
1847,0.8616352247,0.3732567872,0.776591676,1.553183352,57.62234847,6.247575977,-0.5354974205
1848,0.7300178145,0.2890214931,0.6703675007,1.340735001,67.11801171,5.363686898,-0.3888343438
1849,0.8062008157,0.4498149398,0.6690487839,1.338097568,59.12886685,6.088396737,-0.5131088753
1850,0.7484256987,0.3398293342,0.6668261019,1.333652204,65.05684698,5.533622004,-0.4217188452
1851,0.8572698111,0.4043031654,0.7559434367,1.511886873,57.32123429,6.280395118,-0.5399284125
1852,0.8533003341,0.4600532196,0.7186602085,1.437320417,56.36435285,6.387015584,-0.5539096526
1853,0.9447424233,0.3956335736,0.8579116049,1.71582321,53.16839563,6.770939686,-0.599465191
1854,0.8263355159,0.400834218,0.722607995,1.44521599,59.07908012,6.09352751,-0.5138545151
1855,0.7760317499,0.3504251151,0.6924070447,1.384814089,63.03770326,5.710867963,-0.4534040782
1856,0.8408386261,0.428710415,0.7233373868,1.446674774,57.71501773,6.237544649,-0.5341307804
1857,0.7913393302,0.4399684634,0.6577580761,1.315516152,60.23173547,5.976915611,-0.4964932396
1858,0.765045707,0.2186974425,0.7331209739,1.466241948,65.42287966,5.502662095,-0.4159176781
1859,0.8418850613,0.3904613902,0.7458621583,1.491724317,58.40484877,6.163871795,-0.5239138251
1860,0.8134083117,0.3983324569,0.7091997852,1.41839957,59.86830313,6.013198658,-0.501989275
1861,0.8304328499,0.4330689757,0.7085689667,1.417137933,58.18321991,6.187350933,-0.5272046791
1862,0.7796034064,0.444877228,0.6402075627,1.280415125,60.80125765,5.920930157,-0.4878404983
1863,0.8457652007,0.349068884,0.7703698391,1.540739678,58.86718505,6.115461436,-0.517023653
1864,0.7546163003,0.3899889499,0.6460297049,1.29205941,63.68873958,5.652490572,-0.44324737
1865,0.8877121911,0.3280704002,0.8248652901,1.64973058,56.88489063,6.328569784,-0.5463228553
1866,0.7954964535,0.4578873806,0.6505026935,1.301005387,59.52359613,6.048021683,-0.5071834751
1867,0.6797925092,0.4219339737,0.5330005417,1.066001083,68.2989626,5.270943896,-0.3697635802
1868,0.7896701095,0.4341503672,0.6596152974,1.319230595,60.47457455,5.952914968,-0.4928097388
1869,0.8247367332,0.4230722607,0.7079551831,1.415910366,58.71494095,6.131318438,-0.5192962781
1870,0.7761825076,0.359625284,0.6878436887,1.375687377,62.86885867,5.726205431,-0.4560286872
1871,0.7851229254,0.3203023738,0.7168154556,1.433630911,62.92502587,5.721094192,-0.4551560333
1872,0.774788254,0.3761311111,0.6773641752,1.35472835,62.65439139,5.745806351,-0.4593567665
1873,0.8677896214,0.4205876068,0.7590552629,1.518110526,56.46583792,6.375536311,-0.5524340838
1874,0.7687415961,0.3004443016,0.7075993663,1.415198733,64.27245524,5.601155249,-0.4340922243
1875,0.7712608569,0.3220594219,0.7008002841,1.401600568,63.79955116,5.642672926,-0.4415128816
1876,0.8206651801,0.2590334366,0.7787124094,1.557424819,61.46108914,5.857364473,-0.4777554748
1877,0.8588404054,0.5751181978,0.6378447308,1.275689462,52.60353068,6.843647097,-0.6073268852
1878,0.8745476744,0.4014827679,0.7769460869,1.553892174,56.47005085,6.375060666,-0.5523727914
1879,0.8467502224,0.3185327091,0.7845526447,1.569105289,59.2378026,6.077200439,-0.511476029
1880,0.9194370863,0.3033236862,0.8679627279,1.735925456,55.55247551,6.480359277,-0.5656512067
1881,0.795757612,0.4409769739,0.6623967735,1.324793547,59.94843821,6.005160614,-0.5007791537
1882,0.8628944594,0.4396197997,0.7425101211,1.485020242,56.33237015,6.390641811,-0.5543743134
1883,0.7946221285,0.3612830114,0.7077421231,1.415484246,61.67838623,5.836728585,-0.4744203191
1884,0.9250449141,0.2193178614,0.89867,1.79734,56.01983204,6.426295597,-0.5589059116
1885,0.8334520185,0.4168012216,0.7217471917,1.443494383,58.36428374,6.168155881,-0.524516742
1886,0.8848500277,0.4304093185,0.7731153796,1.546230759,55.4189351,6.495974695,-0.5675716841
1887,0.8268480527,0.2278763083,0.794827082,1.589654164,61.38200421,5.864911136,-0.4789675963
1888,0.7885348332,0.4245916421,0.6644615268,1.328923054,60.77161062,5.923818644,-0.4882921218
1889,0.8049265584,0.4799711952,0.6461690307,1.292338061,58.37550363,6.16697035,-0.5243500074
1890,0.7798475085,0.3470089721,0.6983887955,1.396777591,62.84940656,5.727977712,-0.4563308071
1891,0.7434461888,0.4521985052,0.5901090981,1.180218196,62.84323188,5.728540516,-0.4564266979
1892,0.7994207784,0.4324800217,0.672335193,1.344670386,59.94246729,6.005758793,-0.5008693543
1893,0.8390477566,0.5068353945,0.6686695901,1.33733918,55.82499171,6.448724647,-0.561722562
1894,0.8282435277,0.430880832,0.7073394162,1.414678832,58.35129846,6.169528519,-0.5247096863
1895,0.8752086707,0.5141071366,0.708296597,1.416593194,53.92686563,6.675707846,-0.5888174312
1896,0.7807244199,0.2707748824,0.7322646945,1.464529389,63.84967697,5.63824309,-0.4407277399
1897,0.8794869155,0.4015505483,0.782466863,1.564933726,56.21611653,6.403857509,-0.5560618487
1898,0.7620198787,0.27298932,0.711442989,1.422885978,65.07128675,5.532394055,-0.4214903171
1899,0.8169861305,0.3770845104,0.7247576212,1.449515242,60.05770442,5.994235103,-0.4991275446
1900,0.8080288005,0.3869119564,0.7093727373,1.418745475,60.40422937,5.959847576,-0.4938776822
1901,0.8100382491,0.4378981205,0.681474285,1.36294857,59.2048537,6.080582545,-0.5119700979
1902,0.8018063651,0.3711027788,0.7107574654,1.421514931,61.06700243,5.895164093,-0.4837864974
1903,0.854801519,0.4443996896,0.7302017206,1.460403441,56.643427,6.355547661,-0.5498478139
1904,0.7895093864,0.459174116,0.6422493304,1.284498661,59.8315276,6.016894678,-0.5025442943
1905,0.7382471258,0.2694101627,0.6873332401,1.37466648,66.77061082,5.391593631,-0.3944133172
1906,0.8061131191,0.4206489513,0.6876574878,1.375314976,59.8253905,6.017511913,-0.5026368958
1907,0.8484544838,0.4525745736,0.7176707229,1.435341446,56.78633766,6.339553048,-0.5477627368
1908,0.8233996827,0.1709452344,0.8054593498,1.6109187,62.01571275,5.804980448,-0.4692294063
1909,0.7626023751,0.4548035319,0.6121406129,1.224281226,61.5580688,5.848136679,-0.4762678415
1910,0.8980014122,0.541603699,0.7162904227,1.432580845,52.16033156,6.901796619,-0.6134539665
1911,0.8139422173,0.4411748554,0.6840078071,1.368015614,58.90724491,6.111302617,-0.5164250518
1912,0.9212838014,0.3536684937,0.8506952682,1.701390536,54.86011218,6.562144802,-0.575574687
1913,0.84129522,0.4751765514,0.6942513178,1.388502636,56.59981318,6.360445022,-0.5504834622
1914,0.8250896389,0.4981127594,0.6577663651,1.31553273,56.77910598,6.340360486,-0.5478683294
1915,0.7993309662,0.4149955954,0.6831607785,1.366321557,60.34672504,5.965526709,-0.4947501297
1916,0.7805168043,0.4253514243,0.6544330735,1.308866147,61.23841279,5.878663139,-0.4811660638
1917,0.7998130511,0.4227526263,0.6789559144,1.357911829,60.14543149,5.985492016,-0.4978001954
1918,0.8568634378,0.4348297742,0.738334625,1.47666925,56.74231792,6.344471168,-0.5484053519
1919,0.8050343624,0.4043757559,0.696103852,1.392207704,60.23609235,5.9764833,-0.4964272307
1920,0.8501619908,0.3472748171,0.77599975,1.5519995,58.64826892,6.138288591,-0.5202903719
1921,0.7705759406,0.4246313108,0.6430206296,1.286041259,61.8690684,5.818739627,-0.471488036
1922,0.7942124859,0.4220102951,0.6728155644,1.345631129,60.49272767,5.951128572,-0.4925340271
1923,0.7942346622,0.4075645046,0.6816889856,1.363377971,60.8111706,5.919964975,-0.4876894617
1924,0.8281586419,0.4819958436,0.6734439419,1.346887884,57.08942657,6.305896234,-0.5433293851
1925,0.7534579032,0.3516119241,0.6663841736,1.332768347,64.51051701,5.580485426,-0.4303454142
1926,0.8912379503,0.4018691437,0.7954912164,1.590982433,55.61859463,6.472655457,-0.5646991935
1927,0.8510693817,0.5661883072,0.6354131673,1.270826335,53.25963559,6.759340277,-0.598189843
1928,0.7317045713,0.2926267844,0.6706423375,1.341284675,66.94784107,5.377320527,-0.3915689436
1929,0.8531959585,0.3974960553,0.7549438586,1.509887717,57.66272842,6.243200935,-0.534902089
1930,0.7861687638,0.3709862986,0.6931309339,1.386261868,62.03113053,5.803537626,-0.4689917614
1931,0.7816061187,0.4300724282,0.6526452569,1.305290514,61.05772234,5.896060092,-0.4839282432
1932,0.8087499183,0.4254911195,0.6877744816,1.375548963,59.56521168,6.0437962,-0.5065573638
1933,0.8574255879,0.4568659056,0.7255702468,1.451140494,56.2299091,6.402286715,-0.5558617556
1934,0.9227278984,0.3541891356,0.8520427399,1.70408548,54.78308743,6.571371145,-0.5766734959
1935,0.7734615852,0.4954101872,0.5939794358,1.187958872,59.61742944,6.038502555,-0.5057713631
1936,0.8331965211,0.3622919669,0.7503072527,1.500614505,59.37251371,6.063411796,-0.5094542777
1937,0.7846299469,0.4042834212,0.6724574848,1.34491497,61.46516615,5.856975951,-0.4776929624
1938,0.8958108782,0.4302586052,0.7857192006,1.571438401,54.88709503,6.55891881,-0.5751895128
1939,0.756897228,0.3691133587,0.6607940241,1.321588048,63.9578037,5.628711106,-0.4390329576
1940,0.7879056553,0.2760363849,0.7379696714,1.475939343,63.32260667,5.685173415,-0.4489664743
1941,0.8534061015,0.3493570664,0.7786216117,1.557243223,58.43787609,6.16038816,-0.5234227468
1942,0.8099821611,0.4681068729,0.6610197099,1.32203942,58.43717267,6.160462314,-0.5234332077
1943,0.9216157985,0.4788378271,0.7874579452,1.57491589,52.72332794,6.82809705,-0.6056644735
1944,0.7882706662,0.3671479283,0.6975478779,1.395095756,61.96940901,5.809317948,-0.4699429135
1945,0.7781004542,0.3725682065,0.6831055909,1.366211182,62.5106882,5.759015144,-0.4615831384
1946,0.772466982,0.2686936135,0.7242299223,1.448459845,64.41850779,5.588456057,-0.4317944147
1947,0.8842042511,0.5030066383,0.7271873758,1.454374752,53.82071043,6.688874917,-0.590313941
1948,0.7600717751,0.4657218186,0.6006765278,1.201353056,61.38458862,5.864664211,-0.4789279998
1949,0.8674027924,0.435820277,0.7499655262,1.499931052,56.18262358,6.407675133,-0.5565476074
1950,0.8782240069,0.3314439462,0.8132787448,1.62655749,57.34183976,6.278138293,-0.5396256703
1951,0.8794208439,0.4197720145,0.7727693553,1.545538711,55.89101093,6.441107327,-0.5607689011
1952,0.8603912743,0.3673564266,0.7780246788,1.556049358,57.78287313,6.230219795,-0.5331291965
1953,0.7706967444,0.4901187833,0.5947747893,1.189549579,59.95810704,6.004192223,-0.5006330782
1954,0.8176783183,0.3462262314,0.7407598996,1.481519799,60.52953632,5.947509627,-0.4919748211
1955,0.8991234081,0.4567561209,0.7744654602,1.54893092,54.20677512,6.641236252,-0.5848617641
1956,0.8357385815,0.4094670912,0.7285572578,1.457114516,58.38587865,6.165874495,-0.5241958102
1957,0.856706229,0.2573603324,0.8171359875,1.634271975,59.36402921,6.064278399,-0.5095816967
1958,0.8048110799,0.3822953619,0.7082168669,1.416433734,60.68227719,5.932539395,-0.489652178
1959,0.7848422268,0.4088890663,0.6699157055,1.339831411,61.35206393,5.867773257,-0.479426248
1960,0.9286046461,0.4519038148,0.8112271759,1.622454352,52.95484059,6.798245372,-0.602444305
1961,0.7814272413,0.4237585041,0.6565495135,1.313099027,61.22095395,5.880339602,-0.481433163
1962,0.8623451253,0.4330859896,0.7457047946,1.491409589,56.49637353,6.37209041,-0.551989764
1963,0.7633896651,0.4173627363,0.6391964698,1.27839294,62.49864877,5.760124532,-0.4617695319
1964,0.8130653784,0.4366005128,0.6858974426,1.371794885,59.06469995,6.095011069,-0.5140698101
1965,0.8076274555,0.3503025092,0.72770204,1.45540408,61.06688087,5.895175828,-0.4837883541
1966,0.7973826913,0.3027162951,0.7376869262,1.475373852,62.3898904,5.77016561,-0.4634523949
1967,0.8361856404,0.3879736515,0.7407313083,1.481462617,58.76585273,6.126006572,-0.5185366993
1968,0.8126998313,0.4322415236,0.688221099,1.376442198,59.18655599,6.082462377,-0.5122443991
1969,0.7722944594,0.4441722513,0.6317829873,1.263565975,61.2618018,5.876418738,-0.4808081703
1970,0.7946655515,0.3705335237,0.7029923517,1.405984703,61.51261373,5.852458189,-0.4769652761
1971,0.8661852371,0.4346763754,0.7492218054,1.498443611,56.26782814,6.397972196,-0.5553114862
1972,0.745482548,0.4102669092,0.6224349705,1.244869941,63.83941985,5.63914899,-0.440888429
1973,0.7642551878,0.317376097,0.6952398184,1.390479637,64.33415805,5.595783187,-0.433121812
1974,0.8857538017,0.3947987765,0.7929020893,1.585804179,56.01288584,6.427092527,-0.5590064385
1975,0.7427874145,0.3642110704,0.6473665417,1.294733083,65.01009373,5.537601614,-0.422458592
1976,0.7759380688,0.3891316027,0.6713095281,1.342619056,62.32445971,5.776223359,-0.4644640266
1977,0.8912150964,0.3153723477,0.8335494169,1.667098834,56.85755582,6.331612304,-0.5467223853
1978,0.8512227176,0.4384959514,0.7295898955,1.459179791,56.95699739,6.320557903,-0.5452683349
1979,0.8118522051,0.3301269577,0.7417008796,1.483401759,61.11994938,5.890057235,-0.4829775327
1980,0.8256147501,0.511928604,0.6477413218,1.295482644,56.32143647,6.391882427,-0.5545331239
1981,0.812189363,0.3914637227,0.7116232959,1.423246592,60.07277815,5.992731002,-0.4988995556
1982,0.8705475512,0.441906557,0.7500477543,1.500095509,55.89829604,6.440267871,-0.5606636206
1983,0.8547557014,0.439753389,0.7329558417,1.465911683,56.7466979,6.343981471,-0.5483414259
1984,0.9051809804,0.5300117096,0.7337848424,1.467569685,52.19167732,6.897651475,-0.6130218237
1985,0.8250629902,0.3673332398,0.7387795536,1.477559107,59.7566305,6.024436066,-0.5036740071
1986,0.8176879883,0.3251706712,0.7502517449,1.50050349,60.84004513,5.917155374,-0.4872494378
1987,0.83030644,0.444399665,0.7013684639,1.402736928,57.93277168,6.21409937,-0.5309139611
1988,0.7819578451,0.3200361806,0.713466828,1.426933656,63.13221826,5.702318244,-0.4519331669
1989,0.817980065,0.4050046968,0.7106775516,1.421355103,59.47185797,6.053283222,-0.5079615091
1990,0.807685575,0.4328279283,0.6819207964,1.363841593,59.45797924,6.054696183,-0.5081701457
1991,0.8221469622,0.364003261,0.7371751851,1.47435037,59.98150512,6.001850058,-0.500279524
1992,0.7718801228,0.3260079463,0.6996554458,1.399310892,63.69949554,5.651536122,-0.4430790839
1993,0.8100839382,0.3342995485,0.7378887442,1.475777488,61.16553398,5.885667574,-0.4822807253
1994,0.8410240555,0.3459676744,0.7665688685,1.533137737,59.18044335,6.083090623,-0.5123360221
1995,0.8441152983,0.3820089721,0.7527282258,1.505456452,58.4304275,6.161173474,-0.5235335139
1996,0.7991840329,0.4573741738,0.6553655344,1.310731069,59.32796137,6.067965116,-0.5101232338
1997,0.7791002378,0.3106369807,0.7144941194,1.428988239,63.45098146,5.673671104,-0.4469632974
1998,0.8576020399,0.3534916057,0.781360956,1.562721912,58.14616788,6.191293651,-0.5277540776
1999,0.7998523481,0.3750552808,0.7064681982,1.412936396,61.1141506,5.890616109,-0.4830661511
