draw,midpoint_residual,valence_offset,markedness,markedness_ratio,apex_angle_deg,effective_vertices,step_cosine
0,0.6774803876,0.2249948045,0.639028179,1.278056358,71.89084093,5.007592001,-0.3108283713
1,0.6788826811,0.228057826,0.6394304674,1.278860935,71.74764437,5.017586335,-0.3132028517
2,0.7034420838,0.2402912679,0.6611284836,1.322256967,69.67927418,5.166529133,-0.3472748949
3,0.6886085151,0.1506924387,0.6719177598,1.34383552,71.5490053,5.03151649,-0.3164934355
4,0.6644104972,0.2290751948,0.6236712788,1.247342558,72.93567767,4.935855969,-0.2934451028
5,0.6681336904,0.2338871891,0.6258589387,1.251717877,72.57746822,4.960217115,-0.2994160277
6,0.6897177365,0.2183369234,0.6542473109,1.308494622,70.96593866,5.072856173,-0.3261301912
7,0.6305570479,0.1999620734,0.5980111704,1.196022341,76.13527037,4.728426106,-0.2396304394
8,0.6615602722,0.2210812662,0.6235263166,1.247052633,73.24984221,4.914686355,-0.2881989052
9,0.6636456188,0.2018097012,0.6322170132,1.264434026,73.23755388,4.915510977,-0.2884042706
10,0.6928777613,0.2947935242,0.6270377742,1.254075548,69.85034784,5.153875552,-0.3444733786
11,0.6556441285,0.1845759012,0.6291271413,1.258254283,74.04461769,4.861933402,-0.2748887132
12,0.6406372813,0.2356548276,0.595720512,1.191441024,74.92883636,4.804558798,-0.2600185635
13,0.6428327536,0.2290263356,0.6006503864,1.201300773,74.79637118,4.813067724,-0.2622502973
14,0.6443088717,0.2319315133,0.6011170395,1.202234079,74.63910349,4.823209058,-0.2648980754
15,0.6506552164,0.1892148229,0.6225351085,1.245070217,74.43951436,4.836141169,-0.2682555062
16,0.6645698285,0.2009533295,0.6334594038,1.266918808,73.16681653,4.92026327,-0.2895861903
17,0.6440748541,0.2504508177,0.5933858825,1.186771765,74.47561956,4.833796646,-0.2676483949
18,0.636325146,0.2477470375,0.586115259,1.172230518,75.195307,4.787532818,-0.255524948
19,0.6472398187,0.1636091925,0.6262199415,1.252439883,74.90407032,4.806147362,-0.2604359203
20,0.7286267217,0.1741835495,0.7075005234,1.415001047,68.34557977,5.267348689,-0.3690074995
21,0.6472556382,0.197271511,0.6164607142,1.232921428,74.67446861,4.820924831,-0.264302837
22,0.6477348395,0.1859571137,0.6204678672,1.240935734,74.71549801,4.81827746,-0.2636121359
23,0.6688734578,0.2310299227,0.6277076369,1.255415274,72.5434947,4.96254008,-0.2999817219
24,0.6649585234,0.2568491005,0.6133501263,1.226700253,72.6036101,4.958431123,-0.2989806668
25,0.7093676678,0.2934445671,0.6458272014,1.291654403,68.59188111,5.248434569,-0.3650087125
26,0.6688781724,0.1551280935,0.650640672,1.301281344,73.12271635,4.923230673,-0.2903228181
27,0.6800221974,0.2574337273,0.6294108872,1.258821774,71.35013317,5.045540688,-0.3197840694
28,0.6456808352,0.2255655625,0.6049991057,1.209998211,74.57718428,4.827213624,-0.2659400084
29,0.7100589852,0.2404670303,0.6681013171,1.336202634,69.17033671,5.204543119,-0.3555908946
30,0.6590671458,0.2571774497,0.6068189698,1.21363794,73.09967124,4.92478275,-0.2907076837
31,0.6626419508,0.2329817574,0.6203336648,1.24066733,73.04737115,4.928308772,-0.2915809487
32,0.6795161859,0.2140784151,0.6449129236,1.289825847,71.82360163,5.012279972,-0.3119435737
33,0.6509777862,0.1697251672,0.628462764,1.256925528,74.54369841,4.829382063,-0.2665033557
34,0.7310029683,0.2828468007,0.6740645571,1.348129114,67.12674216,5.362989301,-0.3886939548
35,0.6356515441,0.1966560895,0.6044661016,1.208932203,75.70209979,4.755482358,-0.2469634998
36,0.6548363536,0.156656817,0.6358217452,1.27164349,74.2925493,4.845707993,-0.2707256313
37,0.6549831887,0.2365230117,0.6107862494,1.221572499,73.6657348,4.886939647,-0.2812406612
38,0.648762683,0.1692726822,0.6262904901,1.25258098,74.73751417,4.816858093,-0.2632414536
39,0.6626650906,0.2098946668,0.6285453454,1.257090691,73.25381615,4.914419739,-0.2881324891
40,0.6807343049,0.2181501368,0.6448330882,1.289666176,71.6887044,5.021711622,-0.3141796248
41,0.7269097365,0.2780895834,0.6716129456,1.343225891,67.48495946,5.334521986,-0.3829259439
42,0.6543850376,0.2693704442,0.5963718146,1.192743629,73.36174839,4.907189481,-0.2863280957
43,0.6876056105,0.1993525952,0.6580729582,1.316145916,71.29562028,5.049398527,-0.320685395
44,0.6416181349,0.2255212183,0.6006779596,1.201355919,74.93570609,4.804118341,-0.2599027864
45,0.6367029491,0.1241310835,0.6244854838,1.248970968,76.02687334,4.735167766,-0.2414667728
46,0.6836439812,0.1840627049,0.6583995851,1.31679917,71.72948011,5.018856953,-0.3135039113
47,0.6232936403,0.2064820814,0.5880987265,1.176197453,76.74851443,4.690644538,-0.2292256288
48,0.6723672707,0.2259903751,0.633250422,1.266500844,72.30149798,4.979149949,-0.3040081538
49,0.6931844157,0.258243438,0.6432845101,1.28656902,70.28615134,5.12191937,-0.3373228064
50,0.6533267581,0.1815598637,0.6275921197,1.255184239,74.26382196,4.84758245,-0.2712082606
51,0.6563127577,0.2042515502,0.6237208832,1.247441766,73.8390792,4.875467082,-0.2783360626
52,0.6094076309,0.2113901814,0.5715696386,1.143139277,78.010859,4.614742161,-0.2077263034
53,0.6937768772,0.2491181695,0.6475079095,1.295015819,70.34040571,5.117968774,-0.3364312376
54,0.6209332028,0.1938386474,0.5899022132,1.179804426,77.0582565,4.671790102,-0.2239602302
55,0.6187521858,0.1869241639,0.5898420334,1.179684067,77.30669078,4.656776747,-0.2197322838
56,0.6147063509,0.2471994414,0.5628110998,1.1256222,77.20035303,4.663191111,-0.2215424891
57,0.7153561967,0.2162390195,0.6818908817,1.363781763,69.00138393,5.217286662,-0.3583453997
58,0.655944184,0.2052874996,0.6229926284,1.245985257,73.86221237,4.873940117,-0.2779482446
59,0.6279989027,0.2441800495,0.5785833779,1.157166756,75.98829218,4.737571929,-0.2421201607
60,0.6407220709,0.2568444195,0.586988685,1.17397737,74.70519107,4.818942229,-0.2637856587
61,0.7123235264,0.2430684718,0.6695689093,1.339137819,68.97156132,5.219542564,-0.3588312867
62,0.6457838285,0.2293511597,0.6036843535,1.207368707,74.53347223,4.830044666,-0.266675377
63,0.6896475569,0.2901144592,0.6256575368,1.251315074,70.17056284,5.130356454,-0.3392212768
64,0.6576335061,0.1931062248,0.6286428352,1.25728567,73.81309541,4.877183351,-0.2787716159
65,0.6928424418,0.2124083869,0.6594795875,1.318959175,70.77090538,5.086836152,-0.3293461557
66,0.6470036901,0.1855331161,0.6198316205,1.239663241,74.78198855,4.813993409,-0.2624925274
67,0.6226103579,0.2058988183,0.5875792154,1.175158431,76.81588026,4.686530946,-0.2280810215
68,0.6565143504,0.2551862566,0.6048893012,1.209778602,73.34036418,4.908620294,-0.2866856744
69,0.6504957183,0.2089492578,0.6160234469,1.232046894,74.30100872,4.845156294,-0.2705834973
70,0.6456109862,0.2300392228,0.6032375166,1.206475033,74.54225724,4.829475432,-0.2665275991
71,0.6650525356,0.2434738851,0.6188823332,1.237764666,72.73929362,4.949181963,-0.2967200264
72,0.7039837421,0.2100185251,0.6719265795,1.343853159,69.92234526,5.148568725,-0.3432934232
73,0.6914315517,0.2769572532,0.6335394783,1.267078957,70.20085315,5.128142805,-0.3387239102
74,0.6380268372,0.2142432543,0.6009809257,1.201961851,75.35229588,4.777558477,-0.2528749795
75,0.6215407077,0.2075821882,0.5858519322,1.171703864,76.90177795,4.681296189,-0.2266210839
76,0.6345417707,0.2061767279,0.6001120026,1.200224005,75.7289942,4.753793495,-0.2465086163
77,0.6605928308,0.1592286651,0.641115528,1.282231056,73.78997838,4.878711281,-0.2791590669
78,0.6415497858,0.2596254894,0.5866691853,1.173338371,74.60086134,4.825681547,-0.2655416239
79,0.6837736597,0.1851062577,0.6582416662,1.316483332,71.71147188,5.020117292,-0.3138023538
80,0.6622732138,0.1860834927,0.6355932217,1.271186443,73.47228102,4.899807043,-0.2844791765
81,0.6688601293,0.2740157819,0.6101550817,1.220310163,72.07456603,4.994827161,-0.3077790064
82,0.6742384434,0.2303022428,0.6336863227,1.267372645,72.10635593,4.992625065,-0.3072510537
83,0.6716471398,0.1656247403,0.6509057734,1.301811547,72.83045833,4.94298688,-0.295200184
84,0.6506368037,0.2197787511,0.6123932976,1.224786595,74.19667245,4.851969612,-0.2723361291
85,0.6451065932,0.223069017,0.6053120933,1.210624187,74.65000324,4.822504814,-0.2647146301
86,0.6268189322,0.2499919155,0.5748095476,1.149619095,76.03887141,4.73442061,-0.2412635582
87,0.6323562687,0.2026587321,0.5990024113,1.198004823,75.95260764,4.739797766,-0.2427243956
88,0.7306116921,0.2504246373,0.6863533679,1.372706736,67.53588032,5.330499851,-0.3821047965
89,0.6387578968,0.2273524554,0.5969275598,1.19385512,75.17339317,4.788928433,-0.2558947007
90,0.6513192663,0.2379225626,0.6063082062,1.212616412,73.9685082,4.866936062,-0.2761656579
91,0.6434606273,0.2080590788,0.6088948995,1.217789799,74.92200699,4.804996749,-0.2601336568
92,0.6429000286,0.200300175,0.6109012086,1.221802417,75.03238561,4.797928215,-0.2582730282
93,0.6368168817,0.2144620405,0.5996180234,1.199236047,75.45845247,4.770837305,-0.2510819818
94,0.670642108,0.2196656486,0.6336464628,1.267292926,72.50223097,4.965364447,-0.3006686636
95,0.6918330465,0.2595334528,0.6413075324,1.282615065,70.37830765,5.115212514,-0.3358082113
96,0.6660288929,0.261629262,0.6124905024,1.224981005,72.45942499,4.968297776,-0.3013811154
97,0.6894705535,0.2098142277,0.6567706099,1.31354122,71.06043535,5.066110251,-0.3245706444
98,0.711110306,0.3178917899,0.6360995812,1.272199162,68.1025221,5.286147838,-0.3729469398
99,0.6439383307,0.2076952155,0.609523807,1.219047614,74.88296518,4.807501935,-0.2607915454
100,0.6910524186,0.2042769302,0.6601699638,1.320339928,70.98148148,5.071745369,-0.3258737376
101,0.7057362764,0.269820391,0.6521201181,1.304240236,69.17340015,5.204312629,-0.3555409215
102,0.6620300474,0.2167759388,0.6255333532,1.251066706,73.24835276,4.914786291,-0.288223798
103,0.6535623876,0.2068473824,0.6199660917,1.239932183,74.05369624,4.861337357,-0.2747363633
104,0.6932554782,0.1863028776,0.6677532447,1.335506489,70.94806294,5.074134305,-0.3264251074
105,0.6849580941,0.2024044121,0.65436996,1.30873992,71.48279914,5.036176595,-0.3175893399
106,0.6738431919,0.2488572202,0.6262066202,1.25241324,71.95054174,5.003436963,-0.3098378402
107,0.6820932981,0.206260472,0.6501598919,1.300319784,71.6816169,5.022208141,-0.3142970587
108,0.6681139534,0.1100611648,0.658986187,1.317972374,73.40607351,4.904226351,-0.285586781
109,0.6469898863,0.1683815837,0.6246947697,1.249389539,74.89655226,4.8066298,-0.260562605
110,0.6727279194,0.2151995158,0.6373790254,1.274758051,72.36943317,4.974475883,-0.3028783671
111,0.638803203,0.2863705325,0.5710179071,1.142035814,74.52681412,4.830476175,-0.2667873729
112,0.6635158351,0.2134874577,0.6282327347,1.256465469,73.15164993,4.921283394,-0.2898395452
113,0.6025826742,0.1987068988,0.5688773572,1.137754714,78.75492786,4.571142528,-0.1950059665
114,0.6615005538,0.2374108281,0.6174294141,1.234858828,73.10054509,4.924723879,-0.2906930908
115,0.6540558807,0.2760935413,0.5929261772,1.185852354,73.30862479,4.910745509,-0.2872163346
116,0.6611736171,0.2022041358,0.6294950671,1.258990134,73.44264681,4.901784122,-0.2849749827
117,0.6114189468,0.1767225236,0.5853223711,1.170644742,78.05442352,4.612166534,-0.2069824844
118,0.650298269,0.1870903068,0.6228041874,1.245608375,74.4855681,4.833151028,-0.2674810909
119,0.6501995055,0.231856719,0.607455232,1.214910464,74.12432403,4.856705336,-0.2735509018
120,0.7177848948,0.2684791068,0.6656832012,1.331366402,68.27714518,5.272628184,-0.3701173513
121,0.682490324,0.2191781347,0.6463389109,1.292677822,71.53739212,5.032333292,-0.316685698
122,0.7124520445,0.2028189299,0.682973204,1.365946408,69.3356968,5.192130701,-0.3528919686
123,0.6852917739,0.2670047678,0.6311364902,1.26227298,70.81296848,5.083814557,-0.3286528856
124,0.70458111,0.3219112964,0.6267436939,1.253487388,68.53533336,5.252764995,-0.3659273839
125,0.6949149841,0.2185320676,0.6596594353,1.319318871,70.55333415,5.102522855,-0.3329292507
126,0.6637084167,0.230514491,0.6223921046,1.244784209,72.98110164,4.932783856,-0.292687115
127,0.6957825738,0.2096494051,0.6634459412,1.326891882,70.56334429,5.10179901,-0.3327645027
128,0.6370027022,0.1867568084,0.6090109499,1.2180219,75.65252727,4.758598463,-0.2478018111
129,0.7189962109,0.2068790552,0.6885903048,1.37718061,68.8094772,5.231837454,-0.3614703509
130,0.6819298164,0.2610202262,0.6299973936,1.259994787,71.154399,5.059420149,-0.3230190196
131,0.5924081402,0.1912064528,0.5607026815,1.121405363,79.79395547,4.511619933,-0.1771885691
132,0.675545329,0.1797383175,0.651195538,1.302391076,72.41678131,4.97122343,-0.3020906986
133,0.6640749539,0.2738578147,0.6049772242,1.209954448,72.47872863,4.966974543,-0.3010598514
134,0.6950837606,0.2566996714,0.64594637,1.29189274,70.15396514,5.131570244,-0.3394937707
135,0.6876015029,0.2344778883,0.6463868398,1.29277368,70.98201427,5.071707301,-0.3258649464
136,0.6396134288,0.2057606164,0.6056136616,1.211227323,75.28003547,4.782144399,-0.2540949705
137,0.6925193248,0.2628866504,0.6406821554,1.281364311,70.28528997,5.121982141,-0.337336959
138,0.7023815392,0.2853589115,0.6418022423,1.283604485,69.23573775,5.199626836,-0.3545238039
139,0.6591674482,0.22539614,0.6194338583,1.238867717,73.41355253,4.903726732,-0.2854616814
140,0.7091710626,0.1988950053,0.6807087284,1.361417457,69.61698757,5.171151648,-0.3482941383
141,0.6506739012,0.1924012563,0.6215772537,1.243154507,74.41462032,4.837759011,-0.2686740391
142,0.6551603821,0.2456298725,0.6073722845,1.214744569,73.55870778,4.894050084,-0.2830327469
143,0.6633647214,0.2390745289,0.6187860076,1.237572015,72.92628347,4.936491795,-0.2936018404
144,0.6869734483,0.1956018882,0.6585380931,1.317076186,71.37577872,5.043727808,-0.3193599414
145,0.5974954444,0.1801142857,0.5697013693,1.139402739,79.36268286,4.536136973,-0.1845915043
146,0.6630019196,0.2727343281,0.6043074811,1.208614962,72.58333392,4.959816263,-0.2993183471
147,0.6348797374,0.2170054891,0.5966413485,1.193282697,75.61073761,4.761228516,-0.2485083639
148,0.6913329068,0.2509131794,0.644192335,1.28838467,70.51417017,5.105356826,-0.3335737186
149,0.6648509141,0.2674122645,0.6087014201,1.21740284,72.49110339,4.966126644,-0.3008538845
150,0.6916147296,0.2082455338,0.6595185607,1.319037121,70.90371148,5.077308261,-0.3271566869
151,0.6311564112,0.1887375186,0.602276153,1.204552306,76.16185732,4.726775484,-0.2391799038
152,0.5903685091,0.1896661542,0.5590722015,1.118144403,80.00442672,4.499751011,-0.1735720901
153,0.6825787401,0.2688370028,0.6274076843,1.254815369,71.00980202,5.069722627,-0.3254063927
154,0.6636457388,0.2208339119,0.6258258943,1.251651789,73.07609704,4.926371476,-0.2911013369
155,0.6799670407,0.1860048952,0.6540316165,1.308063233,72.01209086,4.999160498,-0.3088162904
156,0.6801986728,0.2918223928,0.6144183636,1.228836727,70.90759433,5.077030231,-0.3270926468
157,0.6247845399,0.2540112641,0.5708187094,1.141637419,76.18587717,4.725285228,-0.2387728251
158,0.6529952869,0.2072021783,0.6192496282,1.238499256,74.09957656,4.858327357,-0.2739663263
159,0.6322190077,0.1571534932,0.6123754186,1.224750837,76.26292786,4.720511133,-0.2374667188
160,0.686589482,0.2344101407,0.645334799,1.290669598,71.06364044,5.065881762,-0.3245177331
161,0.6803696051,0.2363220428,0.638008379,1.276016758,71.54619385,5.031714206,-0.3165399818
162,0.6883384663,0.2627732956,0.6362075442,1.272415088,70.61876669,5.097795061,-0.3318521705
163,0.6889444449,0.2319296255,0.6487319145,1.297463829,70.8999305,5.077579025,-0.3272190453
164,0.6574930011,0.2318971186,0.6152404188,1.230480838,73.49533135,4.898270317,-0.2840934716
165,0.6717008838,0.2711463297,0.6145418986,1.229083797,71.87314822,5.008824699,-0.3111218566
166,0.6800058766,0.2219032907,0.6427806171,1.285561234,71.71377072,5.019956368,-0.3137642578
167,0.6752011588,0.2429212427,0.6299887894,1.259977579,71.90127127,5.006865576,-0.3106553396
168,0.7056424568,0.2054815796,0.6750619211,1.350123842,69.8331347,5.155145928,-0.3447554017
169,0.6273725098,0.1494203959,0.6093191375,1.218638275,76.73925106,4.691210756,-0.2293829971
170,0.6634371595,0.2435163097,0.6171293799,1.23425876,72.87497629,4.939967302,-0.2944577361
171,0.6345166351,0.201181083,0.6017786404,1.203557281,75.76976342,4.751235635,-0.245818955
172,0.6596671444,0.2285873611,0.6187960566,1.237592113,73.34137554,4.908552606,-0.2866687637
173,0.6490232725,0.1469336864,0.6321722076,1.264344415,74.84442032,4.809977797,-0.2614409411
174,0.6397818394,0.2181572236,0.6014384655,1.202876931,75.16314873,4.789581146,-0.2560675427
175,0.6783823643,0.2464679892,0.6320254445,1.264050889,71.60361184,5.027679341,-0.3155892207
176,0.6802601398,0.2472948694,0.6337184749,1.26743695,71.4419144,5.039058696,-0.3182658894
177,0.6714460562,0.2047165741,0.6394770759,1.278954152,72.56412261,4.961129372,-0.2996382585
178,0.6606354111,0.2355012997,0.6172343836,1.234468767,73.19276074,4.918519214,-0.2891527509
179,0.6744943907,0.2289681818,0.6344416875,1.268883375,72.09806994,4.993198851,-0.307388673
180,0.6667851576,0.2090014119,0.6331831143,1.266366229,72.9157171,4.937207153,-0.2937781257
181,0.6662956745,0.2582861665,0.614197185,1.22839437,72.47503219,4.967227873,-0.3011213726
182,0.5953204017,0.2222473393,0.5522793685,1.104558737,79.29478027,4.540021408,-0.1857561321
183,0.6711692278,0.2428057781,0.6257103855,1.251420771,72.23532818,4.983711005,-0.3051081705
184,0.6637128636,0.2659287729,0.6081090799,1.21621816,72.60472469,4.958355004,-0.2989621033
185,0.6287679094,0.1804993309,0.6023031425,1.204606285,76.43266087,4.710028356,-0.2345880185
186,0.6783905271,0.2100916923,0.6450389043,1.290077809,71.94956994,5.003504542,-0.3098539666
187,0.6395516015,0.1928918802,0.6097696069,1.219539214,75.38300417,4.775612274,-0.2523564018
188,0.7003138689,0.2214164997,0.6643901329,1.328780266,70.10505956,5.135150049,-0.3402965159
189,0.6994167918,0.2396727487,0.6570698762,1.314139752,69.99769224,5.143026698,-0.3420579919
190,0.6464270809,0.132376614,0.6327277479,1.265455496,75.14126495,4.79097604,-0.2564367335
191,0.6668704673,0.1558057474,0.648414057,1.296828114,73.28519193,4.912315715,-0.287608059
192,0.6647841672,0.2353583282,0.6217269869,1.243453974,72.84362848,4.942093187,-0.2949805575
193,0.6572488508,0.2342094538,0.614102584,1.228205168,73.49394632,4.898362627,-0.2841166487
194,0.7130933253,0.1736668725,0.691622663,1.383245326,69.50618022,5.179395543,-0.350106345
195,0.6449536683,0.2719624615,0.5848090746,1.169618149,74.15638272,4.854605724,-0.2730126711
196,0.6783032517,0.2433399773,0.6331516064,1.266303213,71.64288416,5.02492333,-0.3149387436
197,0.6201598236,0.2453298698,0.5695712965,1.139142593,76.70407217,4.693362293,-0.2299805702
198,0.6759179136,0.16931707,0.654367447,1.308734894,72.45670422,4.968484336,-0.3014263934
199,0.6602577617,0.1838146807,0.6341549298,1.26830986,73.65835651,4.887429167,-0.2813642365
200,0.6706990107,0.2384040244,0.6268976663,1.253795333,72.31919635,4.977931423,-0.3037138646
201,0.6923342236,0.2839912515,0.6314076704,1.262815341,70.03902565,5.13999155,-0.341380015
202,0.7123689839,0.2027522965,0.6829063446,1.365812689,69.34253766,5.191618481,-0.352780252
203,0.6718752715,0.2830218186,0.6093562428,1.218712486,71.70923294,5.020274032,-0.3138394566
204,0.639877022,0.270133776,0.5800606402,1.16012128,74.63055114,4.823761777,-0.2650420068
205,0.6204500601,0.1819280186,0.5931782811,1.186356562,77.18241394,4.664274951,-0.2218477943
206,0.6572357619,0.2112925958,0.6223457927,1.244691585,73.7023577,4.884511313,-0.280627213
207,0.6758066681,0.2249028568,0.6372859309,1.274571862,72.02863752,4.998012074,-0.3085415996
208,0.6533901828,0.2283332816,0.6121949391,1.224389878,73.88119039,4.872688138,-0.2776300522
209,0.7041871171,0.2867077902,0.6431781549,1.28635631,69.07872863,5.211445073,-0.3570848032
210,0.6811446632,0.2200171793,0.6446320602,1.28926412,71.63862048,5.025222395,-0.3150093711
211,0.6359615893,0.2200704769,0.596670871,1.193341742,75.48761914,4.768993963,-0.2505892021
212,0.6568698183,0.2564013519,0.604761362,1.209522724,73.29644909,4.911561262,-0.2874198805
213,0.6175661342,0.1919509495,0.5869776513,1.173955303,77.38299939,4.652184625,-0.2184328025
214,0.6715422475,0.229741958,0.6310210954,1.262042191,72.33424846,4.97689556,-0.3034635548
215,0.6299241511,0.2175371659,0.5911700412,1.182340082,76.05392221,4.733483685,-0.2410086237
216,0.6412447912,0.2389967395,0.5950423857,1.190084771,74.84256171,4.810097247,-0.2614722517
217,0.6269829589,0.2345942339,0.5814406041,1.162881208,76.17285516,4.726093032,-0.238993522
218,0.6899903187,0.2517162795,0.6424371989,1.284874398,70.61199876,5.098283668,-0.331963597
219,0.6134828895,0.2568575098,0.5571224958,1.114244992,77.22091702,4.6619493,-0.2211924843
220,0.6575517922,0.2384690416,0.6127861581,1.225572316,73.42620469,4.902881764,-0.2852500409
221,0.6659293395,0.216228819,0.6298467933,1.259693587,72.9252907,4.936558998,-0.2936184039
222,0.651442161,0.2114478153,0.6161710075,1.232342015,74.19844441,4.85185374,-0.2723063714
223,0.6701173099,0.2590869481,0.6180057947,1.236011589,72.1464567,4.989850042,-0.3065849428
224,0.6466843625,0.1394076308,0.6314793561,1.262958712,75.08500322,4.794565953,-0.2573857267
225,0.6855091724,0.2431435207,0.6409399767,1.281879953,71.06160027,5.066027202,-0.3245514135
226,0.6983814753,0.3099401471,0.6258384698,1.25167694,69.19976383,5.202329893,-0.3551108156
227,0.6499638321,0.2398412379,0.6040936712,1.208187342,74.06733793,4.860441999,-0.2745074251
228,0.7258381199,0.1923345138,0.6998917139,1.399783428,68.41881,5.261710924,-0.3678192905
229,0.6669375303,0.2356959228,0.6239015157,1.247803031,72.65966005,4.95460617,-0.298047014
230,0.6244022405,0.1770460784,0.5987761219,1.197552244,76.85112055,4.684381925,-0.2274821309
231,0.6016045927,0.1579273834,0.5805058376,1.161011675,79.08664993,4.551969268,-0.1893242369
232,0.6660057846,0.244193819,0.6196233404,1.239246681,72.65175359,4.955145364,-0.2981787332
233,0.6880692442,0.18743047,0.6620491702,1.32409834,71.35064073,5.045504796,-0.3197756761
234,0.6626371548,0.2901992469,0.5957116719,1.191423344,72.38976536,4.973078697,-0.3025401526
235,0.7294009634,0.2642436128,0.6798537185,1.359707437,67.46971247,5.335727496,-0.3831717574
236,0.639780227,0.2032129736,0.6066491788,1.213298358,75.28521706,4.781815263,-0.2540075018
237,0.655754926,0.2278970231,0.614880045,1.22976009,73.6818878,4.885868302,-0.2809701062
238,0.6816287533,0.2417359704,0.6373236838,1.274647368,71.38912781,5.04278468,-0.3191391479
239,0.6425887685,0.2147157639,0.6056545766,1.211309153,74.94390769,4.803592594,-0.2597645579
240,0.6696305468,0.1198654469,0.6588151059,1.317630212,73.240094,4.915340496,-0.2883618205
241,0.6364442797,0.2064940742,0.6020145501,1.2040291,75.55623494,4.764663039,-0.2494296613
242,0.6282214973,0.1803429846,0.6017795755,1.203559151,76.48309905,4.706922241,-0.2337321806
243,0.6035855998,0.157991922,0.5825410963,1.165082193,78.89757953,4.562877621,-0.1925634213
244,0.6781081417,0.2882527953,0.6137922921,1.227584584,71.12652564,5.061402856,-0.3234793841
245,0.6781411168,0.2144031134,0.6433557952,1.28671159,71.93265049,5.004681428,-0.3101347197
246,0.6939232068,0.2587878727,0.6438619835,1.287723967,70.22167927,5.126621917,-0.3383818906
247,0.6426871628,0.2492585051,0.5923824668,1.184764934,74.61101578,4.82502478,-0.265370754
248,0.6740687885,0.1946812324,0.6453432802,1.29068656,72.4279322,4.970458069,-0.301905166
249,0.7000967284,0.2029223836,0.6700432339,1.340086468,70.2829317,5.122154003,-0.3373757056
250,0.6582849828,0.1886509668,0.6306741879,1.261348376,73.7906736,4.878665317,-0.2791474155
251,0.6757032911,0.2038035488,0.6442352452,1.28847049,72.22147878,4.984666696,-0.3053383536
252,0.6683381636,0.1357422224,0.6544080913,1.308816183,73.27236744,4.913175493,-0.2878224242
253,0.6337011669,0.2394086122,0.5867373222,1.173474644,75.5149588,4.767267383,-0.2501272312
254,0.6786934132,0.2376956832,0.6357086685,1.271417337,71.66879139,5.023106892,-0.3145095547
255,0.6650116343,0.2171055912,0.6285742884,1.257148577,72.99449604,4.931878697,-0.2924635682
256,0.6881621545,0.2224720857,0.6512091231,1.302418246,71.05209821,5.0667047,-0.3247082738
257,0.6572552854,0.1914618823,0.6287502348,1.25750047,73.85752252,4.874249606,-0.2780268717
258,0.7050488142,0.2502276125,0.6591509481,1.318301896,69.45064415,5.183537236,-0.3510141213
259,0.6629602609,0.2381661999,0.6187028113,1.237405623,72.96952704,4.933566307,-0.2928802774
260,0.6792405247,0.240090193,0.6353930985,1.270786197,71.59995624,5.027936034,-0.3156497616
261,0.6544299382,0.1481126631,0.6374489651,1.27489793,74.37502197,4.840334704,-0.2693396846
262,0.7305521863,0.2454473542,0.6880858182,1.376171636,67.59302587,5.325993257,-0.3811829106
263,0.6790680634,0.2296131207,0.6390706139,1.278141228,71.71769749,5.01968151,-0.313699183
264,0.6321805784,0.2174924859,0.5935901804,1.187180361,75.84982506,4.746220571,-0.2444642525
265,0.6811197261,0.2158657978,0.6460077698,1.29201554,71.67782226,5.022474018,-0.3143599309
266,0.6625056189,0.2454944179,0.6153423323,1.230684665,72.93320754,4.936023139,-0.2934863166
267,0.6272539864,0.2136686563,0.589740001,1.179480002,76.32894118,4.716428584,-0.2363473681
268,0.6752065194,0.2173673706,0.6392615037,1.278523007,72.14643595,4.989851477,-0.3065852875
269,0.716499897,0.2926013672,0.6540309949,1.30806199,68.06581973,5.288998229,-0.3735412245
270,0.6975716559,0.1898934835,0.6712277408,1.342455482,70.58256457,5.100409743,-0.3324481445
271,0.658948016,0.1899831919,0.6309666192,1.261933238,73.72468614,4.883031978,-0.2802531465
272,0.6671382859,0.2368005254,0.6236978465,1.247395693,72.63192332,4.956498239,-0.2985090746
273,0.6291051731,0.1799855466,0.6028088601,1.20561772,76.40552171,4.711701353,-0.2350484422
274,0.6808235539,0.2548028079,0.6313447875,1.262689575,71.3144709,5.048063814,-0.3203737483
275,0.6957967964,0.1612336172,0.6768581111,1.353716222,70.91889517,5.076221212,-0.3269062531
276,0.6557871149,0.2455489472,0.6080809606,1.216161921,73.50563471,4.897583722,-0.283921049
277,0.6567077619,0.1876074472,0.6293397574,1.258679515,73.93231875,4.8693184,-0.2767726639
278,0.6484839477,0.252565585,0.5972788759,1.194557752,74.0652186,4.860581077,-0.2745429932
279,0.6261150583,0.1515324822,0.6075014181,1.215002836,76.84185384,4.684946836,-0.2276396223
280,0.6981253892,0.2125860577,0.6649708468,1.329941694,70.35462257,5.116934564,-0.3361975604
281,0.6834653116,0.1802100375,0.6592792842,1.318558568,71.77139136,5.015926167,-0.3128092148
282,0.6325938723,0.221694707,0.5924748637,1.184949727,75.77675191,4.750797454,-0.2457007237
283,0.6014832147,0.1815021718,0.5734448703,1.146889741,78.96961161,4.558715595,-0.1913296015
284,0.7087021768,0.2369656641,0.6679117078,1.335823416,69.30931074,5.194107345,-0.3533228265
285,0.6662456771,0.2323791446,0.6244063064,1.248812613,72.75000078,4.948453555,-0.2965415619
286,0.6883626335,0.2563258555,0.6388584906,1.277716981,70.69056954,5.092617054,-0.3306697308
287,0.6529837905,0.1996870655,0.6217016218,1.243403244,74.16041555,4.854341731,-0.2729449583
288,0.6822109036,0.2196405335,0.6458867958,1.291773592,71.55578104,5.031040047,-0.3163812535
289,0.6501218776,0.2415835653,0.6035692476,1.207138495,74.03616668,4.862488378,-0.2750305261
290,0.6418212054,0.2027176032,0.6089663644,1.217932729,75.10869572,4.793053541,-0.2569861244
291,0.6570215167,0.23852306,0.6121960661,1.224392132,73.47104831,4.899889253,-0.2844998023
292,0.7016538509,0.214319267,0.6681207812,1.336241562,70.06499512,5.138086421,-0.3409539561
293,0.5916129255,0.1725642897,0.5658864016,1.131772803,79.97792564,4.501242026,-0.174027582
294,0.6732125519,0.2566005404,0.6223915992,1.244783198,71.9177833,5.00571602,-0.3103813963
295,0.6765900751,0.1800574633,0.65219126,1.30438252,72.32923811,4.977240317,-0.303546877
296,0.6785680975,0.1788102567,0.654585025,1.30917005,72.17695939,4.987741283,-0.3060781643
297,0.707803089,0.2715115835,0.6536563874,1.307312775,68.99464977,5.21779589,-0.3584551249
298,0.7395930496,0.2483324994,0.6966554735,1.393310947,66.91049844,5.380321599,-0.3921685689
299,0.6011674279,0.2678516639,0.5381986274,1.076397255,78.30544113,4.597381674,-0.2026943019
300,0.6810002299,0.2232634743,0.6433620553,1.286724111,71.62059022,5.02648748,-0.3153080218
301,0.683573261,0.2388568537,0.6404840408,1.280968082,71.26144188,5.051820318,-0.3212503584
302,0.622120651,0.1871280195,0.5933103814,1.186620763,76.99471827,4.675645396,-0.2250408742
303,0.6510085972,0.2331419136,0.6078297803,1.215659561,74.04183396,4.862116195,-0.2749354265
304,0.6888437248,0.2312261516,0.6488760621,1.297752124,70.91480894,5.076513712,-0.326973652
305,0.7096232821,0.2550685434,0.6621972823,1.324394565,69.04741268,5.213808687,-0.3575952823
306,0.6824941509,0.2211516015,0.6456703766,1.291340753,71.5191567,5.033616399,-0.316987569
307,0.648699092,0.1505324786,0.6309916678,1.261983336,74.85295925,4.809429094,-0.2612970892
308,0.6701051564,0.1964047815,0.6406762696,1.281352539,72.74138287,4.949039815,-0.2966852041
309,0.6548799362,0.2717250589,0.595846644,1.191693288,73.29072249,4.911945029,-0.2875156097
310,0.7088188005,0.2657687283,0.6571081152,1.31421623,68.98602422,5.218448288,-0.358595661
311,0.6702149001,0.2545706373,0.6199853248,1.23997065,72.18889993,4.986916276,-0.305879758
312,0.6410437983,0.2014201672,0.6085779059,1.217155812,75.18733413,4.788040488,-0.2556594787
313,0.6870198961,0.188314094,0.6607073026,1.321414605,71.42775403,5.040057676,-0.3185001736
314,0.7140645382,0.2339138639,0.6746647086,1.349329417,68.93277394,5.222479518,-0.3594630876
315,0.7078716825,0.1848083529,0.6833214409,1.366642882,69.82445007,5.155787116,-0.3448976805
316,0.6989670361,0.2880767501,0.6368411918,1.273682384,69.46450724,5.182502753,-0.3507875502
317,0.6483806767,0.2431191058,0.6010745398,1.20214908,74.17259587,4.853544571,-0.2727404374
318,0.6811584429,0.2133029522,0.6468992772,1.293798554,71.69717832,5.021118103,-0.3140392125
319,0.6675861596,0.2318863707,0.6260191623,1.252038325,72.64261581,4.955768677,-0.2983309589
320,0.6654536169,0.2214214169,0.6275357141,1.255071428,72.9189088,4.936991049,-0.2937248777
321,0.671805935,0.1670712868,0.6506999304,1.301399861,72.80820131,4.944497921,-0.2955713087
322,0.6320830766,0.2212784274,0.5920851909,1.184170382,75.82652034,4.747679287,-0.2448586351
323,0.6695690198,0.1837899681,0.6438508522,1.287701704,72.87981765,4.939639143,-0.2943769835
324,0.6575785734,0.1624808387,0.6371887925,1.274377585,74.02504299,4.86321906,-0.2752171787
325,0.6355689472,0.1661602981,0.6134644586,1.226928917,75.91262838,4.742293972,-0.2434012395
326,0.6309665926,0.182562814,0.6039781949,1.20795639,76.22079675,4.7231204,-0.2381809476
327,0.7117232997,0.2477781797,0.6672001416,1.334400283,68.9673804,5.219858981,-0.3588993969
328,0.6233233242,0.2390445902,0.5756645294,1.151329059,76.46921815,4.707776654,-0.2339677306
329,0.6313539916,0.2614681366,0.5746671004,1.149334201,75.50104243,4.768146087,-0.2503623897
330,0.6264798319,0.214194974,0.5887253119,1.177450624,76.39546398,4.712321664,-0.235219061
331,0.6742379138,0.2924871183,0.607493251,1.214986502,71.38706441,5.042930438,-0.3191732775
332,0.7042348841,0.2019687789,0.6746520469,1.349304094,69.97049558,5.145025728,-0.342503992
333,0.7077990023,0.2845471121,0.6480836123,1.296167225,68.83040981,5.230246355,-0.3611296871
334,0.6440554983,0.1727164733,0.620464749,1.240929498,75.1246168,4.792037755,-0.2567175715
335,0.7228495941,0.2491417628,0.6785572325,1.357114465,68.1193909,5.284838799,-0.3726737489
336,0.6863344632,0.2180962139,0.6507603529,1.301520706,71.23803069,5.053480515,-0.3216372757
337,0.6777625211,0.2276359299,0.6383916654,1.276783331,71.84297548,5.010928314,-0.3116222912
338,0.6597107263,0.1825166848,0.6339604894,1.267920979,73.71372008,4.883758405,-0.2804368653
339,0.6850492652,0.2267718115,0.6464263618,1.292852724,71.26110249,5.051844378,-0.3212559679
340,0.6286234068,0.1804583771,0.6021645637,1.204329127,76.44599167,4.709207012,-0.2343618385
341,0.6799150074,0.2249227418,0.6416339903,1.283267981,71.69321767,5.021395492,-0.3141048411
342,0.689777335,0.1964187343,0.6612204267,1.322440853,71.14605068,5.060013824,-0.3231569108
343,0.6809413549,0.2230284915,0.6433812407,1.286762481,71.62753255,5.026000299,-0.3151930336
344,0.631661318,0.254779522,0.5779994946,1.155998989,75.54505472,4.765368181,-0.2496186206
345,0.6789866866,0.2096817671,0.6457990997,1.291598199,71.90454998,5.006637272,-0.3106009461
346,0.7526360962,0.2814156953,0.698044626,1.396089252,65.61266232,5.486745809,-0.4129031595
347,0.6622179297,0.1922378388,0.6337011913,1.267402383,73.43171994,4.902513523,-0.2851577796
348,0.6110336013,0.1686644231,0.5872941123,1.174588225,78.13738988,4.607269331,-0.2055655895
349,0.6148856735,0.184919479,0.5864206491,1.172841298,77.67910797,4.634450748,-0.2133866369
350,0.6387784128,0.2447850433,0.5900153754,1.180030751,75.00509956,4.799673651,-0.2587330728
351,0.6657461713,0.231656474,0.6241420052,1.24828401,72.79884898,4.945133131,-0.2957272406
352,0.672309714,0.1736456202,0.6494979216,1.298995843,72.72378354,4.950237494,-0.2969785263
353,0.6813072734,0.15672556,0.6630359716,1.326071943,72.09805806,4.993199674,-0.3073888703
354,0.6502631151,0.2185050732,0.6124521629,1.224904326,74.24023017,4.849122897,-0.2716045596
355,0.6221237788,0.2190848713,0.5822712558,1.164542512,76.75640373,4.690162416,-0.2290915985
356,0.6892913455,0.2229898251,0.6522254954,1.304450991,70.95734186,5.073470772,-0.3262720264
357,0.6265333078,0.2278483463,0.5836344034,1.167268807,76.27505245,4.719760766,-0.2372611525
358,0.6875906179,0.2394284385,0.6445578955,1.289115791,70.93313134,5.075202423,-0.3266714268
359,0.7162680311,0.1929397805,0.6897928192,1.379585638,69.12656357,5.207838802,-0.3563048435
360,0.6374587832,0.2532181741,0.5850079116,1.170015823,75.03643892,4.797669041,-0.2582046841
361,0.6941333308,0.259965544,0.6436140124,1.287228025,70.19166432,5.128814133,-0.3388748007
362,0.6785659125,0.2563867725,0.6282654857,1.256530971,71.48056413,5.036334063,-0.3176263284
363,0.6533173121,0.2341712459,0.6099076471,1.219815294,73.83214842,4.875924752,-0.2784522454
364,0.6443458744,0.24552844,0.5957326507,1.191465301,74.50265069,4.832042842,-0.2671937951
365,0.6773268215,0.195099347,0.6486199718,1.297239944,72.15816539,4.989040368,-0.3063904223
366,0.6807029835,0.1962350764,0.6518039173,1.303607835,71.87505069,5.00869212,-0.3110902999
367,0.6885157247,0.1780657986,0.6650913279,1.330182656,71.3825177,5.043251648,-0.3192484811
368,0.6546869356,0.2638433809,0.5991674674,1.198334935,73.40040364,4.904605181,-0.2856816162
369,0.6710322379,0.2310743763,0.6299911879,1.259982376,72.36370812,4.974869439,-0.3029735932
370,0.665820582,0.233835122,0.6234085202,1.24681704,72.77149894,4.946991683,-0.2961832046
371,0.6928039102,0.2461974378,0.6475832607,1.295166521,70.44844341,5.110120005,-0.3346549431
372,0.6925969268,0.2008147796,0.6628453269,1.325690654,70.8876724,5.078457055,-0.327421204
373,0.6584124972,0.1808402255,0.633090696,1.266181392,73.83529489,4.875716966,-0.2783995007
374,0.6968783333,0.2107776433,0.664238057,1.328476114,70.46778588,5.108717345,-0.3343367995
375,0.6681534675,0.2698264355,0.611246882,1.222493764,72.18477762,4.987201067,-0.3059482565
376,0.6564954358,0.2843175767,0.5917345459,1.183469092,72.99337216,4.931954633,-0.2924823259
377,0.7212438567,0.1894081307,0.695929063,1.391858126,68.78142398,5.233971313,-0.3619268223
378,0.640972247,0.2197196974,0.6021367585,1.204273517,75.04410049,4.797179227,-0.2580754966
379,0.6357388124,0.2111692434,0.5996427171,1.199285434,75.58191598,4.763044114,-0.2489955846
380,0.6881698876,0.3005655434,0.6190623138,1.238124628,70.14253291,5.132406616,-0.3396814436
381,0.577988369,0.1453236074,0.5594207753,1.118841551,81.45346506,4.419701479,-0.1486126291
382,0.6332477963,0.2552874992,0.5795093307,1.159018661,75.39519504,4.774840091,-0.2521505117
383,0.6826492687,0.2235016794,0.6450248239,1.290049648,71.48500414,5.036021251,-0.3175528475
384,0.6883683953,0.2195568301,0.6524153938,1.304830788,71.06232984,5.065975191,-0.3245393694
385,0.6014927178,0.2004636026,0.5671047818,1.134209564,78.8482567,4.565731889,-0.1934080844
386,0.6769695978,0.2483293854,0.6297780186,1.259556037,71.69928897,5.020970294,-0.3140042381
387,0.7051643065,0.2269009132,0.6676620962,1.335324192,69.67879195,5.166564889,-0.3472827876
388,0.6642849417,0.2039051691,0.6322160753,1.264432151,73.16701615,4.920249847,-0.2895828556
389,0.6200976034,0.1630766304,0.598270048,1.196540096,77.32779543,4.655505799,-0.2193729255
390,0.6645103501,0.2416652257,0.619008824,1.238017648,72.80348298,4.944818369,-0.2956499786
391,0.6541502124,0.2144784957,0.6179898667,1.235979733,73.93947102,4.868847384,-0.2766527076
392,0.6738360577,0.1913082259,0.6461085012,1.292217002,72.47275688,4.967383821,-0.3011592408
393,0.6651305871,0.1707117755,0.6428500506,1.285700101,73.33807547,4.908773481,-0.2867239428
394,0.6709989079,0.2348190792,0.6285694348,1.25713887,72.32999854,4.977187989,-0.3035342311
395,0.696509189,0.2228127318,0.6599087337,1.319817467,70.38904986,5.114431872,-0.3356316059
396,0.6695527558,0.2410731741,0.6246475947,1.249295189,72.3874164,4.973240073,-0.3025792282
397,0.6929751848,0.2191822456,0.6573992318,1.314798464,70.70025853,5.091919145,-0.3305101341
398,0.6697317482,0.2175129992,0.6334261675,1.266852335,72.59696192,4.958885199,-0.2990913899
399,0.6247725028,0.2329094965,0.5797360147,1.159472029,76.39180481,4.712547385,-0.2352811333
400,0.6721117895,0.2433947051,0.6264928372,1.252985674,72.15114613,4.989525729,-0.3065070372
401,0.637490467,0.209036718,0.6022439257,1.204487851,75.44265645,4.771836212,-0.2513488333
402,0.6344618905,0.2055381736,0.600246574,1.200493148,75.74115164,4.753030449,-0.2463029713
403,0.660753811,0.2116626506,0.6259349177,1.251869835,73.40031142,4.904611343,-0.2856831586
404,0.6720302704,0.2467552939,0.6250892011,1.250178402,72.12271423,4.991492678,-0.3069793454
405,0.7010751035,0.2390124754,0.6590746068,1.318149214,69.87552842,5.152018284,-0.3440607595
406,0.6479568633,0.2468230071,0.5991047487,1.198209497,74.17179854,4.853596746,-0.2727538258
407,0.6857605318,0.238417666,0.6429809667,1.285961933,71.08995742,5.064006409,-0.3240832394
408,0.6462531891,0.1953812523,0.6160108365,1.232021673,74.77603192,4.81437689,-0.2625928432
409,0.6871883395,0.2393241323,0.6441675044,1.288335009,70.96635851,5.072826161,-0.326123264
410,0.6622938199,0.1939010606,0.6332736237,1.266547247,73.41279379,4.903777413,-0.2854743728
411,0.6206576779,0.2899361252,0.548774085,1.09754817,76.15824698,4.72699956,-0.2392410865
412,0.6633738853,0.2288331941,0.6226558287,1.245311657,73.02525582,4.929801285,-0.2919501399
413,0.6797415559,0.2393628627,0.6362028,1.2724056,71.56659259,5.030280009,-0.3162022437
414,0.6566814551,0.2163292544,0.6200259568,1.240051914,73.70661857,4.884228947,-0.2805558344
415,0.6451374656,0.1911277802,0.6161757227,1.232351445,74.90473434,4.806104756,-0.2604247308
416,0.674432053,0.2206949644,0.6373008134,1.274601627,72.18014109,4.987521423,-0.3060252979
417,0.6885270264,0.2115394862,0.6552255428,1.310451086,71.12069535,5.061817777,-0.3235756692
418,0.6599808733,0.2643115415,0.6047430547,1.209486109,72.94055889,4.935525659,-0.2933636589
419,0.7163433144,0.2280130336,0.6790860038,1.358172008,68.81850983,5.23115076,-0.361323357
420,0.6464951195,0.2327993603,0.6031255237,1.206251047,74.43876007,4.836190174,-0.2682681885
421,0.6573820512,0.2067204696,0.6240334997,1.248066999,73.72783199,4.882823627,-0.280200441
422,0.7239207808,0.2089866715,0.6930987433,1.386197487,68.42543896,5.261201177,-0.3677117016
423,0.6884266994,0.2657507866,0.6350652249,1.27013045,70.57676214,5.10082907,-0.3325436541
424,0.6425979277,0.2317926005,0.599336539,1.198673078,74.79145706,4.813383963,-0.262333062
425,0.7274931857,0.2147948405,0.6950607972,1.390121594,68.11180338,5.28542752,-0.3727966331
426,0.6443558054,0.2179524112,0.6063754203,1.212750841,74.76077554,4.815359357,-0.2628497636
427,0.6261864282,0.2090276551,0.5902684832,1.180536966,76.46343065,4.708132985,-0.2340659368
428,0.6369386022,0.2371584677,0.5911401222,1.182280244,75.2448719,4.784379199,-0.2546884999
429,0.6983503001,0.2454298877,0.6538021963,1.307604393,70.02100442,5.141314424,-0.3416756325
430,0.6830308157,0.2323886653,0.6422823394,1.284564679,71.36961914,5.044163109,-0.3194618148
431,0.639422737,0.2203534107,0.6002547884,1.200509577,75.1761548,4.78875251,-0.2558481056
432,0.6837643354,0.1512098657,0.6668352441,1.333670488,71.93274121,5.004675117,-0.3101332144
433,0.6387813682,0.2109707815,0.6029369501,1.2058739,75.31208437,4.780109368,-0.2535539306
434,0.6777232294,0.243098676,0.6326229599,1.26524592,71.69275603,5.021427826,-0.3141124905
435,0.625960263,0.2236111236,0.584657435,1.16931487,76.3645719,4.71422796,-0.2357430676
436,0.65078353,0.2265307345,0.6100844443,1.220168889,74.12327603,4.856774002,-0.2735684951
437,0.6999864573,0.2305736862,0.6609211871,1.321842374,70.04399777,5.139626684,-0.341298447
438,0.6374296667,0.2298384174,0.5945509918,1.189101984,75.26943487,4.782817894,-0.2542739092
439,0.664996337,0.1939396325,0.6360876882,1.272175376,73.18564288,4.918997577,-0.289271672
440,0.6775616575,0.2101934536,0.6441339238,1.288267848,72.01625357,4.998871535,-0.3087471879
441,0.6899249308,0.2693149528,0.6351896302,1.27037926,70.41476646,5.112563999,-0.3352087684
442,0.6681580204,0.2626200826,0.6143824805,1.228764961,72.26947831,4.981356009,-0.3045405044
443,0.6941945488,0.3045107732,0.6238423363,1.247684673,69.60797311,5.171821329,-0.3484416146
444,0.6894712102,0.2562816453,0.640070518,1.280141036,70.60269672,5.098955376,-0.3321167372
445,0.7039449139,0.2232809148,0.6675957421,1.335191484,69.80672526,5.157096235,-0.3451880383
446,0.6495208825,0.2436182493,0.6021025871,1.204205174,74.06797177,4.860400405,-0.2744967874
447,0.6453746189,0.2374363203,0.6001103169,1.200220634,74.49263476,4.832692536,-0.2673622463
448,0.6480855948,0.2006360076,0.6162468099,1.23249362,74.57647199,4.827259729,-0.2659519924
449,0.6587835632,0.1903048818,0.6306978953,1.261395791,73.73625971,4.882265542,-0.2800592387
450,0.7612611857,0.2936810964,0.7023318351,1.40466367,64.86506696,5.549982708,-0.4247514661
451,0.7011254827,0.2668963714,0.6483388538,1.296677708,69.56414968,5.175079429,-0.3491584421
452,0.6969890128,0.2440247683,0.6528748705,1.305749741,70.14219931,5.132431026,-0.3396869198
453,0.6500742795,0.1951954831,0.6200768439,1.240153688,74.44561227,4.835745036,-0.2681529769
454,0.6973343888,0.185827078,0.6721187,1.3442374,70.63148835,5.096876881,-0.3316427098
455,0.6032069715,0.1946977676,0.5709215618,1.141843124,78.7214963,4.573083807,-0.1955782223
456,0.6525123192,0.2411065807,0.606333195,1.21266639,73.83344584,4.875839071,-0.2784304966
457,0.6416413511,0.2603680655,0.5864401878,1.172880376,74.58446488,4.826742413,-0.2658175115
458,0.6315614312,0.2078916904,0.5963647261,1.192729452,75.98377264,4.737853722,-0.2421966938
459,0.6597587394,0.2187161608,0.6224506689,1.244901338,73.4235892,4.903056414,-0.2852937929
460,0.6716504656,0.2773224844,0.6117242742,1.223448548,71.80087568,5.013866427,-0.3123203996
461,0.6478297951,0.2006927415,0.6159593062,1.231918612,74.59827225,4.825849033,-0.2655851896
462,0.6761307479,0.2192860676,0.6395829961,1.279165992,72.0535214,4.996285997,-0.3081284544
463,0.6867649272,0.2174601399,0.6514270126,1.302854025,71.20928383,5.055520581,-0.3221123022
464,0.6688289987,0.2710971234,0.6114234042,1.222846808,72.11291176,4.992171183,-0.3071421657
465,0.681345168,0.219252692,0.6451042512,1.290208502,71.62930367,5.025876025,-0.3151636972
466,0.603282467,0.167487715,0.5795667351,1.15913347,78.87684437,4.564077111,-0.1929185324
467,0.649130423,0.241454221,0.6025530393,1.205106079,74.12387663,4.85673465,-0.2735584125
468,0.7385765437,0.2159324502,0.7063062281,1.412612456,67.29716836,5.349407839,-0.385951635
469,0.686986488,0.2530561103,0.6386807025,1.277361405,70.83694901,5.082093527,-0.3282575672
470,0.660845856,0.2615795506,0.6068718021,1.213743604,72.89835255,4.938383206,-0.2940678074
471,0.678655424,0.2462485807,0.6324040014,1.264808003,71.58365648,5.029080906,-0.3159196894
472,0.6679115678,0.2664849981,0.6124472289,1.224894458,72.24491221,4.983049865,-0.3049488694
473,0.6640925728,0.26096739,0.61066764,1.22133528,72.63013711,4.956620135,-0.2985388283
474,0.6676747705,0.2436208838,0.621641749,1.243283498,72.51788288,4.964292747,-0.3004081153
475,0.6859451493,0.3004578419,0.616640765,1.23328153,70.32212523,5.119299208,-0.3367316768
476,0.6346172538,0.1948504432,0.6039638761,1.207927752,75.80778342,4.74885274,-0.245175688
477,0.6771814714,0.258215897,0.6260186065,1.252037213,71.57313417,5.029820256,-0.3160939276
478,0.6930992256,0.1960229363,0.664801884,1.329603768,70.88628405,5.078556519,-0.3274440994
479,0.6243348235,0.2274053835,0.5814471287,1.162894257,76.48128674,4.707033777,-0.2337629351
480,0.6936738045,0.2529011585,0.6459290604,1.291858121,70.30729185,5.120379274,-0.3369754378
481,0.6357525648,0.1575479657,0.6159220423,1.231844085,75.94617622,4.740199151,-0.2428332867
482,0.6085912369,0.211038375,0.5708293072,1.141658614,78.0912844,4.609989486,-0.2063530298
483,0.6207694301,0.2029479574,0.5866573207,1.173314641,77.00795856,4.674841494,-0.2248157092
484,0.6681040165,0.2338580677,0.6258381429,1.251676286,72.58022903,4.960028437,-0.2993700527
485,0.6375812872,0.1789528165,0.6119524387,1.223904877,75.65383816,4.758516008,-0.2477796452
486,0.6616921458,0.2553339882,0.6104433228,1.220886646,72.89660386,4.938501671,-0.2940969782
487,0.6670754162,0.207853262,0.6338664152,1.26773283,72.90108676,4.938197989,-0.2940221962
488,0.7289596778,0.2306244615,0.6915161383,1.383032277,67.85828705,5.305173703,-0.3768987024
489,0.6649100055,0.184664018,0.6387523118,1.277504624,73.26129434,4.913918096,-0.2880075028
490,0.6497305877,0.1995254219,0.6183360272,1.236672054,74.44235996,4.835956305,-0.2682076611
491,0.7259649977,0.2187003168,0.6922393728,1.384478746,68.18935606,5.279416331,-0.3715403156
492,0.6872736526,0.2229662781,0.6501008478,1.300201696,71.11847695,5.06197567,-0.3236123044
493,0.6576243971,0.2606126706,0.6037804929,1.207560986,73.18454109,4.919071632,-0.2892900797
494,0.6582653573,0.2205891064,0.6202045846,1.240409169,73.5339514,4.895697744,-0.283447133
495,0.6355766681,0.2336004126,0.5910909814,1.182181963,75.40090474,4.774478519,-0.2520540774
496,0.6493059974,0.1845807352,0.6225176547,1.245035309,74.58902061,4.826447606,-0.2657408588
497,0.6507832541,0.2046266133,0.6177756818,1.235551364,74.31118055,4.844493081,-0.2704125836
498,0.6145018422,0.2228356673,0.5726751081,1.145350216,77.43769577,4.648898659,-0.2175011236
499,0.6533000774,0.1887441404,0.6254411568,1.250882314,74.21535448,4.850748238,-0.2720223761
500,0.7041213412,0.2386090982,0.662459479,1.324918958,69.64405172,5.169142103,-0.3478513174
501,0.6516362253,0.1862451552,0.6244537711,1.248907542,74.37624253,4.840255272,-0.2693191691
502,0.6905396859,0.1742978695,0.6681805972,1.336361194,71.24782343,5.052785934,-0.3214754374
503,0.6386296167,0.1808630855,0.6124837399,1.22496748,75.54834778,4.765160464,-0.2495629649
504,0.6890099397,0.2086495112,0.6566582662,1.313316532,71.10700408,5.062792402,-0.3238017622
505,0.6548121852,0.2000906338,0.6234923705,1.246984741,74.00038741,4.864839396,-0.2756308561
506,0.6998690644,0.2783021152,0.6421562427,1.284312485,69.52158309,5.17824802,-0.3498545158
507,0.6590001013,0.2276804968,0.618419538,1.236839076,73.40661469,4.904190195,-0.2855777289
508,0.6818893692,0.2228212423,0.6444562093,1.288912419,71.55269971,5.031256702,-0.3164322698
509,0.6243524529,0.1990952167,0.5917576194,1.183515239,76.70638133,4.693221004,-0.2299413478
510,0.6999790929,0.2872614652,0.638319341,1.276638682,69.39667608,5.187568344,-0.3518959518
511,0.6895732378,0.1825154533,0.6649807212,1.329961442,71.26694366,5.05143032,-0.3211594226
512,0.6514325457,0.2416942506,0.6049365676,1.209873135,73.92112589,4.870055693,-0.2769603794
513,0.6891558933,0.2125453631,0.655561068,1.311122136,71.06190122,5.066005747,-0.3245464452
514,0.6631653329,0.1898350827,0.6354139596,1.270827919,73.36993343,4.906642042,-0.2861912179
515,0.6537976163,0.1640601507,0.6328788115,1.265757623,74.33716631,4.842799609,-0.2699759154
516,0.6429333098,0.2152880507,0.6058170484,1.211634097,74.90870541,4.805849975,-0.2603578136
517,0.6419803529,0.2752341436,0.5799870168,1.159974034,74.38135319,4.839922703,-0.2692332659
518,0.6951182135,0.2420723454,0.6516059471,1.303211894,70.3093045,5.1202327,-0.3369423647
519,0.6934845533,0.2659432733,0.6404646758,1.280929352,70.17312947,5.130168809,-0.3391791366
520,0.7002538319,0.2984518414,0.633468174,1.266936348,69.22186284,5.200669055,-0.3547502272
521,0.6810902997,0.1793328978,0.657056853,1.314113706,71.96898574,5.002154696,-0.3095317568
522,0.6490433857,0.2154872206,0.6122275511,1.224455102,74.3721949,4.840518698,-0.2693872026
523,0.6989834944,0.2280867092,0.6607226184,1.321445237,70.14604017,5.132149999,-0.3396238695
524,0.6382785113,0.2404158436,0.5912695495,1.182539099,75.09323154,4.79404059,-0.2572469513
525,0.6212051793,0.161067835,0.5999608548,1.19992171,77.23740973,4.660953821,-0.2209117531
526,0.5991092728,0.175283835,0.5728939675,1.145787935,79.23411148,4.543497659,-0.1867964691
527,0.6146899278,0.1658799918,0.5918847317,1.183769463,77.81168077,4.626554734,-0.2111255283
528,0.6750909776,0.1883687403,0.6482785248,1.29655705,72.39182843,4.972936971,-0.3025058326
529,0.6824576242,0.2470282482,0.6361803624,1.272360725,71.26661526,5.051453597,-0.3211648506
530,0.6866885683,0.2647045919,0.6336187093,1.267237419,70.72811021,5.089914024,-0.3300513094
531,0.7347764134,0.2511832161,0.6905095,1.381019,67.22589043,5.355079683,-0.3870989816
532,0.6766466698,0.2413423364,0.6321428576,1.264285715,71.79895963,5.014000229,-0.312352168
533,0.7111488006,0.195313942,0.6838019308,1.367603862,69.49488724,5.180237199,-0.3502909633
534,0.7059133398,0.2343013309,0.6658952843,1.331790569,69.54941699,5.176175669,-0.3493993815
535,0.6693362341,0.2407644355,0.6245346114,1.249069223,72.40859038,4.97178578,-0.3022269751
536,0.6305844659,0.1488777693,0.6127578465,1.225515693,76.45345065,4.708747571,-0.2342352785
537,0.6573953582,0.2050260284,0.6246062637,1.249212527,73.74048597,4.881985727,-0.2799884275
538,0.692372515,0.2247279282,0.6548870573,1.309774115,70.69676481,5.09217078,-0.3305676836
539,0.6998905495,0.2579961204,0.6506033992,1.301206798,69.76344893,5.160295334,-0.3458968277
540,0.6953491873,0.1931381274,0.6679881407,1.335976281,70.73176168,5.089651261,-0.3299911498
541,0.6204124683,0.1714226242,0.596259939,1.192519878,77.25075128,4.660148853,-0.220684646
542,0.6469599682,0.231221248,0.6042300348,1.20846007,74.41291933,4.837869596,-0.2687026352
543,0.654153227,0.2283602249,0.6129992268,1.225998454,73.81519645,4.877044529,-0.2787363993
544,0.6223553134,0.1808531358,0.5954983455,1.190996691,77.01420418,4.674462378,-0.2247094916
545,0.6566370917,0.1523623594,0.6387158849,1.27743177,74.16396978,4.854109092,-0.27288528
546,0.5971760252,0.1945948293,0.5645813117,1.129162623,79.30583427,4.5393886,-0.1855665576
547,0.6268996528,0.2817986313,0.5599934875,1.119986975,75.67477171,4.757199683,-0.2474256626
548,0.6416662459,0.2205696379,0.6025650222,1.205130044,74.97527214,4.801583105,-0.2592358978
549,0.6155902769,0.2754618916,0.5505198773,1.101039755,76.81695718,4.686465244,-0.2280627211
550,0.6453151982,0.2523204904,0.5939411378,1.187882276,74.34628741,4.842205476,-0.2698226302
551,0.6596765304,0.2449735613,0.612503942,1.225007884,73.17880315,4.919457336,-0.2893859421
552,0.6819535313,0.2559622793,0.6320948745,1.264189749,71.20991303,5.055475911,-0.3221019058
553,0.6691183747,0.2555676167,0.6183887068,1.236777414,72.26919608,4.981375462,-0.3045451961
554,0.685349275,0.2103999503,0.6522541603,1.304508321,71.38454749,5.043108245,-0.3192149081
555,0.6321027794,0.2384115867,0.585417662,1.170835324,75.66941662,4.757536348,-0.2475162193
556,0.6435917565,0.2527041096,0.5919045379,1.183809076,74.4945447,4.832568632,-0.267330125
557,0.6939346056,0.2151523022,0.6597383752,1.31947675,70.66069989,5.094769802,-0.3311616834
558,0.6531773604,0.2218456624,0.6143493845,1.228698769,73.95874595,4.867578477,-0.276329411
559,0.7104406169,0.1932782226,0.6836442049,1.36728841,69.5646035,5.175045668,-0.34915102
560,0.6623967416,0.2623365844,0.6082342967,1.216468593,72.75793266,4.947914088,-0.2964093486
561,0.6312846506,0.1962352933,0.6000100164,1.200020033,76.09704481,4.730801319,-0.2402781096
562,0.6833634156,0.1814207162,0.6588414691,1.317682938,71.77100583,5.015953111,-0.3128156059
563,0.690550231,0.2180644101,0.6552156397,1.310431279,70.90227509,5.077411121,-0.3271803769
564,0.5971854144,0.2166219047,0.5565117875,1.113023575,79.15330562,4.548136015,-0.1881817876
565,0.649127985,0.2344358131,0.6053156123,1.210631225,74.19298158,4.852210982,-0.2723981115
566,0.6393899905,0.1529646939,0.6208231329,1.241646266,75.65029203,4.758739066,-0.2478396065
567,0.689571334,0.279558641,0.6303614764,1.260722953,70.31558763,5.119775175,-0.3368391137
568,0.6258693441,0.1657311927,0.6035276362,1.207055272,76.78593562,4.688358579,-0.2285898473
569,0.7032541448,0.222044827,0.6672799165,1.334559833,69.87148613,5.152316344,-0.3441270025
570,0.6634780111,0.1978573277,0.6332894671,1.266578934,73.28280962,4.912475407,-0.2876478812
571,0.7307980757,0.2377676751,0.6910371626,1.382074325,67.65382286,5.321207062,-0.3802017026
572,0.653739894,0.204811301,0.6208286237,1.241657247,74.05492473,4.861256714,-0.2747157472
573,0.6586510634,0.1939278995,0.6294546791,1.258909358,73.72047983,4.883310592,-0.2803236177
574,0.6638810732,0.2491741223,0.6153457046,1.230691409,72.7781854,4.94653718,-0.296071738
575,0.722087141,0.2120762484,0.6902416273,1.380483255,68.53475674,5.252809189,-0.3659367498
576,0.6843975394,0.2235485674,0.6468585857,1.293717171,71.34368507,5.045996708,-0.3198906987
577,0.6460357552,0.1863427861,0.6185778553,1.237155711,74.86054321,4.808941861,-0.2611693204
578,0.6513449619,0.2648745127,0.5950560915,1.190112183,73.67838751,4.886100418,-0.2810287362
579,0.6292658934,0.2196929746,0.589669875,1.17933975,76.09569466,4.730885257,-0.2403009837
580,0.6977641271,0.2017623742,0.6679571254,1.335914251,70.47418445,5.108253509,-0.3342315478
581,0.6541985409,0.2221173361,0.615336997,1.230673994,73.86838901,4.873532574,-0.2778446882
582,0.6781631181,0.2545613724,0.6285727662,1.257145532,71.53380412,5.032585705,-0.3167450968
583,0.6402449629,0.1757576904,0.6156483142,1.231296628,75.43929199,4.772049028,-0.2514056686
584,0.5824195635,0.1878152041,0.5513057202,1.10261144,80.80805066,4.455001662,-0.1597424831
585,0.6655562931,0.221797397,0.6275118278,1.255023656,72.90689558,4.93780454,-0.2939252929
586,0.6197518839,0.2396656311,0.5715354607,1.143070921,76.79620248,4.687731794,-0.2284153977
587,0.6719253731,0.2262796863,0.6326778095,1.265355619,72.33531052,4.976822487,-0.3034458924
588,0.684551128,0.2835229836,0.6230770134,1.246154027,70.66627769,5.094367664,-0.331069824
589,0.6976567356,0.2295020028,0.6588275582,1.317655116,70.23600712,5.125576108,-0.3381465637
590,0.607388022,0.2132545998,0.5687202167,1.137440433,78.18953962,4.604196441,-0.2046747584
591,0.6540219508,0.1905378388,0.6256516956,1.251303391,74.14040043,4.855652221,-0.2732810071
592,0.6350875631,0.2184799837,0.5963243325,1.192648665,75.57961709,4.76318899,-0.2490344438
593,0.6235018268,0.2195484364,0.5835692008,1.167138402,76.62520557,4.698192942,-0.2313199373
594,0.6664392912,0.1661348466,0.6453995209,1.290799042,73.25829358,4.914119377,-0.2880576564
595,0.6455774107,0.1708957523,0.6225470545,1.245094109,75.00350243,4.799775855,-0.2587599986
596,0.7171511991,0.2364968897,0.6770340195,1.354068039,68.67493146,5.242087504,-0.3636588373
597,0.6633297861,0.2176434445,0.6266081201,1.25321624,73.13112024,4.922664918,-0.2901824568
598,0.6762229667,0.2660818607,0.6216735028,1.243347006,71.5606551,5.030697378,-0.3163005538
599,0.690205357,0.2041795656,0.6593133851,1.31862677,71.04945488,5.066893203,-0.3247519084
600,0.6899320958,0.271131216,0.6344242749,1.26884855,70.39214785,5.114206783,-0.3355806717
601,0.6745028003,0.2328429539,0.6330388507,1.266077701,72.06000899,4.99583618,-0.3080207318
602,0.6535028625,0.1671042657,0.6317769826,1.263553965,74.3435896,4.842381192,-0.2698679692
603,0.6378267985,0.222053211,0.5979259121,1.195851824,75.3035774,4.780649372,-0.2536975504
604,0.6973038556,0.2600730408,0.6469889338,1.293977868,69.94153306,5.147156264,-0.3429788655
605,0.673877785,0.2248374898,0.6352632308,1.270526462,72.18769057,4.986999821,-0.3058998534
606,0.733144362,0.2439668945,0.6913615623,1.382723125,67.42016119,5.339649055,-0.3839704404
607,0.7008097849,0.2123836611,0.6678529292,1.335705858,70.14742367,5.132048779,-0.339601158
608,0.6775081305,0.2473547373,0.6307399629,1.261479926,71.66561856,5.023329279,-0.3145621206
609,0.6913807042,0.2546473967,0.6427767742,1.285553548,70.46926741,5.108609941,-0.3343124299
610,0.6929620141,0.2246287234,0.6555442697,1.311088539,70.65112112,5.095460544,-0.3313194265
611,0.6673098427,0.2706808494,0.6099461484,1.219892297,72.24513281,4.983034649,-0.3049452026
612,0.6528409946,0.2983573788,0.5806756743,1.161351349,73.12000125,4.923413483,-0.2903681641
613,0.6422616941,0.2304515825,0.5994932459,1.198986492,74.8337045,4.810666563,-0.261621458
614,0.615547819,0.2111387921,0.578203708,1.156407416,77.43253821,4.649208309,-0.2175889843
615,0.6956223803,0.257359199,0.6462636758,1.292527352,70.10420852,5.135212387,-0.3403104828
616,0.6775210657,0.1905094746,0.6501853079,1.300370616,72.17738443,4.987711911,-0.306071102
617,0.6666634391,0.1939480959,0.6378277801,1.27565556,73.04629362,4.928381471,-0.2915989381
618,0.6425538678,0.2818814335,0.5774238742,1.154847748,74.24769312,4.848635491,-0.2714792006
619,0.6304397658,0.1930504031,0.6001548469,1.200309694,76.1962069,4.724644633,-0.2385977482
620,0.6461059848,0.190558063,0.6173658302,1.23473166,74.82434412,4.811268368,-0.261779134
621,0.6977201104,0.2704101761,0.6431886886,1.286377377,69.78697734,5.15855556,-0.3455114986
622,0.7111712957,0.2337865123,0.6716460961,1.343292192,69.15303416,5.205845331,-0.3558731276
623,0.6776743834,0.2388575302,0.6341842399,1.26836848,71.74022477,5.01810527,-0.31332583
624,0.6279886966,0.2425837127,0.579243425,1.15848685,76.00482432,4.73654144,-0.2418401956
625,0.6902223306,0.2296770634,0.650888095,1.30177619,70.82012767,5.083300635,-0.3285348725
626,0.6819113291,0.2607375539,0.6300944284,1.260188857,71.15915003,5.059082351,-0.3229405425
627,0.6555524474,0.2536215761,0.6045040177,1.209008035,73.44017674,4.901948987,-0.2850163057
628,0.6953265544,0.2841178036,0.6346306728,1.269261346,69.80155901,5.157477929,-0.3452726626
629,0.6707099464,0.2373312481,0.6273162766,1.254632553,72.32904424,4.977253658,-0.303550101
630,0.64337057,0.1632907102,0.6223036513,1.244607303,75.24252555,4.784528395,-0.2547281009
631,0.6405294611,0.1874650271,0.6124825338,1.224965068,75.33534701,4.778633328,-0.2531611679
632,0.6402091036,0.1691879755,0.6174488848,1.23489777,75.48394891,4.769225845,-0.2506512154
633,0.6726454104,0.2279166689,0.6328553074,1.265710615,72.26040802,4.98198128,-0.3046912873
634,0.6538957931,0.2412758679,0.6077546082,1.215509216,73.71217482,4.883860786,-0.280462753
635,0.6626733016,0.2543022963,0.6119364728,1.223872946,72.82478832,4.943371733,-0.2952947329
636,0.6583218981,0.2211173088,0.620076493,1.240152986,73.52440885,4.896333145,-0.2836068476
637,0.647413037,0.2468006316,0.5985257628,1.197051526,74.21968503,4.850465208,-0.2719496432
638,0.6563444495,0.1995955958,0.6252596536,1.250519307,73.8732644,4.873210937,-0.277762946
639,0.6467857918,0.2054543367,0.6132865366,1.226573073,74.65171458,4.822394262,-0.2646858269
640,0.7026010088,0.2508126496,0.656308763,1.312617526,69.63305124,5.169958713,-0.3480313155
641,0.6886611024,0.255400208,0.6395505045,1.279101009,70.67712324,5.093585923,-0.3308912023
642,0.6518870062,0.2649959391,0.5955953501,1.1911907,73.62980174,4.889324587,-0.2818424425
643,0.6719735583,0.2478477685,0.6245958267,1.249191653,72.11582497,4.991969518,-0.3070937777
644,0.6343603298,0.1922950106,0.6045127433,1.209025487,75.84919989,4.746259691,-0.2444748328
645,0.6832915838,0.2416823693,0.6391220703,1.278244141,71.25525093,5.052259241,-0.3213526816
646,0.6432059044,0.2042935832,0.609899965,1.21979993,74.9744415,4.801636301,-0.2592498995
647,0.6890812371,0.2197848646,0.6530907783,1.306181557,71.00346968,5.070174762,-0.3255108957
648,0.6553267623,0.2082218568,0.6213668994,1.242733799,73.89107786,4.872036116,-0.2774642631
649,0.6240995636,0.1825016062,0.5968194275,1.193638855,76.84391048,4.684821448,-0.2276046693
650,0.6805815261,0.1712861049,0.6586746419,1.317349284,72.06494676,4.995493873,-0.3079387405
651,0.6294298036,0.202525923,0.5959573208,1.191914642,76.21807023,4.723289358,-0.2382271645
652,0.6285022424,0.2010796972,0.5954679035,1.190935807,76.31311179,4.717406898,-0.2366158067
653,0.7050064654,0.2693968271,0.6515055378,1.303011076,69.23456307,5.199715056,-0.3545429742
654,0.6847428085,0.1813132142,0.6603016221,1.320603244,71.66099165,5.023653618,-0.3146387749
655,0.6681970851,0.2147648591,0.6327427596,1.265485519,72.74872027,4.948540657,-0.2965629058
656,0.6854714273,0.2064762574,0.6536349385,1.307269877,71.40798314,5.041453129,-0.3188272517
657,0.7049511369,0.170348278,0.6840596243,1.368119249,70.14963357,5.131887106,-0.33956488
658,0.649972424,0.277778558,0.5876250715,1.175250143,73.64337783,4.888423245,-0.2816150929
659,0.6311580846,0.2233040116,0.5903353676,1.180670735,75.8928305,4.743531077,-0.2437363713
660,0.6310921849,0.1889133877,0.6021536994,1.204307399,76.16642405,4.726492079,-0.2391025118
661,0.6493217963,0.2369103338,0.6045595826,1.209119165,74.15213001,4.854884141,-0.2730840744
662,0.7018365614,0.2627383715,0.6508018954,1.301603791,69.55797592,5.175538754,-0.349259411
663,0.6765440656,0.2458333334,0.6302998056,1.260599611,71.76064533,5.016677293,-0.3129873507
664,0.609100326,0.1974917301,0.5761946057,1.152389211,78.13999803,4.60711555,-0.2055210407
665,0.6800184188,0.2709897051,0.6236903315,1.247380663,71.19147633,5.056785146,-0.322406521
666,0.6885262742,0.2696817501,0.6335141545,1.267028309,70.52175717,5.104807572,-0.3334488819
667,0.676106012,0.2450971127,0.6301164534,1.260232907,71.80430072,5.013627267,-0.312263611
668,0.6279466761,0.2067223149,0.5929442744,1.185888549,76.32072502,4.716936323,-0.236486702
669,0.6743948968,0.2213509509,0.6370339343,1.274067869,72.17723335,4.987722351,-0.3060736124
670,0.6737299649,0.1854105468,0.6477152112,1.295430422,72.5250872,4.963799616,-0.3002881816
671,0.6049732872,0.1793612821,0.5777734926,1.155546985,78.6483112,4.577339227,-0.1968307159
672,0.7337463267,0.2190515246,0.7002857285,1.400571457,67.61771557,5.324048542,-0.3807844931
673,0.6917688081,0.2326173586,0.6514854168,1.302970834,70.66889466,5.094179012,-0.3310267246
674,0.6400118333,0.1964313855,0.6091222025,1.218244405,75.3162886,4.779842537,-0.2534829501
675,0.6540578906,0.2345776992,0.610544861,1.221089722,73.76434839,4.880406428,-0.2795885832
676,0.6648645444,0.2645554571,0.609963337,1.219926674,72.52357056,4.963903421,-0.3003134302
677,0.6797485175,0.2181601365,0.6437889421,1.287577884,71.76860117,5.016121175,-0.3128554687
678,0.6620674807,0.2555693814,0.610751701,1.221503402,72.86216283,4.940836039,-0.2946714508
679,0.6305144422,0.2322179182,0.5861939101,1.17238782,75.87180247,4.744845756,-0.2440922948
680,0.6756585774,0.1929284992,0.6475284606,1.295056921,72.31109712,4.978488978,-0.3038485425
681,0.6775595384,0.1982091745,0.6479197877,1.295839575,72.11485233,4.992036846,-0.3071099332
682,0.6623178827,0.2055813645,0.6296040663,1.259208133,73.31881129,4.910063239,-0.2870460331
683,0.625585261,0.2171814677,0.5866763408,1.173352682,76.45306473,4.708771339,-0.2342418265
684,0.6664005124,0.2461789932,0.6192620982,1.238524196,72.59792204,4.958819618,-0.2990753998
685,0.702963607,0.2365953897,0.6619520031,1.323904006,69.75374497,5.161013221,-0.3460557342
686,0.6704051959,0.2154432214,0.6348443471,1.269688694,72.55933216,4.961456911,-0.299718025
687,0.6686431174,0.2413225663,0.6235760078,1.247152016,72.46065691,4.968213309,-0.3013606141
688,0.6755155452,0.2758589998,0.6166223026,1.233244605,71.49980651,5.03497866,-0.3173078589
689,0.6821296838,0.2631498672,0.6293274608,1.258654922,71.11353209,5.062327653,-0.3236939631
690,0.672543471,0.311724248,0.5959385149,1.19187703,71.24820225,5.052759068,-0.3214691767
691,0.6849589876,0.2050575836,0.6535443383,1.307088677,71.46090791,5.037719371,-0.3179516102
692,0.6680046829,0.19219432,0.6397590169,1.279518034,72.94790006,4.935028969,-0.2932411665
693,0.7622795675,0.2495439121,0.7202763185,1.440552637,65.31444312,5.511797741,-0.4176380438
694,0.657370209,0.2141175132,0.6215217472,1.243043494,73.66689238,4.886862855,-0.281221273
695,0.6538813729,0.2162353806,0.6170924648,1.23418493,73.9474709,4.868320655,-0.2765185301
696,0.7254092263,0.2617299074,0.6765471168,1.353094234,67.79094169,5.310444007,-0.3779871598
697,0.6786583292,0.2470084429,0.6321107158,1.264221432,71.57536683,5.02966336,-0.316056958
698,0.652296238,0.2787054194,0.5897572987,1.179514597,73.42890381,4.902701543,-0.2852048894
699,0.6409897743,0.1835057207,0.6141608431,1.228321686,75.32218896,4.779468109,-0.2533833314
700,0.6479031965,0.2357035974,0.6035083812,1.207016762,74.28768299,4.846025418,-0.2708073919
701,0.6839404778,0.2212479836,0.6471660582,1.294332116,71.40165925,5.041899639,-0.3189318623
702,0.6828322368,0.2826883393,0.621568312,1.243136624,70.8158782,5.08360567,-0.328604922
703,0.6698735836,0.1725642154,0.6472651771,1.294530354,72.93187902,4.936113053,-0.2935084824
704,0.5988570856,0.1780427904,0.5717784306,1.143556861,79.24281562,4.542998595,-0.1866472251
705,0.6614803582,0.24851328,0.6130231757,1.226046351,72.98835298,4.932293788,-0.2925660953
706,0.6394434638,0.202604201,0.6064977174,1.212995435,75.31977868,4.779621055,-0.2534240257
707,0.6775350733,0.2386429925,0.6341161547,1.268232309,71.75377924,5.017157338,-0.3131011635
708,0.6550873225,0.2848742977,0.5899034113,1.179806823,73.10773272,4.924239703,-0.2905730581
709,0.7007923031,0.1682000294,0.6803077261,1.360615452,70.4850154,5.107468559,-0.3340533775
710,0.7002142922,0.2182574917,0.6653297846,1.330659569,70.14158017,5.132476331,-0.3396970834
711,0.684661506,0.1863454916,0.6588146444,1.317629289,71.63109854,5.025750091,-0.3151339672
712,0.6260487472,0.2256841155,0.5839552328,1.167910466,76.33852478,4.71583648,-0.2361848382
713,0.6665464023,0.2082109702,0.6331921496,1.266384299,72.94227007,4.935409875,-0.2933351072
714,0.6990461369,0.1916655273,0.6722572626,1.344514525,70.4540649,5.109712271,-0.3345624852
715,0.6390197272,0.1697642891,0.6160570573,1.232114115,75.58519921,4.762837219,-0.2489400858
716,0.6885868066,0.2182032112,0.653099647,1.306199294,71.05715227,5.066344323,-0.3246248423
717,0.6173672035,0.2360246528,0.5704687785,1.140937557,77.05348896,4.672079161,-0.2240413251
718,0.6778307531,0.2215641768,0.6405964762,1.281192952,71.89391315,5.007378013,-0.3107774065
719,0.6902188357,0.2096824675,0.6575981326,1.315196265,71.00211518,5.070271486,-0.3255332487
720,0.6630540681,0.197414728,0.6329835088,1.265967018,73.32188057,4.909857701,-0.286994718
721,0.6762318171,0.1834037535,0.6508859606,1.301771921,72.33473803,4.976861876,-0.3034554131
722,0.6661342068,0.2504400749,0.6172637608,1.234527522,72.5749813,4.960387086,-0.2994574411
723,0.6219332324,0.2016824346,0.5883240104,1.176648021,76.90982466,4.680806407,-0.2264842939
724,0.682783935,0.2196859335,0.6464765986,1.292953197,71.50909813,5.034324434,-0.3171540659
725,0.6026271177,0.1615781011,0.5805617626,1.161123525,78.9705544,4.558661171,-0.1913134506
726,0.6681339664,0.1659663677,0.647192523,1.294385046,73.11857207,4.923509716,-0.2903920332
727,0.6391867392,0.210951319,0.6033732083,1.206746417,75.27621988,4.782386796,-0.2541593789
728,0.6419734408,0.1834333301,0.6152089987,1.230417997,75.23616264,4.784933034,-0.2548354896
729,0.6547753042,0.2071192552,0.6211540172,1.242308034,73.9473698,4.868327311,-0.2765202258
730,0.6529496835,0.2025554236,0.620737134,1.241474268,74.1408462,4.855623027,-0.2732735232
731,0.6803028651,0.2660838986,0.6261080955,1.252216191,71.22727945,5.054243301,-0.3218149436
732,0.6606686491,0.2433008124,0.6142375588,1.228475118,73.11166378,4.923974936,-0.2905074077
733,0.7062861428,0.166064708,0.6864857087,1.372971417,70.0752274,5.137336165,-0.3407860646
734,0.6991591218,0.2775991364,0.6416869931,1.283373986,69.58570759,5.17347617,-0.348805841
735,0.6532190135,0.2391067279,0.607884078,1.215768156,73.79231421,4.878556851,-0.2791199196
736,0.694188841,0.2370918562,0.6524458588,1.304891718,70.43331424,5.111217666,-0.3349037603
737,0.6701141288,0.2123268855,0.6355865317,1.271173063,72.61049105,4.957961237,-0.2988660627
738,0.6637898404,0.1953409682,0.634396452,1.268792904,73.27606585,4.912927514,-0.2877606057
739,0.6603665664,0.1709748369,0.6378492041,1.275698408,73.73609898,4.882276184,-0.2800619317
740,0.6683184768,0.2270077257,0.6285833906,1.257166781,72.62793422,4.956770475,-0.2985755225
741,0.7065022853,0.2580196314,0.6577015653,1.315403131,69.25269329,5.198353781,-0.3542470799
742,0.6293792622,0.1659698977,0.6071015144,1.214203029,76.46733837,4.707892385,-0.2339996283
743,0.5707199753,0.2056246751,0.5323906303,1.064781261,81.90518109,4.395326342,-0.1408117065
744,0.6469194838,0.224073532,0.6068738508,1.213747702,74.48213424,4.833373851,-0.2675388388
745,0.6762272449,0.2710661901,0.6195211113,1.239042223,71.50046389,5.034932369,-0.3172969784
746,0.6642344442,0.292383859,0.5964218942,1.192843788,72.22462544,4.984449525,-0.3052860562
747,0.6994390719,0.2557016747,0.6510235548,1.30204711,69.82442224,5.15578917,-0.3448981364
748,0.6375897882,0.1902666462,0.6085386934,1.217077387,75.57575093,4.763432656,-0.2490997945
749,0.6973819561,0.2454175229,0.6527724199,1.30554484,70.09679693,5.135755352,-0.3404321157
750,0.6570793639,0.1488988299,0.6399862724,1.279972545,74.14568644,4.855306051,-0.2731922596
751,0.677124541,0.1689392629,0.6557111936,1.311422387,72.36080531,4.97506901,-0.3030218753
752,0.6817509568,0.2475650055,0.635213299,1.270426598,71.31808699,5.047807859,-0.3203139617
753,0.6184352242,0.2280110211,0.5748678985,1.149735797,77.02428157,4.673850799,-0.2245381026
754,0.6777014163,0.2054300819,0.645815524,1.291631048,72.0448672,4.996886162,-0.308272146
755,0.670084981,0.2485791887,0.6222718608,1.244543722,72.26477641,4.98168012,-0.3046186689
756,0.7177974824,0.3066536425,0.6489967406,1.297993481,67.77105372,5.3120024,-0.3783084957
757,0.7352563157,0.2162439694,0.7027377857,1.405475571,67.53352868,5.330685469,-0.3821427256
758,0.6852709107,0.2649034648,0.6319987147,1.263997429,70.83954802,5.081907071,-0.3282147192
759,0.6297365755,0.189275238,0.6006188798,1.20123776,76.28621926,4.719069886,-0.2370718156
760,0.6525623407,0.2648797358,0.5963860612,1.192772122,73.57245037,4.893135925,-0.2828026928
761,0.6531387399,0.2055026649,0.6199668284,1.239933657,74.10102434,4.858232436,-0.2739420246
762,0.7316753416,0.2482462825,0.6882750822,1.376550164,67.4818173,5.334770378,-0.3829766044
763,0.6795929723,0.2431852289,0.6345924302,1.26918486,71.53939366,5.032192497,-0.3166525625
764,0.6469722265,0.2417794284,0.6000964671,1.200192934,74.3094196,4.844607883,-0.2704421729
765,0.6858979264,0.2249699343,0.6479540833,1.295908167,71.2099532,5.05547306,-0.3221012422
766,0.6405088814,0.2405788862,0.5936105008,1.187221002,74.89251276,4.806889057,-0.2606306715
767,0.6487970038,0.2874671684,0.5816357789,1.163271558,73.62240955,4.889815508,-0.2819662279
768,0.6952772238,0.186330876,0.6698441779,1.339688356,70.78886349,5.085545695,-0.3290501978
769,0.6829730022,0.2190016147,0.6469083509,1.293816702,71.50003064,5.034962878,-0.3173041493
770,0.650837459,0.2154647461,0.6141370704,1.228274141,74.21674805,4.850657156,-0.2719989708
771,0.6946343968,0.1696922224,0.6735885205,1.347177041,70.95576771,5.073583327,-0.3262979969
772,0.6602356125,0.2473173704,0.6121643426,1.224328685,73.10674233,4.924306412,-0.2905895977
773,0.6814992257,0.1931116001,0.6535664499,1.3071329,71.83485842,5.01149453,-0.3117569033
774,0.699965934,0.259148958,0.6502262117,1.300452423,69.74447829,5.161698945,-0.3462074709
775,0.6526005817,0.1699590821,0.6300804946,1.260160989,74.40287798,4.838522511,-0.2688714405
776,0.6854433701,0.2142633121,0.6510943455,1.302188691,71.343488,5.046010647,-0.3198939575
777,0.6629061847,0.200543238,0.6318441417,1.263688283,73.30979367,4.910667211,-0.2871967933
778,0.6828797782,0.2270343358,0.6440343172,1.288068634,71.4333065,5.039665916,-0.31840831
779,0.68731794,0.2308705926,0.6473829779,1.294765956,71.04003665,5.067564953,-0.3249073737
780,0.6516633,0.2142472772,0.6154373736,1.230874747,74.15571942,4.854649147,-0.2730238081
781,0.6775155315,0.1771260776,0.6539523286,1.307904657,72.27420198,4.981030439,-0.3044619759
782,0.7054028227,0.1963218531,0.6775329308,1.355065862,69.92600975,5.148298913,-0.343233352
783,0.6027963365,0.2184242703,0.5618311681,1.123662336,78.59231846,4.580600332,-0.1977887617
784,0.6811231463,0.2292405953,0.6413871606,1.282774321,71.5543573,5.031140151,-0.316404826
785,0.6687363966,0.2591892879,0.61646515,1.2329303,72.26042753,4.981979934,-0.304690963
786,0.670786976,0.207370974,0.6379282455,1.275856491,72.59668184,4.958904331,-0.2990960545
787,0.6584652462,0.2492184344,0.6094806415,1.218961283,73.23762016,4.915506528,-0.2884031628
788,0.7139901817,0.2489246898,0.6691924075,1.338384815,68.78367714,5.233799863,-0.361890163
789,0.6311426479,0.2062604564,0.5964877753,1.192975551,76.03437563,4.734700548,-0.2413397058
790,0.6622434059,0.2369127942,0.6184162487,1.236832497,73.04258557,4.928631663,-0.2916608424
791,0.6581335233,0.2394630858,0.6130229727,1.226045945,73.36655991,4.906867658,-0.2862476339
792,0.6178082426,0.2183398546,0.5779400769,1.155880154,77.16396873,4.665389896,-0.2221616904
793,0.6447691438,0.220160089,0.6060171483,1.212034297,74.70530269,4.818935029,-0.2637837796
794,0.6413834508,0.1326713124,0.6275117957,1.255023591,75.57815164,4.763281348,-0.2490592149
795,0.6813883572,0.2235754581,0.6436645927,1.287329185,71.58626551,5.028897617,-0.3158764849
796,0.6925654916,0.2385659468,0.6501793977,1.300358795,70.54649758,5.103017334,-0.3330417619
797,0.6742366986,0.2482317774,0.6268780667,1.253756133,71.92479386,5.00522811,-0.3102650797
798,0.6837839981,0.1657307469,0.6633957157,1.326791431,71.84310146,5.010919527,-0.3116202019
799,0.6639848013,0.2586814477,0.6115224648,1.22304493,72.66517897,4.954229868,-0.297955067
800,0.6641476235,0.2473348646,0.6163745051,1.23274901,72.77520953,4.94673945,-0.2961213477
801,0.7089252733,0.209526648,0.6772544772,1.354508954,69.54752049,5.176316818,-0.3494303953
802,0.6861182106,0.2067983572,0.654211463,1.308422926,71.35346237,5.045305273,-0.3197290145
803,0.6324045463,0.2545832255,0.5788979975,1.157795995,75.47937854,4.769514627,-0.2507284361
804,0.643160133,0.2411272642,0.5962487728,1.192497546,74.65175591,4.822391592,-0.2646851313
805,0.6879268708,0.2480925432,0.6416334387,1.283266877,70.8156923,5.083619016,-0.3286079865
806,0.7013101984,0.2670122802,0.6484908917,1.296981783,69.54844874,5.176247731,-0.3494152155
807,0.666995484,0.1903576103,0.6392550007,1.278510001,73.04565804,4.928424353,-0.2916095488
808,0.6740665982,0.1764761142,0.6505551167,1.301110233,72.56037857,4.961385361,-0.2997006013
809,0.7012814055,0.214910496,0.6675395781,1.335079156,70.08864388,5.136352768,-0.3405659102
810,0.6644900477,0.2075347111,0.6312498453,1.262499691,73.12005662,4.923409754,-0.2903672393
811,0.7014506948,0.1685748848,0.6808932262,1.361786452,70.43152777,5.11134731,-0.3349331393
812,0.6449465309,0.2129592305,0.608772859,1.217545718,74.75127058,4.815971651,-0.2630098195
813,0.7088840551,0.3078929651,0.6385284062,1.277056812,68.422862,5.261399326,-0.3677535266
814,0.6309870803,0.1153889041,0.6203467549,1.24069351,76.56878004,4.701655163,-0.2322779259
815,0.6486465634,0.1986291321,0.6174858962,1.234971792,74.5432306,4.82941237,-0.2665112251
816,0.6195115188,0.2020993813,0.5856196393,1.171239279,77.13070715,4.667401782,-0.2227276697
817,0.7122100477,0.3094192223,0.6414849156,1.282969831,68.1486221,5.282571957,-0.3722002719
818,0.6290235412,0.2012039203,0.5959761722,1.191952344,76.26486103,4.720391477,-0.2374339435
819,0.6466887768,0.2021938555,0.6142670582,1.228534116,74.68594923,4.820183766,-0.2641095826
820,0.6949575007,0.2256889018,0.6572902307,1.314580461,70.48394874,5.107545851,-0.3340709246
821,0.6355630753,0.2002916066,0.6031779961,1.206355992,75.68285102,4.756691842,-0.247289034
822,0.6646993723,0.2426095855,0.6188423422,1.237684684,72.77790437,4.946556281,-0.296076423
823,0.6099063432,0.2596441162,0.5518792263,1.103758453,77.53591918,4.643009379,-0.2158275237
824,0.7094613055,0.2176497325,0.6752510185,1.350502037,69.43531025,5.184681953,-0.3512647067
825,0.6478896815,0.2655628066,0.5909631419,1.181926284,73.97267203,4.866662108,-0.2760958107
826,0.6133284163,0.2289422389,0.5689966586,1.137993317,77.49729112,4.645323659,-0.2164857718
827,0.7122743375,0.2490232255,0.6673246324,1.334649265,68.91228792,5.22403204,-0.3597967144
828,0.6120049676,0.2759709085,0.5462509845,1.092501969,77.15563299,4.665893935,-0.2223035384
829,0.6563270552,0.2153523626,0.6199907768,1.239981554,73.74536887,4.881662476,-0.2799066124
830,0.6311430961,0.213926246,0.5937820889,1.187564178,75.97319411,4.738513422,-0.242375823
831,0.6540861055,0.2437468922,0.6069728873,1.213945775,73.6706693,4.886612317,-0.281158013
832,0.6284067186,0.233779139,0.5833029386,1.166605877,76.04983337,4.733738183,-0.2410778833
833,0.6585485878,0.229181282,0.6173833351,1.23476667,73.43100504,4.902561252,-0.2851697388
834,0.71200569,0.2148929228,0.6788027211,1.357605442,69.26647984,5.197319119,-0.3540220527
835,0.7125902608,0.231585311,0.6739088392,1.347817678,69.06705356,5.212326014,-0.3572751301
836,0.7107210231,0.2282200046,0.6730824631,1.346164926,69.24134773,5.199205559,-0.3544322493
837,0.6635816544,0.1778133846,0.6393144862,1.278628972,73.42035757,4.903272224,-0.2853478509
838,0.6894478271,0.2497545776,0.6426203835,1.285240767,70.67650713,5.093630325,-0.3309013496
839,0.68965067,0.216629927,0.6547438593,1.309487719,70.98657186,5.071381679,-0.3257897422
840,0.6640477511,0.2423543959,0.6182424788,1.236484958,72.8354084,4.942650943,-0.2951176381
841,0.6738700896,0.2047286999,0.642017957,1.284035914,72.36426484,4.974831166,-0.3029643334
842,0.6823260109,0.2247491226,0.6442488781,1.288497756,71.49951005,5.034999537,-0.3173127657
843,0.6190696712,0.1680202143,0.5958325817,1.191665163,77.39423977,4.651508964,-0.2182413541
844,0.6449203873,0.2455991448,0.5963248829,1.192649766,74.45122802,4.835380283,-0.268058552
845,0.7148089844,0.2588376647,0.6662994428,1.332598886,68.61252514,5.246855429,-0.3646732423
846,0.5869976149,0.2262837101,0.5416289158,1.083257832,80.09622004,4.494594125,-0.1719940903
847,0.6441822418,0.2098216454,0.6090530665,1.218106133,74.84427649,4.809987041,-0.2614433642
848,0.65965608,0.2212013929,0.621462861,1.242925722,73.4101594,4.903953389,-0.285518438
849,0.6679749853,0.2071305708,0.6350492167,1.270098433,72.83211468,4.942874467,-0.2951725636
850,0.6981001124,0.2640660726,0.6462297395,1.292459479,69.83299875,5.155155964,-0.3447576291
851,0.6699782959,0.2859125937,0.6059083311,1.211816662,71.82915652,5.011892349,-0.311851459
852,0.6852118903,0.2156255846,0.6504006011,1.300801202,71.3500554,5.045546187,-0.3197853556
853,0.6960046023,0.2433231742,0.6520860675,1.304172135,70.22668601,5.12625642,-0.3382996601
854,0.6782606454,0.2433432249,0.6331047133,1.266209427,71.6463276,5.024681824,-0.314881702
855,0.691389464,0.1831237401,0.6666971477,1.333394295,71.11862215,5.061965335,-0.3236099064
856,0.6447134488,0.2643599504,0.5880214687,1.176042937,74.26658868,4.847401859,-0.2711617817
857,0.7236851233,0.2204969229,0.6892758988,1.378551798,68.34134849,5.267674811,-0.3690761364
858,0.617338011,0.2111370467,0.5801097891,1.160219578,77.26496099,4.659291811,-0.2204427475
859,0.6442269141,0.2584896805,0.5900944009,1.180188802,74.37559282,4.840297554,-0.2693300896
860,0.7033055816,0.2898910657,0.640782265,1.28156453,69.10407454,5.209533626,-0.3566715633
861,0.6915932333,0.2251998359,0.6539007832,1.307801566,70.7539968,5.088051789,-0.3296247874
862,0.6653941467,0.2122979284,0.6306179193,1.261235839,73.00414426,4.9312269,-0.2923025334
863,0.684328852,0.2758043119,0.626289038,1.252578076,70.78294456,5.085970953,-0.3291477481
864,0.655171931,0.2575119784,0.6024432257,1.204886451,73.4302139,4.902614072,-0.2851829735
865,0.6765127279,0.2628950639,0.6233423268,1.246684654,71.57425938,5.029741182,-0.3160752957
866,0.6410613794,0.2440649134,0.5927832743,1.185566549,74.80863772,4.812278515,-0.262043693
867,0.6548760197,0.241353519,0.6087783506,1.217556701,73.62690679,4.889516832,-0.2818909204
868,0.6539936787,0.2114684121,0.6188609234,1.237721847,73.97842547,4.866283619,-0.2759992961
869,0.6860308851,0.2393477783,0.6429238029,1.285847606,71.05882182,5.066225288,-0.3245972812
870,0.6534478259,0.2105145814,0.6186094666,1.237218933,74.03332735,4.862674864,-0.2750781703
871,0.6510829475,0.2391332369,0.6055776578,1.211155316,73.97706181,4.866373321,-0.2760221719
872,0.6427399498,0.2087833108,0.6078849991,1.215769998,74.97956913,4.801307932,-0.2591634643
873,0.6735660501,0.1914161552,0.6457949205,1.291589841,72.49411987,4.965920003,-0.3008036756
874,0.6966697566,0.2404361251,0.6538648327,1.307729665,70.20442755,5.12788171,-0.3386652124
875,0.71440763,0.2594197329,0.6656422943,1.331284589,68.63613069,5.245050914,-0.3642895885
876,0.7598513906,0.3108034484,0.6933796596,1.386759319,64.72600399,5.561906773,-0.4269474968
877,0.6275592974,0.2252520179,0.5857407278,1.171481456,76.20378702,4.724174665,-0.238469269
878,0.6842184305,0.2570407677,0.6341016514,1.268203303,71.01485254,5.069362072,-0.3253230408
879,0.624178104,0.2497930618,0.5720154996,1.144030999,76.28525572,4.719129491,-0.2370881529
880,0.6183328709,0.2139272058,0.5801471277,1.160294255,77.15029726,4.666216629,-0.2223943333
881,0.6582700313,0.2057245502,0.6252974041,1.250594808,73.66036182,4.887296113,-0.281330651
882,0.6485791913,0.1497232537,0.6310609437,1.262121887,74.86770478,4.808481855,-0.2610486635
883,0.6732752536,0.2759987593,0.6141044308,1.228208862,71.68284972,5.022121768,-0.3142766323
884,0.7222437519,0.15335602,0.7057747292,1.411549458,68.94946222,5.221215488,-0.3591912753
885,0.669795517,0.2298114465,0.6291364984,1.258272997,72.47846046,4.966992921,-0.3010643147
886,0.6966511623,0.1923986223,0.66955628,1.33911256,70.63541986,5.096593192,-0.3315779746
887,0.68080714,0.2730168464,0.6236667086,1.247333417,71.10250633,5.063112661,-0.3238760326
888,0.7190779082,0.2550156408,0.6723392455,1.344678491,68.33556007,5.268121014,-0.3691700289
889,0.6717355843,0.2002822836,0.6411830488,1.282366098,72.57607205,4.960312536,-0.2994392775
890,0.641331499,0.2454427821,0.5925064829,1.185012966,74.77067889,4.814721564,-0.2626829914
891,0.6582532016,0.2943502647,0.5887743193,1.177548639,72.70758503,4.951340357,-0.2972484767
892,0.6894789738,0.2818778717,0.6292266053,1.258453211,70.2930985,5.121413164,-0.3372086598
893,0.7117961085,0.2600037061,0.6626098195,1.325219639,68.82674079,5.230525169,-0.3611894013
894,0.693671388,0.1408719425,0.6792165269,1.358433054,71.20333925,5.055942654,-0.3222105231
895,0.6426151486,0.1630748265,0.6215793032,1.243158606,75.30983621,4.780252064,-0.2535918858
896,0.6583809209,0.2068513682,0.6250423574,1.250084715,73.64172754,4.888532793,-0.28164273
897,0.6504837127,0.2558520595,0.5980541649,1.19610833,73.85494362,4.874419807,-0.2780701071
898,0.6401388374,0.2094949925,0.6048880717,1.209776143,75.20359402,4.787005258,-0.2553851111
899,0.6952513302,0.234400246,0.6545463596,1.309092719,70.37662507,5.115334809,-0.3358358725
900,0.7210142961,0.2795800154,0.6646026108,1.329205222,67.90040854,5.30188268,-0.3762176567
901,0.6812729357,0.255920608,0.6313774269,1.262754854,71.2655387,5.051529906,-0.3211826446
902,0.6859049102,0.2735837107,0.6289813186,1.257962637,70.6838202,5.093103329,-0.3307809001
903,0.649614148,0.2279151551,0.6083200008,1.216640002,74.21209315,4.85096141,-0.2720771502
904,0.6679501744,0.2202014141,0.630609842,1.261219684,72.72117682,4.950414938,-0.2970219693
905,0.7063844912,0.2133684596,0.6733891519,1.346778304,69.70861968,5.16435416,-0.34679455
906,0.6389712373,0.2615798553,0.5829753181,1.165950636,74.80976129,4.812206239,-0.2620247682
907,0.6282868993,0.2409017706,0.5802678388,1.160535678,75.99373398,4.737232679,-0.2420280084
908,0.6897342902,0.1574800277,0.6715157719,1.343031544,71.4196714,5.040628064,-0.3186338925
909,0.6692883877,0.2348437171,0.6267338944,1.253467789,72.47185637,4.967445544,-0.301174228
910,0.6884597056,0.2704429413,0.6331171943,1.266234389,70.51783706,5.10509135,-0.3335133843
911,0.6230393105,0.2095898658,0.5867282766,1.173456553,76.74798187,4.690677087,-0.2292346762
912,0.6564325763,0.1919794265,0.62773213,1.25546426,73.92374943,4.869882856,-0.276916381
913,0.6731699229,0.1963643995,0.6438934444,1.287786889,72.48875676,4.966287409,-0.3008929431
914,0.6924168184,0.1873536033,0.666588087,1.333176174,71.006427,5.069963597,-0.3254620914
915,0.6650412227,0.2334549531,0.6227187268,1.245437454,72.84063201,4.942296491,-0.2950305282
916,0.6606428161,0.2428903798,0.6143721948,1.22874439,73.11806892,4.923543596,-0.2904004363
917,0.6979392911,0.3010816427,0.6296579218,1.259315844,69.36441652,5.189980945,-0.3524229192
918,0.6750083743,0.162870597,0.6550644808,1.310128962,72.57200612,4.960590443,-0.2995069844
919,0.6326711203,0.2709534209,0.5717140808,1.143428162,75.2731525,4.782581678,-0.2542111565
920,0.6797588306,0.2666593852,0.625271813,1.250543626,71.26471812,5.051588072,-0.3211962076
921,0.6437767912,0.1964188062,0.6130809159,1.226161832,74.98482733,4.800971248,-0.2590748258
922,0.6648806316,0.2403013626,0.619936698,1.239873396,72.78618696,4.945993396,-0.2959383429
923,0.6914741482,0.2599621836,0.6407465651,1.28149313,70.40183249,5.11350326,-0.3354214397
924,0.6492741918,0.2006575505,0.6174896951,1.23497939,74.47312728,4.833958411,-0.2676903062
925,0.6873905276,0.2199395298,0.6512544362,1.302508872,71.13690049,5.060664684,-0.323308039
926,0.6218783864,0.2486586078,0.5700014247,1.140002849,76.51069325,4.705224652,-0.233263884
927,0.6549713846,0.2483700086,0.6060526821,1.212105364,73.5463766,4.894870647,-0.2832391597
928,0.6639145352,0.1697456619,0.6418480508,1.283696102,73.44597815,4.901561788,-0.2849192503
929,0.6306603685,0.2238842278,0.5895832028,1.179166406,75.93296488,4.741023883,-0.2430569598
930,0.6623673312,0.2407902202,0.6170498775,1.234099755,72.99325766,4.931962369,-0.2924842368
931,0.6526075367,0.1941280074,0.6230657379,1.246131476,74.23518913,4.849452183,-0.271689234
932,0.6961722598,0.2114854991,0.6632719645,1.326543929,70.51697345,5.105153871,-0.333527594
933,0.6806508641,0.2480403903,0.6338466404,1.267693281,71.40222184,5.041859913,-0.3189225561
934,0.6228880435,0.1936603834,0.5920178803,1.184035761,76.87956154,4.682648975,-0.2269987283
935,0.7052286131,0.2396491907,0.663261383,1.326522766,69.54820809,5.176265642,-0.3494191508
936,0.6218582202,0.2356006214,0.5754997769,1.150999554,76.63728896,4.697452179,-0.2311147572
937,0.6886480064,0.1916771184,0.6614347731,1.322869546,71.27258838,5.051030252,-0.3210661211
938,0.6206747185,0.1969853035,0.5885863543,1.177172709,77.05997215,4.67168609,-0.2239310469
939,0.7043629364,0.2826341798,0.6451705717,1.290341143,69.11856781,5.208441254,-0.3564352335
940,0.6257967998,0.2448387407,0.575912863,1.151825726,76.1846259,4.725362837,-0.2387940321
941,0.6966194479,0.3045698171,0.6265108791,1.253021758,69.41693378,5.186054474,-0.3515649805
942,0.6104850005,0.2019408366,0.5761178997,1.152235799,77.977708,4.616704046,-0.2082922417
943,0.6604979759,0.1874325473,0.6333455742,1.266691148,73.61216939,4.890495729,-0.2821376962
944,0.6808710395,0.2402506088,0.6370753624,1.274150725,71.46579931,5.037374569,-0.3178706681
945,0.6872411446,0.2496020986,0.6403117859,1.280623572,70.8542654,5.080851491,-0.3279720711
946,0.6345558173,0.1980053393,0.6028722675,1.205744535,75.79009055,4.749961339,-0.2454750503
947,0.6499266844,0.1707065322,0.6271076263,1.254215253,74.6279876,4.823927478,-0.2650851486
948,0.6879696508,0.2347187967,0.6466910599,1.29338212,70.95022106,5.073979963,-0.3263895041
949,0.7179167384,0.2928533768,0.6554703219,1.310940644,67.95663623,5.297495873,-0.3753082164
950,0.6856425457,0.1984830577,0.6562851334,1.312570267,71.45951504,5.037817564,-0.3179746587
951,0.6547337479,0.2460326677,0.6067488831,1.213497766,73.59127765,4.891884086,-0.2824874935
952,0.6290971071,0.2131678507,0.591880594,1.183761188,76.16500708,4.726580011,-0.2391265252
953,0.700930989,0.2487162318,0.6553201411,1.310640282,69.78510929,5.158693648,-0.3455420941
954,0.6772063158,0.167081791,0.6562713382,1.312542676,72.36614633,4.974701822,-0.3029330382
955,0.6301261461,0.2094728931,0.5942895481,1.188579096,76.10116597,4.730545129,-0.2402082883
956,0.6357863126,0.1881077225,0.6073217598,1.21464352,75.75140408,4.752387159,-0.2461295412
957,0.6793249079,0.2505538946,0.6314309751,1.26286195,71.48298882,5.036163232,-0.3175862008
958,0.6552143397,0.2476166336,0.6066233046,1.213246609,73.53336454,4.895736816,-0.2834569557
959,0.6925145644,0.2060685147,0.6611446053,1.322289211,70.85090953,5.081092146,-0.3280274018
960,0.7057669275,0.2699177282,0.6521130086,1.304226017,69.16987191,5.204578092,-0.3555984767
961,0.7001696295,0.2308527101,0.6610178033,1.322035607,70.02704536,5.140870904,-0.3415765416
962,0.6960215252,0.2370823126,0.6543989154,1.308797831,70.28935093,5.121686219,-0.3372702356
963,0.6420203114,0.1878028223,0.6139382544,1.227876509,75.20169268,4.787126289,-0.2554171951
964,0.6618867424,0.2593276152,0.6089690039,1.217938008,72.83549558,4.942645027,-0.2951161843
965,0.6008235093,0.1926565771,0.5690978234,1.138195647,78.96435422,4.559019112,-0.1914196643
966,0.6955314642,0.2379335256,0.6535684013,1.307136803,70.31922241,5.119510536,-0.3367793815
967,0.636183613,0.1570717778,0.6164884801,1.23297696,75.91063233,4.74241867,-0.2434350292
968,0.6891010879,0.2238737882,0.6517214407,1.303442881,70.96427625,5.07297501,-0.3261576192
969,0.6811978974,0.2558191982,0.6313375588,1.262675118,71.27275971,5.051018109,-0.3210632891
970,0.6565082614,0.2305587832,0.6146915851,1.22938317,73.59232079,4.891814745,-0.2824700287
971,0.6386668442,0.2240683018,0.5980708436,1.196141687,75.21090726,4.786539787,-0.2552617014
972,0.6192660465,0.2614901766,0.5613495559,1.122699112,76.62336564,4.698305758,-0.2313511791
973,0.65090236,0.2624687267,0.5956375154,1.191275031,73.7445583,4.881716133,-0.279920194
974,0.6420920854,0.1892826612,0.6135587342,1.227117468,75.18489687,4.788195701,-0.255700603
975,0.6465618423,0.2358929733,0.6019939544,1.203987909,74.4033125,4.838494254,-0.2688641359
976,0.6901214577,0.228239314,0.6512867586,1.302573517,70.84194045,5.081735448,-0.3281752761
977,0.6537366651,0.1781312631,0.628999905,1.25799981,74.25208356,4.848348797,-0.27140545
978,0.6695235034,0.2207307831,0.6320914831,1.264182966,72.58545303,4.959671462,-0.299283057
979,0.6559412197,0.1746475498,0.632263487,1.264526974,74.08710183,4.8591454,-0.2741757147
980,0.6786118125,0.229632371,0.6385788646,1.277157729,71.75467254,5.017094877,-0.3130863563
981,0.6619964311,0.2155506442,0.625921077,1.251842154,73.26188494,4.913878483,-0.2879976316
982,0.6881414133,0.2876779322,0.6251239974,1.250247995,70.32341607,5.119205239,-0.336710463
983,0.6525190888,0.262068765,0.5975793869,1.195158774,73.60847256,4.890741344,-0.2821995961
984,0.66096589,0.2807702674,0.5983677503,1.196735501,72.65592188,4.954861086,-0.2981092915
985,0.6774997942,0.3012064349,0.6068613142,1.213722628,70.99604456,5.070705026,-0.325633428
986,0.6632818656,0.2471084328,0.6155324977,1.231064995,72.85066613,4.941615762,-0.2948631907
987,0.6681246202,0.2300268161,0.6272783848,1.25455677,72.61552306,4.957617667,-0.2987822504
988,0.6243061463,0.1705958818,0.6005457596,1.201091519,76.89938562,4.681441823,-0.2266617513
989,0.6962881788,0.2506932082,0.6495922901,1.29918458,70.12588688,5.133624914,-0.3399546827
990,0.7072606566,0.2425205023,0.6643804952,1.32876099,69.36272408,5.190107579,-0.3524505625
991,0.6893890959,0.269227593,0.6346446475,1.269289295,70.458467,5.109393027,-0.3344900806
992,0.6809252263,0.2546972381,0.6314970156,1.262994031,71.30739041,5.048565063,-0.3204908101
993,0.684401101,0.2799498123,0.6245261961,1.249052392,70.72460955,5.090165959,-0.330108983
994,0.7179283527,0.259560779,0.6693648644,1.338729729,68.37034629,5.265440641,-0.3686057138
995,0.7390975579,0.1972935829,0.712278346,1.424556692,67.41561019,5.340009517,-0.3840437805
996,0.6677612763,0.273655468,0.6091123106,1.218224621,72.1709643,4.988155604,-0.306177775
997,0.6486707871,0.2546508309,0.5965959641,1.193191928,74.02639068,4.863130523,-0.2751945654
998,0.6354710122,0.2116629948,0.5991845993,1.198369199,75.60188835,4.761785821,-0.2486579645
999,0.6359322142,0.182701213,0.6091223587,1.218244717,75.77541537,4.750881249,-0.2457233355
1000,0.6671678215,0.1901014911,0.6395110047,1.279022009,73.03320849,4.929264473,-0.2918173838
1001,0.6213527294,0.2073223976,0.5857445158,1.171489032,76.92114025,4.68011783,-0.226291927
1002,0.7057265355,0.258150742,0.6568166695,1.313633339,69.31071753,5.194001921,-0.353299857
1003,0.6414163676,0.2359107228,0.5964571128,1.192914226,74.85716527,4.809158865,-0.2612262299
1004,0.6784397833,0.2594987026,0.6268500322,1.253700064,71.45566844,5.03808876,-0.3180383094
1005,0.6748656377,0.242121292,0.6299372261,1.259874452,71.93711794,5.004370627,-0.3100605916
1006,0.6534198911,0.2170919829,0.6163023812,1.232604762,73.97975539,4.866196138,-0.2759769861
1007,0.6809527808,0.2041988272,0.649614908,1.299229816,71.79091264,5.014562244,-0.3124855844
1008,0.6342171293,0.2546569244,0.5808452616,1.161690523,75.31389376,4.779994527,-0.2535233826
1009,0.6722095238,0.290971483,0.6059713194,1.211942639,71.57567156,5.029641946,-0.316051912
1010,0.6557450103,0.2560063216,0.6037071159,1.207414232,73.39750631,4.904798788,-0.2857300763
1011,0.6631423106,0.1709370516,0.6407325874,1.281465175,73.50295258,4.897762435,-0.2839659343
1012,0.6560370972,0.231284187,0.6139155461,1.227831092,73.6258128,4.889589484,-0.2819092397
1013,0.6327358466,0.2400445313,0.5854342615,1.170868523,75.59626486,4.762140043,-0.248753029
1014,0.6380737887,0.1775956272,0.6128604678,1.225720936,75.61909226,4.760702479,-0.2483671194
1015,0.675579766,0.186046624,0.6494572148,1.29891443,72.36890064,4.974512488,-0.3028872249
1016,0.6684816648,0.2389213673,0.6243270909,1.248654182,72.49848409,4.965621068,-0.3007310326
1017,0.6896572709,0.2620872662,0.6379164649,1.27583293,70.52162448,5.104817177,-0.3334510653
1018,0.6383297208,0.2057057883,0.6042763946,1.208552789,75.39443982,4.774887921,-0.2521632669
1019,0.6474049546,0.1723847399,0.6240325926,1.248065185,74.83529564,4.810564279,-0.2615946545
1020,0.676257443,0.2522622888,0.6274455091,1.254891018,71.71511671,5.019862151,-0.3137419521
1021,0.6670813731,0.2064969062,0.634315841,1.268631682,72.91183988,4.937469698,-0.2938428092
1022,0.6664565125,0.1701439272,0.6443720409,1.288744082,73.23122412,4.91593585,-0.2885100496
1023,0.6415578709,0.2242189732,0.6011009514,1.202201903,74.95269927,4.803029157,-0.2596163802
1024,0.6647501239,0.2759770815,0.6047556347,1.209511269,72.39544307,4.972688677,-0.3024457004
1025,0.6422266244,0.2476491926,0.5925579418,1.185115884,74.6685613,4.821306233,-0.2644022714
1026,0.6444397441,0.2319255266,0.6012596228,1.202519246,74.6276303,4.823950574,-0.2650911615
1027,0.6549418263,0.2471572047,0.6065163741,1.213032748,73.56164084,4.893854948,-0.2829836481
1028,0.6569640555,0.2413367285,0.6110305669,1.222061134,73.44775045,4.901443513,-0.2848895998
1029,0.6554472822,0.204485788,0.6227332513,1.245466503,73.91117566,4.87071132,-0.277127246
1030,0.6745977756,0.2644966875,0.6205833233,1.241166647,71.71299649,5.020010565,-0.3137770883
1031,0.727293689,0.2037796086,0.6981618589,1.396323718,68.22042876,5.277011689,-0.3710367612
1032,0.6564217036,0.1815475008,0.6308168973,1.261633795,73.99952846,4.864895865,-0.2756452669
1033,0.6937872537,0.2168298633,0.6590338108,1.318067622,70.65738749,5.095008644,-0.331216233
1034,0.6825474917,0.2513404875,0.6345857213,1.269171443,71.21290822,5.05526328,-0.3220524156
1035,0.6677241889,0.2328224883,0.6258188886,1.251637777,72.62202458,4.957173834,-0.2986739588
1036,0.6705693742,0.2674100665,0.6149432022,1.229886404,72.01212576,4.999158075,-0.3088157112
1037,0.6994701846,0.256578881,0.6507117772,1.301423554,69.81215948,5.156694803,-0.3450990214
1038,0.6833349918,0.2549900345,0.6339769659,1.267953932,71.10907019,5.0626453,-0.3237676444
1039,0.6782351949,0.231940613,0.6373433389,1.274686678,71.76308226,5.016506937,-0.3129469549
1040,0.6368166903,0.1943752057,0.6064270578,1.212854116,75.61493706,4.76096409,-0.2484373682
1041,0.5961470137,0.1873122334,0.565955289,1.131910578,79.45130016,4.531077519,-0.1830711992
1042,0.6689434301,0.1716502165,0.6465458344,1.293091669,73.01487954,4.930501869,-0.2921233454
1043,0.6833275341,0.3030083298,0.6124724246,1.224944849,70.49595542,5.106675949,-0.3338734007
1044,0.6907873638,0.2245144415,0.6532843543,1.306568709,70.82429047,5.083001857,-0.3284662501
1045,0.6405841807,0.2023773768,0.607775855,1.21555171,75.2205528,4.785926008,-0.2550989283
1046,0.6743347107,0.1800817784,0.6498444853,1.299688971,72.51346406,4.964595261,-0.3004816752
1047,0.675777352,0.1983047998,0.6460264978,1.292052996,72.25962859,4.982035018,-0.3047042441
1048,0.6808124893,0.1629311285,0.661028814,1.322057628,72.10006623,4.9930606,-0.3073555177
1049,0.6621992094,0.2277513106,0.6218015225,1.243603045,73.13458919,4.922431424,-0.2901245169
1050,0.6579392459,0.2053473945,0.6250731948,1.25014639,73.6915682,4.885226476,-0.2808079535
1051,0.7173654205,0.2644002185,0.6668625578,1.333725116,68.35666737,5.266494314,-0.3688276346
1052,0.6152798872,0.2155172413,0.5762999725,1.152599945,77.42357654,4.649746448,-0.2177416446
1053,0.7099047543,0.2267872108,0.6727052261,1.345410452,69.3170964,5.193523945,-0.3531957023
1054,0.6298572212,0.1948474827,0.5989612488,1.197922498,76.23599029,4.7221791,-0.2379233934
1055,0.6659079408,0.215611138,0.63003589,1.26007178,72.93248597,4.936071974,-0.2934983556
1056,0.6673599245,0.2203008868,0.6299498298,1.25989966,72.7695257,4.947125827,-0.2962160987
1057,0.6532427961,0.2718857272,0.5939733176,1.187946635,73.43056676,4.902590513,-0.2851770707
1058,0.6917727432,0.2790599784,0.6329889862,1.265977972,70.14717412,5.132067036,-0.3396052546
1059,0.6274197999,0.20405637,0.5933098711,1.186619742,76.38915858,4.712710634,-0.2353260218
1060,0.6844936779,0.2766223702,0.6261083447,1.252216689,70.75939894,5.087663341,-0.3295357702
1061,0.6809395829,0.2687134329,0.6256770785,1.251354157,71.14414442,5.060149404,-0.323188396
1062,0.6443643097,0.2095647317,0.6093340519,1.218668104,74.83039286,4.81087946,-0.2616772436
1063,0.6406951963,0.1978117882,0.6093938225,1.218787645,75.24557473,4.784334511,-0.2546766378
1064,0.6226412817,0.1598277501,0.601778411,1.203556822,77.1129815,4.668474659,-0.2230292588
1065,0.6835301538,0.2781713347,0.6243670232,1.248734046,70.8175266,5.083487341,-0.3285777495
1066,0.6829995738,0.2185817094,0.6470783987,1.294156797,71.50167112,5.034847359,-0.3172769969
1067,0.6334789042,0.2715817304,0.5723101307,1.144620261,75.19207748,4.787738443,-0.2555794421
1068,0.6651443054,0.2693173348,0.6081818151,1.21636363,72.44363739,4.969380514,-0.3016438377
1069,0.6808724414,0.203573141,0.649727064,1.299454128,71.80255525,5.013749145,-0.3122925519
1070,0.6107222069,0.1902611141,0.5803294947,1.160658989,78.03507147,4.613310313,-0.2073129153
1071,0.6909226127,0.2831507519,0.630237819,1.260475638,70.16182305,5.130995523,-0.3393647665
1072,0.6943589766,0.1802203609,0.6705632035,1.341126407,70.90525999,5.077197376,-0.3271311473
1073,0.7148868627,0.1969112524,0.6872329919,1.374465984,69.19942427,5.202355421,-0.3551163558
1074,0.6788045552,0.179510816,0.654638443,1.309276886,72.15286526,4.989406847,-0.3064784767
1075,0.6999150279,0.2953914763,0.6345273217,1.269054643,69.29105989,5.195475442,-0.3536208008
1076,0.6959402089,0.2625204261,0.6445275791,1.289055158,70.02010403,5.141380536,-0.3416904015
1077,0.677786816,0.1811666036,0.6531260442,1.306252088,72.2239302,4.984497507,-0.3052976113
1078,0.6431969099,0.2492525247,0.5929379764,1.185875953,74.56588131,4.827945351,-0.2661301732
1079,0.6422464759,0.2255574346,0.6013354967,1.202670993,74.87977287,4.807706891,-0.2608453332
1080,0.7239266716,0.3133581731,0.6525921247,1.305184249,67.21900233,5.355628431,-0.3872098262
1081,0.6724547427,0.2368303647,0.6293701291,1.258740258,72.18954094,4.986871995,-0.3058691064
1082,0.688719207,0.2095488536,0.6560666308,1.312133262,71.12248975,5.061690068,-0.3235460356
1083,0.668302072,0.2296785938,0.6275949355,1.255189871,72.60404616,4.958401343,-0.2989734041
1084,0.6406079274,0.2701912271,0.5808400963,1.161680193,74.56438594,4.828042174,-0.266155331
1085,0.6653361028,0.1558118587,0.6468344412,1.293668882,73.41282084,4.903775606,-0.2854739203
1086,0.6680887673,0.2316024954,0.6266601033,1.253320207,72.60339445,4.958445851,-0.2989842583
1087,0.6358742183,0.1992864479,0.6038384993,1.207676999,75.66262838,4.757963181,-0.2476310082
1088,0.6907989277,0.2048713315,0.6597203165,1.319440633,70.99664305,5.070662281,-0.3256235516
1089,0.6722887905,0.2125359764,0.6378092791,1.275618558,72.42880006,4.970398512,-0.3018907258
1090,0.7080618729,0.2589665629,0.6590052619,1.318010524,69.12261689,5.208136153,-0.3563692044
1091,0.7108273811,0.2531176432,0.6642341638,1.328468328,68.97745233,5.219096789,-0.3587353147
1092,0.6507397237,0.2193412191,0.612659463,1.225318926,74.19159845,4.85230144,-0.2724213387
1093,0.6775079945,0.2564990386,0.6270768102,1.25415362,71.56575186,5.030339103,-0.3162161643
1094,0.6550013894,0.2177181082,0.6177585657,1.235517131,73.83837857,4.875513344,-0.2783478076
1095,0.6741342109,0.2316291573,0.6330915162,1.266183032,72.10213519,4.992917326,-0.3073211554
1096,0.6860003597,0.2806852495,0.6259491067,1.251898213,70.58656298,5.100120828,-0.3323823276
1097,0.6404125012,0.2067691947,0.6061144049,1.21222881,75.20125136,4.787154382,-0.2554246421
1098,0.6578429749,0.2399416389,0.6125237869,1.225047574,73.38659033,4.905528359,-0.2859126482
1099,0.6841445992,0.2005974735,0.6540752909,1.308150582,71.56278574,5.030547599,-0.3162652761
1100,0.6911056222,0.2098576125,0.6584730545,1.316946109,70.93028836,5.075405843,-0.3267183235
1101,0.6955244195,0.2228402968,0.6588599398,1.31771988,70.4660324,5.108844471,-0.3343656422
1102,0.6344734459,0.1841027593,0.6071760268,1.214352054,75.89605211,4.743329726,-0.243681839
1103,0.6980627884,0.2832708629,0.6380041339,1.276008268,69.59841851,5.172531326,-0.3485979182
1104,0.6289296404,0.2354792773,0.5831826494,1.166365299,75.98624404,4.737699627,-0.2421548439
1105,0.6050448161,0.2367557892,0.5567997179,1.113599436,78.22389176,4.602174501,-0.2040878563
1106,0.666105179,0.2384115626,0.6219775208,1.243955042,72.70237775,4.951694994,-0.2973352516
1107,0.7103724091,0.2416052279,0.6680238569,1.336047714,69.13478114,5.207219782,-0.3561708291
1108,0.684810181,0.1532133436,0.6674508636,1.334901727,71.8373241,5.01132252,-0.3117160135
1109,0.6615630158,0.2110491389,0.626995921,1.253991842,73.3370765,4.908840346,-0.2867406461
1110,0.6807569722,0.2414488126,0.6365002169,1.273000434,71.46276436,5.037588501,-0.3179208903
1111,0.6946312522,0.2552953836,0.6460161326,1.292032265,70.20530322,5.12781775,-0.3386508321
1112,0.612125307,0.2450549694,0.5609326639,1.121865328,77.4667452,4.647155358,-0.2170062253
1113,0.6286858415,0.2293003123,0.585377873,1.170755746,76.06500321,4.732794121,-0.2408209202
1114,0.6662587182,0.2282195701,0.6259524802,1.25190496,72.78863904,4.945826777,-0.2958974627
1115,0.6891292293,0.2954675208,0.6225737216,1.245147443,70.13820713,5.132723158,-0.3397524526
1116,0.7253874616,0.2790450565,0.6695676411,1.339135282,67.58456058,5.326660363,-0.3813194987
1117,0.6757316677,0.2007150965,0.6452338621,1.290467724,72.24417683,4.983100587,-0.3049610927
1118,0.7064873315,0.271725637,0.6521422603,1.304284521,69.09268263,5.210392567,-0.3568573058
1119,0.6860092418,0.2420105782,0.6419030767,1.283806153,71.0332246,5.06805093,-0.3250198137
1120,0.6212811486,0.1476427365,0.6034831299,1.20696626,77.30095154,4.657122491,-0.2198300031
1121,0.631078301,0.1934212531,0.600706285,1.20141257,76.135952,4.728383774,-0.2396188894
1122,0.6266074413,0.2379680533,0.579662049,1.159324098,76.17593041,4.725902238,-0.2389414038
1123,0.6718931526,0.1915406225,0.6440128868,1.288025774,72.6308701,4.956570113,-0.2985266186
1124,0.585352071,0.1856134966,0.5551438344,1.110287669,80.52632328,4.47058782,-0.1645944614
1125,0.6386874374,0.2085547684,0.6036775226,1.207355045,75.33998406,4.778339211,-0.2530828716
1126,0.71697067,0.2082402507,0.6860633642,1.372126728,68.94965544,5.221200856,-0.359188128
1127,0.7102509644,0.2380008269,0.6691875961,1.338375192,69.18085438,5.203751865,-0.3554193184
1128,0.7029684373,0.2524295632,0.6560822658,1.312164532,69.5869729,5.1733821,-0.3487851442
1129,0.6551340342,0.2786383916,0.5929260068,1.185852014,73.18355705,4.919137775,-0.2893065201
1130,0.6497079989,0.2684392658,0.5916593989,1.183318798,73.77968257,4.879392097,-0.2793316145
1131,0.6640930835,0.1836050898,0.6382074855,1.276414971,73.33721858,4.908830836,-0.2867382704
1132,0.6528115958,0.215445996,0.6162353466,1.232470693,74.04637483,4.861818027,-0.2748592267
1133,0.6346187677,0.1952072201,0.6038502476,1.207700495,75.80504941,4.749024014,-0.2452219489
1134,0.6459906064,0.2165184394,0.6086243743,1.217248749,74.62968629,4.823817678,-0.2650565614
1135,0.7228071661,0.2366056544,0.6829845999,1.3659692,68.2523902,5.274540554,-0.3705186901
1136,0.6678956441,0.1803226377,0.6430927909,1.286185582,73.04307976,4.928598317,-0.2916525922
1137,0.669331948,0.2424933955,0.6238607294,1.247721459,72.39124082,4.972977337,-0.3025156077
1138,0.6654287244,0.1871099245,0.6385806632,1.277161326,73.20028631,4.918013551,-0.2890270131
1139,0.6866203069,0.2683916348,0.6319915951,1.26398319,70.68973364,5.092677274,-0.3306834993
1140,0.700919933,0.3108059981,0.6282422972,1.256484594,68.98973654,5.218167485,-0.3585351771
1141,0.629235117,0.2595012377,0.5732328847,1.146465769,75.71674459,4.754562573,-0.246715809
1142,0.6342713758,0.2324455571,0.5901434073,1.180286815,75.52924118,4.766365905,-0.2498858726
1143,0.6493290895,0.2106331506,0.6142165272,1.228433054,74.38823768,4.839474777,-0.2691175437
1144,0.7054937596,0.2301611028,0.6668937784,1.333787557,69.62220269,5.170764298,-0.348208815
1145,0.656914891,0.2490690637,0.6078665771,1.215733154,73.37193336,4.9065083,-0.2861577726
1146,0.7004134064,0.311591204,0.6272877023,1.254575405,69.01705796,5.216101796,-0.3580899904
1147,0.6821686912,0.2807141399,0.6217344248,1.24346885,70.89512251,5.077923378,-0.3272983397
1148,0.6751325576,0.2190003237,0.6386257344,1.277251469,72.13790918,4.990441283,-0.3067269377
1149,0.6918732946,0.2404359625,0.6487520356,1.297504071,70.58216595,5.100438548,-0.332454706
1150,0.6725014285,0.2691192828,0.6163059167,1.232611833,71.83129125,5.011743402,-0.3118160587
1151,0.6892248785,0.2261004261,0.6510833514,1.302166703,70.93355122,5.07517238,-0.3266645004
1152,0.6525243205,0.2186363503,0.6148057703,1.229611541,74.0434731,4.86200856,-0.2749079205
1153,0.6891188505,0.2061613586,0.6575578183,1.315115637,71.11931076,5.061916323,-0.3235985346
1154,0.6698426552,0.2830595025,0.6070967804,1.214193561,71.87788711,5.008494469,-0.3110432512
1155,0.5926083706,0.1588342518,0.5709258808,1.141851762,79.9498786,4.502821096,-0.1745096046
1156,0.6830847395,0.2141236522,0.6486569378,1.297313876,71.53438818,5.032544615,-0.3167354278
1157,0.6543981269,0.2393533569,0.6090540855,1.218108171,73.68812529,4.885454726,-0.2808656251
1158,0.6990840972,0.2408678041,0.6562783525,1.312556705,70.0113495,5.142023437,-0.3418339965
1159,0.6707664671,0.2010897846,0.639914488,1.279828976,72.64969703,4.955285634,-0.2982129939
1160,0.6673840126,0.1846331372,0.6413361247,1.282672249,73.05514098,4.927784618,-0.2914512297
1161,0.686466823,0.256697363,0.6366656602,1.27333132,70.83803145,5.08201587,-0.3282397219
1162,0.6908374846,0.2925651858,0.6258290838,1.251658168,70.04259341,5.139729734,-0.3413214858
1163,0.6433747316,0.1640139158,0.6221177386,1.244235477,75.23784685,4.784825923,-0.2548070649
1164,0.629411273,0.2166362139,0.5909545679,1.181909136,76.10803257,4.730118331,-0.2400919507
1165,0.6496175272,0.2008764405,0.6177795621,1.235559124,74.44166969,4.836001147,-0.2682192671
1166,0.6573614084,0.254437016,0.6061236063,1.212247213,73.27587473,4.912940327,-0.2877638002
1167,0.6899357911,0.2423003395,0.6459891186,1.291978237,70.71665421,5.090738582,-0.3302400434
1168,0.6779463059,0.2427034191,0.6330136207,1.266027241,71.67863005,5.022417417,-0.314346547
1169,0.6908511944,0.2612716049,0.6395408675,1.279081735,70.4361751,5.111010067,-0.3348567118
1170,0.6267576894,0.2600787014,0.5702493055,1.140498611,75.93890055,4.740653307,-0.2429564682
1171,0.7256175551,0.2986065161,0.6613281975,1.322656395,67.30875596,5.348486907,-0.3857650553
1172,0.6572205618,0.1785166016,0.6325114148,1.26502283,73.95237325,4.867997931,-0.2764363031
1173,0.7251737358,0.2428137297,0.6833143052,1.36662861,68.01441469,5.292995634,-0.3743733171
1174,0.7185096088,0.1341734773,0.7058707643,1.411741529,69.33341048,5.192301915,-0.3529293049
1175,0.683975551,0.2475639937,0.6376006771,1.275201354,71.13837135,5.060560049,-0.3232837462
1176,0.6614364074,0.1760356506,0.6375810308,1.275162062,73.61258627,4.890468033,-0.2821307157
1177,0.674318932,0.232751157,0.6328767028,1.265753406,72.07603095,4.994725643,-0.3077546798
1178,0.7041578998,0.1927676526,0.6772584292,1.354516858,70.04958583,5.139216681,-0.3412067716
1179,0.6755730191,0.2952695233,0.6076304903,1.215260981,71.23848947,5.05344797,-0.3216296939
1180,0.6599424577,0.2378994781,0.6155711866,1.231142373,73.22797041,4.916154278,-0.2885644223
1181,0.6893455194,0.2379926542,0.6469596136,1.293919227,70.80773512,5.084190299,-0.3287391497
1182,0.7243226616,0.2370491448,0.6844348187,1.368869637,68.13587758,5.283560039,-0.3724067152
1183,0.6315927799,0.2279901471,0.5890075827,1.178015165,75.8121041,4.748582094,-0.2451025789
1184,0.6719008011,0.2484954797,0.6242601085,1.248520217,72.11494758,4.992030253,-0.3071083512
1185,0.6845914483,0.2169500132,0.6493058931,1.298611786,71.38812101,5.042855798,-0.3191558008
1186,0.7350710603,0.244535358,0.6932040987,1.386408197,67.27496842,5.351173081,-0.3863090472
1187,0.7191943567,0.2176682571,0.6854641148,1.37092823,68.7007813,5.240115079,-0.3632385257
1188,0.6304381814,0.1480205394,0.6128149969,1.225629994,76.47096948,4.707668838,-0.2339380125
1189,0.6619981183,0.2212020953,0.623948028,1.247896056,73.21174121,4.917244066,-0.2888356144
1190,0.6816179097,0.2516374313,0.6334678981,1.266935796,71.28491379,5.050156911,-0.3208623837
1191,0.6494931344,0.2145461754,0.6130344773,1.226068955,74.34114257,4.842540584,-0.269909093
1192,0.6550962556,0.2439886673,0.6079643364,1.215928673,73.58114086,4.892558008,-0.2826572036
1193,0.6621568858,0.2480573431,0.6139375342,1.227875068,72.93582352,4.935846099,-0.2934426693
1194,0.6500996648,0.1923566617,0.6209899266,1.241979853,74.46455114,4.834515141,-0.2678345224
1195,0.6454803353,0.2222062734,0.6060274213,1.212054843,74.62486307,4.824129455,-0.2651377307
1196,0.6548632515,0.1783139499,0.6301190471,1.260238094,74.15453551,4.854726653,-0.273043686
1197,0.6919495129,0.2295826707,0.6527525762,1.305505152,70.68409617,5.093083445,-0.3307763548
1198,0.6700578321,0.2688701835,0.6137477681,1.227495536,72.03726593,4.997413427,-0.3083983494
1199,0.6592688099,0.2455390421,0.6118381669,1.223676334,73.20767881,4.917516931,-0.2889034939
1200,0.729037357,0.25095997,0.6844812353,1.368962471,67.64490146,5.321908854,-0.3803457128
1201,0.679658501,0.2528748934,0.6308644595,1.261728919,71.4304899,5.039864637,-0.3184549101
1202,0.6365047244,0.2377775304,0.5904236701,1.18084734,75.27789288,4.782280511,-0.2541311382
1203,0.7186260689,0.2305520408,0.6806388054,1.361277611,68.62306315,5.246049702,-0.3645019788
1204,0.6584367656,0.2359876649,0.6146940673,1.229388135,73.37511734,4.906295391,-0.286104525
1205,0.6432217769,0.2285807433,0.601236308,1.202472616,74.76610776,4.815015932,-0.2627599702
1206,0.6617166928,0.2784427239,0.6002821262,1.200564252,72.62155981,4.957205559,-0.2986817002
1207,0.6507529646,0.173364582,0.6272353169,1.254470634,74.53973252,4.829639011,-0.2665700696
1208,0.6834123696,0.2450849221,0.6379544246,1.275908849,71.21005585,5.055465773,-0.3220995461
1209,0.6790827363,0.1618123147,0.6595226589,1.319045318,72.24696661,4.982908167,-0.3049147209
1210,0.6538064661,0.2024847803,0.6216613297,1.243322659,74.06778074,4.860412941,-0.2744999935
1211,0.6729773655,0.2217095167,0.6354080773,1.270816155,72.29067522,4.979895387,-0.3041881008
1212,0.7196642213,0.3196933867,0.6447578847,1.289515769,67.43562325,5.338424747,-0.3837212489
1213,0.6606965319,0.2184217648,0.6235477848,1.24709557,73.34666196,4.908198825,-0.2865803694
1214,0.6088916104,0.2171429256,0.5688566981,1.137713396,78.01592373,4.614442575,-0.2076398345
1215,0.6226309721,0.1588563637,0.6020249024,1.204049805,77.11924297,4.668095616,-0.2229227267
1216,0.6711822027,0.2324934282,0.6296287438,1.259257488,72.33755343,4.976668175,-0.3034085919
1217,0.6492228486,0.2168038236,0.6119529469,1.223905894,74.34529705,4.842269979,-0.2698392741
1218,0.6267676179,0.1893289751,0.5974882309,1.194976462,76.55501091,4.7025008,-0.2325116632
1219,0.6196000909,0.1730680002,0.5949384337,1.189876867,77.31566352,4.656236312,-0.2195795045
1220,0.6640762135,0.2359756242,0.6207356299,1.24147126,72.89713283,4.938465835,-0.2940881542
1221,0.687126648,0.1962660256,0.6585003247,1.317000649,71.35833759,5.044960577,-0.3196483912
1222,0.6371580299,0.2392640427,0.5905277919,1.181055584,75.20488102,4.786923337,-0.2553633934
1223,0.6387538983,0.2215673522,0.5990946929,1.198189386,75.22513259,4.785634636,-0.2550216398
1224,0.6627492046,0.2125702791,0.6277343265,1.255468653,73.22406542,4.916416453,-0.2886296774
1225,0.6765350678,0.3231300872,0.5943792095,1.188758419,70.73855772,5.089162285,-0.3298791785
1226,0.6854358584,0.2051240617,0.6540232681,1.308046536,71.42210221,5.040456509,-0.3185936779
1227,0.667204401,0.2424513517,0.6215939629,1.243187926,72.56928809,4.960776238,-0.2995522449
1228,0.6605758366,0.2285299123,0.6197858623,1.239571725,73.26474507,4.913686653,-0.2879498276
1229,0.6829723,0.2435673159,0.6380643582,1.276128716,71.26147472,5.05181799,-0.3212498155
1230,0.6178299335,0.2433355067,0.5678922943,1.135784589,76.94200907,4.678848452,-0.2259371307
1231,0.6526256382,0.2563266049,0.6001807189,1.200361438,73.66350125,4.887087823,-0.2812780702
1232,0.6487834786,0.2434854686,0.601360814,1.202721628,74.1336814,4.856092308,-0.2733938105
1233,0.6867703635,0.1704298158,0.665287314,1.330574628,71.57349284,5.02979505,-0.3160879885
1234,0.6808051388,0.2446289233,0.6353363888,1.270672778,71.42581931,5.040194197,-0.3185321822
1235,0.6723916861,0.2499023695,0.6242270302,1.24845406,72.05922092,4.995890816,-0.3080338175
1236,0.6676851148,0.2488527453,0.6195770522,1.239154104,72.4620291,4.968119227,-0.301337778
1237,0.5867282359,0.1622288553,0.5638544328,1.127708866,80.51056198,4.471463013,-0.1648657899
1238,0.6325324769,0.2063299143,0.5979341944,1.195868389,75.90841488,4.742557206,-0.2434725666
1239,0.6701485539,0.1680384473,0.6487389032,1.297477806,72.93866003,4.935654149,-0.293395342
1240,0.635598036,0.1766853073,0.6105466121,1.221093224,75.84474027,4.746538767,-0.2445503052
1241,0.666866882,0.2340008198,0.6244638137,1.248927627,72.68221863,4.953068395,-0.2976711634
1242,0.6283097834,0.2553747646,0.5740704779,1.148140956,75.84587563,4.746467715,-0.2445310911
1243,0.696910496,0.2204398321,0.6611282174,1.322256435,70.37946179,5.11512863,-0.3357892375
1244,0.7210164321,0.2420844763,0.6791611014,1.358322203,68.32959892,5.268580611,-0.3692667194
1245,0.7173026861,0.3145926146,0.6446352692,1.289270538,67.6894289,5.318407997,-0.3796268547
1246,0.6225171892,0.2608514642,0.5652293026,1.130458605,76.32491813,4.716677185,-0.2364155937
1247,0.6552120206,0.2343095662,0.6118838282,1.223767656,73.66761921,4.88681464,-0.2812090994
1248,0.6763051095,0.1970741557,0.6469546957,1.293909391,72.22616329,4.984343396,-0.305260497
1249,0.6453943363,0.2070988896,0.6112641812,1.222528362,74.76011205,4.815402093,-0.2628609365
1250,0.7413660057,0.2257835374,0.7061482484,1.412296497,67.00815391,5.372480497,-0.3906001251
1251,0.6599652401,0.2480852681,0.6115617858,1.223123572,73.12166455,4.92330149,-0.2903403847
1252,0.6432557891,0.190882703,0.6142815348,1.22856307,75.07123001,4.795445605,-0.2576180081
1253,0.6359152785,0.2217788085,0.5959885918,1.191977184,75.47701456,4.769664011,-0.2507683773
1254,0.6468769444,0.2636046517,0.5907303689,1.181460738,74.08422908,4.859333821,-0.2742239319
1255,0.5854619922,0.1716428258,0.5597360849,1.11947217,80.58983425,4.467064653,-0.163501003
1256,0.6965163057,0.2468612041,0.6513021649,1.30260433,70.14925935,5.131914482,-0.3395710232
1257,0.6913693495,0.2268035203,0.6531092868,1.306218574,70.75659936,5.087864641,-0.3295819024
1258,0.7137992316,0.2019018241,0.6846495428,1.369299086,69.24130395,5.199208846,-0.3544329638
1259,0.6690309561,0.2388960407,0.624924877,1.249849754,72.45294779,4.968741935,-0.3014889057
1260,0.6641911871,0.2121443995,0.6294002596,1.258800519,73.10637458,4.924331183,-0.2905957392
1261,0.6361446372,0.23318909,0.5918638761,1.183727752,75.35368452,4.777470436,-0.2528515309
1262,0.6462189571,0.2889923056,0.5779986053,1.155997211,73.82972966,4.876084494,-0.2784927909
1263,0.6059650214,0.2005939115,0.5718003934,1.143600787,78.41732336,4.590822341,-0.2007817378
1264,0.6957832984,0.2403972391,0.65293458,1.30586916,70.27433896,5.122780311,-0.3375168806
1265,0.6309206625,0.1785937625,0.6051158157,1.210231631,76.25089477,4.721256073,-0.2376707232
1266,0.6437649411,0.1785010427,0.6185229803,1.237045961,75.1123663,4.792819315,-0.2569242117
1267,0.6672927108,0.1937645207,0.6385412065,1.277082413,72.99524696,4.931827961,-0.2924510351
1268,0.7025174558,0.2179498358,0.66785376,1.33570752,69.96577468,5.145372886,-0.3425814025
1269,0.6254005776,0.2119188965,0.5884014478,1.176802896,76.5125963,4.705107621,-0.2332315856
1270,0.6517893596,0.2688952722,0.5937379067,1.187475813,73.59264699,4.891793063,-0.2824645673
1271,0.65348999,0.2250274228,0.6135241039,1.227048208,73.90305745,4.871246365,-0.2772633832
1272,0.6466079343,0.2604497278,0.5918342336,1.183668467,74.1435814,4.8554439,-0.2732276016
1273,0.6904597755,0.2620105112,0.6388154613,1.277630923,70.45870516,5.109375757,-0.3344861634
1274,0.6612140479,0.2800962157,0.5989575336,1.197915067,72.64337943,4.955716582,-0.298318238
1275,0.6373849804,0.2708965619,0.5769529149,1.15390583,74.84579019,4.809889762,-0.2614178638
1276,0.6106303407,0.1918032938,0.5797248568,1.159449714,78.03356455,4.613399402,-0.2073386447
1277,0.644499661,0.162363101,0.6237131043,1.247426209,75.14954683,4.790448049,-0.2562970183
1278,0.735525067,0.2646712486,0.68625524,1.37251048,67.02129322,5.371427239,-0.3903890081
1279,0.6280303906,0.1895176292,0.5987530707,1.197506141,76.43900907,4.709637191,-0.2344803119
1280,0.6447144422,0.2618540049,0.5891427604,1.178285521,74.29493919,4.845552119,-0.2706854773
1281,0.6620421729,0.1690565345,0.6400935298,1.28018706,73.60740852,4.890812042,-0.2822174123
1282,0.6525850779,0.2108674529,0.6175776884,1.235155377,74.10466384,4.857993834,-0.2738809326
1283,0.665581017,0.2678170663,0.6093210231,1.218642046,72.42477305,4.970674878,-0.3019577302
1284,0.635346206,0.1798333591,0.6093642297,1.218728459,75.84667235,4.746417857,-0.2445176078
1285,0.6890241266,0.2174326234,0.6538174832,1.307634966,71.02924052,5.0683352,-0.3250855729
1286,0.6409239246,0.2329712333,0.5970828097,1.194165619,74.9287907,4.804561726,-0.260019333
1287,0.6846923751,0.2848007644,0.6226493179,1.245298636,70.63814161,5.096396816,-0.3315331581
1288,0.6175446122,0.1981724208,0.584883783,1.169767566,77.34176338,4.654665012,-0.2191350705
1289,0.6246786887,0.2149690179,0.5865251789,1.173050358,76.55439334,4.702538735,-0.2325221464
1290,0.6362824489,0.2372396885,0.5904004446,1.180800889,75.30302378,4.780684519,-0.2537068967
1291,0.630456684,0.1886059026,0.6015841121,1.203168224,76.22583579,4.72280817,-0.2380955299
1292,0.6471114619,0.2321740328,0.6040268724,1.208053745,74.39068062,4.839315853,-0.2690764792
1293,0.6977533511,0.2542137268,0.6497962143,1.299592429,69.97249992,5.144878351,-0.3424711254
1294,0.637348747,0.1982850636,0.6057197857,1.211439571,75.53869522,4.765769371,-0.2497260999
1295,0.6575225552,0.2513378559,0.6075896583,1.215179317,73.29565045,4.911614779,-0.2874332312
1296,0.6362936294,0.2080472464,0.6013201527,1.202640305,75.55738602,4.764590452,-0.2494102062
1297,0.6307234505,0.2353790438,0.5851570531,1.170314106,75.82350759,4.74786793,-0.2449096166
1298,0.6360181706,0.2689548954,0.5763526504,1.152705301,74.99203422,4.800509864,-0.2589533345
1299,0.7165302526,0.2573067486,0.6687367494,1.337473499,68.50050495,5.255435712,-0.3664930268
1300,0.6692050113,0.2429193328,0.6235587742,1.247117548,72.39742435,4.972552591,-0.3024127398
1301,0.6643704299,0.2247474325,0.6252012953,1.250402591,72.97948139,4.932893372,-0.2927141553
1302,0.6971700118,0.2246329479,0.6599894424,1.319978885,70.32034827,5.11942857,-0.3367608792
1303,0.689670807,0.2502190445,0.6426789648,1.28535793,70.65372752,5.095272573,-0.3312765052
1304,0.6065099525,0.1936851891,0.5747524424,1.149504885,78.41199692,4.591134191,-0.2008728077
1305,0.7204327308,0.2307196623,0.6824893824,1.364978765,68.486658,5.256498281,-0.3667178756
1306,0.6886568125,0.3032739019,0.618282416,1.236564832,70.06452325,5.138121024,-0.3409616982
1307,0.6159234565,0.1840472287,0.5877825464,1.175565093,77.58797506,4.639894258,-0.2149403013
1308,0.700235032,0.2156745004,0.6661933728,1.332386746,70.16310322,5.130901905,-0.3393437492
1309,0.6565522023,0.2379049237,0.6119330368,1.223866074,73.51739186,4.896800484,-0.2837242865
1310,0.6559140036,0.2039550599,0.6233983587,1.246796717,73.87552736,4.87306166,-0.2777250038
1311,0.6638242087,0.2275347928,0.6236108548,1.24722171,72.99952875,4.931538685,-0.2923795702
1312,0.6193374098,0.190088586,0.5894447867,1.178889573,77.23140697,4.661316091,-0.2210139314
1313,0.6466325672,0.2617892218,0.5912698879,1.182539776,74.12635298,4.8565724,-0.2735168403
1314,0.6596275038,0.2476888427,0.6113580628,1.222716126,73.15461285,4.921084071,-0.2897900518
1315,0.6443898552,0.2259770584,0.6034671943,1.206934389,74.6868972,4.820122585,-0.2640936248
1316,0.6278294299,0.1755419573,0.6027891955,1.205578391,76.54917763,4.702859144,-0.2326106816
1317,0.7078653781,0.2258194434,0.6708792533,1.341758507,69.48187525,5.18120731,-0.3505036674
1318,0.6486128705,0.2511881754,0.5979992946,1.195998589,74.06862622,4.86035746,-0.2744858038
1319,0.6473155249,0.2429328598,0.6000008453,1.200001691,74.26772395,4.847327761,-0.2711427098
1320,0.7046013163,0.216508686,0.6705124934,1.341024987,69.81788043,5.156272259,-0.3450053045
1321,0.73867461,0.2185129587,0.7056148144,1.411229629,67.26717442,5.351793101,-0.3864345144
1322,0.6878424425,0.2120150014,0.6543522484,1.308704497,71.17116425,5.05822834,-0.3227420828
1323,0.6049865034,0.2009429036,0.5706405338,1.141281068,78.50862552,4.585483412,-0.1992204107
1324,0.7170726107,0.2434691989,0.67447452,1.34894904,68.60961385,5.247078066,-0.3647205542
1325,0.6598945473,0.2589289102,0.606973338,1.213946676,73.00945833,4.930867976,-0.292213835
1326,0.655094362,0.2156784123,0.6185721022,1.237144204,73.8481169,4.874870411,-0.2781845546
1327,0.6621651608,0.2035201271,0.6301128931,1.260225786,73.34841529,4.908081498,-0.2865510514
1328,0.6523538708,0.2176984026,0.6149577044,1.229915409,74.06637378,4.860505269,-0.2745236062
1329,0.6484832731,0.1979892081,0.6175199017,1.235039803,74.56229935,4.828177285,-0.2661904353
1330,0.6164120244,0.2231211464,0.5746135552,1.14922711,77.25550069,4.659862363,-0.2206037962
1331,0.6825562003,0.2594213492,0.6313347212,1.262669442,71.12203461,5.06172246,-0.3235535521
1332,0.5934642894,0.1715815628,0.5681193802,1.13623876,79.80204639,4.511162511,-0.1770495885
1333,0.6661643152,0.2446252235,0.6196235913,1.239247183,72.63396977,4.95635859,-0.2984749856
1334,0.6675725696,0.2551999151,0.6168680078,1.233736016,72.40244083,4.972208062,-0.302329284
1335,0.6764085383,0.261230337,0.6239288595,1.247857719,71.60206672,5.027787835,-0.3156148097
1336,0.6829295039,0.1972319697,0.6538289206,1.307657841,71.68740447,5.021802681,-0.3142011638
1337,0.6528979072,0.2484790084,0.6037663949,1.20753279,73.72430385,4.883057299,-0.2802595514
1338,0.7295046225,0.2162802135,0.69670644,1.39341288,67.95128344,5.297913178,-0.3753948093
1339,0.6329374096,0.2079417272,0.597804318,1.195608636,75.85928414,4.745628753,-0.2443041663
1340,0.7307430249,0.2542895448,0.6850709422,1.370141884,67.4843186,5.334572645,-0.3829362765
1341,0.6607660163,0.2102547213,0.6264221264,1.252844253,73.41115737,4.903886724,-0.2855017451
1342,0.6949844373,0.2378481936,0.6530173082,1.306034616,70.36307123,5.116320162,-0.336058683
1343,0.7049629291,0.2855913807,0.6445233081,1.289046616,69.0338342,5.214834206,-0.3578165908
1344,0.6842783864,0.2216391504,0.6473893705,1.294778741,71.37088323,5.044073769,-0.3194409083
1345,0.6343468369,0.2239238659,0.5935099088,1.187019818,75.59923331,4.761953055,-0.248702848
1346,0.6937339233,0.2426882447,0.6498993554,1.299798711,70.411893,5.112772639,-0.3352560178
1347,0.7039052168,0.262871927,0.6529784868,1.305956974,69.39661131,5.187573186,-0.35189701
1348,0.664954562,0.2704618878,0.6074659963,1.214931993,72.44585856,4.969228154,-0.3016068764
1349,0.6222155715,0.2194619308,0.5822273425,1.164454685,76.74479026,4.690872159,-0.2292888965
1350,0.6238441996,0.2392179718,0.5761565302,1.15231306,76.41929334,4.71085225,-0.2348148091
1351,0.6629120568,0.2306232072,0.6215024789,1.243004958,73.04722319,4.928318754,-0.291583419
1352,0.6097818831,0.1622758168,0.5877929093,1.175585819,78.28991658,4.598293314,-0.2029596245
1353,0.6542799043,0.2670818334,0.5972850973,1.194570195,73.39790574,4.904772096,-0.2857233955
1354,0.6645738919,0.273977126,0.6054708847,1.210941769,72.43510492,4.96996588,-0.3017858174
1355,0.6857216609,0.2730109992,0.6290303574,1.258060715,70.70560684,5.091533983,-0.3304220328
1356,0.6458420004,0.1939457224,0.6160332346,1.232066469,74.82257714,4.811381989,-0.261808898
1357,0.6725824517,0.2361874147,0.6297480921,1.259496184,72.18538894,4.987158832,-0.3059380985
1358,0.6753247779,0.1893297303,0.6482420912,1.296484182,72.36555141,4.974742719,-0.3029429337
1359,0.6545231814,0.1871277258,0.6272031642,1.254406328,74.1222184,4.856843302,-0.27358625
1360,0.6751266263,0.204124972,0.643528521,1.287057042,72.26608392,4.981589986,-0.304596933
1361,0.7050995641,0.275722174,0.6489550662,1.297910132,69.14982749,5.20608674,-0.35592543
1362,0.6616291518,0.2906733423,0.5943585976,1.188717195,72.46908941,4.967635208,-0.301220278
1363,0.6790484701,0.2185663842,0.6429117828,1.285823566,71.82186349,5.012401273,-0.3119723961
1364,0.664418542,0.2352803001,0.6213655762,1.242731152,72.87515443,4.939955227,-0.2944547648
1365,0.7170923344,0.2117766605,0.6851073362,1.370214672,68.91015543,5.224193702,-0.3598314405
1366,0.6417194596,0.2581253414,0.5875161044,1.175032209,74.60226904,4.82559049,-0.2655179369
1367,0.6683955115,0.1953668999,0.6392060186,1.278412037,72.89122946,4.938865796,-0.2941866296
1368,0.6494338912,0.2338631634,0.6058650013,1.211730003,74.17182224,4.853595195,-0.2727534278
1369,0.6974123742,0.2543903765,0.6493608827,1.298721765,69.9971962,5.143063144,-0.3420661273
1370,0.669069165,0.2169380839,0.6329229142,1.265845828,72.65709844,4.95478085,-0.2980896902
1371,0.6510623995,0.1759728706,0.6268299585,1.253659917,74.49601799,4.83247306,-0.267305347
1372,0.6557650538,0.2101798428,0.6211700568,1.242340114,73.8373291,4.875582641,-0.2783654004
1373,0.6670675592,0.2494664256,0.6186643929,1.237328786,72.50716093,4.965026838,-0.3005865999
1374,0.6854276669,0.238036269,0.642767315,1.28553463,71.12053586,5.061829128,-0.323578303
1375,0.6500258135,0.1939723634,0.6204097682,1.240819536,74.45895653,4.834878392,-0.267928598
1376,0.6551660507,0.165799451,0.6338399609,1.267679922,74.20971524,4.85111685,-0.2721170867
1377,0.6415574433,0.2639705254,0.5847354229,1.169470846,74.5514694,4.828878664,-0.266372629
1378,0.6829180595,0.2450537887,0.6374368335,1.274873667,71.25028788,5.052611164,-0.3214347074
1379,0.6631864478,0.2134087952,0.6279115788,1.255823158,73.1800506,4.919373477,-0.2893651015
1380,0.6870831896,0.1979956009,0.6579369661,1.315873932,71.34814849,5.045681039,-0.3198168897
1381,0.6359401105,0.1740685783,0.6116534592,1.223306918,75.83101914,4.747397623,-0.2447825057
1382,0.6488819333,0.224760568,0.6087121244,1.217424249,74.30466697,4.844917751,-0.27052203
1383,0.6620368087,0.2630156252,0.6075487775,1.215097555,72.78064081,4.946370298,-0.2960308041
1384,0.6097215943,0.1706606447,0.5853506359,1.170701272,78.24931366,4.600679331,-0.203653479
1385,0.6695069537,0.1976675929,0.6396616948,1.27932339,72.78110457,4.94633878,-0.2960230727
1386,0.6645130402,0.2334728346,0.6221479053,1.244295811,72.8848666,4.93929696,-0.2942927664
1387,0.6804876751,0.2310401889,0.640065549,1.280131098,71.58855546,5.028736754,-0.3158385638
1388,0.6425145697,0.196680087,0.6116714115,1.223342823,75.09371984,4.794009416,-0.2572387156
1389,0.6174135965,0.2227059371,0.575848604,1.151697208,77.16500173,4.66532744,-0.2221441116
1390,0.674903289,0.2374959745,0.6317357925,1.263471585,71.98104801,5.001316457,-0.3093315628
1391,0.6729217756,0.1625204348,0.6530013969,1.306002794,72.74508708,4.948787807,-0.2966234636
1392,0.6497641076,0.2636497231,0.5938705407,1.187741081,73.8304273,4.876038419,-0.2784810965
1393,0.6573341992,0.2812364096,0.5941332606,1.188266521,72.96089633,4.934149909,-0.2930243028
1394,0.662353117,0.2198214175,0.6248121286,1.249624257,73.19413854,4.918426628,-0.289129731
1395,0.6525307551,0.2384208536,0.6074140951,1.21482819,73.85862127,4.874177094,-0.278008451
1396,0.6629416765,0.2182294296,0.6259932767,1.251986553,73.15864253,4.92081301,-0.2897227377
1397,0.6445691712,0.2677991342,0.5863045626,1.172609125,74.2396421,4.849161308,-0.2716144375
1398,0.6477899187,0.2013925301,0.6156889049,1.23137781,74.596298,4.825976753,-0.2656184092
1399,0.6397772086,0.2111397903,0.6039328321,1.207865664,75.22226646,4.785816979,-0.2550700089
1400,0.6517035206,0.2116937729,0.6163629006,1.232725801,74.1738084,4.853465229,-0.2727200769
1401,0.7116505295,0.1919434834,0.6852767144,1.370553429,69.48298261,5.181124737,-0.3504855663
1402,0.6450470187,0.2307943873,0.6023450897,1.204690179,74.58477844,4.826722121,-0.2658122358
1403,0.6487576324,0.2355251113,0.604495151,1.208990302,74.21478097,4.850785724,-0.2720320083
1404,0.6871174597,0.300984166,0.6176883803,1.235376761,70.22062152,5.126699141,-0.3383992628
1405,0.6826275042,0.243631729,0.6376706753,1.275341351,71.28865864,5.049891622,-0.320800479
1406,0.6807658063,0.1919000679,0.6531588221,1.306317644,71.90341809,5.006716086,-0.3106197243
1407,0.6580074338,0.2271393227,0.6175609371,1.235121874,73.49625573,4.898208711,-0.2840780028
1408,0.6366800189,0.1756568759,0.611969042,1.223938084,75.75517971,4.7521503,-0.2460656706
1409,0.6314743816,0.2599779603,0.575474895,1.15094979,75.50634905,4.767810979,-0.2502727203
1410,0.6824275799,0.2523070359,0.6340729938,1.268145988,71.2120383,5.055325035,-0.3220667896
1411,0.7088328738,0.2271265814,0.6714592757,1.342918551,69.39558187,5.18765014,-0.3519138278
1412,0.6476402662,0.2439511886,0.5999381068,1.199876214,74.22895881,4.849859216,-0.2717938817
1413,0.6593422329,0.2210197241,0.6211943832,1.242388766,73.43845685,4.902063789,-0.2850450784
1414,0.6632771537,0.1930073619,0.6345744565,1.269148913,73.33685827,4.908854954,-0.286744295
1415,0.7172872216,0.2425849269,0.6750211193,1.350042239,68.60271702,5.247605571,-0.3648326324
1416,0.5725465448,0.1334202733,0.5567841382,1.113568276,82.04454339,4.387860364,-0.1384031961
1417,0.6504345555,0.2469086748,0.6017484668,1.203496934,73.95456665,4.867853553,-0.2763995126
1418,0.619478809,0.211076538,0.5824093834,1.164818767,77.06593905,4.67132438,-0.2238295484
1419,0.6477812792,0.2122633471,0.6120170399,1.22403408,74.50928136,4.831612833,-0.2670822737
1420,0.6662897036,0.2164875848,0.6301389488,1.260277898,72.89286372,4.938755066,-0.2941593684
1421,0.6869980645,0.2052727809,0.6556137782,1.311227556,71.29581933,5.049384429,-0.3206821043
1422,0.663664149,0.2361426504,0.620231208,1.240462416,72.93021112,4.936225941,-0.2935363104
1423,0.6798073042,0.2811634024,0.6189386981,1.237877396,71.08111959,5.06463604,-0.3242291597
1424,0.623609802,0.2391139654,0.5759459147,1.151891829,76.44199761,4.709453066,-0.2344296058
1425,0.6636522806,0.2360436014,0.6202562114,1.240512423,72.93218906,4.936092069,-0.2935033096
1426,0.6570461604,0.1948819947,0.6274796132,1.254959226,73.84969461,4.874766266,-0.2781581053
1427,0.6186141489,0.2292524711,0.5745665929,1.149133186,76.99675129,4.675521941,-0.2250063015
1428,0.630914781,0.2252827392,0.5893226182,1.178645236,75.89763589,4.743230744,-0.2436550299
1429,0.6935376302,0.1860624248,0.668113178,1.336226356,70.927609,5.075597572,-0.3267625204
1430,0.6930044703,0.2160914242,0.6584524981,1.316904996,70.72570562,5.090087074,-0.3300909253
1431,0.6202690662,0.2088884239,0.5840371057,1.168074211,77.00948892,4.674748593,-0.2247896829
1432,0.6473664389,0.2529267821,0.5959121991,1.191824398,74.15931264,4.854413926,-0.2729634767
1433,0.6938588721,0.2936519622,0.6286562332,1.257312466,69.78878843,5.15842169,-0.3454818355
1434,0.6678057851,0.2819059491,0.6053871509,1.210774302,72.06316892,4.995617115,-0.3079682616
1435,0.6260901193,0.1576148118,0.6059260751,1.21185215,76.81163794,4.686789784,-0.2281531118
1436,0.6303154588,0.1985643108,0.5982221929,1.196444386,76.16747646,4.726426774,-0.2390846766
1437,0.6076166142,0.2001365642,0.5737101233,1.147420247,78.2628211,4.599885296,-0.2034226646
1438,0.6668216936,0.1938636635,0.6380188485,1.276037697,73.03374075,4.92922855,-0.2918084985
1439,0.6776554539,0.2306544316,0.6371934144,1.274386829,71.82285572,5.012332027,-0.3119559427
1440,0.6585687561,0.2060277617,0.6255120846,1.251024169,73.63249418,4.889145805,-0.2817973553
1441,0.6778054206,0.2421659872,0.6330685768,1.266137154,71.6956947,5.021222006,-0.3140637965
1442,0.6344124155,0.1947077769,0.6037946625,1.207589325,75.82715265,4.747639697,-0.2448479351
1443,0.7002852471,0.295886688,0.6347050458,1.269410092,69.25543158,5.198148243,-0.3542023866
1444,0.6918218699,0.2096406116,0.6592937992,1.318587598,70.87543926,5.079333599,-0.3276229362
1445,0.632456183,0.197639647,0.6007823178,1.201564636,75.98123891,4.738011714,-0.2422395989
1446,0.6704656254,0.2470172072,0.6233030195,1.246606039,72.24972608,4.982717853,-0.3048688522
1447,0.6410547425,0.1861762398,0.6134244783,1.226848957,75.29805269,4.781000134,-0.253790819
1448,0.5926003279,0.1990354941,0.5581756181,1.116351236,79.72609117,4.515460306,-0.1783541582
1449,0.6652168066,0.2137125902,0.6299526399,1.25990528,73.00685827,4.931043583,-0.2922572335
1450,0.6946581385,0.2202792964,0.658807226,1.317614452,70.55766586,5.102209598,-0.3328579601
1451,0.6387823907,0.2407741426,0.5916677741,1.183335548,75.04463898,4.797144804,-0.2580664165
1452,0.6488170949,0.1861584388,0.6215373346,1.243074669,74.62024737,4.824427855,-0.2652154057
1453,0.6433560296,0.1965585606,0.6125942483,1.225188497,75.02069705,4.798675754,-0.2584701052
1454,0.683849762,0.2055362196,0.6522310629,1.304462126,71.54606729,5.031723107,-0.3165420771
1455,0.6943874909,0.2243511264,0.6571457674,1.314291535,70.54134535,5.103390051,-0.3331265505
1456,0.6017359684,0.2304298592,0.5558671205,1.111734241,78.59963318,4.580174047,-0.1976636163
1457,0.6344050484,0.2210171945,0.5946605461,1.189321092,75.61926517,4.760691594,-0.2483641961
1458,0.6766690815,0.2130571108,0.6422520638,1.284504128,72.06452055,4.995523418,-0.3079458177
1459,0.6112900638,0.184641073,0.5827376908,1.165475382,78.01779742,4.614331754,-0.207607845
1460,0.6505697369,0.2560981647,0.5980424004,1.196084801,73.84474945,4.875092714,-0.2782410075
1461,0.6527566287,0.1535219538,0.6344463934,1.268892787,74.48795358,4.832996246,-0.2674409732
1462,0.6809742056,0.2483195199,0.6340846038,1.268169208,71.37298999,5.04392488,-0.3194060648
1463,0.7451291394,0.2310891032,0.7083892015,1.416778403,66.69066404,5.398056912,-0.395695152
1464,0.6468648067,0.1736149089,0.623130758,1.246261516,74.8742481,4.808061639,-0.2609384193
1465,0.673894604,0.2225320472,0.6360923087,1.272184617,72.20759123,4.985625388,-0.3055691528
1466,0.6818438789,0.2019992108,0.6512352831,1.302470566,71.73683779,5.018342195,-0.3133819669
1467,0.7032704576,0.2194083454,0.6681686273,1.336337255,69.89437826,5.150628834,-0.3437518348
1468,0.6666643059,0.1974034223,0.6367677643,1.273535529,73.01959848,4.930183232,-0.292044576
1469,0.6787722084,0.235123567,0.636748474,1.273496948,71.68805431,5.02175716,-0.3141903964
1470,0.6712779946,0.2254884172,0.6322729788,1.264545958,72.39626684,4.972632094,-0.3024319961
1471,0.676325765,0.2753999082,0.6177146841,1.235429368,71.43895329,5.039267562,-0.3183148828
1472,0.6174207541,0.2547546748,0.562413054,1.124826108,76.86803802,4.683350965,-0.2271945967
1473,0.6444757846,0.2080905072,0.6099568655,1.219913731,74.83259676,4.810737775,-0.2616401184
1474,0.6789394127,0.2276425909,0.63963863,1.27927726,71.74696735,5.017633683,-0.3132140734
1475,0.6649349908,0.2009275027,0.6338506769,1.267701354,73.13642039,4.922308175,-0.2900939308
1476,0.6249915606,0.2193281757,0.5852431991,1.170486398,76.48981917,4.706508708,-0.2336181395
1477,0.6463096815,0.2121570978,0.6104961672,1.220992334,74.63860385,4.823241345,-0.2649064842
1478,0.6357518456,0.1738848048,0.6115100031,1.223020006,75.84891849,4.746277299,-0.2444795951
1479,0.5922800953,0.1943110997,0.5594988005,1.118997601,79.78750324,4.511984777,-0.1772993986
1480,0.683074051,0.2109391064,0.6496882734,1.299376547,71.56287634,5.030541231,-0.316263776
1481,0.6527935923,0.2436518545,0.605618071,1.211236142,73.78332402,4.879151282,-0.2792705884
1482,0.6986689845,0.2359016454,0.657638779,1.315277558,70.09411244,5.135952043,-0.3404761698
1483,0.659949502,0.2537964769,0.6091967609,1.218393522,73.0616731,4.927344047,-0.2913421704
1484,0.6916721279,0.2387283352,0.6491680172,1.298336034,70.6155343,5.098028409,-0.3319053887
1485,0.6426251783,0.2489070534,0.5924629935,1.184925987,74.62017076,4.824432809,-0.265216695
1486,0.6724011424,0.2300438931,0.6318252159,1.263650432,72.26032766,4.98198682,-0.3046926231
1487,0.707407184,0.2499598781,0.6617741181,1.323548236,69.27263059,5.196857647,-0.3539216523
1488,0.7187717139,0.3248803064,0.6411595459,1.282319092,67.41951505,5.339700229,-0.3839808532
1489,0.6899059127,0.2532409305,0.6417469902,1.28349398,70.60195575,5.09900889,-0.3321289355
1490,0.6502411312,0.1809476767,0.6245570167,1.249114033,74.53335264,4.830052416,-0.2666773886
1491,0.6096740907,0.1822525942,0.5817959168,1.163591834,78.18499742,4.604463924,-0.2047523558
1492,0.6379485895,0.2785919363,0.5739032461,1.147806492,74.70220685,4.819134738,-0.2638358981
1493,0.6816826834,0.2123878017,0.6477520378,1.295504076,71.66271105,5.023533086,-0.3146102898
1494,0.7009368991,0.1772905923,0.6781449568,1.356289914,70.41229947,5.112743125,-0.3352493341
1495,0.6563158916,0.2436083904,0.6094304732,1.218860946,73.48020754,4.899278487,-0.2843465459
1496,0.7030626251,0.2616216482,0.6525727301,1.30514546,69.47611554,5.181636843,-0.3505978143
1497,0.6200228943,0.193257967,0.5891347449,1.17826949,77.14634874,4.666455456,-0.2224615216
1498,0.71491633,0.2277772497,0.6776598582,1.355319716,68.92810408,5.222833339,-0.359539143
1499,0.6229801806,0.2037579743,0.5887163947,1.177432789,76.79795933,4.687624556,-0.2283855454
1500,0.665671368,0.1571229664,0.6468622292,1.293724458,73.37719629,4.906156383,-0.2860697569
1501,0.7041896816,0.2241558942,0.667560666,1.335121332,69.7796973,5.159093747,-0.3456307313
1502,0.6402025778,0.2284441713,0.5980573561,1.196114712,75.03483431,4.797771639,-0.2582317401
1503,0.6962473561,0.2866878577,0.6344843994,1.268968799,69.6954347,5.165331152,-0.347010381
1504,0.6246293598,0.2248485811,0.5827563408,1.165512682,76.47635151,4.707337535,-0.2338466839
1505,0.6614363658,0.190007138,0.6335576954,1.267115391,73.51415757,4.897015921,-0.2837784153
1506,0.7514922451,0.2599570649,0.705097808,1.410195616,65.94503646,5.459091682,-0.4076128152
1507,0.6947017984,0.1458773447,0.679213066,1.358426132,71.09516939,5.063635168,-0.3239971815
1508,0.6634430527,0.2483685289,0.6151989581,1.230397916,72.82373262,4.943443395,-0.2953123366
1509,0.6471046576,0.2961554691,0.5753576071,1.150715214,73.65431583,4.887697292,-0.28143191
1510,0.7072447103,0.2742056338,0.6519251112,1.303850222,69.00425322,5.21706972,-0.3582986464
1511,0.6410361433,0.2327556868,0.5972873071,1.194574614,74.92084931,4.805070996,-0.2601531664
1512,0.6663429101,0.2231241125,0.6278761855,1.255752371,72.82892324,4.943091068,-0.2952257823
1513,0.7032044297,0.2738165267,0.6477043921,1.295408784,69.31940265,5.193351158,-0.3531580446
1514,0.716591198,0.2689792158,0.6641935912,1.328387182,68.36047941,5.266200634,-0.3687657918
1515,0.7426411953,0.2183503086,0.7098162352,1.41963247,66.98517145,5.374323782,-0.3909693485
1516,0.6482310665,0.2340557355,0.6045009745,1.209001949,74.27488438,4.846860456,-0.2710224162
1517,0.6467991262,0.2500702845,0.5965014354,1.193002871,74.23947417,4.849172277,-0.2716172583
1518,0.6737862131,0.2370710503,0.6307021311,1.261404262,72.07724719,4.994641361,-0.3077344826
1519,0.6538455448,0.2243110843,0.6141649078,1.228329816,73.87895503,4.872835571,-0.2776675326
1520,0.6523454621,0.195270729,0.6224338875,1.244867775,74.24913962,4.848541032,-0.2714549026
1521,0.7229510007,0.1713172097,0.7023592835,1.404718567,68.78362645,5.23380372,-0.3618909877
1522,0.6353465725,0.228282539,0.5929185016,1.185837003,75.47046576,4.770077889,-0.2508790215
1523,0.7137952728,0.2907476633,0.6518968383,1.303793677,68.29374575,5.271346535,-0.3698481767
1524,0.7095570967,0.1744713569,0.6877725053,1.375545011,69.76916987,5.1598722,-0.3458031402
1525,0.7133935622,0.2747337365,0.6583705254,1.316741051,68.53079463,5.253112881,-0.3660011044
1526,0.7002532208,0.2590590531,0.6505712722,1.301142544,69.72317054,5.163276386,-0.3465563389
1527,0.6507605363,0.2778359946,0.5884695708,1.176939142,73.57372651,4.893051053,-0.2827813291
1528,0.6534737491,0.1923118186,0.6245351112,1.249070222,74.17432436,4.853431468,-0.272711413
1529,0.6238649977,0.208403467,0.5880268109,1.176053622,76.68118657,4.694763032,-0.2303692741
1530,0.6763725969,0.25564789,0.6261980886,1.252396177,71.6682792,5.023142791,-0.3145180405
1531,0.6541449017,0.2426811886,0.6074630797,1.214926159,73.67646291,4.886228054,-0.281060973
1532,0.6920404474,0.2394892765,0.6492802687,1.298560537,70.57862447,5.100694476,-0.3325129999
1533,0.6966667857,0.2685566713,0.6428234008,1.285646802,69.89177435,5.150820727,-0.3437945118
1534,0.6472949668,0.1710261711,0.6242922575,1.248584515,74.8534891,4.809395051,-0.2612881629
1535,0.650954261,0.2200263535,0.6126417009,1.225283402,74.166987,4.853911619,-0.2728346178
1536,0.6492903011,0.1852311233,0.6223080636,1.244616127,74.58582118,4.826654641,-0.2657946912
1537,0.6964251913,0.2531533751,0.6487845681,1.297569136,70.08818632,5.1363863,-0.3405734187
1538,0.6480553781,0.2220536007,0.6088250746,1.217650149,74.40098148,4.838645847,-0.2689033216
1539,0.6877968561,0.2423492396,0.6436857628,1.287371526,70.88662158,5.078532338,-0.3274385333
1540,0.6897774747,0.2517235656,0.6422057389,1.284411478,70.62884767,5.097067443,-0.3316861896
1541,0.6774309033,0.2097512241,0.6441405536,1.288281107,72.03068489,4.997870013,-0.3085076095
1542,0.6606897488,0.2682061796,0.6038016143,1.207603229,72.83437365,4.942721163,-0.2951348936
1543,0.6410224106,0.2058185934,0.6070819034,1.214163807,75.15486051,4.79010935,-0.2562073737
1544,0.6512153053,0.215194733,0.6146320857,1.229264171,74.18636202,4.852643939,-0.2725092738
1545,0.657351726,0.230768786,0.6155136547,1.231027309,73.51815772,4.896749472,-0.2837114689
1546,0.5994616902,0.2060669411,0.5629304875,1.125860975,79.00669716,4.556575745,-0.1906942541
1547,0.642414393,0.26188633,0.586610435,1.17322087,74.49865943,4.832301719,-0.2672609225
1548,0.6548641601,0.2989981081,0.5826209742,1.165241948,72.93509291,4.935895542,-0.2934548594
1549,0.6781734035,0.1902541102,0.6509397351,1.30187947,72.12619816,4.991251573,-0.3069214747
1550,0.6428600496,0.2135608432,0.6063504017,1.212700803,74.92967411,4.804505082,-0.260004445
1551,0.7056096806,0.2739278541,0.6502680618,1.300536124,69.13293528,5.207358816,-0.3562009325
1552,0.6978353703,0.2787036977,0.639764373,1.279528746,69.67493873,5.166850615,-0.3473458526
1553,0.6440371089,0.1816501965,0.6178891517,1.235778303,75.06742647,4.795688582,-0.2576821512
1554,0.6678085289,0.1673616796,0.6464969446,1.292993889,73.13672571,4.922287626,-0.2900888312
1555,0.6586959076,0.1639500073,0.6379660601,1.27593212,73.92148613,4.87003196,-0.2769543381
1556,0.6359672215,0.1747368486,0.6114910798,1.22298216,75.82437096,4.747813869,-0.2448950068
1557,0.6442497928,0.1673301518,0.6221401899,1.24428038,75.14136885,4.790969416,-0.2564349808
1558,0.637322287,0.2384453286,0.5910359742,1.182071948,75.19807378,4.787356669,-0.2554782612
1559,0.6693187574,0.2169996609,0.6331656546,1.266331309,72.63580842,4.956233129,-0.2984443578
1560,0.700407929,0.2735215735,0.644792382,1.289584764,69.5395151,5.176912716,-0.3495613046
1561,0.6477203971,0.2711432256,0.5882372515,1.176474503,73.92196302,4.870000543,-0.2769463404
1562,0.6790226028,0.2737954336,0.621375696,1.242751392,71.2381718,5.053470504,-0.3216349436
1563,0.6706724352,0.1482300586,0.6540866649,1.30817333,73.01384753,4.930571558,-0.2921405717
1564,0.6547048156,0.2299281623,0.6130019867,1.226003973,73.75304882,4.881154145,-0.2797779274
1565,0.6748466614,0.250308194,0.6267087237,1.253417447,71.85226816,5.010280249,-0.3114681752
1566,0.6218527166,0.1710739766,0.5978582572,1.195716514,77.12067371,4.668009013,-0.2228983839
1567,0.6709681203,0.1961365169,0.6416608802,1.28332176,72.67207628,4.953759662,-0.2978401518
1568,0.6426123582,0.219991467,0.6037834027,1.207566805,74.8966938,4.806620716,-0.2605602198
1569,0.6697407846,0.2277504776,0.6298273085,1.259654617,72.50257083,4.965341172,-0.3006630064
1570,0.6516633908,0.2202608848,0.6133109469,1.226621894,74.10354663,4.858067075,-0.273899686
1571,0.6372188544,0.2422917922,0.5893577486,1.178715497,75.16975834,4.789160002,-0.2559560277
1572,0.6576205796,0.1836609151,0.631453478,1.262906956,73.88281883,4.872580739,-0.2776027477
1573,0.6837382454,0.2632530155,0.6310276048,1.26205521,70.9823256,5.071685056,-0.3258598091
1574,0.6590941211,0.2261867547,0.6190675347,1.238135069,73.41249439,4.903797412,-0.2854793808
1575,0.6854350406,0.2023701254,0.6548797808,1.309759562,71.44482367,5.038853502,-0.3182177529
1576,0.6465315193,0.2451726814,0.5982418923,1.196483785,74.31377717,4.844323808,-0.2703689522
1577,0.7110348172,0.2443676059,0.6677237337,1.335447467,69.05570872,5.213182323,-0.3574600594
1578,0.661566593,0.1791242526,0.636855446,1.273710892,73.58066054,4.892589947,-0.282665245
1579,0.6801480502,0.1675365267,0.6591910819,1.318382164,72.12452449,4.991367396,-0.3069492757
1580,0.641163763,0.1491042436,0.6235855158,1.247171032,75.51543474,4.767237337,-0.2501191885
1581,0.6825212133,0.23707217,0.6400249939,1.280049988,71.36438425,5.044533121,-0.319548392
1582,0.7116682411,0.2089213022,0.6803113808,1.360622762,69.34397776,5.191510663,-0.3527567333
1583,0.6670559718,0.2436835707,0.6209524836,1.241904967,72.56900571,4.960795541,-0.299556947
1584,0.6966593391,0.2350034355,0.6558259068,1.311651814,70.26016374,5.123813849,-0.3377497568
1585,0.6634443979,0.2399997669,0.6185132019,1.237026404,72.91024341,4.93757781,-0.2938694427
1586,0.6642382841,0.2038682742,0.63217895,1.2643579,73.17123042,4.919966467,-0.2895124534
1587,0.6492005971,0.1877028852,0.6214732836,1.242946567,74.57608157,4.827285001,-0.2659585611
1588,0.6538550054,0.2505409258,0.6039500084,1.207900017,73.61971441,4.88999452,-0.2820113581
1589,0.629275786,0.1866725211,0.6009504012,1.201900802,76.34571699,4.715392221,-0.23606286
1590,0.6986880133,0.2571393221,0.6496493739,1.299298748,69.86679317,5.152662426,-0.3442039064
1591,0.687627269,0.219752851,0.6515672993,1.303134599,71.11968641,5.061889586,-0.3235923311
1592,0.6471195534,0.2281128755,0.6055809049,1.21116181,74.42787189,4.836897668,-0.2684512523
1593,0.6454897274,0.2332587843,0.6018698595,1.203739719,74.52265848,4.830745539,-0.2668572729
1594,0.6636860137,0.231998511,0.6218165451,1.24363309,72.96876534,4.933617807,-0.2928929886
1595,0.7018860944,0.2440991674,0.6580727057,1.316145411,69.76009734,5.160543258,-0.3459517125
1596,0.698620972,0.2517240311,0.6516949245,1.303389849,69.93220011,5.147843189,-0.3431318714
1597,0.6459478451,0.1592666176,0.6260054018,1.252010804,75.04176826,4.797328319,-0.2581148225
1598,0.6756252433,0.291732791,0.6093943288,1.218788658,71.28305715,5.050288447,-0.3208930747
1599,0.6003482423,0.176469963,0.5738260749,1.14765215,79.10803685,4.55073864,-0.1889577024
1600,0.6780131541,0.1983731524,0.6483439901,1.29668798,72.0766013,4.994686118,-0.3077452084
1601,0.6431788812,0.2534220661,0.5911483145,1.182296629,74.52348064,4.830692245,-0.266843444
1602,0.7217941402,0.2987944465,0.6570454015,1.314090803,67.58716489,5.326455113,-0.3812774789
1603,0.680344726,0.1895956065,0.6533930304,1.306786061,71.95490603,5.003133488,-0.3097654165
1604,0.6650683937,0.2984998377,0.5943179412,1.188635882,72.06888317,4.995221019,-0.307873375
1605,0.5675006323,0.2106746025,0.5269470368,1.053894074,82.21342666,4.378846797,-0.1354833975
1606,0.6782190085,0.2543576556,0.6287155211,1.257431042,71.53149722,5.032748006,-0.3167832864
1607,0.6564205436,0.2255230383,0.6164635344,1.232927069,73.64681137,4.888195338,-0.2815575911
1608,0.657999495,0.1891313406,0.6302322361,1.260464472,73.81140696,4.877294917,-0.2787999165
1609,0.642141849,0.2508259545,0.5911281543,1.182256309,74.64304234,4.822954541,-0.2648317848
1610,0.630264952,0.2448653503,0.5807537085,1.161507417,75.77398278,4.750971069,-0.2457475723
1611,0.6621765743,0.2525626734,0.6121191972,1.224238394,72.88586106,4.939229567,-0.2942761783
1612,0.6977808271,0.2363185295,0.6565452272,1.313090454,70.15927718,5.131181712,-0.3394065631
1613,0.6296109318,0.2143935276,0.5919842403,1.183968481,76.10833265,4.730099681,-0.2400868666
1614,0.6439408622,0.2381041909,0.5983027898,1.19660558,74.612481,4.824930027,-0.2653460979
1615,0.6786398197,0.2141055797,0.6439804388,1.287960878,71.89463433,5.007327784,-0.3107654427
1616,0.6384570735,0.2074919945,0.6038000554,1.207600111,75.36896459,4.776501866,-0.2525935003
1617,0.6878766848,0.2223676762,0.6509431235,1.301886247,71.07584123,5.065012159,-0.3243163064
1618,0.6482608937,0.2068658182,0.6143685535,1.228737107,74.51189015,4.83144367,-0.2670383956
1619,0.6847325024,0.2218339065,0.6478026842,1.295605368,71.3325823,5.046782107,-0.3200742903
1620,0.6440710754,0.249873973,0.5936249218,1.187249844,74.48200572,4.833382191,-0.2675410001
1621,0.6577772702,0.2380529168,0.6131898123,1.226379625,73.41106062,4.903893187,-0.2855033635
1622,0.6502515528,0.2119211465,0.6147491436,1.229498287,74.29750453,4.845384812,-0.270642375
1623,0.6489175504,0.2845559319,0.5831997161,1.166399432,73.64983197,4.887994858,-0.2815070041
1624,0.6987283676,0.237540164,0.6571118642,1.314223728,70.07301051,5.137498694,-0.3408224402
1625,0.6371149599,0.2153068149,0.5996319268,1.199263854,75.42478397,4.772966936,-0.2516507406
1626,0.6604955273,0.2557008529,0.6089921308,1.217984262,72.99425589,4.931894922,-0.2924675762
1627,0.6492018062,0.1855314891,0.6221262346,1.244252469,74.59136565,4.82629587,-0.2657014015
1628,0.6115462431,0.168304238,0.5879306855,1.175861371,78.09138039,4.609983819,-0.2063513905
1629,0.6850480873,0.2773983974,0.6263713044,1.252742609,70.70498912,5.091578465,-0.3304322085
1630,0.6477840657,0.2708719661,0.5884323018,1.176864604,73.91960171,4.870156111,-0.2769859406
1631,0.6665394303,0.2142440585,0.6311689913,1.262337983,72.89155189,4.938843949,-0.2941812511
1632,0.6818071416,0.231765196,0.6412065753,1.282413151,71.47458929,5.03675507,-0.3177252072
1633,0.6871500216,0.2303328953,0.6473962538,1.294792508,71.05866959,5.066236141,-0.3245997942
1634,0.6755057028,0.1880272046,0.6488094673,1.297618935,72.36041516,4.975095834,-0.3030283644
1635,0.6360182689,0.182280772,0.6093381315,1.218676263,75.77057733,4.751184598,-0.2458051855
1636,0.6665246193,0.228614498,0.6260914306,1.252182861,72.76264501,4.947593645,-0.2963307977
1637,0.655320018,0.2147627567,0.6191294569,1.238258914,73.83665229,4.875627332,-0.2783767461
1638,0.6568799958,0.2698067216,0.5989120652,1.19782413,73.14135377,4.921976166,-0.2900115287
1639,0.692117682,0.1817280272,0.6678336693,1.335667339,71.07110714,5.065349542,-0.3243944648
1640,0.6270004321,0.210008235,0.5907842949,1.18156859,76.38133119,4.713193582,-0.2354587967
1641,0.6318177099,0.2604187425,0.57565241,1.15130482,75.47017076,4.770096534,-0.2508840056
1642,0.6283571684,0.2164254698,0.5899091007,1.179818201,76.20575642,4.724052577,-0.238435888
1643,0.6919971881,0.2023914455,0.6617384764,1.323476953,70.92222155,5.075983128,-0.3268513862
1644,0.6896628146,0.1972723699,0.6608467371,1.321693474,71.1484086,5.059846132,-0.3231179652
1645,0.6509029803,0.2653784269,0.5943475248,1.18869505,73.71107394,4.883933726,-0.2804811957
1646,0.6742691205,0.25348784,0.6248061794,1.249612359,71.86515095,5.009382089,-0.311254505
1647,0.6934854263,0.2762874659,0.6360717512,1.272143502,70.04687504,5.139415567,-0.341251244
1648,0.6523770364,0.1888122875,0.6244563377,1.248912675,74.29412962,4.84560492,-0.2706990794
1649,0.6861202637,0.2210705634,0.6495296931,1.299059386,71.22821987,5.05417657,-0.3217994034
1650,0.6461375309,0.2307612992,0.6035254192,1.207050838,74.48930758,4.832908396,-0.2674182022
1651,0.6620950628,0.1857651689,0.6355007271,1.271001454,73.48955854,4.89865509,-0.2841900732
1652,0.6130091317,0.2754830026,0.5476215032,1.095243006,77.06440285,4.671417499,-0.2238556799
1653,0.6605159225,0.2608470713,0.606827891,1.213655782,72.93479762,4.935915527,-0.2934597864
1654,0.6938744724,0.2183567938,0.6586213587,1.317242717,70.63680286,5.096493406,-0.3315552021
1655,0.6368999307,0.2679285327,0.5778025815,1.155605163,74.92418113,4.804857318,-0.2600970171
1656,0.7129306727,0.2680856677,0.6606059483,1.321211897,68.64651645,5.244257372,-0.3641207723
1657,0.6727717162,0.2887478119,0.6076565504,1.215313101,71.55914519,5.030803527,-0.3163255536
1658,0.7213615453,0.2033707946,0.692100281,1.384200562,68.66236451,5.243046938,-0.3638631458
1659,0.6481607967,0.2882693305,0.5805283899,1.16105678,73.66781579,4.886801599,-0.2812058069
1660,0.6733571854,0.2320948251,0.6320932615,1.264186523,72.1616368,4.988800365,-0.3063327481
1661,0.6778674724,0.2646649981,0.6240646993,1.248129399,71.44262015,5.039008917,-0.3182542123
1662,0.6801581562,0.1953873543,0.6514897538,1.302979508,71.92579222,5.005158635,-0.3102485148
1663,0.6832840709,0.1672324889,0.6625031442,1.325006288,71.87361607,5.008792095,-0.3111140963
1664,0.6741888643,0.2076088193,0.6414274728,1.282854946,72.31418763,4.978276211,-0.3037971528
1665,0.6496019562,0.2417950427,0.6029244221,1.205848844,74.07933199,4.859655052,-0.2743061248
1666,0.6399017242,0.2285678087,0.5976880235,1.195376047,75.06046175,4.796133565,-0.2577996016
1667,0.6411050749,0.2032908739,0.6080201786,1.216040357,75.16742633,4.789308582,-0.255995373
1668,0.6728193936,0.2269475668,0.6333882999,1.2667766,72.25519048,4.982341028,-0.3047780194
1669,0.646779858,0.2153833845,0.6098640688,1.219728138,74.57034639,4.827656266,-0.2660550525
1670,0.6556162873,0.2041279516,0.6230284869,1.246056974,73.89959391,4.871474672,-0.277321463
1671,0.655813446,0.2164012816,0.619081385,1.23816277,73.78024378,4.879354981,-0.2793222093
1672,0.662019372,0.2160898674,0.6257593932,1.251518786,73.25525182,4.914323424,-0.2881084944
1673,0.6353348241,0.2172039419,0.59705342,1.19410684,75.56821742,4.76390753,-0.2492271323
1674,0.6553706665,0.2161181048,0.6187113021,1.237422604,73.82062889,4.876685628,-0.2786453418
1675,0.7221484484,0.2034948857,0.6928839823,1.385767965,68.6028589,5.247594718,-0.3648303268
1676,0.6626263721,0.1796634082,0.6378046479,1.275609296,73.48783039,4.898770287,-0.2842189913
1677,0.7164830775,0.2403788532,0.6749563003,1.349912601,68.68574035,5.24126257,-0.3634830966
1678,0.7220662433,0.2487030369,0.6778838095,1.355767619,68.18211538,5.279976985,-0.3716576401
1679,0.6483027725,0.195021993,0.6182741359,1.236548272,74.60039496,4.825711717,-0.2655494717
1680,0.6394410014,0.141032882,0.6236942524,1.247388505,75.70801193,4.755110996,-0.2468635085
1681,0.6556465823,0.1718915737,0.63271299,1.26542598,74.13020771,4.856319861,-0.2734521275
1682,0.6348856049,0.202131509,0.6018493037,1.203698607,75.72947917,4.753763052,-0.2465004132
1683,0.6026445531,0.1537452776,0.5827030522,1.165406104,79.00810513,4.556494545,-0.1906701313
1684,0.6760280648,0.1771720034,0.6523986707,1.304797341,72.39514104,4.972709422,-0.3024507248
1685,0.6138238495,0.2091190672,0.5771039195,1.154207839,77.60992604,4.638581923,-0.2145661232
1686,0.675552148,0.216134731,0.6400441257,1.280088251,72.129018,4.991056443,-0.3068746343
1687,0.6692096129,0.2465063744,0.6221544128,1.244308826,72.35963685,4.975149346,-0.3030413097
1688,0.6746265518,0.2400425476,0.6304764546,1.260952909,71.97807481,5.001523047,-0.3093809095
1689,0.6764820787,0.2553255479,0.626447817,1.252895634,71.66289199,5.023520402,-0.314607292
1690,0.6205037328,0.1938745129,0.5894383391,1.178876678,77.0976466,4.669403229,-0.2232901536
1691,0.6667891341,0.2168476557,0.6305432923,1.261086585,72.84794147,4.941800588,-0.2949086303
1692,0.6618319428,0.2483105878,0.6134846147,1.226969229,72.96068086,4.934164481,-0.2930278984
1693,0.6695423479,0.2684479586,0.6133699122,1.226739824,72.08529389,4.994083822,-0.3076008534
1694,0.6755848561,0.2028288611,0.6444186146,1.288837229,72.23912353,4.983449167,-0.305045087
1695,0.6763498242,0.2405192344,0.632138895,1.26427779,71.83171061,5.011714144,-0.3118091044
1696,0.6555283878,0.2215635848,0.6169497914,1.233899583,73.75915919,4.88074978,-0.2796755388
1697,0.6273847351,0.2119654542,0.5904932278,1.180986456,76.3306975,4.716320063,-0.2363175829
1698,0.6701256679,0.2761764379,0.6105693949,1.22113879,71.94209859,5.004024168,-0.3099779459
1699,0.6661413574,0.2464899738,0.6188594354,1.237718871,72.61639711,4.957557994,-0.2987676921
1700,0.6666197736,0.2527005892,0.6168665454,1.233733091,72.50974583,4.96484984,-0.3005435709
1701,0.6482158996,0.2206318603,0.6095124566,1.219024913,74.39957123,4.838737563,-0.2689270284
1702,0.6854290573,0.219924318,0.6491889454,1.298377891,71.29408842,5.04950702,-0.3207107187
1703,0.6557127624,0.2811020857,0.5924026031,1.184805206,73.10234163,4.924602851,-0.2906630892
1704,0.694613567,0.2058629059,0.6634067165,1.326813433,70.68720889,5.09285917,-0.3307250852
1705,0.7011816584,0.2458054645,0.6566851542,1.313370308,69.79672437,5.157835174,-0.3453518525
1706,0.6556488019,0.2147332582,0.6194876748,1.23897535,73.80873882,4.877471228,-0.2788446377
1707,0.6727159896,0.2757169935,0.6136179122,1.227235824,71.73265649,5.018634714,-0.3134512674
1708,0.6851306172,0.2518457934,0.6371637615,1.274327523,70.99912491,5.07048503,-0.3255825955
1709,0.6315805859,0.2204617325,0.5918535807,1.183707161,75.87899462,4.744396019,-0.2439705632
1710,0.6702763177,0.2325866171,0.6286285132,1.257257026,72.41179046,4.971566063,-0.3021737345
1711,0.6791886659,0.2482301644,0.6322017316,1.264403463,71.51911459,5.033619363,-0.3169882662
1712,0.6550187895,0.1799607793,0.6298124582,1.259624916,74.13005967,4.856329559,-0.2734546128
1713,0.669895461,0.1896720061,0.6424830416,1.284966083,72.8099123,4.944381728,-0.2955427803
1714,0.6645537861,0.202610201,0.6329145607,1.265829121,73.15491442,4.921063785,-0.2897850143
1715,0.6435394392,0.2058536368,0.6097272259,1.219454452,74.93276657,4.804306801,-0.2599523273
1716,0.677891295,0.2086238552,0.6449904611,1.289980922,72.00269149,4.999813098,-0.3089723178
1717,0.6649498027,0.1900685663,0.6372065444,1.274413089,73.21860554,4.916783069,-0.2887209134
1718,0.698712288,0.2129254307,0.6654784912,1.330956982,70.30587142,5.120482724,-0.3369987789
1719,0.6597747159,0.2305136037,0.6181958866,1.236391773,73.31402898,4.910383525,-0.2871259867
1720,0.7009759414,0.2510594661,0.6544741514,1.308948303,69.75624121,5.160828533,-0.3460148581
1721,0.6901067757,0.2050206946,0.6589490699,1.31789814,71.05030897,5.066832294,-0.3247378097
1722,0.6365148173,0.1883413154,0.6080120571,1.216024114,75.68488923,4.756563743,-0.2472545653
1723,0.759596404,0.1550648474,0.7436004236,1.487200847,66.26325552,5.432875236,-0.4025349195
1724,0.6851140891,0.2787099632,0.625861064,1.251722128,70.68304925,5.09315888,-0.3307935983
1725,0.695836619,0.2484789729,0.6499590759,1.299918152,70.18525731,5.129282328,-0.3389800056
1726,0.6775212221,0.2134382948,0.6430234061,1.286046812,71.99161556,5.000582321,-0.309156165
1727,0.6823740959,0.2249141513,0.6442422148,1.28848443,71.49408345,5.035381708,-0.3174025818
1728,0.6995107107,0.2546767311,0.6515021082,1.303004216,69.83028193,5.155356531,-0.3448021391
1729,0.6298142259,0.2058356951,0.5952290532,1.190458106,76.15791397,4.72702023,-0.2392467299
1730,0.6746622985,0.2463263941,0.628086399,1.256172798,71.90997827,5.006259335,-0.3105108892
1731,0.7022678723,0.2376533442,0.6608336042,1.321667208,69.79688896,5.157823011,-0.3453491567
1732,0.7010805463,0.260232932,0.6509936662,1.301987332,69.64551119,5.169033781,-0.3478274355
1733,0.5937933014,0.250365195,0.5384308255,1.076861651,79.21239234,4.544743434,-0.1871688541
1734,0.6708798511,0.1978928129,0.6410290237,1.282058047,72.66566661,4.954196622,-0.2979469427
1735,0.6655525987,0.260961191,0.6122577222,1.224515444,72.50713809,4.965028402,-0.30058698
1736,0.6493720821,0.1632965172,0.6285048516,1.257009703,74.72166131,4.817880032,-0.2635083694
1737,0.6977315196,0.2570352438,0.6486618201,1.29732364,69.94264045,5.14707477,-0.3429607103
1738,0.6888086723,0.2160606027,0.6540452607,1.308090521,71.05863736,5.066238439,-0.3246003262
1739,0.6866850533,0.197306956,0.6577281563,1.315456313,71.38541694,5.043046822,-0.3192005273
1740,0.6615514042,0.1622867527,0.6413370957,1.282674191,73.69093344,4.885268556,-0.2808185863
1741,0.6395659406,0.1933000919,0.6096553673,1.219310735,75.37876861,4.775880618,-0.252427933
1742,0.615204503,0.13348552,0.6005482465,1.201096493,77.92461244,4.619849733,-0.2091985191
1743,0.639885094,0.2661219616,0.581920987,1.163841974,74.67642688,4.82079841,-0.2642698741
1744,0.6640660984,0.2162940763,0.6278540082,1.255708016,73.08102472,4.926039302,-0.2910190563
1745,0.6722752482,0.2645118282,0.6180513749,1.23610275,71.90471715,5.006625633,-0.3105981729
1746,0.6127742411,0.1942923675,0.5811563873,1.162312775,77.8149,4.626363332,-0.2110706084
1747,0.6682642417,0.2359884424,0.6252092064,1.250418413,72.54590808,4.962374992,-0.2999415401
1748,0.7293271632,0.2953291528,0.6668574079,1.333714816,67.08348706,5.36644733,-0.3893894244
1749,0.7012391453,0.2316695688,0.6618652052,1.32373041,69.93603711,5.147560755,-0.343068968
1750,0.6730165457,0.2504605533,0.6246765419,1.249353084,72.00152996,4.999893755,-0.3089915984
1751,0.684449128,0.1846198257,0.659079759,1.318159518,71.66076367,5.023669601,-0.3146425519
1752,0.6931387141,0.2504884738,0.6462946707,1.292589341,70.3759209,5.115385993,-0.3358474488
1753,0.6750408777,0.2156285245,0.6396753285,1.279350657,72.17540742,4.987848533,-0.3061039512
1754,0.6228388822,0.1479290999,0.6050167391,1.210033478,77.1575164,4.665780041,-0.2222714892
1755,0.6607941759,0.2588145894,0.6079999598,1.21599992,72.93412049,4.935961353,-0.2934710842
1756,0.7070807959,0.1944922475,0.6798058676,1.359611735,69.8116263,5.156734187,-0.3451077556
1757,0.6800643528,0.2345784049,0.638326324,1.276652648,71.58831329,5.028753765,-0.3158425742
1758,0.6607974262,0.2685794251,0.6037535349,1.20750707,72.82076061,4.94364515,-0.2953618941
1759,0.6937638739,0.2270474868,0.6555591137,1.311118227,70.56505528,5.101675306,-0.3327363419
1760,0.6403479027,0.2523895437,0.588510794,1.177021588,74.78634747,4.813712826,-0.2624191169
1761,0.6688013775,0.254697967,0.6184045829,1.236809166,72.30528035,4.978889484,-0.3039452628
1762,0.6669313451,0.2642149573,0.6123625359,1.224725072,72.35371672,4.975556424,-0.3031397752
1763,0.6399320982,0.1833886114,0.6130919242,1.226183848,75.41622612,4.773508547,-0.2517952936
1764,0.6643839072,0.2034137927,0.6324783041,1.264956608,73.16268768,4.92054094,-0.289655164
1765,0.5930100899,0.2175162874,0.5516771079,1.103354216,79.5588848,4.524950304,-0.1812249053
1766,0.6856462941,0.2251690605,0.6476185103,1.295237021,71.22826794,5.054173159,-0.321798609
1767,0.6628526789,0.1543962078,0.6446204192,1.289240838,73.62850511,4.88941069,-0.2818641555
1768,0.6581267982,0.2258883201,0.6181467054,1.236293411,73.49765782,4.898115269,-0.2840545398
1769,0.6284476279,0.2293514751,0.5851019756,1.170203951,76.08631476,4.73146848,-0.2404598938
1770,0.649282836,0.214963219,0.6126655006,1.225331001,74.35585778,4.841582234,-0.2696617873
1771,0.6743439538,0.2849894959,0.611163444,1.222326888,71.47914932,5.03643375,-0.3176497428
1772,0.6291564192,0.181965879,0.602267564,1.204535128,76.38796282,4.712784406,-0.2353463056
1773,0.6758476128,0.2260817656,0.6369121062,1.273824212,72.01426441,4.999009612,-0.3087802089
1774,0.7042789149,0.2311845719,0.6652536988,1.330507398,69.70575988,5.164566036,-0.3468413648
1775,0.6243041793,0.2052515319,0.5895994547,1.179198909,76.66500402,4.695754009,-0.2306441071
1776,0.7111503496,0.2514567911,0.6652099684,1.330419937,68.97113081,5.219575144,-0.3588383001
1777,0.6438542454,0.2557287037,0.5908901078,1.181780216,74.43879439,4.836187944,-0.2682676114
1778,0.6011445875,0.1780601845,0.5741684298,1.14833686,79.02233121,4.555674257,-0.1904263886
1779,0.6657104328,0.1951486707,0.636464749,1.272929498,73.11668177,4.923637005,-0.2904236033
1780,0.6975998526,0.2142641792,0.6638798203,1.327759641,70.38096252,5.115019561,-0.3357645655
1781,0.6356104126,0.2048475511,0.6016960009,1.203392002,75.6436644,4.759156009,-0.2479516698
1782,0.6602730436,0.2459428932,0.6127581785,1.225516357,73.11795065,4.92355156,-0.2904024116
1783,0.6711099532,0.2197788644,0.6341023734,1.268204747,72.46245998,4.968089685,-0.3013306074
1784,0.6422773148,0.209302989,0.6072169365,1.214433873,75.01612423,4.798968271,-0.2585472031
1785,0.6434176939,0.1828320717,0.61689445,1.2337889,75.11358323,4.792741666,-0.2569036852
1786,0.7015908867,0.1684345758,0.6810723647,1.362144729,70.42159347,5.112068362,-0.335096506
1787,0.653592469,0.1908680638,0.6251019899,1.25020398,74.17479185,4.85340088,-0.2727035632
1788,0.6917886617,0.2309108036,0.6521132979,1.304226596,70.68397916,5.093091876,-0.330778282
1789,0.6183929818,0.2354709069,0.5718070759,1.143614152,76.96216136,4.67762331,-0.2255944879
1790,0.6808041883,0.2122480319,0.6468733382,1.293746676,71.73502206,5.018469217,-0.3134120608
1791,0.6769117874,0.2507090994,0.6287722285,1.257544457,71.67839718,5.022433734,-0.3143504054
1792,0.6376103512,0.2382203797,0.5914372415,1.182874483,75.17442145,4.788862928,-0.2558773513
1793,0.7022871091,0.2783430164,0.6447730987,1.289546197,69.3336202,5.192286209,-0.3529258801
1794,0.7140051051,0.2440981301,0.6709838992,1.341967798,68.83372114,5.229994748,-0.3610757931
1795,0.6799528333,0.2531260685,0.6310808577,1.262161715,71.40377744,5.041750071,-0.3188968234
1796,0.6485956114,0.2127373994,0.6127145061,1.225429012,74.43441876,4.83647224,-0.2683411805
1797,0.6373699808,0.2230781645,0.5970566346,1.194113269,75.33541519,4.778629003,-0.2531600166
1798,0.6136367945,0.2481597174,0.5612190929,1.122438186,77.2928173,4.657612603,-0.2199684973
1799,0.6924979186,0.2553823811,0.6436871963,1.287374393,70.37261953,5.115625969,-0.3359017212
1800,0.6701622842,0.2126957268,0.6355139771,1.271027954,72.6033266,4.958450485,-0.2989853884
1801,0.646211355,0.2617715903,0.5908170189,1.181634038,74.16366491,4.854129046,-0.2728903991
1802,0.690236861,0.1992098135,0.6608648686,1.321729737,71.08740569,5.064188185,-0.3241253714
1803,0.7152697889,0.1912966412,0.6892143831,1.378428766,69.21432145,5.201235704,-0.3548732855
1804,0.7281358901,0.2378061892,0.6882078835,1.376415767,67.84787287,5.305988011,-0.3770670539
1805,0.6721872097,0.2388610839,0.6283160251,1.25663205,72.19128406,4.986751582,-0.3058401411
1806,0.70362474,0.2206324379,0.6681385351,1.33627707,69.85586227,5.153468704,-0.3443830226
1807,0.595436515,0.2196371717,0.5534475189,1.106895038,79.3030338,4.539548902,-0.1856145859
1808,0.6746226997,0.1968097436,0.6452764615,1.290552923,72.36595887,4.974714709,-0.3029361563
1809,0.6666842633,0.2203523596,0.629215976,1.258431952,72.82551199,4.94332261,-0.2952826656
1810,0.698243013,0.2022833855,0.6682998857,1.336599771,70.4325395,5.111273888,-0.3349165011
1811,0.6639784334,0.2305015677,0.6226848219,1.245369644,72.95848143,4.934313228,-0.2930646005
1812,0.6352227752,0.2178527785,0.5966976965,1.193395393,75.57279422,4.763619021,-0.2491497719
1813,0.7006781788,0.258062074,0.6514244977,1.302848995,69.70149542,5.164882014,-0.3469111726
1814,0.6271803332,0.2167584368,0.5885328797,1.177065759,76.31044691,4.717571638,-0.2366609967
1815,0.682165402,0.2483765754,0.6353414141,1.270682828,71.27585701,5.050798617,-0.3210120925
1816,0.6464960065,0.2221524171,0.6071288084,1.214257617,74.53634156,4.82985873,-0.266627111
1817,0.6765227674,0.1707727262,0.6546141847,1.309228369,72.39783669,4.972524269,-0.30240588
1818,0.6496697976,0.2518874938,0.5988518484,1.197703697,73.96881121,4.866916125,-0.2761605749
1819,0.6791676846,0.1896975881,0.6521376917,1.304275383,72.04957351,4.996559764,-0.3081940047
1820,0.6572839822,0.1961125981,0.6273452655,1.254690531,73.82008175,4.876721774,-0.278654513
1821,0.6624774927,0.2520723368,0.6126466888,1.225293378,72.86568699,4.940597075,-0.294612673
1822,0.628465684,0.2212986365,0.5882142717,1.176428543,76.1550106,4.727200445,-0.2392959314
1823,0.6536824078,0.2066474228,0.6201592803,1.240318561,74.04501024,4.861907626,-0.2748821258
1824,0.7124228339,0.2448982857,0.6690075664,1.338015133,68.94490692,5.221560462,-0.3592654733
1825,0.6629056414,0.2496704389,0.6140916555,1.228183311,72.85529413,4.941301855,-0.2947860071
1826,0.6877007655,0.2354155805,0.6461515669,1.292303134,70.96476909,5.072939778,-0.3261494878
1827,0.7093084246,0.2340661336,0.6695756016,1.339151203,69.2919955,5.19540529,-0.3536055263
1828,0.7010825066,0.22486202,0.6640434874,1.328086975,70.01336352,5.14187552,-0.3418009625
1829,0.6393529596,0.2119860834,0.6031866273,1.206373255,75.25298291,4.783863524,-0.2545516019
1830,0.7027465314,0.2545440246,0.6550267376,1.310053475,69.58075882,5.173844121,-0.3488867875
1831,0.6808039329,0.2707185285,0.6246642886,1.249328577,71.13090717,5.061091083,-0.3234070226
1832,0.6686173937,0.1961910725,0.6391856399,1.27837128,72.86642843,4.940546803,-0.2946003068
1833,0.6588014046,0.2100090706,0.6244321267,1.248864253,73.57982706,4.892645367,-0.2826791986
1834,0.6490863002,0.2021780669,0.6167957964,1.233591593,74.47753966,4.833672026,-0.2676161053
1835,0.6280120515,0.2240701997,0.5866785172,1.173357034,76.17264155,4.726106285,-0.2389971421
1836,0.6604688679,0.2216329466,0.6221719718,1.244343944,73.33730016,4.908825376,-0.2867369064
1837,0.6113712588,0.2524402875,0.556820184,1.113640368,77.46756453,4.647106208,-0.216992266
1838,0.7075036524,0.21501686,0.674039441,1.348078882,69.60833445,5.171794482,-0.3484357032
1839,0.6770851771,0.2322420089,0.6360094232,1.272018846,71.85407365,5.010154354,-0.3114382308
1840,0.7132050589,0.2288275964,0.6754993614,1.350998723,69.04721373,5.213823709,-0.3575985249
1841,0.6249288498,0.2000954222,0.592028622,1.184057244,76.64626144,4.696902279,-0.2309623948
1842,0.6930981938,0.1783338398,0.6697627548,1.33952551,71.0177989,5.069151756,-0.3252744139
1843,0.6433353079,0.213262721,0.6069590845,1.213918169,74.89030473,4.807030781,-0.2606678768
1844,0.6589226301,0.2474429331,0.610697165,1.22139433,73.21731093,4.916870006,-0.2887425463
1845,0.6384124779,0.2159450409,0.6007813507,1.201562701,75.30370701,4.780641143,-0.2536953622
1846,0.6840550037,0.2440975589,0.6390208367,1.278041673,71.16860424,5.05841029,-0.3227843722
1847,0.7293038171,0.2051242696,0.6998629092,1.399725818,68.06188368,5.289304094,-0.3736049479
1848,0.6533383573,0.2307022556,0.6112507492,1.222501498,73.86344521,4.873858767,-0.2779275754
1849,0.64659197,0.274824934,0.5852797889,1.170559578,73.97694545,4.866380976,-0.2760241239
1850,0.6241440805,0.2624344352,0.5662896789,1.132579358,76.1559481,4.727142252,-0.2392800443
1851,0.6486948675,0.2281134888,0.6072637543,1.214527509,74.29030421,4.845854434,-0.2707633522
1852,0.675816454,0.2882702585,0.6112512883,1.222502577,71.31423654,5.048080404,-0.3203776231
1853,0.7145986813,0.2055889085,0.6843862039,1.368772408,69.15046076,5.206039064,-0.3559151012
1854,0.6483469255,0.1787464145,0.6232202301,1.24644046,74.71197764,4.818504494,-0.2636714042
1855,0.6241267784,0.2310390785,0.5797889096,1.159577819,76.46830747,4.70783272,-0.2339831838
1856,0.6773225713,0.2330873533,0.6359529474,1.271905895,71.826414,5.012083716,-0.3118969376
1857,0.6395064108,0.2465371111,0.5900744888,1.180148978,74.92225569,4.804980799,-0.2601294656
1858,0.6665184171,0.1424447756,0.6511192565,1.302238513,73.3887094,4.905386713,-0.2858772071
1859,0.6443945446,0.158407998,0.6246208733,1.249241747,75.18179172,4.788393463,-0.2557529961
1860,0.6322773823,0.2305904409,0.5887297655,1.177459531,75.72656353,4.753946082,-0.24654973
1861,0.7076702476,0.2537688743,0.6606046758,1.321209352,69.21083926,5.201497393,-0.354930105
1862,0.6540197859,0.2464292509,0.6058172205,1.211634441,73.64873743,4.888067502,-0.2815253348
1863,0.6073857726,0.2122850891,0.5690804141,1.138160828,78.19706884,4.603753124,-0.2045461288
1864,0.6586247969,0.2540221085,0.6076671716,1.215334343,73.17225848,4.919897342,-0.2894952788
1865,0.7156578255,0.2198303225,0.6810585529,1.362117106,68.94632918,5.221452748,-0.3592423073
1866,0.6419661843,0.2698461865,0.5824977402,1.16499548,74.44706871,4.835650432,-0.2681284881
1867,0.6457960935,0.256814728,0.5925358975,1.185071795,74.25535758,4.848135026,-0.2713504519
1868,0.7304053191,0.2788638386,0.6750754696,1.350150939,67.22046339,5.355512025,-0.3871863151
1869,0.6708909544,0.2176200616,0.6346149868,1.269229974,72.49989029,4.965524755,-0.3007076257
1870,0.6126903959,0.2001138665,0.5790889065,1.158177813,77.78241353,4.628295571,-0.2116247963
1871,0.6540376248,0.2282752298,0.6129075249,1.22581505,73.82594115,4.876334719,-0.2785562964
1872,0.6779202397,0.2148798327,0.6429638473,1.285927695,71.94647736,5.003719615,-0.3099052854
1873,0.6470616324,0.2276886521,0.6056786556,1.211357311,74.43684357,4.83631469,-0.2683004115
1874,0.6428199759,0.1763134132,0.6181675353,1.236335071,75.20947749,4.786630781,-0.2552858288
1875,0.6491209643,0.2324855974,0.6060597936,1.212119587,74.21222061,4.850953078,-0.2720750095
1876,0.6088870745,0.1918260604,0.5778808112,1.155761622,78.19830156,4.603680551,-0.2045250687
1877,0.7063287483,0.3089399675,0.6351821764,1.270364353,68.60194489,5.247664633,-0.3648451796
1878,0.6412178976,0.2174773772,0.6032113913,1.206422783,75.04162605,4.797337411,-0.2581172206
1879,0.6576655332,0.167227914,0.6360493521,1.272098704,73.98836945,4.865629594,-0.275832478
1880,0.7021167784,0.1769838273,0.6794444019,1.358888804,70.32305065,5.119231841,-0.3367164685
1881,0.6471954007,0.2553900646,0.5946745342,1.189349068,74.14774324,4.855171368,-0.2731577271
1882,0.6768745091,0.224240673,0.6386510954,1.277302191,71.94736918,5.003657591,-0.3098904864
1883,0.6780545944,0.2360440788,0.6356423726,1.271284745,71.73743114,5.018300688,-0.3133721326
1884,0.6570813637,0.1496709097,0.6398082036,1.279616407,74.14127805,4.855594744,-0.2732662727
1885,0.7025401244,0.2675670672,0.6495925576,1.299185115,69.44662905,5.183836925,-0.3510797382
1886,0.6848517187,0.1957183524,0.656289725,1.31257945,71.54473203,5.031817015,-0.3165641833
1887,0.6837095382,0.1837813096,0.6585462496,1.317092499,71.72624647,5.019083219,-0.3135575033
1888,0.6407566688,0.2493744486,0.5902385052,1.18047701,74.7814828,4.814025966,-0.2625010448
1889,0.6810846863,0.2377018471,0.6382587107,1.276517421,71.47433367,5.036773084,-0.3177294375
1890,0.6801378086,0.2327170238,0.6390854602,1.27817092,71.60064561,5.027887625,-0.315638345
1891,0.704932696,0.2751113075,0.6490330303,1.298066061,69.17025922,5.20454895,-0.3555921587
1892,0.6615950787,0.2276229477,0.6212051528,1.242410306,73.18688595,4.918914028,-0.2892509038
1893,0.6839240887,0.270327492,0.6282318092,1.256463618,70.88311258,5.078783745,-0.3274964
1894,0.6598928069,0.2432758709,0.6134128848,1.22682577,73.17789607,4.919518315,-0.2894010962
1895,0.7009340518,0.2839112195,0.6408611116,1.281722223,69.36673846,5.189807219,-0.3523849935
1896,0.7102019473,0.242967903,0.6673480382,1.334696076,69.13362321,5.207306999,-0.3561897134
1897,0.6976219435,0.2218100149,0.6614202093,1.322840419,70.31123745,5.120091938,-0.3369106009
1898,0.6093698701,0.162538989,0.5872927001,1.1745854,78.32720929,4.596104001,-0.2023222478
1899,0.6816465512,0.2095920515,0.6486240766,1.297248153,71.68964002,5.021646083,-0.3141641219
1900,0.6709571763,0.2325495503,0.6293681269,1.258736254,72.3556596,4.975422821,-0.303107461
1901,0.6881585637,0.2518629264,0.6404118012,1.280823602,70.75634806,5.087882711,-0.3295860434
1902,0.6175856588,0.178882882,0.5911116312,1.182223262,77.46621325,4.647187269,-0.2170152883
1903,0.6878398668,0.2613601864,0.6362503715,1.272500743,70.67497909,5.093740453,-0.3309265165
1904,0.6955416017,0.2287906229,0.6568355734,1.313671147,70.40855529,5.113015009,-0.3353108998
1905,0.611838854,0.191457912,0.5811115652,1.16222313,77.92194109,4.620008113,-0.2092441111
1906,0.6530243372,0.2095687782,0.6184833968,1.236966794,74.07762511,4.859767028,-0.2743347727
1907,0.6765075415,0.2276648303,0.6370488041,1.274097608,71.94528816,5.003802322,-0.3099250188
1908,0.6347227881,0.1548930075,0.6155332436,1.231066487,76.05230009,4.733584646,-0.2410361004
1909,0.615095632,0.2494627327,0.5622374779,1.124474956,77.14134601,4.666758082,-0.2225466468
1910,0.6939642007,0.3053284621,0.6231860413,1.246372083,69.61409546,5.171366483,-0.348341454
1911,0.655210137,0.2289651056,0.6139017055,1.227803411,73.71866755,4.883430642,-0.2803539796
1912,0.6755126491,0.1736957426,0.6527994548,1.30559891,72.46085347,4.968199832,-0.3013573429
1913,0.6934394216,0.2504443174,0.6466342671,1.293268534,70.35266543,5.117076912,-0.3362297303
1914,0.6652005364,0.2402505696,0.6202994579,1.240598916,72.75980227,4.947786948,-0.296378184
1915,0.6741754032,0.2395956731,0.6301637785,1.260327557,72.01975202,4.998628708,-0.3086891109
1916,0.6801118834,0.2947263557,0.612934376,1.225868752,70.87457788,5.079395331,-0.3276371403
1917,0.6724772804,0.2066262909,0.6399463013,1.279892603,72.46324718,4.968035715,-0.3013175067
1918,0.7122478764,0.2655558474,0.660891163,1.321782326,68.72812523,5.238030265,-0.3627938402
1919,0.6985414632,0.2460637026,0.6537681776,1.307536355,69.99937943,5.142902736,-0.3420303211
1920,0.6946867004,0.2587937764,0.644682397,1.289364794,70.16148395,5.131020322,-0.3393703337
1921,0.6643803908,0.2464111364,0.6169950207,1.233990041,72.76530955,4.947412472,-0.2962863811
1922,0.7209794002,0.2648286623,0.670579656,1.341159312,68.08234872,5.287714169,-0.3732736062
1923,0.6726249976,0.187372275,0.6460000139,1.292000028,72.6015947,4.958568768,-0.2990142329
1924,0.645453321,0.2318498488,0.6023749971,1.204749994,74.5391685,4.829675555,-0.2665795573
1925,0.6426989703,0.1986354782,0.6112331087,1.222466217,75.06276581,4.795986347,-0.2577607472
1926,0.7090703186,0.1941813717,0.6819635706,1.363927141,69.66196892,5.16781259,-0.3475581154
1927,0.6842982611,0.2972104617,0.616384662,1.232769324,70.50075548,5.106328259,-0.3337944299
1928,0.6558780415,0.2693354719,0.598025425,1.19605085,73.23324119,4.91580045,-0.288476342
1929,0.67027907,0.2532931268,0.6205776532,1.241155306,72.19762761,4.986313428,-0.3057347285
1930,0.6164790706,0.1971164375,0.5841160455,1.168232091,77.4484915,4.648250638,-0.2173172096
1931,0.7107001275,0.2556565424,0.663124727,1.326249454,68.95897408,5.220495299,-0.3590363361
1932,0.7094125896,0.2636331783,0.6586074472,1.317214894,68.96584891,5.219974896,-0.3589243454
1933,0.6479117353,0.1976355837,0.6170330565,1.234066113,74.61463925,4.824790465,-0.2653097795
1934,0.6868825989,0.1771982616,0.6636327906,1.327265581,71.51869258,5.033649064,-0.3169952517
1935,0.6388295749,0.2321138218,0.5951692192,1.190338438,75.1232927,4.792122217,-0.2567399069
1936,0.6266221193,0.2034961988,0.5926589049,1.18531781,76.46614151,4.707966073,-0.2340199374
1937,0.6272547411,0.2253950062,0.585359378,1.170718756,76.23042479,4.722523861,-0.2380177393
1938,0.6441227228,0.2195521139,0.6055501229,1.211100246,74.76742466,4.814931123,-0.2627377934
1939,0.6113564739,0.1794813408,0.5844169629,1.168833926,78.04361731,4.612805152,-0.2071670004
1940,0.6620449188,0.1971041836,0.6320232712,1.264046542,73.40922897,4.904015545,-0.285534001
1941,0.6496404957,0.2013294488,0.6176562367,1.235312473,74.43614474,4.836360094,-0.2683121611
1942,0.638160647,0.2032658157,0.6049231518,1.209846304,75.42853482,4.772729589,-0.2515873821
1943,0.6570818767,0.2583760264,0.6041509924,1.208301985,73.25628026,4.914254433,-0.2880913058
1944,0.6472082895,0.2291782819,0.605273397,1.210546794,74.41025725,4.838042675,-0.2687473883
1945,0.6869139987,0.2221151712,0.6500120709,1.300024142,71.15509099,5.059370946,-0.3230075894
1946,0.6651716553,0.1802786928,0.6402756625,1.280551325,73.27033268,4.913311934,-0.2878564345
1947,0.7251352322,0.2816125477,0.6682181365,1.336436273,67.57058181,5.327762324,-0.381545029
1948,0.6041495013,0.1574701433,0.583266469,1.166532938,78.84663282,4.565825922,-0.1934358912
1949,0.6616732257,0.2000070517,0.6307207281,1.261441456,73.41790167,4.903436244,-0.2853889321
1950,0.6361273538,0.202342823,0.6030882127,1.206176425,75.61682193,4.760845415,-0.2484055023
1951,0.6664952213,0.2140762843,0.6311792333,1.262358467,72.89670008,4.938495153,-0.2940953731
1952,0.6306374705,0.1904012924,0.6012079233,1.202415847,76.19705295,4.724592174,-0.2385834083
1953,0.6570653841,0.230802666,0.6151951303,1.230390261,73.54232182,4.895140527,-0.2833070302
1954,0.6772521742,0.2215967069,0.6399729737,1.279945947,71.9408497,5.004111037,-0.3099986694
1955,0.6590853264,0.2171089484,0.6222999052,1.24459981,73.49493522,4.898296718,-0.2841001004
1956,0.6868649871,0.2070371481,0.6549191781,1.309838356,71.29171169,5.049675361,-0.320750009
1957,0.7066713348,0.1549338904,0.6894779655,1.378955931,70.11492834,5.134427268,-0.3401345478
1958,0.7283089777,0.2362209955,0.6889365779,1.377873156,67.85105276,5.305739341,-0.3770156503
1959,0.6703765682,0.2506272105,0.6217642194,1.243528439,72.21853993,4.984869541,-0.3053871963
1960,0.6622613774,0.2196004357,0.6247925901,1.24958518,73.20385533,4.917773775,-0.2889673799
1961,0.6587412258,0.2558496935,0.6070263067,1.214052613,73.14223776,4.921916679,-0.2899967631
1962,0.6794429618,0.2084400724,0.6466803496,1.293360699,71.87798797,5.008487441,-0.3110415781
1963,0.6459757528,0.2609726969,0.5909127894,1.181825579,74.19342808,4.852181781,-0.2723906133
1964,0.6491418999,0.2487893902,0.5995740534,1.199148107,74.04768365,4.861732093,-0.2748372632
1965,0.6264792384,0.1937243039,0.5957743954,1.191548791,76.55061664,4.702770739,-0.232586255
1966,0.6630684834,0.2208894511,0.6251941011,1.250388202,73.12422318,4.923129223,-0.2902976515
1967,0.6188418623,0.1799168078,0.5921107943,1.184221589,77.3435358,4.654558345,-0.2191048879
1968,0.6979446081,0.2177553543,0.6631057846,1.326211569,70.32294626,5.11923944,-0.336718184
1969,0.6548898027,0.2373571833,0.6103623687,1.220724737,73.66557031,4.886950559,-0.2812434163
1970,0.623957762,0.199013498,0.5913686805,1.182737361,76.74316604,4.690971439,-0.2293164892
1971,0.6655811529,0.2857159427,0.6011361502,1.2022723,72.20046937,4.98611717,-0.305687505
1972,0.5940109753,0.2512832665,0.5382432153,1.076486431,79.18216469,4.546478382,-0.1876870767
1973,0.6478485123,0.201091132,0.6158490493,1.231698099,74.59354878,4.826154619,-0.2656646682
1974,0.6931544891,0.2117566414,0.6600168714,1.320033743,70.75193933,5.08819975,-0.3296586899
1975,0.6524463995,0.2084360772,0.6182561815,1.236512363,74.13674549,4.855891604,-0.273342369
1976,0.652724337,0.2256216227,0.6124899538,1.224979908,73.96366858,4.867254517,-0.2762468392
1977,0.644691641,0.2273155397,0.6032867952,1.20657359,74.64817029,4.822623228,-0.2647454796
1978,0.6725738097,0.2036477227,0.641001665,1.28200333,72.4798002,4.966901109,-0.3010420166
1979,0.6434378024,0.1606595383,0.6230575562,1.246115112,75.25216369,4.783915603,-0.254565429
1980,0.6675592575,0.2679401556,0.6114273753,1.222854751,72.25714729,4.9822061,-0.3047454912
1981,0.7156511088,0.270011694,0.66275953,1.32551906,68.41857787,5.261728776,-0.367823058
1982,0.6776290969,0.2202134802,0.6408488246,1.281697649,71.92265996,5.005376612,-0.310300485
1983,0.6661055815,0.2691324156,0.6093146877,1.218629375,72.36492329,4.9747859,-0.3029533813
1984,0.6978433233,0.2675295522,0.644525595,1.28905119,69.81205407,5.15670259,-0.3451007482
1985,0.6632745802,0.2334891598,0.6208187989,1.241637598,72.98904411,4.932247084,-0.2925545605
1986,0.6818286698,0.1636226537,0.6619047985,1.323809597,72.01374759,4.999045489,-0.3087887884
1987,0.6586929354,0.2103480051,0.6242035724,1.248407145,73.58620813,4.892221099,-0.2825723686
1988,0.6754814324,0.1782262665,0.6515447517,1.303089503,72.43252483,4.970142914,-0.3018287488
1989,0.6178223577,0.1915004516,0.5873942822,1.174788564,77.36226119,4.653431718,-0.2187859977
1990,0.7065915011,0.23941863,0.6647934033,1.329586807,69.44591762,5.183890031,-0.3510913647
1991,0.618395773,0.1651600258,0.5959324609,1.191864922,77.47266773,4.646800098,-0.2169053198
1992,0.6787052317,0.1983871971,0.6490634111,1.298126822,72.02017874,4.998599091,-0.3086820269
1993,0.6459224479,0.2294785088,0.6037842518,1.207568504,74.52012654,4.830909671,-0.2668998609
1994,0.5971992038,0.2277420646,0.5520692357,1.104138471,79.06646833,4.553131152,-0.1896700902
1995,0.665115828,0.2587166281,0.6127354821,1.225470964,72.56940324,4.960768367,-0.2995503274
1996,0.6900088841,0.2658168303,0.6367524423,1.273504885,70.44993223,5.110012013,-0.3346304566
1997,0.652951515,0.1883745386,0.6251885429,1.250377086,74.24793914,4.848619425,-0.271475068
1998,0.6532722324,0.2174830218,0.6160079097,1.232015819,73.9890698,4.865583538,-0.2758207287
1999,0.6342562878,0.2533584865,0.5814555151,1.16291103,75.32406143,4.779349296,-0.2533517169
