draw,midpoint_residual,valence_offset,markedness,markedness_ratio,apex_angle_deg,effective_vertices,step_cosine
0,1.961326351,1.127991686,1.604504849,3.209009698,24.04127688,14.97424624,-0.9132522004
1,1.619415894,1.342496612,0.9056548379,1.811309676,20.89330141,17.23040285,-0.9342461751
2,1.854169623,1.300630731,1.321478223,2.642956445,22.51515748,15.9892286,-0.9237782621
3,1.387091872,1.0510121,0.9052057364,1.810411473,28.40170583,12.675295,-0.879634412
4,2.476878785,1.457597945,2.002582519,4.005165037,18.79292763,19.15614252,-0.9466890321
5,2.193908425,1.511225288,1.590418909,3.180837819,19.21492154,18.7354395,-0.9442906915
6,1.340485594,0.8114769836,1.066961449,2.133922897,34.5956204,10.40594144,-0.8231797712
7,1.606848212,0.5310745382,1.516549046,3.033098093,33.03723913,10.89679433,-0.8383164051
8,1.862267503,0.1064705306,1.859221418,3.718442835,30.01715632,11.99314139,-0.8658756478
9,1.752917165,0.7929920789,1.563292087,3.126584174,28.97877964,12.42288338,-0.8747992037
10,1.64988511,1.08285918,1.244803949,2.489607899,26.7269388,13.46955604,-0.893160033
11,1.928096668,0.5372903847,1.851722389,3.703444778,28.10282227,12.81010129,-0.8821036639
12,1.580729966,-0.1962699131,1.5684978,3.1369956,34.89619349,10.31631144,-0.8201898853
13,1.901793392,0.8090021083,1.721143136,3.442286272,27.07646519,13.29567939,-0.8903998491
14,1.690768171,1.285680822,1.098053656,2.196107312,22.82721601,15.77064851,-0.9216789742
15,1.758440394,-0.4212546198,1.707236704,3.414473409,30.99293649,11.61554989,-0.8572307889
16,1.520817226,1.103469616,1.046537072,2.093074143,26.89946458,13.38316601,-0.8918017575
17,2.141746973,0.3292050518,2.116294907,4.232589813,26.01023999,13.84070274,-0.8987156856
18,1.772428002,0.3716029558,1.733035564,3.466071129,30.93657497,11.63671157,-0.85773691
19,2.004194174,0.688592785,1.882188689,3.764377378,26.5503441,13.5591463,-0.8945419554
20,1.286132883,0.8140856477,0.9956918957,1.991383791,35.34093646,10.18648729,-0.8157245164
21,2.005093181,0.4504632363,1.953837644,3.907675287,27.39339509,13.14185404,-0.8878684299
22,2.216264922,0.5199626862,2.154406881,4.308813762,24.80343244,14.51412021,-0.9077523486
23,2.071063571,0.8910866897,1.869563807,3.739127614,24.83672958,14.49466198,-0.9075084014
24,1.79982825,1.38011483,1.15527693,2.310553859,21.12953086,17.03776588,-0.9327678647
25,1.439020918,1.233882038,0.7404838412,1.480967682,22.1308229,16.26690529,-0.9263261028
26,2.101282068,1.289084902,1.659411475,3.318822951,21.7214061,16.57351271,-0.9289943667
27,1.848398512,1.17946011,1.423183371,2.846366742,24.20101179,14.87541112,-0.9121128771
28,2.001733532,-0.2951372762,1.979856339,3.959712678,27.78863936,12.9549344,-0.8846734333
29,1.554604066,1.121991284,1.076071262,2.152142525,26.40987423,13.63126522,-0.8956351195
30,1.508109999,0.9631318933,1.160505375,2.32101075,29.82392778,12.07084468,-0.8675578321
31,1.932178271,1.241526755,1.480514839,2.961029677,23.02698091,15.63383413,-0.9203207539
32,1.808044471,0.07149693489,1.806630288,3.613260577,30.89694275,11.65163825,-0.8580923066
33,1.570086853,1.110270372,1.110167747,2.220335495,26.6184406,13.52445868,-0.8940100796
34,1.271665959,0.9754728238,0.8158352045,1.631670409,30.82657228,11.67823645,-0.8587223325
35,2.096392859,1.466725295,1.497858448,2.995716896,19.8686936,18.11895675,-0.9404739699
36,0.7920862171,0.6791429567,0.4076339286,0.8152678571,47.20549273,7.626231169,-0.6793709612
37,1.469469414,0.2872665369,1.441117031,2.882234062,37.04449053,9.718044299,-0.7981679562
38,1.522274125,-0.5329258448,1.425941288,2.851882576,34.59612721,10.405789,-0.8231747489
39,2.338608665,-0.4571080055,2.293500111,4.587000221,23.72281906,15.17526223,-0.9155024379
40,2.308987398,-0.9318638905,2.112593783,4.225187566,22.57502418,15.94682678,-0.9233776477
41,2.390119385,-0.1958001979,2.382085841,4.764171682,23.56038696,15.27988486,-0.916639303
42,2.199750942,0.2441186348,2.186163374,4.372326748,25.47322585,14.1324857,-0.9027863624
43,1.761712653,0.2254190314,1.747231447,3.494462895,31.47844779,11.43639618,-0.8528366455
44,1.761247162,1.140315183,1.342264076,2.684528153,25.20359725,14.28367532,-0.9048003186
45,1.421009957,-0.09256312504,1.417992019,2.835984038,38.71064996,9.299766354,-0.7803141758
46,1.165478261,-0.2427378441,1.139920136,2.279840272,45.8047619,7.85944485,-0.6971055175
47,1.576823524,0.4611100755,1.50789586,3.01579172,33.9902016,10.59128758,-0.8291331904
48,1.49886346,1.107129552,1.010374102,2.020748203,26.8416657,13.41198434,-0.8922577027
49,2.425207646,0.08547634888,2.423700872,4.847401745,23.28572554,15.46011522,-0.9185448976
50,2.653715772,0.5345738023,2.599314958,5.198629916,20.94138628,17.190839,-0.9339465492
51,1.676517165,0.08896903164,1.674154806,3.348309612,33.17607506,10.8511932,-0.8369928859
52,2.245348707,0.9830887444,2.018694463,4.037388926,22.84566407,15.75791358,-0.9215540134
53,1.516990538,-0.0295214732,1.516703259,3.033406517,36.4792466,9.868624864,-0.8040722617
54,1.972329574,1.145058098,1.605903453,3.211806907,23.80573354,15.12240735,-0.9149192808
55,1.714349057,-0.1086253411,1.710904213,3.421808425,32.4670525,11.08816391,-0.8437002763
56,1.578576158,0.05018130267,1.57777835,3.155556701,35.13663938,10.24571519,-0.817781847
57,2.248853028,0.5535047474,2.179672553,4.359345105,24.38978299,14.76027893,-0.9107573113
58,1.17371632,0.9933740775,0.6251543341,1.250308668,29.00427171,12.41196482,-0.8745835595
59,1.676583519,0.9391805009,1.388838466,2.777676931,28.47175281,12.6441109,-0.8790522482
60,2.033758679,1.035668515,1.750304285,3.50060857,24.24645021,14.84753425,-0.9117874881
61,1.96659015,-0.4432659937,1.915983319,3.831966638,27.9077674,12.89963453,-0.8837021862
62,1.23741311,0.8063688786,0.9385949268,1.877189854,36.22633771,9.937521227,-0.8066887374
63,1.569237161,1.05591238,1.160842071,2.321684142,27.68478933,13.00353041,-0.8855169991
64,1.293586714,1.118980801,0.649036635,1.29807327,24.51236837,14.68646337,-0.9098717304
65,2.267274923,0.4719376185,2.217613686,4.435227372,24.39191901,14.75898636,-0.9107419159
66,2.036169995,1.110267632,1.706837436,3.413674872,23.65828741,15.21665511,-0.9159549775
67,2.23754716,0.9491351423,2.026267448,4.052534897,23.07347934,15.60232832,-0.920003001
68,1.642343789,0.8672424251,1.394698425,2.789396851,29.67856938,12.12996474,-0.8688167725
69,1.678397801,0.088233761,1.676076961,3.352153923,33.1416173,10.86247532,-0.8373218296
70,1.328271525,1.011814365,0.8605445574,1.721089115,29.60856508,12.15864393,-0.869421081
71,2.31057443,-0.05585709983,2.309899171,4.619798342,24.41435894,14.74542096,-0.9105801037
72,2.994410821,0.2197069723,2.986339735,5.97267947,18.91186081,19.0356731,-0.9460182844
73,1.62336003,-0.008588994438,1.623337309,3.246674617,34.23762115,10.51474921,-0.8267113248
74,1.464978428,0.2957457276,1.434815758,2.869631516,37.11460318,9.699686084,-0.7974301611
75,1.633504791,1.016321778,1.278838514,2.557677028,27.87028281,12.9169841,-0.884008209
76,1.132265722,0.2719058992,1.099132771,2.198265542,46.80356551,7.691721691,-0.684501741
77,2.209043984,1.500102729,1.621594007,3.243188015,19.30258745,18.65034938,-0.9437860247
78,2.069262479,0.4440153616,2.021063473,4.042126947,26.62345472,13.52191155,-0.8939708663
79,2.297035278,0.8614743151,2.129373869,4.258747738,22.95947847,15.67979867,-0.9207809616
80,1.646480492,0.9026562485,1.376992994,2.753985988,29.22915066,12.31647146,-0.8726737535
81,2.441636424,1.49005829,1.934247843,3.868495686,18.70883625,19.24224442,-0.947160821
82,2.692079435,1.408845973,2.294001898,4.588003797,18.15128561,19.83330591,-0.9502372636
83,1.493917142,1.0353472,1.076960817,2.153921635,28.52092885,12.62230981,-0.8786427588
84,1.415291198,0.5745501701,1.293422312,2.586844624,36.42038519,9.884574206,-0.8046826147
85,1.64986643,1.064155456,1.26080625,2.521612501,27.02261235,13.32217609,-0.8908272829
86,1.264663361,0.9716546858,0.8094816794,1.618963359,30.95931131,11.62816564,-0.8575328397
87,1.689332393,0.5148514386,1.608966106,3.217932213,31.71273012,11.35190817,-0.8506943378
88,1.956893294,1.538974456,1.208713774,2.417427549,18.65896054,19.29367926,-0.9474396814
89,1.551240077,0.4624573688,1.480702184,2.961404368,34.47629453,10.44195743,-0.8243604621
90,1.628617477,0.1603270005,1.620706679,3.241413359,34.00443976,10.58685285,-0.828994239
91,2.253136456,0.6140876223,2.167837698,4.335675395,24.186833,14.88413138,-0.9122142955
92,2.021408015,0.1858058346,2.012850356,4.025700712,27.68662579,13.00266788,-0.8855021069
93,1.407433575,-0.4345363062,1.338673772,2.677347543,37.71876999,9.544319714,-0.7910231554
94,2.248312687,1.118497419,1.950352138,3.900704276,22.09263475,16.29502339,-0.9265769861
95,1.76602635,0.5026080181,1.692995643,3.385991286,30.5461555,11.78544383,-0.8612200255
96,1.531499356,0.1121304341,1.527388962,3.054777924,36.08805929,9.975598773,-0.8081126576
97,1.58377164,-0.7772776876,1.37991739,2.75983478,31.42633732,11.45535976,-0.8533112131
98,2.211743258,0.6956676879,2.099489154,4.198978308,24.33723224,14.79215042,-0.9111356718
99,1.843347051,0.44322003,1.789269224,3.578538448,29.61371768,12.1565284,-0.8693766456
100,2.256518305,0.6283943386,2.167255273,4.334510545,24.11360565,14.92933098,-0.912737188
101,2.162460152,1.44954487,1.604697349,3.209394697,19.92772648,18.06528207,-0.940123301
102,1.706212331,1.24749893,1.164004699,2.328009397,23.62480499,15.23822102,-0.9161893211
103,1.92248927,0.1806205278,1.913985689,3.827971378,29.04902219,12.39284399,-0.8742045846
104,1.470226147,0.8326232243,1.211735734,2.423471468,32.37049763,11.12123774,-0.844603718
105,2.748887766,1.210967615,2.467780659,4.935561319,18.66274527,19.28976658,-0.9474185457
106,1.762909448,0.2022796832,1.751266014,3.502532028,31.49961306,11.42871182,-0.852643693
107,1.620503566,1.059910896,1.2258143,2.4516286,27.28958025,13.1918482,-0.8887006275
108,2.209546921,1.484779235,1.63631544,3.272630881,19.45606413,18.50322848,-0.9428971856
109,0.9408273966,-0.1769147739,0.9240440211,1.848088042,55.49670143,6.486872025,-0.5664536817
110,2.959244217,1.252668009,2.681035097,5.362070194,17.49233276,20.58044545,-0.9537571823
111,2.003055121,0.413379487,1.959935513,3.919871027,27.51728316,13.0826869,-0.8868715072
112,2.003299168,-0.4629690597,1.949068292,3.898136583,27.38087671,13.14786242,-0.8879689339
113,2.152503955,-0.5737793632,2.074620572,4.149241144,25.32837888,14.21330602,-0.9038707663
114,1.254202996,-0.4045442847,1.187168513,2.374337025,41.90206162,8.591462714,-0.7442875158
115,2.388458709,0.2613001206,2.374122417,4.748244835,23.52063357,15.30571015,-0.9169164159
116,1.916984221,0.8001485436,1.742007695,3.48401539,26.95974829,13.3532404,-0.8913252439
117,1.474780759,-0.3135818974,1.441056793,2.882113585,36.81887038,9.777594921,-0.800534039
118,1.615303172,0.9619482863,1.297636248,2.595272497,28.81217094,12.49471971,-0.8762043247
119,1.553173435,0.9688141562,1.213979756,2.427959513,29.31061471,12.28223985,-0.8719785937
120,1.463030065,1.120211481,0.9410543079,1.882108616,26.46375336,13.60351252,-0.8952164576
121,1.494890211,0.9808363903,1.12812088,2.25624176,29.61432001,12.15628115,-0.8693714508
122,2.313716133,0.248101416,2.300375629,4.600751257,24.26413426,14.83671316,-0.9116606958
123,2.084038931,1.029444337,1.812032733,3.624065465,23.87856257,15.07628439,-0.9144054765
124,1.113678202,0.8717994713,0.6929969844,1.385993969,34.98431491,10.29032585,-0.8193090339
125,1.614250195,1.142493633,1.140399925,2.280799851,25.83074447,13.93688054,-0.9000851002
126,2.345296427,0.256625971,2.331213942,4.662427884,23.94149028,15.03665794,-0.9139603355
127,1.777007354,1.272029038,1.240845382,2.481690764,23.10971393,15.57786484,-0.9197549672
128,1.702707244,0.2811571555,1.679333979,3.358667958,32.37058746,11.12120688,-0.8446028786
129,1.826643523,0.8741174931,1.603915574,3.207831149,27.45791456,13.11097386,-0.8873497618
130,1.388651864,0.9854948788,0.978342395,1.95668479,30.2386696,11.90528567,-0.863935111
131,2.642752281,1.146875093,2.380927789,4.761855579,19.47159798,18.48846717,-0.9428068462
132,1.318105253,0.9016449983,0.9614768613,1.922953723,32.87918589,10.94917621,-0.8398171307
133,1.826459025,0.2814172653,1.804648689,3.609297379,30.31886942,11.87379368,-0.863229346
134,1.463802284,0.9174157626,1.140642557,2.281285115,31.07519263,11.58480349,-0.8564906479
135,1.562250429,1.226171315,0.9680549107,1.936109821,23.84100956,15.10003169,-0.9146705952
136,2.525575138,0.7454805944,2.413045474,4.826090948,21.49152909,16.75078579,-0.9304717433
137,2.070538885,0.4771366377,2.014813118,4.029626237,26.52243015,13.57341684,-0.8947596156
138,1.583706475,0.8695736336,1.323619241,2.647238482,30.37705043,11.85105186,-0.8627162896
139,1.306807702,-0.4074283811,1.241671649,2.483343298,40.42352094,8.905706173,-0.7612721786
140,1.371743443,0.3512551771,1.326009002,2.652018005,39.09954693,9.207267814,-0.7760513942
141,2.318603395,-0.5065297948,2.262597903,4.525195806,23.81681356,15.11537213,-0.9148412073
142,2.160187625,0.1484925615,2.155077849,4.310155697,26.01100838,13.84029387,-0.8987098043
143,1.770584909,1.118447383,1.372605687,2.745211374,25.44407713,14.14867587,-0.9030050496
144,1.836500985,0.2784070732,1.815275563,3.630551127,30.16983738,11.93244748,-0.8645394905
145,1.270702773,0.5280447937,1.155791605,2.31158321,40.26222676,8.941383251,-0.7630945714
146,1.597910325,1.032116721,1.219857565,2.439715131,27.90609589,12.90040719,-0.8837158405
147,1.776561488,0.06674156187,1.775307377,3.550614755,31.41971972,11.45777248,-0.8533714288
148,1.878347192,-0.02650686509,1.878160153,3.756320305,29.80952886,12.07667527,-0.8676827896
149,1.581919916,1.215441944,1.012507531,2.025015062,24.20438254,14.87333955,-0.9120887586
150,1.468998879,0.5534193162,1.360766243,2.721532485,35.49668072,10.14179334,-0.8141491585
151,1.425111928,-0.1069873478,1.421090327,2.842180653,38.58784277,9.329363193,-0.7816528319
152,1.468890392,0.8686054902,1.18455202,2.369104039,31.83829135,11.30713945,-0.8495403333
153,2.135386201,0.2403563797,2.121815977,4.243631954,26.21171767,13.73431549,-0.8971680577
154,1.310016575,-0.4817117162,1.218235302,2.436470603,39.72357878,9.062627564,-0.7691366195
155,2.043920675,0.9780518086,1.794721812,3.589443625,24.55802639,14.65915845,-0.909540823
156,2.278612769,-0.7283800769,2.159059659,4.318119319,23.59921806,15.25474273,-0.9163681932
157,2.221369124,0.7393662714,2.094711986,4.189423971,24.09227899,14.94254654,-0.9128891943
158,2.15019673,0.1984982248,2.141014814,4.282029627,26.08451667,13.8012908,-0.89814643
159,1.336078284,1.026591716,0.8551108864,1.710221773,29.11943914,12.36287548,-0.8736071704
160,1.523186933,0.06919303083,1.521614523,3.043229046,36.31754278,9.912564906,-0.8057469824
161,1.593689307,-0.2785455985,1.56915836,3.13831672,34.42160083,10.45854903,-0.8249004439
162,1.622498919,1.11693791,1.176840026,2.353680052,26.28712313,13.69491817,-0.8965859853
163,2.249312085,0.6425530646,2.155581224,4.311162448,24.14198179,14.91178326,-0.9125347401
164,1.545433671,-0.397037379,1.493561699,2.987123399,34.93274305,10.30551765,-0.8198247754
165,2.219063986,0.2272766763,2.207394456,4.414788912,25.27884586,14.2411565,-0.9042402726
166,2.151039396,0.6229703874,2.058853657,4.117707314,25.19150806,14.29052994,-0.9048901483
167,2.030560542,-0.3072200712,2.00718508,4.014370159,27.39441774,13.14136345,-0.8878602176
168,1.848016471,0.6269220482,1.738428492,3.476856984,28.77725863,12.50987819,-0.8764978247
169,1.297937002,0.8974418064,0.9376772714,1.875354543,33.16852624,10.85366282,-0.837064975
170,1.215661962,0.7127209198,0.9848161739,1.969632348,38.73226251,9.294577096,-0.7800782176
171,1.836522559,-0.7920885261,1.656928145,3.313856289,27.94988394,12.88019659,-0.8833578972
172,1.316159261,0.839370723,1.013771172,2.027542345,34.36936109,10.47444551,-0.8254154963
173,1.810906999,-0.1085039308,1.807653467,3.615306934,30.82480568,11.67890574,-0.8587381322
174,1.958471417,0.8808470811,1.749205165,3.49841033,26.0049848,13.84349973,-0.8987559041
175,1.780051983,1.241319139,1.275818113,2.551636226,23.61186229,15.24657376,-0.9162798232
176,2.510833911,0.3831260035,2.48143132,4.96286264,22.28693418,16.15296196,-0.9252962261
177,1.877743778,0.4846002122,1.814134595,3.62826919,28.9767358,12.42375961,-0.8748164856
178,1.513891062,0.8354522779,1.262491837,2.524983674,31.72862359,11.34622178,-0.8505484903
179,1.259590201,-0.2193358157,1.240346433,2.480692865,42.86158961,8.399128527,-0.7329990811
180,2.62613827,0.8561570778,2.482659315,4.965318629,20.48182058,17.57656253,-0.9367832597
181,2.435957027,0.1507206735,2.431289764,4.862579528,23.15887921,15.54479371,-0.9194178319
182,1.29464112,-0.2930891619,1.261029093,2.522058186,41.48481269,8.677874543,-0.7491313342
183,1.585800523,1.20703856,1.028504357,2.057008713,24.4243791,14.73937162,-0.9105078043
184,1.661170236,0.8138378116,1.448155575,2.896311149,29.98806054,12.00477769,-0.8661295764
185,1.326462871,1.202645526,0.559595826,1.119191652,20.34050361,17.69867683,-0.937643444
186,1.977076723,-0.7153428997,1.843126937,3.686253874,26.73655729,13.46471036,-0.8930845207
187,2.092617519,-0.05955624615,2.091769857,4.183539715,26.86670839,13.39948292,-0.8920602655
188,2.155235471,0.5976567727,2.070711548,4.141423097,25.22734627,14.27022867,-0.9046237325
189,1.998531075,1.289403795,1.526946074,3.053892149,22.18683298,16.22583991,-0.9259573912
190,2.181867612,-0.4893785381,2.126277246,4.252554491,25.23924944,14.26349864,-0.9045351677
191,2.202805679,0.6879075357,2.092638545,4.18527709,24.4507637,14.72346649,-0.9103172955
192,1.809019952,0.7233217683,1.658119057,3.316238113,28.74839131,12.52243982,-0.8767402601
193,2.508436293,0.6282247398,2.42849466,4.85698932,21.89611966,16.4412693,-0.9278615123
194,1.278294295,-0.1392223826,1.270690141,2.541380281,42.55518503,8.459603682,-0.7366262931
195,1.800985266,0.566541804,1.709555004,3.419110008,29.72981847,12.10905477,-0.868373545
196,2.071909698,1.233054588,1.665048402,3.330096803,22.3845217,16.08254154,-0.924648945
197,2.114679533,0.3533845664,2.084943375,4.16988675,26.28216966,13.69749928,-0.8966242699
198,1.800816224,0.6914325757,1.662786837,3.325573674,29.05523178,12.39019543,-0.8741519558
199,1.809262509,-0.662582015,1.683572362,3.367144724,29.11088415,12.36650863,-0.8736798209
200,1.987534164,0.9155649577,1.76409548,3.52819096,25.48923533,14.12360925,-0.9026661524
201,1.710851594,-0.391197021,1.665526364,3.331052727,31.88815757,11.28945751,-0.8490808921
202,1.44459814,-0.6242115084,1.302775413,2.605550827,35.34575218,10.18509942,-0.8156758955
203,2.056186875,1.338760873,1.560648516,3.121297032,21.42153253,16.80552031,-0.9309186245
204,1.734628166,0.3132442541,1.706110462,3.412220925,31.73242334,11.34486314,-0.850513612
205,1.607249808,1.265384944,0.990985816,1.981971632,23.0120489,15.64397858,-0.9204226651
206,1.311914082,1.073970519,0.7534625951,1.50692519,27.12015709,13.27425939,-0.8900524854
207,1.307709936,-0.286440231,1.275953476,2.551906951,41.14948622,8.748590397,-0.7529953379
208,1.932289273,0.2009071785,1.921816365,3.843632729,28.88345354,12.4638835,-0.8756040577
209,2.737968197,0.07434047137,2.736958776,5.473917552,20.6913233,17.39859722,-0.9354975493
210,1.808218023,1.29614455,1.26081788,2.521635759,22.66236202,15.88536974,-0.9227913946
211,1.561059815,0.5176242914,1.472743304,2.945486607,33.95775994,10.601406,-0.8294495999
212,1.789070558,1.063577799,1.438602005,2.877204009,25.99080152,13.85105418,-0.8988644125
213,2.084588049,0.4877295664,2.026728202,4.053456404,26.32925279,13.67300481,-0.8962601002
214,1.504887034,1.044699538,1.08318413,2.16636826,28.26444892,12.73684837,-0.8807713479
215,2.255842365,0.9278152609,2.056206122,4.112412244,23.02253924,15.63685031,-0.9203510748
216,1.336029993,1.07690429,0.7907295951,1.58145919,27.25486554,13.20865074,-0.8889782557
217,1.772609708,0.9954887881,1.466678987,2.933357974,26.89070334,13.38752637,-0.8918709287
218,1.071033649,-0.6502804181,0.851027882,1.702055764,43.48989535,8.277784923,-0.7254957576
219,1.891210026,1.084543916,1.549335296,3.098670591,24.97284734,14.41565694,-0.9065079655
220,1.96358488,0.3142138281,1.93828152,3.87656304,28.26094243,12.73842869,-0.8808003269
221,1.121480655,0.6373903467,0.9227417874,1.845483575,42.47952047,8.474671936,-0.7375187694
222,2.146298447,0.6430596799,2.047699019,4.095398037,25.17458467,14.30013661,-0.9050158311
223,1.939833738,0.3384537958,1.910079568,3.820159137,28.53400776,12.61652422,-0.8785337415
224,2.156401229,0.2683284384,2.139641585,4.279283169,25.93248965,13.8821997,-0.8993099453
225,2.681677035,0.8968410302,2.527264903,5.054529806,20.00586665,17.99472156,-0.9396575956
226,1.941105835,0.7567170187,1.787532158,3.575064316,26.93630553,13.36486177,-0.8915106649
227,1.740135779,0.9353625532,1.467368197,2.934736393,27.84285754,12.92970736,-0.8842318682
228,1.311672521,0.8950799348,0.9588100502,1.9176201,33.10582569,10.87421904,-0.8376631861
229,1.612161241,0.9864027246,1.275175883,2.550351767,28.49506936,12.63376465,-0.8788581717
230,1.151072962,-0.6447503288,0.9535543915,1.907108783,41.57472359,8.65910748,-0.7480909132
231,2.050662881,0.06774998139,2.04954341,4.099086821,27.39261194,13.14222976,-0.8878747186
232,1.822876621,0.662456646,1.698243319,3.396486637,28.92747205,12.44491739,-0.8752327033
233,1.849689882,-0.1462467797,1.843899275,3.687798551,30.17472971,11.93051283,-0.8644965747
234,0.9422259795,0.7077292788,0.6220201479,1.244040296,44.28283855,8.129560158,-0.7159018936
235,2.201263888,0.952423913,1.984553197,3.969106395,23.35667521,15.41315263,-0.9180546707
236,1.842039871,1.015731035,1.536685183,3.073370365,26.05427792,13.81730866,-0.8983783616
237,1.524090128,0.8280781773,1.279506644,2.559013288,31.68575049,11.36157403,-0.8509417684
238,2.04448734,1.543177879,1.341093031,2.682186063,18.8422716,19.10597659,-0.9464112418
239,1.461086223,0.6800239375,1.293190008,2.586380016,34.45499575,10.44841226,-0.8245708308
240,2.40199886,-0.3523122281,2.376020753,4.752041506,23.29042054,15.4569987,-0.918512501
241,1.877965528,-0.3189713209,1.850678746,3.701357491,29.45733427,12.22106511,-0.8707221415
242,1.599593286,-0.08509399767,1.597328298,3.194656597,34.67834746,10.38111751,-0.8223591177
243,1.200012484,0.2225900199,1.179187705,2.35837541,44.73779903,8.0468867,-0.7103352774
244,2.063017516,-0.5370115317,1.991898563,3.983797126,26.43765254,13.61694271,-0.89541937
245,1.391504292,0.900997754,1.060418428,2.120836857,32.16370062,11.19274191,-0.8465305967
246,1.114560372,-0.5251812054,0.9830714752,1.96614295,44.7339209,8.047584311,-0.7103829176
247,1.810864285,0.8190166216,1.615066944,3.230133888,28.06479809,12.82745733,-0.8824160841
248,2.74549039,0.09358375069,2.743894962,5.487789924,20.63183331,17.44876447,-0.9358639094
249,1.575702114,1.078771243,1.148516329,2.297032658,27.22017164,13.22548604,-0.8892553915
250,1.885851319,0.9329969981,1.638887366,3.277774732,26.36604908,13.65392285,-0.8959750739
251,2.018666679,1.240159162,1.592802691,3.185605383,22.6076924,15.92378353,-0.9231586142
252,2.049945857,1.101520792,1.728852209,3.457704419,23.62609934,15.2373862,-0.9161802678
253,1.507383767,-0.1681142279,1.497979782,2.995959563,36.52976177,9.854978037,-0.8035477769
254,1.439230588,-0.2111300844,1.423660343,2.847320686,38.01247345,9.470575506,-0.7878767037
255,1.320306244,1.036270658,0.8181391689,1.636278338,28.71863547,12.53541452,-0.8769899244
256,2.288325239,1.201073463,1.947782056,3.895564112,21.33642961,16.87255115,-0.9314600781
257,2.086556279,0.8621174324,1.900123848,3.800247697,24.84531883,14.48965105,-0.9074454236
258,2.061339701,-0.1340041225,2.056979402,4.113958804,27.21937929,13.22587103,-0.8892617171
259,1.733475753,1.194306604,1.256411525,2.512823051,24.51573558,14.68444619,-0.9098473462
260,1.644421791,-0.3337236932,1.610202324,3.220404648,33.26973235,10.82064611,-0.8360972771
261,1.848397902,1.018216094,1.542663538,3.085327076,25.97400277,13.86001238,-0.8989928591
262,1.958854531,0.8383422796,1.770393542,3.540787085,26.26832012,13.70472106,-0.8967312755
263,2.503803151,0.9178935042,2.329485293,4.658970587,21.15743593,17.01529435,-0.9325921887
264,1.777437138,0.2982722916,1.75223184,3.504463679,31.06013381,11.59042012,-0.8566262792
265,1.858396297,1.105228952,1.494023347,2.988046693,25.0021003,14.39879033,-0.9062922945
266,2.630773857,-1.142138803,2.369913509,4.739827018,19.55797131,18.40681706,-0.9423032661
267,1.611158524,1.039932506,1.230598299,2.461196598,27.68102356,13.00529943,-0.8855475335
268,1.888999784,0.4316005148,1.839032675,3.67806535,28.99547945,12.41572848,-0.8746579551
269,1.426957654,0.4647521018,1.34915293,2.698305861,37.06436209,9.7128341,-0.7979589692
270,1.974028042,1.310586863,1.47619402,2.952388039,22.03776162,16.33559733,-0.9269367632
271,1.149061217,-0.4376206821,1.062464032,2.124928065,44.78837548,8.037799902,-0.7097136825
272,1.919178955,1.41647421,1.29493192,2.589863839,20.66517259,17.42061424,-0.9356587187
273,2.548050727,0.9183254124,2.37681319,4.753626381,20.84399077,17.27116482,-0.9345527555
274,2.090347721,1.091553265,1.782712838,3.565425677,23.4002672,15.38443971,-0.9177527736
275,2.37395465,0.3903914653,2.341635152,4.683270304,23.49895534,15.31982996,-0.9170673445
276,1.900956822,0.3965875016,1.859127535,3.718255071,28.93002192,12.4438205,-0.8752111759
277,1.814721384,0.3634945283,1.777944158,3.555888315,30.29485809,11.8832047,-0.8634408251
278,2.216932946,0.1903789449,2.208743431,4.417486862,25.33719954,14.20835793,-0.9038048952
279,2.355757695,0.1387998484,2.351665137,4.703330275,23.92898523,15.04451595,-0.9140488821
280,2.243003085,1.790918666,1.350434439,2.700868877,15.77259078,22.824405,-0.9623481371
281,3.3303669,0.2740259019,3.319074193,6.638148385,17.02195355,21.14915888,-0.9561926601
282,1.085767802,-0.5115048518,0.9577340481,1.915468096,45.87585729,7.847264799,-0.6962153316
283,1.857464121,0.519204085,1.783423696,3.566847391,29.13047724,12.35819094,-0.8735134039
284,1.998712975,-0.07240971454,1.997400909,3.994801817,28.07422218,12.82315135,-0.8823386887
285,1.88865247,-0.9551232237,1.629339676,3.258679352,26.16062245,13.76114046,-0.8975615906
286,1.665613346,1.330218694,1.002390165,2.004780329,21.6580939,16.62196136,-0.9294027555
287,1.498207133,1.165914632,0.9408866478,1.881773296,25.25377387,14.25529514,-0.9044270469
288,1.702702398,0.4641008071,1.638232553,3.276465105,31.73217857,11.34495065,-0.8505158589
289,1.674155478,0.8623457187,1.434976106,2.869952213,29.34117921,12.26944553,-0.8717173218
290,2.262153701,0.4784081033,2.210987348,4.421974696,24.42990839,14.73603561,-0.9104678963
291,1.345061309,0.7695803365,1.103148236,2.206296472,35.27992994,10.2041019,-0.816339957
292,2.316697308,0.08177988775,2.315253435,4.63050687,24.34463122,14.78765469,-0.9110824462
293,1.888724057,0.5007048551,1.821146126,3.642292252,28.76625779,12.51466223,-0.8765902389
294,1.95916192,0.5657778094,1.875689446,3.751378892,27.59703388,13.04488017,-0.8862275622
295,1.703730596,0.8289783452,1.488453172,2.976906344,29.29718306,12.28787079,-0.8720933318
296,1.347416162,0.07006013878,1.345593509,2.691187018,40.67948414,8.849669743,-0.758367784
297,1.621424791,1.074832296,1.213982655,2.427965311,27.03463964,13.31624926,-0.8907318897
298,2.087955165,-0.003797877136,2.08795171,4.175903421,26.93385942,13.36607555,-0.8915300038
299,1.462769219,1.331989717,0.6045636292,1.209127258,17.74086549,20.29213288,-0.9524443912
300,1.514392434,1.172495107,0.9584569198,1.91691384,25.12909669,14.32602232,-0.9053532598
301,1.781244104,-0.6573157401,1.655526072,3.311052145,29.5277329,12.19192822,-0.870117246
302,0.9360461486,0.8172880057,0.4563142646,0.9126285292,36.08172921,9.977348865,-0.8081777289
303,1.225909777,0.9961719066,0.7144902472,1.428980494,29.69566922,12.12297987,-0.8686689619
304,2.246379031,0.3141060187,2.224310266,4.448620533,24.88014007,14.46937192,-0.9071898998
305,1.139079253,-0.2080127373,1.119925107,2.239850214,46.91380001,7.673648264,-0.6830978902
306,1.868103227,0.3162366093,1.841142057,3.682284115,29.60901083,12.15846088,-0.8694172372
307,1.441774423,-0.2189407327,1.425053839,2.850107678,37.92806648,9.491651787,-0.788783081
308,2.151180952,1.046868928,1.879267128,3.758534255,23.2335411,15.49483992,-0.9189045672
309,2.348773635,-0.1963564321,2.340551589,4.681103178,23.96048427,15.02473806,-0.9138257583
310,1.632494409,1.202878446,1.10368539,2.207370779,24.56065633,14.65758876,-0.909521745
311,1.809709751,-0.5237406376,1.732265894,3.464531789,29.79720129,12.08167158,-0.8677897278
312,1.810345367,1.072351827,1.458565016,2.917130033,25.72457699,13.99439921,-0.9008909206
313,1.318526894,-0.7811552421,1.062219213,2.124438426,35.51206754,10.13739906,-0.8139931936
314,2.262063518,0.7763087606,2.12468258,4.249365161,23.58390976,15.26464457,-0.9164751225
315,2.151271629,1.16309393,1.809746428,3.619492856,22.45901411,16.02919871,-0.9241530444
316,1.704211005,1.341407892,1.051170784,2.102341568,21.60457455,16.66313767,-0.9297470915
317,1.054532884,-0.6580212692,0.8240434537,1.648086907,43.70904897,8.236280781,-0.7228580228
318,2.742137139,1.106080218,2.509163733,5.018327465,19.04323604,18.90435004,-0.945272629
319,1.734556915,-0.07158855958,1.733078985,3.46615797,32.13810126,11.20165741,-0.846768358
320,1.747656022,-0.2434323191,1.730619044,3.461238089,31.67998639,11.36364125,-0.8509946065
321,1.937735531,0.1374311877,1.932855829,3.865711659,28.87608571,12.4670637,-0.8756661646
322,1.943576449,1.202614754,1.526829121,3.053658243,23.40476268,15.38148474,-0.9177216098
323,2.034191815,-0.6448807626,1.929265441,3.858530882,26.39145205,13.64078033,-0.8957780853
324,1.463662074,-0.4983541395,1.376208494,2.752416989,36.0270855,9.992481907,-0.8087390396
325,1.873436916,-0.6302112972,1.764256104,3.528512208,28.4232146,12.6657032,-0.8794557914
326,1.948209168,0.04643431616,1.947655723,3.895311447,28.78126048,12.50813877,-0.8764641986
327,2.000071704,0.748668425,1.85466504,3.70933008,26.31421488,13.68081859,-0.8963764784
328,1.79063498,1.256409354,1.275856248,2.551712497,23.34315535,15.4220796,-0.9181481948
329,1.395225308,1.074617568,0.8898599572,1.779719914,27.67608629,13.00761951,-0.8855875611
330,1.745870388,0.5486309275,1.657427982,3.314855964,30.64030584,11.74922998,-0.8603837189
331,1.434435831,1.193590288,0.7955805281,1.591161056,23.7557035,15.15425548,-0.9152713832
332,1.975364136,0.3114044763,1.950664175,3.901328349,28.10786003,12.80780535,-0.8820622427
333,1.535080664,0.6786709189,1.376909013,2.753818026,33.17088892,10.85288974,-0.8370424136
334,2.301382962,1.430655475,1.80266149,3.605322981,19.65773897,18.31339813,-0.9417189282
335,1.519131042,-0.5798252292,1.404123152,2.808246304,34.30788592,10.49321432,-0.8260207256
336,1.469953179,-0.04663666886,1.46921318,2.93842636,37.55721154,9.585376157,-0.7927450785
337,1.455607626,1.143096895,0.9011787004,1.802357401,25.74452013,13.98355837,-0.9007397863
338,1.671578661,1.257481894,1.101323979,2.202647958,23.40684813,15.38011431,-0.917707151
339,2.18408408,1.568609775,1.519765326,3.039530651,18.58339919,19.37212865,-0.9478607851
340,0.9770839553,-0.6077683013,0.7650560422,1.530112084,47.35183117,7.602662687,-0.6774945707
341,2.133528023,1.297645178,1.693534416,3.387068831,21.48794441,16.7535802,-0.9304946628
342,1.433622814,0.6310734046,1.287253172,2.574506345,35.49081651,10.14346908,-0.8142085842
343,1.98961297,-0.08407226184,1.987835915,3.97567183,28.19188299,12.76963302,-0.8813703888
344,2.06282097,0.6667666033,1.952089304,3.904178609,25.9839108,13.85472736,-0.8989171096
345,2.343611595,1.11187427,2.063068326,4.126136651,21.48094891,16.75903618,-0.9305393798
346,1.3435664,0.9050134901,0.9930363815,1.986072763,32.55979917,11.05657925,-0.8428302111
347,1.596041994,0.7806050897,1.392122746,2.784245492,31.21456095,11.53307908,-0.8552325829
348,1.579494484,0.1400290727,1.573275146,3.146550292,35.0247797,10.27843724,-0.8189039031
349,1.855863796,-0.2671931388,1.836528861,3.673057721,29.89683073,12.04141012,-0.8669243211
350,2.030260526,0.9553363296,1.791449218,3.582898437,24.82869272,14.49935379,-0.9075673105
351,1.549588034,0.9033351952,1.259050674,2.518101348,30.3392445,11.86581953,-0.8630497741
352,1.697525712,0.553894464,1.60461661,3.20923322,31.37278931,11.47491211,-0.8537981369
353,1.95969866,-0.4702002146,1.902453836,3.804907672,27.91775701,12.89501875,-0.8836205676
354,1.618885848,0.2432719875,1.600503086,3.201006173,34.02298415,10.58108244,-0.8288131862
355,1.872114688,-0.1406351343,1.866824889,3.733649778,29.83677986,12.06564521,-0.8674462522
356,2.18970779,1.000603196,1.947720064,3.895440129,23.19795122,15.51861182,-0.9191494252
357,2.25879189,0.406897072,2.221840583,4.443681165,24.60348574,14.63207302,-0.9092107818
358,2.078907464,1.444493516,1.495090206,2.990180412,20.16205211,17.85532534,-0.9387215133
359,1.688523614,0.6352346071,1.564477226,3.128954451,31.02542628,11.6033861,-0.8569386567
360,1.556035751,1.299646486,0.8556671505,1.711334301,21.50891106,16.73724899,-0.9303605558
361,1.909169566,1.304331668,1.394147528,2.788295056,22.3257959,16.12484507,-0.9250387846
362,1.794424689,0.4611575925,1.734155021,3.468310043,30.28058953,11.8888042,-0.8635664232
363,1.931469112,1.34053682,1.39051572,2.781031439,21.7770897,16.53113455,-0.9286342479
364,1.59545375,0.6209904947,1.469640594,2.939281188,32.62877015,11.03320776,-0.8421817558
365,2.764224332,0.9017289919,2.613009947,5.226019893,19.4706653,18.48935281,-0.9428122724
366,1.575282169,1.074052689,1.152356166,2.304712332,27.31187864,13.1810779,-0.8885221257
367,1.634306727,-0.07432147929,1.632615936,3.265231873,33.99445003,10.58996394,-0.829091735
368,2.081913801,0.5317949313,2.012848535,4.025697071,26.23490671,13.72217572,-0.8969892215
369,2.061935813,-0.1971629147,2.052487779,4.104975558,27.15416901,13.25763274,-0.8897817221
370,1.63251741,0.7772422146,1.435620993,2.871241986,30.72861305,11.7154653,-0.8595972034
371,1.434769816,1.152981821,0.8539305265,1.707861053,25.27477469,14.24345041,-0.9042706126
372,1.882078761,-0.03588175619,1.881736687,3.763473375,29.7510189,12.10042591,-0.8681899901
373,2.119559356,0.63820518,2.021194204,4.042388408,25.47370272,14.13222113,-0.9027827827
374,1.595650452,1.322256177,0.8931623416,1.786324683,21.25558653,16.93672388,-0.931972526
375,1.588392047,1.28906788,0.9280588863,1.856117773,22.21013664,16.20881519,-0.9258037236
376,1.984212195,0.4695905381,1.927844071,3.855688141,27.60336579,13.04188782,-0.8861763618
377,1.954546706,0.5907745368,1.863125941,3.726251882,27.55767212,13.06351271,-0.8865456023
378,1.988360682,0.1638691927,1.981596601,3.963193202,28.14897339,12.78909874,-0.8817239479
379,2.472165594,0.4843241028,2.424259246,4.848518491,22.46915551,16.02196397,-0.9240854116
380,2.402433318,0.6054571991,2.324888692,4.649777383,22.83337508,15.76639453,-0.9216372654
381,1.763148164,-0.4170988974,1.713102437,3.426204874,30.93261493,11.63820132,-0.8577724395
382,1.782124508,0.4318720342,1.729003848,3.458007697,30.57955922,11.77256995,-0.8609235773
383,1.763198805,-0.7574698535,1.592202703,3.184405406,29.11493268,12.36478902,-0.8736454425
384,1.486492883,0.5004880161,1.399704553,2.799409107,35.53664456,10.13038807,-0.8137439528
385,2.664420186,1.203638762,2.377054618,4.754109236,19.13979651,18.8089774,-0.9447214052
386,2.056722244,0.9955896959,1.799696515,3.59939303,24.33119692,14.79581959,-0.9111790765
387,2.23853078,0.1805908754,2.231234409,4.462468819,25.10996323,14.33693856,-0.9054950208
388,2.142311787,0.06714592645,2.14125926,4.28251852,26.26332491,13.70732766,-0.8967698571
389,1.946163483,1.338028537,1.413234566,2.826469131,21.77646324,16.53161012,-0.9286383042
390,1.554423264,0.2344024299,1.536648036,3.073296071,35.3505396,10.18372008,-0.8156275546
391,2.464742793,0.1223606627,2.461703659,4.923407318,22.90956044,15.71396365,-0.9211204631
392,1.557864604,1.316118004,0.8335319572,1.667063914,20.95140274,17.18262039,-0.933884052
393,1.751970327,0.5516588206,1.662850736,3.325701472,30.53163047,11.79105061,-0.8613488396
394,1.826266877,-0.006777495067,1.826254301,3.652508601,30.62258821,11.75602786,-0.8605412763
395,1.863497628,1.125566328,1.485167954,2.970335908,24.74293516,14.5496077,-0.9081947896
396,1.577043757,0.8798426126,1.308794861,2.617589722,30.32974565,11.86953574,-0.8631335039
397,1.508867468,1.066503766,1.067356901,2.134713801,27.77365166,12.96192537,-0.8847953567
398,2.293073167,0.3970811504,2.258431116,4.516862233,24.27290181,14.83135403,-0.9115978015
399,3.105107374,1.356117362,2.793320158,5.586640317,16.56377261,21.73417907,-0.95850302
400,1.313802857,1.065839323,0.7681565492,1.536313098,27.49263951,13.09441387,-0.8870701443
401,2.91717604,-0.4380009241,2.884106663,5.768213325,19.24761871,18.7036124,-0.944102722
402,1.720831571,1.429109307,0.9585968309,1.917193662,19.471619,18.48844721,-0.942806724
403,2.034367692,0.455182858,1.982791082,3.965582164,27.01665413,13.32511414,-0.8908745254
404,1.579077467,0.3152371067,1.547291574,3.094583147,34.5933287,10.4066308,-0.8232024805
405,1.632672051,-0.252928354,1.612961647,3.225923293,33.73191401,10.6723858,-0.8316449422
406,2.13850689,0.03570098017,2.138208867,4.276417734,26.31644919,13.67965706,-0.896359191
407,1.337559242,0.5084199766,1.237163632,2.474327264,38.79375485,9.279844177,-0.7794062592
408,1.489959725,0.413231981,1.431509452,2.863018905,36.00447732,9.998756454,-0.80897106
409,1.648514899,0.2435776304,1.630420593,3.260841186,33.453974,10.76105338,-0.8343289268
410,2.061060973,-0.2391376607,2.047140815,4.094281629,27.11447863,13.27703936,-0.8900976601
411,1.428213436,1.088723813,0.9243776712,1.848755342,27.31507143,13.1795372,-0.888496556
412,2.170178747,0.3116381389,2.147686538,4.295373075,25.71449291,13.99988719,-0.9009672989
413,1.707002957,1.151394445,1.260218206,2.520436413,25.31789029,14.21919425,-0.9039490655
414,2.415838065,0.7214375837,2.30560217,4.611204341,22.42722856,16.05191649,-0.9243648339
415,1.46611298,-0.3535208305,1.422852871,2.845705743,36.83585612,9.773086277,-0.8003563408
416,1.594442097,1.061923841,1.189354177,2.378708354,27.42298557,13.12767346,-0.8876306936
417,1.481490374,0.8010577758,1.246242419,2.492484838,32.6518695,11.02540239,-0.8419643061
418,1.713377237,-0.07771655518,1.711613769,3.423227537,32.50999409,11.07351785,-0.8432977119
419,1.71113984,-0.8452266964,1.487814298,2.975628596,29.05520522,12.39020676,-0.8741521809
420,1.24906934,-0.6154758686,1.086905549,2.173811097,39.67871245,9.072875045,-0.7696368284
421,2.157642042,0.1685973232,2.151044891,4.302089782,26.02498311,13.832862,-0.8986028146
422,1.708703955,0.9548720868,1.416999825,2.83399965,27.95834804,12.87629725,-0.8832886484
423,2.321305172,0.1923764593,2.313319908,4.626639817,24.23714658,14.8532336,-0.911854159
424,1.592017124,0.1979726245,1.579659889,3.159319777,34.66242158,10.38588718,-0.8225172359
425,2.2352119,-0.1892631516,2.227184702,4.454369403,25.13874669,14.32052299,-0.905281724
426,1.899514926,1.140870866,1.518739814,3.037479628,24.33505007,14.79347686,-0.9111513667
427,1.031393338,-0.04827124396,1.030263124,2.060526248,51.69590969,6.963800466,-0.6198350549
428,1.981255357,0.9344330721,1.747056846,3.494113693,25.42367582,14.16002952,-0.9031579708
429,1.31630701,0.2378444412,1.294640555,2.58928111,41.1269843,8.753377038,-0.7532537081
430,2.017185977,-0.3805481437,1.980965011,3.961930022,27.41611659,13.13096254,-0.8876859016
431,1.590518747,-0.2806705506,1.565558663,3.131117326,34.47831559,10.44134534,-0.8243404941
432,2.109208984,0.4708191978,2.055989256,4.111978513,26.08939829,13.79870842,-0.8981089644
433,1.422392631,1.129229865,0.8648934667,1.729786933,26.00119163,13.84551928,-0.8987849289
434,1.533654271,1.11662408,1.051306848,2.102613695,26.57070141,13.54875788,-0.8943830846
435,1.074326383,0.9114772708,0.5686706975,1.137341395,32.16731622,11.19148385,-0.8464970021
436,2.206107103,0.3398319831,2.179775853,4.359551707,25.27334902,14.24425388,-0.9042812362
437,1.255509073,-0.3232130668,1.213192626,2.426385251,42.44970288,8.480624729,-0.7378701197
438,1.506088275,-0.1006385887,1.502722119,3.005444239,36.66944341,9.817438349,-0.8020942515
439,1.438561849,0.3450223548,1.396574297,2.793148594,37.50898526,9.597700323,-0.7932578631
440,1.272722984,0.07415584094,1.270560784,2.541121568,42.84702783,8.401983013,-0.7331719384
441,2.496491022,-0.3438041702,2.472704211,4.945408422,22.45653827,16.03096594,-0.9241695513
442,0.9285450703,-0.4049063161,0.8356116459,1.671223292,53.77229667,6.69489723,-0.5909957755
443,1.994671581,0.5921721607,1.90474325,3.809486499,27.05935604,13.304086,-0.8905357309
444,2.040107944,-0.003044602974,2.040105673,4.080211345,27.54177141,13.07105468,-0.8866739603
445,2.488270706,1.242363534,2.155927633,4.311855266,19.94379379,18.05072815,-0.9400276847
446,2.331907802,1.308427474,1.930236137,3.860472274,20.40885629,17.639401,-0.937228099
447,1.638381007,0.1152492574,1.634322469,3.268644938,33.87641534,10.62686227,-0.8302417993
448,2.065779403,1.178188454,1.696854887,3.393709774,22.89782,15.7220207,-0.9212002103
449,1.501317658,0.6092017044,1.372161795,2.744323591,34.40049381,10.46496606,-0.8251086291
450,1.526469046,-0.4643596675,1.454124426,2.908248853,34.95593754,10.29867958,-0.8195929024
451,1.551665639,0.836989962,1.30656575,2.6131315,31.19682561,11.53963562,-0.8553929594
452,1.682509673,1.255859909,1.119667222,2.239334444,23.45305624,15.34981182,-0.9173864709
453,1.713073132,-0.3560891144,1.675655125,3.35131025,31.97111391,11.26016444,-0.8483151511
454,1.51329045,0.8652903865,1.241499308,2.482998616,31.32317937,11.49308618,-0.8542485855
455,1.508312778,0.9366580808,1.182234781,2.364469562,30.27713056,11.89016242,-0.8635968626
456,1.32926406,0.906730762,0.9719991087,1.943998217,32.65019762,11.02596695,-0.8419800492
457,2.275887336,-0.0195102692,2.275803708,4.551607416,24.78064547,14.52746662,-0.9079191178
458,1.786897641,0.7646960673,1.615005605,3.23001121,28.75626631,12.51901051,-0.8766741458
459,1.90572421,0.02521865385,1.905557342,3.811114685,29.40025151,12.24479321,-0.8712116562
460,1.44949711,0.9888235774,1.059844236,2.119688472,29.79399916,12.08297007,-0.8678174989
461,1.556600148,0.2646466687,1.533938122,3.067876244,35.21852444,10.22189333,-0.8169584879
462,2.069432931,1.421100525,1.504335718,3.008671436,20.45792984,17.59708841,-0.936929081
463,1.564681226,0.9373518159,1.252836347,2.505672694,29.6801255,12.12932877,-0.8688033247
464,1.853163115,0.9193873294,1.60901848,3.21803696,26.80797708,13.4288387,-0.8925230358
465,1.316123602,0.6362914423,1.152091375,2.30418275,37.85772614,9.509287448,-0.7895371007
466,1.881545527,0.6152744549,1.778103179,3.556206359,28.38775469,12.68152427,-0.8797502036
467,2.132787038,1.52462793,1.491405453,2.982810906,19.13354557,18.8151223,-0.9447571705
468,2.119688086,0.7719502106,1.974125238,3.948250476,24.95057458,14.42852544,-0.9066720156
469,1.336395039,1.077516329,0.7905126576,1.581025315,27.233651,13.21894006,-0.8891477568
470,1.928618803,0.3697955691,1.89283431,3.78566862,28.61480349,12.58090066,-0.8778592667
471,1.230319529,-0.7216389681,0.9964553896,1.992910779,38.2568658,9.410075616,-0.7852427387
472,0.956156222,-0.227464079,0.9287059888,1.857411978,54.42666238,6.614405224,-0.5817445336
473,1.733550957,0.850704834,1.510463573,3.020927145,28.73256898,12.52933562,-0.8768730457
474,1.788943308,0.7700041108,1.614748225,3.22949645,28.69247207,12.54684501,-0.8772092514
475,2.774003958,1.356892282,2.419491949,4.838983898,18.00301389,19.99665179,-0.95104026
476,2.267919585,1.156033221,1.951165404,3.902330808,21.73861667,16.56039138,-0.9288831556
477,1.559581625,0.8152803236,1.329516017,2.659032035,31.35096012,11.48290192,-0.8539964206
478,1.803619749,1.283192956,1.267462046,2.534924091,22.88261765,15.73246582,-0.9213034153
479,1.590408115,0.5682476756,1.485426724,2.970853448,33.09128284,10.878998,-0.8378017926
480,1.929441127,1.31795563,1.40916146,2.818322921,22.08621385,16.29976068,-0.9266191288
481,1.886745223,0.4386068929,1.835056274,3.670112548,29.00529657,12.41152626,-0.8745748864
482,1.610322447,-0.1757272349,1.60070557,3.201411139,34.33877919,10.48377399,-0.825716697
483,1.515780218,1.183703371,0.9468030406,1.893606081,24.81576537,14.50690699,-0.9076620288
484,1.692480171,0.2530563449,1.673454993,3.346909986,32.62207174,11.03547325,-0.8422447868
485,0.9633172044,0.3059861702,0.9134289792,1.826857958,53.41585873,6.739571516,-0.5960026426
486,2.35930697,0.1865426997,2.351920747,4.703841495,23.86438785,15.08523924,-0.9145055941
487,1.9205985,-0.2339254665,1.906299419,3.812598838,29.00251928,12.41271479,-0.8745983894
488,2.540242296,1.068806883,2.304448474,4.608896948,20.38081712,17.66366863,-0.9373986404
489,1.122010459,-0.4185919996,1.041003462,2.082006925,45.8970217,7.843646202,-0.6959501246
490,2.015374227,0.5106278428,1.949613418,3.899226836,27.08869376,13.28967735,-0.8903026805
491,1.813713509,1.043522877,1.483447572,2.966895144,26.01456676,13.83840074,-0.8986825667
492,2.309131088,0.4924403366,2.256011724,4.512023448,23.93712778,15.03939835,-0.9139912307
493,1.373498237,0.8483652764,1.080173025,2.160346051,33.42687768,10.76977645,-0.8345895387
494,1.297177181,0.8438226078,0.9852066009,1.970413202,34.51522771,10.4301789,-0.8239756236
495,1.699027437,1.010376597,1.365955111,2.731910221,27.38668366,13.14507461,-0.887922318
496,1.65033626,1.184862647,1.148786437,2.297572874,24.91095684,14.45147219,-0.9069634818
497,1.519609428,-0.0821904282,1.517385102,3.034770204,36.38562128,9.894018224,-0.8050426941
498,2.176549391,-0.6868888641,2.065321026,4.130642052,24.71435942,14.56643055,-0.9084034235
499,1.739512,1.039653486,1.39464068,2.789281361,26.67540692,13.4955767,-0.8935641673
500,1.432837775,1.153935534,0.8493861735,1.698772347,25.22464425,14.27175727,-0.9046438312
501,1.444918139,-0.5976488003,1.315524359,2.631048718,35.59581708,10.11354787,-0.8131432572
502,1.986676932,-0.1412652977,1.98164814,3.963296279,28.19272485,12.76925171,-0.8813634472
503,1.733698639,1.18037081,1.269817201,2.539634402,24.740003,14.55133211,-0.908216208
504,2.475465254,0.7273847086,2.366186744,4.732373489,21.92747485,16.41775911,-0.9276572897
505,1.189757505,-0.2640774131,1.160080187,2.320160375,44.86590785,8.023909851,-0.7087597201
506,2.213001455,0.308027445,2.191459453,4.382918906,25.246116,14.25961918,-0.9044840598
507,1.232270021,-0.1642206341,1.221278424,2.442556847,43.91368753,8.197899567,-0.7203854426
508,2.456336092,0.7584566267,2.33630703,4.672614061,21.99647586,16.36625804,-0.9272068941
509,1.345274729,1.123004815,0.7406917585,1.481383517,25.40183784,14.1722029,-0.9033215337
510,1.892968621,1.266524269,1.40685695,2.813713899,22.88254035,15.73251897,-0.9213039399
511,2.31197923,0.08971121747,2.310238052,4.620476104,24.39003045,14.76012918,-0.9107555278
512,1.891934834,0.2711144939,1.872408702,3.744817404,29.35267332,12.26464098,-0.8716190035
513,2.096538757,0.07140241443,2.095322518,4.190645037,26.81423104,13.42570665,-0.8924738026
514,1.073690313,0.03631002283,1.073076172,2.146152344,49.92510062,7.210801691,-0.6437884647
515,1.68260509,0.9946467466,1.357143227,2.714286454,27.73486078,12.98005434,-0.8851106356
516,1.55804086,-0.1728447599,1.548423718,3.096847437,35.41680091,10.16466735,-0.8149578974
517,1.418199151,1.210886411,0.7382702283,1.476540457,22.7417143,15.82994119,-0.9222568854
518,1.753759944,-0.4247829825,1.701538527,3.403077054,31.05512594,11.59228916,-0.8566713708
519,2.514048486,-0.1827245392,2.507399356,5.014798713,22.44310645,16.0405602,-0.9242590739
520,1.79035212,0.2554804096,1.772030043,3.544060086,30.94684139,11.63285117,-0.8576447804
521,1.845050543,0.6954903291,1.708948422,3.417896845,28.4487874,12.65431791,-0.8792432597
522,1.762381758,1.237168833,1.255150485,2.51030097,23.72453238,15.17416631,-0.9154904071
523,1.588445039,-0.4489817844,1.523670896,3.047341791,33.83348302,10.64034701,-0.8306592344
524,1.694678194,-0.4478701566,1.634425435,3.268850871,31.93802337,11.27183094,-0.8486208116
525,1.329566162,0.8130155356,1.052022774,2.104045548,34.72768866,10.36636799,-0.821868836
526,1.290238832,1.063458786,0.7305967796,1.461193559,27.31302333,13.18052548,-0.8885129587
527,2.00400064,0.9063851454,1.787312098,3.574624195,25.38851534,14.1796397,-0.9034212526
528,1.158255494,0.8238697509,0.8141218728,1.628243746,36.71691031,9.80474656,-0.8015992259
529,1.404426214,-0.4612202986,1.326532633,2.653065265,37.60200587,9.573957337,-0.7922682822
530,1.349576699,0.7393563506,1.129030315,2.258060631,35.69748887,10.08474297,-0.8121091012
531,1.320800061,0.9228595364,0.9449037396,1.889807479,32.30306674,11.14445272,-0.8452332309
532,1.708147241,0.2319198795,1.692329804,3.384659608,32.3894862,11.11471784,-0.8444262357
533,2.294342053,0.9149529366,2.10401202,4.20802404,22.76423613,15.81427982,-0.9221048582
534,2.417876602,-0.7335659235,2.303911522,4.607823044,22.37684186,16.08806114,-0.9246999813
535,1.680893481,1.309512497,1.053840556,2.107681112,22.25410514,16.17679065,-0.9255133722
536,1.878204861,-0.6880342314,1.747644815,3.495289629,28.06653851,12.8266619,-0.8824017927
537,2.633217245,0.9392112538,2.460023431,4.920046862,20.20643019,17.81611084,-0.9384542647
538,0.988841679,-0.2552463046,0.9553309322,1.910661864,52.6984546,6.83131987,-0.6060098558
539,2.463816778,1.060838669,2.223738842,4.447477683,20.90985206,17.21676456,-0.9341431191
540,1.992258118,1.316775205,1.495057012,2.990114023,21.89988659,16.43844129,-0.9278369922
541,1.976160817,-0.08257982703,1.97443464,3.94886928,28.37657491,12.68652052,-0.8798429559
542,1.452551658,-0.8482346786,1.17915404,2.35830808,32.37411359,11.11999558,-0.8445699275
543,1.756880281,1.162952291,1.316878996,2.633757992,24.90265829,14.45628799,-0.907024479
544,2.014457112,0.0894545648,2.01246996,4.024939919,27.85553631,12.92382225,-0.8841284951
545,2.170682853,-0.5239833791,2.106491269,4.212982538,25.27247119,14.24474866,-0.9042877773
546,1.937294169,1.000764362,1.658788531,3.317577062,25.33844432,14.20765993,-0.9037955976
547,1.703077797,0.5624155325,1.607533126,3.215066251,31.237138,11.5247434,-0.8550283056
548,1.749347563,1.160591424,1.308909638,2.617819277,24.97460611,14.41464175,-0.9064950054
549,1.737224746,1.040550288,1.391116427,2.782232854,26.68319103,13.49163972,-0.8935031675
550,1.705842725,-0.3992562037,1.6584613,3.316922601,31.94375687,11.26980779,-0.848567871
551,2.310854503,1.237913229,1.951312218,3.902624436,20.9747393,17.16350296,-0.9337383339
552,1.153608741,-0.3260514547,1.106572897,2.213145793,45.67471305,7.881822917,-0.6987310817
553,1.353799397,0.4240247032,1.285681087,2.571362174,39.08684096,9.210260824,-0.7761912331
554,1.761169053,1.529829132,0.8725475682,1.745095136,17.01268397,21.16068227,-0.9562400082
555,1.983453347,-0.3466086024,1.952933603,3.905867205,27.92805034,12.89026608,-0.8835364394
556,1.640959539,-0.04086169228,1.640450709,3.280901418,33.88370924,10.6245747,-0.8301708338
557,2.326370484,1.610794672,1.678493418,3.356986836,18.01262961,19.98597694,-0.9509883771
558,1.904558811,1.265866038,1.422999451,2.845998902,22.84748298,15.75665907,-0.9215416876
559,1.796481288,0.7807948418,1.617932147,3.235864294,28.52029375,12.62259089,-0.8786480514
560,2.199198702,1.302094936,1.772293347,3.544586694,21.12739539,17.03948799,-0.9327812994
561,1.996074788,0.9253773089,1.768612845,3.537225691,25.34275481,14.20524338,-0.9037633984
562,2.056474369,0.5853263448,1.97141571,3.942831419,26.3558509,13.65920612,-0.8960541066
563,1.449282213,-0.5424062995,1.343954738,2.687909477,35.99081214,10.00255283,-0.8091112403
564,1.661540987,1.260819089,1.082152335,2.16430467,23.31667118,15.43959672,-0.9183312518
565,2.21679027,0.60033199,2.133954218,4.267908435,24.58512501,14.64300059,-0.9093441522
566,0.9460259797,0.8488369373,0.4176613558,0.8353227115,32.9259623,10.93362122,-0.839373651
567,1.960541136,0.7478745854,1.812292789,3.624585577,26.76154269,13.45213929,-0.8928882494
568,2.198097947,0.3936270193,2.162566151,4.325132301,25.26766462,14.24745838,-0.9043235889
569,2.047409482,1.001342926,1.78583256,3.57166512,24.37243656,14.77078417,-0.9108822887
570,1.814960587,1.335329588,1.229217972,2.458435943,21.98914251,16.37171617,-0.9272548255
571,1.550902988,0.9451679248,1.22961688,2.459233761,29.70512294,12.1191217,-0.8685872109
572,1.757615263,0.8342829996,1.54699169,3.09398338,28.58449426,12.59424067,-0.8781124899
573,1.642900616,0.6728872962,1.498781212,2.997562423,31.46524143,11.44119618,-0.852956982
574,2.428604553,0.1089674483,2.426158727,4.852317455,23.24601646,15.48652435,-0.9188186529
575,1.78485938,1.106703775,1.400332018,2.800664035,25.50101714,14.11708396,-0.9025776416
576,0.895578969,-0.3864198926,0.8079241031,1.615848206,55.65485888,6.468437927,-0.5641767247
577,2.423972937,0.8511571048,2.269620317,4.539240634,21.97120846,16.38507962,-0.92737198
578,1.977266915,0.7982128936,1.808988842,3.617977684,26.30389489,13.68618608,-0.8964563089
579,1.268361638,1.08982149,0.6488685261,1.297737052,25.52686466,14.10278954,-0.9023833285
580,1.582939059,1.253433806,0.9667469986,1.933493997,23.19902214,15.51789545,-0.9191420625
581,1.50453233,1.277304972,0.7950531691,1.590106338,21.54600138,16.70843669,-0.9301230133
582,0.9697580331,-0.260116353,0.9342216683,1.868443337,53.53397937,6.724700914,-0.5943459534
583,1.296737891,0.8965526442,0.9368684618,1.873736924,33.20285917,10.84243975,-0.8367369879
584,2.387571033,1.644812474,1.730632071,3.461264141,17.61559603,20.43643595,-0.9531083268
585,1.676164203,0.7665072038,1.490635147,2.981270293,30.21596929,11.91422974,-0.8641345683
586,1.611068758,0.3781907306,1.566050546,3.132101093,33.72988407,10.67302808,-0.8316646157
587,2.450783603,-0.2945313595,2.433021074,4.866042149,22.91222709,15.71213478,-0.9211023444
588,2.639790157,1.068190135,2.414013652,4.828027303,19.76381192,18.21510958,-0.9410945285
589,1.639240029,0.6669760996,1.497414691,2.994829381,31.56751488,11.40412862,-0.8520238827
590,2.658539334,1.176083286,2.384252398,4.768504795,19.27515691,18.67689076,-0.9439441718
591,1.840718234,0.7781120997,1.66816821,3.33633642,27.99337371,12.86018626,-0.8830018816
592,2.122456413,0.7138525309,1.998808593,3.997617185,25.16296402,14.30674064,-0.9051020871
593,1.81882369,1.344447379,1.224981984,2.449963968,21.82941275,16.49151098,-0.9282950631
594,1.658808757,0.5404423354,1.568301174,3.136602349,32.08391135,11.22057707,-0.8472711047
595,2.670800777,1.42606548,2.258210362,4.516420724,18.16346137,19.82001078,-0.9501710404
596,1.541693105,1.198321019,0.9699713225,1.939942645,24.51616341,14.68418994,-0.9098442477
597,1.949667501,0.8837717657,1.737858115,3.475716231,26.07581369,13.80589708,-0.8982132076
598,1.703578607,0.9989919542,1.379925775,2.75985155,27.48790038,13.09667145,-0.8871083246
599,1.652249847,-0.656121951,1.516388322,3.032776643,31.44429594,11.44881732,-0.8531477445
600,1.522947908,0.1388457385,1.516605484,3.033210967,36.23703988,9.934586303,-0.806578336
601,1.710035111,0.5265150656,1.626960961,3.253921921,31.3157911,11.49579772,-0.8543156148
602,2.112047057,0.4934288237,2.053599466,4.107198932,25.99871384,13.84683882,-0.8988038865
603,2.142243287,0.9585635531,1.915818941,3.831637883,23.82211434,15.11200874,-0.9148038441
604,1.985151453,0.9716684005,1.731094108,3.462188217,25.12780625,14.32675803,-0.9053628239
605,1.560925517,1.057212949,1.148385497,2.296770995,27.70931279,12.99202195,-0.8853180591
606,1.499712719,-0.3524612204,1.457706873,2.915413746,36.09831965,9.972763373,-0.8080071633
607,1.321670678,0.6358392481,1.158672443,2.317344887,37.7431956,9.538143081,-0.7907622746
608,1.284190142,0.1062203542,1.279789654,2.559579308,42.44898552,8.480768046,-0.7378785702
609,1.357880981,0.8555621838,1.054444929,2.108889858,33.48761823,10.750242,-0.8340050777
610,2.062670431,1.100527372,1.744548311,3.489096623,23.53963087,15.29335791,-0.9167840446
611,1.800818971,1.144819201,1.390085596,2.780171192,24.9126765,14.45047464,-0.9069508393
612,1.853031219,1.082048125,1.504292709,3.008585418,25.29048118,14.23460461,-0.9041535362
613,1.961989584,1.420384286,1.353481293,2.706962585,20.60773497,17.46916877,-0.9360120284
614,2.289963647,0.7739240319,2.155220429,4.310440859,23.34346803,15.42187303,-0.9181460324
615,2.046172652,-0.1426482575,2.041194258,4.082388515,27.40618612,13.13572047,-0.887765693
616,1.981816782,1.225296898,1.557640931,3.115281862,22.95501276,15.68284905,-0.9208113622
617,1.827805853,0.3569583624,1.792611214,3.585222428,30.11240369,11.95520635,-0.8650428306
618,1.747897304,1.282169155,1.187934023,2.375868046,22.95188042,15.68498935,-0.9208326824
619,1.412224208,0.674178424,1.240911224,2.481822448,35.42720233,10.16168301,-0.8148526784
620,1.576657202,-0.5393725178,1.481528002,2.963056003,33.52943725,10.73683394,-0.8336021395
621,1.262097905,0.155182802,1.252521225,2.505042451,43.00581872,8.370960272,-0.7312844369
622,1.483261489,0.971960861,1.12042703,2.24085406,29.87990548,12.04823088,-0.867071523
623,1.812656649,0.07791447454,1.810981354,3.621962707,30.81846951,11.68130688,-0.8587947934
624,1.687006795,0.3237776359,1.65564488,3.31128976,32.52849486,11.06721973,-0.8431241268
625,2.446268401,-0.2894070504,2.429088851,4.858177703,22.95810374,15.68073757,-0.9207903207
626,1.744079239,0.8341142013,1.531687269,3.063374538,28.7507342,12.52141937,-0.8767205922
627,2.822694653,0.2786385909,2.808908265,5.61781653,19.99953932,18.00041462,-0.9396953707
628,1.455270621,0.02383942064,1.455075345,2.910150691,37.91953279,9.493787859,-0.7888746221
629,1.052136135,0.5825189229,0.8761633128,1.752326626,45.63380385,7.88888871,-0.6992416881
630,2.200037768,0.2283446617,2.188155593,4.376311185,25.48737543,14.1246399,-0.9026801214
631,1.93670191,1.236079088,1.490946939,2.981893878,23.06846407,15.60572039,-0.9200373026
632,1.507006973,1.018573245,1.110665818,2.221331636,28.79070729,12.50403459,-0.8763848033
633,2.076018093,0.9469125808,1.847486856,3.694973713,24.46851184,14.71278688,-0.9101890373
634,1.920202633,1.049714468,1.607879873,3.215759746,25.06975448,14.35993321,-0.9057926009
635,1.940628473,0.2480412367,1.924711515,3.84942303,28.69669576,12.54499831,-0.8771738566
636,2.151563144,0.7178860377,2.028266156,4.056532312,24.85152128,14.48603472,-0.9073999336
637,2.757970844,0.1430269614,2.754259694,5.508519389,20.52605277,17.53868628,-0.9365128508
638,2.294616533,1.31529968,1.880226525,3.76045305,20.55105857,17.51734583,-0.9363597335
639,2.355728117,1.113775988,2.075802979,4.151605959,21.39033932,16.83002755,-0.9311173248
640,1.411224319,-0.3436880446,1.368733943,2.737467886,38.16475264,9.432787456,-0.7862371784
641,1.489322517,1.112675328,0.9899672581,1.979934516,26.70291256,13.48167542,-0.8933485466
642,2.260783374,-0.192197568,2.252598845,4.50519769,24.86248131,14.47964889,-0.9073195244
643,2.023724065,1.274876705,1.571670602,3.143341204,22.23023633,16.19415982,-0.9256710604
644,1.949670784,0.1106643555,1.946527566,3.893055132,28.72846238,12.53112663,-0.8769074986
645,1.498216971,1.012253515,1.104534704,2.209069408,28.97538166,12.42434023,-0.8748279351
646,2.613980289,1.119721002,2.362015628,4.724031257,19.73855429,18.2384178,-0.9412435005
647,2.089354307,0.8938548829,1.888498045,3.776996091,24.64970403,14.60463783,-0.9088746438
648,1.199444865,-0.06401154826,1.197735574,2.395471148,45.21770507,7.961483216,-0.7044149106
649,1.301221095,0.4586528926,1.217708447,2.435416894,40.15665853,8.964889341,-0.7642840674
650,1.276970804,0.8828996612,0.9225739113,1.845147823,33.7514377,10.6662123,-0.8314556713
651,2.067053609,0.2985445099,2.045380599,4.090761199,26.9514379,13.35735783,-0.8913909922
652,1.956723978,1.235221997,1.517562304,3.035124608,22.97917493,15.66635883,-0.9206468101
653,1.515141444,0.3843478867,1.465581897,2.931163794,35.61921211,10.1069052,-0.8129055211
654,1.736244241,-0.9217969507,1.471337638,2.942675276,28.02267177,12.84674077,-0.8827617552
655,1.999746913,0.1955092467,1.99016679,3.98033358,27.96179623,12.87470937,-0.8832604316
656,1.761806933,1.502706857,0.9196933033,1.839386607,17.86159975,20.1549696,-0.9518001839
657,2.04939175,0.08662715565,2.04756008,4.09512016,27.40081361,13.13829601,-0.8878088501
658,2.318995833,0.8723035188,2.148680583,4.297361165,22.73517458,15.83449464,-0.9223010032
659,1.240411045,0.6129406266,1.078389238,2.156778476,39.92448596,9.017022795,-0.7668909514
660,2.214651124,-0.3471272333,2.187277368,4.374554736,25.16926926,14.30315661,-0.9050552901
661,2.152532165,-0.52461321,2.087624416,4.175248831,25.46647325,14.13623302,-0.9028370443
662,2.767351765,0.7077726027,2.675311895,5.35062379,19.85600554,18.13053483,-0.9405492096
663,1.33718288,1.11455363,0.7388019101,1.47760382,25.65717252,14.03116418,-0.9014009213
664,1.960440694,0.1147348016,1.957080387,3.914160773,28.57460639,12.59859874,-0.8781950464
665,2.279503237,0.1205137756,2.27631532,4.55263064,24.71288146,14.5673017,-0.9084142081
666,1.414382679,0.4586095799,1.337966971,2.675933942,37.39225721,9.627661629,-0.7944966923
667,2.341516744,0.7890428127,2.204566193,4.409132387,22.8459654,15.75770573,-0.9215519715
668,1.673725689,1.226689104,1.138679729,2.277359458,24.05137144,14.96796143,-0.9131804101
669,1.751813809,1.328478871,1.141926229,2.283852458,22.05303428,16.32428425,-0.926836713
670,2.025810846,1.281064534,1.569325729,3.138651458,22.15632847,16.24817941,-0.9261583106
671,2.290149932,0.40263237,2.254478629,4.508957257,24.29281462,14.81919677,-0.9114548769
672,1.580609535,1.02532592,1.202926955,2.405853911,28.14821319,12.78944413,-0.8817302072
673,1.901254198,1.293422207,1.393494356,2.786988712,22.4965409,16.00246018,-0.9239026344
674,1.159057527,0.9181089162,0.7074534401,1.41490688,32.9033974,10.94111941,-0.839587655
675,2.092422101,-0.02750964268,2.092241255,4.18448251,26.87648979,13.39460632,-0.8919831023
676,2.133994426,0.9486366654,1.91154929,3.82309858,23.94793052,15.03261418,-0.913914716
677,1.641505593,0.1206112471,1.637068581,3.274137163,33.8095687,10.64787319,-0.8308915533
678,2.139921062,1.442304233,1.580829103,3.161658205,20.05965442,17.94647068,-0.9393360118
679,2.058903964,1.105033592,1.737235244,3.474470488,23.53298646,15.29767591,-0.9168303537
680,1.655987493,1.144966655,1.196388706,2.392777412,25.64263711,14.03911768,-0.9015107367
681,1.684839298,1.217464181,1.164673528,2.329347057,24.22343764,14.86163959,-0.9119523551
682,1.689204827,1.080927614,1.29807875,2.5961575,26.50114457,13.58431894,-0.8949254479
683,1.994128438,1.339507476,1.477250131,2.954500263,21.62399126,16.64817543,-0.9296222609
684,2.901426227,0.5550314794,2.847843782,5.695687564,19.22095281,18.72956057,-0.944256042
685,2.070631307,0.7313060952,1.93719008,3.874380159,25.63158628,14.04517052,-0.9015941871
686,1.529269043,1.164160957,0.9916617732,1.983323546,25.39756631,14.17458648,-0.9033535115
687,1.803623831,1.180095719,1.363976913,2.727953826,24.42735186,14.73757786,-0.9104863492
688,2.354191985,1.492805802,1.820371044,3.640742088,18.98173973,18.96559562,-0.9456222867
689,1.701121184,1.098742065,1.298683625,2.59736725,26.16101349,13.76093476,-0.8975585815
690,2.112051996,0.9155944605,1.903273606,3.806547211,24.32306379,14.800767,-0.9112375522
691,1.085512301,0.8296732439,0.699985189,1.399970378,37.01704593,9.7252493,-0.7984564302
692,1.729121618,1.003797754,1.407924586,2.815849172,27.19713812,13.23668683,-0.8894392039
693,1.222010051,0.9062275813,0.8197927401,1.63958548,33.39941513,10.77863186,-0.8348534824
694,1.452337777,0.83654099,1.187216994,2.374433989,32.55962157,11.05663956,-0.8428318792
695,1.834674631,0.003399263724,1.834671482,3.669342964,30.48892716,11.80756535,-0.86172723
696,1.896917133,-0.8168322199,1.712039641,3.424079282,27.0814284,13.29324269,-0.8903604161
697,2.570277577,0.08232094796,2.568958949,5.137917899,22.00647956,16.35881828,-0.9271414845
698,1.311108643,0.8480144919,0.9999386463,1.999877293,34.24275481,10.51317284,-0.8266609105
699,1.466529125,-0.3711068129,1.418797874,2.837595748,36.73978289,9.798642553,-0.8013604945
700,1.577944789,-0.05475513801,1.576994493,3.153988987,35.14722197,10.24263028,-0.8176755324
701,2.435604919,0.7647419772,2.312431844,4.624863687,22.14449022,16.25686554,-0.9262362131
702,1.373554466,0.9821210581,0.9602552249,1.92051045,30.40097079,11.84172711,-0.8625050951
703,1.540155727,1.198887271,0.966824169,1.933648338,24.49411434,14.69740832,-0.9100038651
704,1.107338652,-0.1948033191,1.090069061,2.180138122,48.15432825,7.475963492,-0.667126494
705,2.414541033,0.3890622121,2.382989508,4.765979016,23.1253126,15.56735713,-0.9196480776
706,2.330133555,0.2931473358,2.31162,4.623239999,24.05119898,14.96806875,-0.9131816368
707,2.22108802,1.147533281,1.901683297,3.803366593,22.10020989,16.28943806,-0.9265272527
708,2.145550697,-0.1724180351,2.138611656,4.277223312,26.16268365,13.7600563,-0.8975457291
709,1.453442858,0.8909934743,1.148314752,2.296629505,31.65574651,11.37234277,-0.8512167137
710,2.206375348,0.9042661541,2.012559291,4.025118582,23.54751717,15.28823601,-0.9167290641
711,2.3301557,-0.2780416793,2.313507815,4.627015631,24.06818585,14.95750458,-0.9130607668
712,1.579563951,1.030024125,1.197527694,2.395055388,28.07611261,12.82228794,-0.8823231606
713,1.73774246,1.252598806,1.204468799,2.408937598,23.50256986,15.31747388,-0.9170421885
714,2.293972395,0.8072646644,2.147238485,4.29447697,23.18995548,15.52396253,-0.919204387
715,1.67469458,0.6486136645,1.543989071,3.087978142,31.14856274,11.55751561,-0.8558289739
716,2.776313626,0.1407026191,2.772745954,5.545491908,20.39440718,17.65189823,-0.9373160103
717,1.647879266,0.4217109188,1.593005329,3.186010658,32.86718859,10.95317292,-0.839930785
718,2.432568312,-0.03288200235,2.432346062,4.864692124,23.22818048,15.49841583,-0.9189414708
719,1.753275051,-0.08513371877,1.751206913,3.502413827,31.80394529,11.31935037,-0.8498564057
720,2.732601641,0.0207192135,2.732523091,5.465046183,20.73753084,17.35982952,-0.9352122911
721,1.800496442,1.229685042,1.3151662,2.630332399,23.72991258,15.17072593,-0.9154526225
722,1.750242602,1.251907845,1.223141821,2.446283641,23.49764986,15.32068109,-0.9170764294
723,2.300863181,0.9374081519,2.101246615,4.20249323,22.61591462,15.9179943,-0.9231034387
724,2.357045745,1.481131987,1.833551931,3.667103861,19.06432216,18.88344085,-0.9451524861
725,1.813652175,1.33556944,1.22702424,2.45404848,21.9846595,16.37505461,-0.9272841193
726,2.19267147,1.204079117,1.832485104,3.664970208,21.90279165,16.43626099,-0.9278180795
727,2.112402979,-0.1703717527,2.105521268,4.211042536,26.55850103,13.55498187,-0.8944783113
728,1.952336107,0.2031714482,1.941735728,3.883471455,28.59850565,12.58807031,-0.87799546
729,1.523531995,0.2094850488,1.509061216,3.018122432,36.07746973,9.97852684,-0.8082215096
730,1.876701255,0.07737858641,1.875105372,3.750210744,29.81593867,12.07407903,-0.8676271704
731,1.646196804,-0.6548110438,1.510359697,3.020719394,31.54894143,11.41084244,-0.8521935407
732,2.00092503,0.9368328297,1.768062563,3.536125125,25.2213026,14.27364818,-0.904668685
733,2.107173555,1.161040097,1.758455653,3.516911305,22.76589715,15.81312599,-0.9220936402
734,1.997723567,-0.6761146167,1.879832033,3.759664067,26.67989569,13.49330613,-0.8935289932
735,2.034967273,-0.1649488754,2.028271104,4.056542208,27.53123589,13.07605665,-0.8867589703
736,1.197650687,1.011408544,0.6414202417,1.282840483,28.4387403,12.65878854,-0.8793267805
737,1.499466174,-0.8424206873,1.240454027,2.480908054,31.82886556,11.31048794,-0.8496271053
738,1.901252986,1.046850625,1.587093785,3.174187571,25.25234808,14.25610002,-0.9044376632
739,1.551178455,0.8457936739,1.300302911,2.600605822,31.09273806,11.57826626,-0.8563325457
740,2.319309392,0.3686857336,2.28981809,4.579636179,24.05733476,14.96425118,-0.913137987
741,2.662004904,1.834942667,1.928537145,3.857074289,15.75395605,22.8514031,-0.9624364923
742,2.111519071,0.703139952,1.991006529,3.982013057,25.31837645,14.21892122,-0.9039454369
743,1.458452412,-0.513965118,1.364889481,2.729778961,36.02214022,9.99385372,-0.8087898022
744,1.782799926,0.2407521815,1.76646935,3.5329387,31.09942996,11.57577488,-0.8562722236
745,1.777385271,1.4001253,1.094873302,2.189746603,20.62441679,17.45503903,-0.9359095122
746,1.914767012,0.2328613412,1.900554736,3.801109472,29.08781318,12.37631711,-0.8738756469
747,2.460545493,1.26961764,2.107689534,4.215379068,19.95730236,18.03851009,-0.9399472382
748,2.567110317,0.3178157861,2.547361086,5.094722173,21.88969222,16.44609693,-0.9279033412
749,1.97462847,0.9206529429,1.746870274,3.493740548,25.58067504,14.07312354,-0.9019782108
750,1.77838345,0.5075758848,1.704410284,3.408820568,30.33512826,11.86742963,-0.8630860605
751,1.608312338,1.072946989,1.198104058,2.396208117,27.14604099,13.26160231,-0.8898464565
752,2.010659636,1.22480249,1.594556688,3.189113376,22.80295888,15.78742487,-0.9218431382
753,1.401759587,0.5862216145,1.273292644,2.546585288,36.59296385,9.837956867,-0.8028906879
754,2.011859335,1.383294016,1.460847579,2.921695158,21.04067403,17.10971804,-0.9333257874
755,2.259306623,0.648997247,2.164086179,4.328172358,24.02696868,14.98316349,-0.9133539086
756,1.857034686,1.169119074,1.442823072,2.885646143,24.27931131,14.8274387,-0.9115518092
757,1.299471189,-0.5816082707,1.162048704,2.324097408,38.92952137,9.247480763,-0.7779194903
758,1.507585143,1.240215743,0.8571335219,1.714267044,22.96399843,15.67671245,-0.920750186
759,2.207363281,0.5174503131,2.145855967,4.291711933,24.90188536,14.4567367,-0.9070301593
760,2.281888115,0.3200584064,2.259330871,4.518661742,24.50277289,14.6922147,-0.9099412003
761,1.984072881,0.7736463908,1.827023935,3.654047871,26.36266761,13.6556742,-0.8960012824
762,2.171228485,0.9320474037,1.960999942,3.921999883,23.71440293,15.18064786,-0.9155615234
763,2.124772107,0.2102615886,2.114343059,4.228686117,26.37142001,13.65114203,-0.8959334395
764,2.267673231,1.200367128,1.923918044,3.847836088,21.46727993,16.76970726,-0.9306267152
765,1.822882869,1.084072284,1.465499655,2.930999309,25.49697122,14.11932409,-0.9026080409
766,1.607354139,0.8096001456,1.388572984,2.777145968,30.75425074,11.70569893,-0.8593684766
767,1.980657808,0.09728652045,1.978267092,3.956534184,28.30674116,12.71781863,-0.8804215683
768,2.31610756,-0.2989962353,2.296727124,4.593454248,24.18364238,14.88609508,-0.9122371097
769,1.938371569,1.262094098,1.471190956,2.942381912,22.7564541,15.81968783,-0.9221574046
770,1.737189976,0.6273186813,1.619969224,3.239938447,30.33980492,11.86560035,-0.8630448334
771,1.199739439,-0.2445366633,1.174553763,2.349107527,44.64078131,8.064374982,-0.7115260955
772,1.285318248,0.688395177,1.085428523,2.170857047,37.74618906,9.53738666,-0.7907302927
773,1.922391135,1.538689878,1.152397994,2.304795987,18.49282877,19.46700554,-0.9483633622
774,1.872840227,0.2028127066,1.861826394,3.723652788,29.74992464,12.10087099,-0.8681994671
775,1.869125334,-0.3197309048,1.841575864,3.683151727,29.58581349,12.16799396,-0.8696172035
776,1.314892676,0.8335272339,1.016944,2.033888,34.51301755,10.43084684,-0.8239974804
777,1.632022824,1.405807988,0.8289767185,1.657953437,18.95632219,18.9910256,-0.9457664885
778,2.402652544,-0.1030430167,2.400441915,4.800883829,23.49202966,15.32434639,-0.917115535
779,1.235525209,1.022402166,0.6936975953,1.387395191,28.52087824,12.62233221,-0.8786431805
780,2.165015029,-0.1648257018,2.158731703,4.317463405,25.94281801,13.87667291,-0.8992310992
781,1.708873124,-0.4255854703,1.655030018,3.310060036,31.79080074,11.32403059,-0.8499772886
782,1.613885029,1.093037208,1.187389805,2.374779609,26.76088747,13.45246866,-0.8928933986
783,1.860555486,0.2687708093,1.841040186,3.682080373,29.82284981,12.07128099,-0.867567189
784,1.700141498,1.427859606,0.9228748883,1.845749777,19.26503779,18.68670095,-0.9440024576
785,1.74775642,0.7041666169,1.599625543,3.199251087,29.69815028,12.12196708,-0.8686475093
786,2.236948129,0.9206195815,2.038724238,4.077448476,23.21205697,15.5091813,-0.9190524202
787,1.962516443,-0.1474358159,1.956970483,3.913940965,28.51881257,12.62324647,-0.8786603943
788,0.8328165115,-0.3720886634,0.7450727269,1.490145454,59.23230263,6.077764733,-0.5115585128
789,1.85550719,-0.4568086399,1.798397286,3.596794572,29.39028361,12.24894611,-0.8712970475
790,1.824944175,1.135944264,1.428303844,2.856607688,24.87581556,14.47188733,-0.9072216519
791,1.727923591,0.5150890381,1.64936449,3.29872898,31.08575877,11.58086578,-0.8563954458
792,1.514442056,0.3475446718,1.474024234,2.948048468,35.80332889,10.05493096,-0.8110298315
793,2.187466467,0.9581586049,1.966454076,3.932908152,23.44234126,15.35682789,-0.917460885
794,1.355563186,1.113408309,0.7732227938,1.546445588,25.9685672,13.86291347,-0.899034404
795,1.084803698,-0.5419052526,0.9397540952,1.87950819,45.39766175,7.929923836,-0.7021821103
796,2.254054419,-0.03790386927,2.253735704,4.507471407,25.01085873,14.39374808,-0.9062276759
797,2.146727937,0.7356962885,2.016727995,4.033455991,24.83081881,14.49811232,-0.9075517283
798,1.864581308,0.1096948623,1.861351792,3.722703584,29.97917705,12.00833496,-0.8662070611
799,2.059029538,1.485417777,1.425881015,2.851762029,19.66685174,18.30491249,-0.9416654125
800,1.402070308,-0.8285616832,1.131055562,2.262111125,33.39285798,10.78074839,-0.8349164751
801,1.609694485,0.2830696674,1.584609699,3.169219398,34.09252798,10.55949856,-0.8281334413
802,1.54404058,-0.4355902057,1.481324572,2.962649143,34.76583055,10.35499496,-0.8214894192
803,1.919069917,0.9267387865,1.680471532,3.360943064,26.08311568,13.80203211,-0.8981571811
804,1.42854038,0.913209818,1.098533315,2.19706663,31.52730068,11.418675,-0.8523911039
805,1.462991616,0.808157224,1.219518909,2.439037818,32.8272969,10.9664832,-0.8403084271
806,2.053119614,0.3537060901,2.022422347,4.044844695,27.02294923,13.32201,-0.8908246115
807,2.115734817,-0.4070854837,2.076202116,4.152404232,26.16274934,13.76002175,-0.8975452236
808,1.606317445,0.7775381316,1.405592469,2.811184938,31.0980591,11.57628516,-0.8562845817
809,2.402548839,0.1444621107,2.398201748,4.796403496,23.47436797,15.33587615,-0.9172383683
810,1.817030362,1.034072484,1.494086154,2.988172307,26.0867202,13.80012502,-0.8981295191
811,2.41834326,1.175516647,2.113420151,4.226840302,20.68179171,17.40661569,-0.935556316
812,1.234245015,1.021337209,0.6929870569,1.385974114,28.55587015,12.606865,-0.8783514088
813,1.922835906,-0.1164662783,1.919305481,3.838610962,29.10715722,12.36809206,-0.8737114647
814,1.593626403,0.2450772595,1.574668934,3.149337867,34.51766247,10.4294432,-0.8239515444
815,3.024361562,0.7631442741,2.926495118,5.852990235,18.20806832,19.77145482,-0.9499280595
816,2.531484408,0.6026936137,2.458693498,4.917386996,21.76392979,16.54113037,-0.9287194352
817,1.243577125,-0.4545472454,1.157527912,2.315055823,41.75914036,8.620867119,-0.7459511379
818,1.824825757,0.845614938,1.617072793,3.234145587,27.70061824,12.99609983,-0.8853886099
819,1.171884605,-0.4519839399,1.081214154,2.162428307,43.90596823,8.199340875,-0.7204788794
820,2.086071515,-0.01140202398,2.086040355,4.172080709,26.95698521,13.3546091,-0.8913471063
821,2.046895977,0.9494084401,1.813396469,3.626792939,24.71558686,14.56570714,-0.9083944665
822,1.617775319,-0.2142067057,1.603531251,3.207062501,34.1135803,10.55298203,-0.8279274281
823,2.079740289,0.4071578977,2.039495554,4.078991109,26.58569447,13.54111703,-0.8942660048
824,1.60911003,0.8170127414,1.386263059,2.772526117,30.65156841,11.74491286,-0.8602835215
825,2.265703005,1.492963337,1.704250739,3.408501478,19.23836617,18.71260776,-0.9441559442
826,2.215193391,1.150609954,1.892928549,3.785857098,22.11989241,16.27494353,-0.9263979544
827,1.809806388,1.070549925,1.459219661,2.918439322,25.74908335,13.98108022,-0.9007051897
828,1.542337519,0.9373366064,1.224828604,2.449657208,29.91438755,12.03434299,-0.8667715463
829,1.206275421,0.7826897173,0.9178764612,1.835752922,37.29506508,9.652751625,-0.7955256721
830,0.9240964969,-0.4147373224,0.8258009985,1.651601997,53.81991296,6.688974028,-0.5903251755
831,1.949340956,1.186728955,1.546481345,3.09296269,23.53972884,15.29329426,-0.9167833617
832,2.591762513,0.1927058523,2.584588435,5.16917687,21.78380512,16.52603841,-0.9285907584
833,1.313376076,0.7285582468,1.092776097,2.185552194,36.53426199,9.853764121,-0.8035010221
834,1.892263372,0.4742662614,1.831865765,3.66373153,28.81082541,12.49530324,-0.8762156423
835,1.850652068,1.131530335,1.464428959,2.928857918,24.76151836,14.53868841,-0.9080589909
836,2.021045556,-0.319657499,1.995606229,3.991212459,27.49326026,13.09411821,-0.8870651428
837,1.819182708,-0.6604006261,1.695080157,3.390160314,28.98872123,12.41862299,-0.8747151258
838,1.637894746,-0.1543992735,1.630601135,3.26120227,33.83334336,10.64039094,-0.8306605916
839,1.491677579,0.3849091417,1.441161667,2.882323335,36.11689928,9.967633079,-0.8078160664
840,1.156522239,-0.5131170238,1.036462546,2.072925093,43.62233461,8.252653217,-0.7239029842
841,1.407404638,1.133632827,0.8340650021,1.668130004,25.72937291,13.99179068,-0.9008545859
842,1.586649647,1.028611467,1.208062727,2.416125454,28.04793491,12.83516955,-0.8825545136
843,2.095369444,-0.4612925368,2.043962403,4.087924805,26.27289934,13.7023324,-0.8966959008
844,1.955821858,1.173439316,1.564697835,3.129395669,23.63651598,15.23067107,-0.9161073914
845,1.652634832,1.307117763,1.011259136,2.022518272,22.1742496,16.2350477,-0.926040304
846,2.317413772,1.209364608,1.976826709,3.953653418,21.10999445,17.05353361,-0.9328907242
847,1.343857257,0.9657479368,0.9344962543,1.868992509,30.9887916,11.61710352,-0.8572680379
848,0.9535668178,0.8703835277,0.3895153279,0.7790306557,30.57504397,11.7743085,-0.8609636659
849,1.623893111,0.3178184703,1.592488699,3.184977398,33.70894314,10.67965847,-0.8318675079
850,1.357085691,0.7108676494,1.156005518,2.312011036,35.99013085,10.00274218,-0.8091182279
851,1.66606073,1.443023469,0.8327314232,1.665462846,18.24716061,19.72909691,-0.9497146444
852,2.501407331,0.7718538731,2.379344497,4.758688994,21.60815975,16.66037294,-0.9297240502
853,2.640905605,0.7426870274,2.53432405,5.068648101,20.65071233,17.43281269,-0.9357477551
854,1.34864094,-0.6831563173,1.162811176,2.325622353,36.5456683,9.850688652,-0.8033824946
855,1.69037088,0.2499319102,1.671791779,3.343583558,32.66731653,11.02018893,-0.8418188165
856,2.112086417,0.1706613534,2.105180215,4.210360429,26.56206526,13.553163,-0.8944504959
857,1.132292179,-0.2963613043,1.092820002,2.185640004,46.63719225,7.719161095,-0.6866157266
858,1.428041333,-0.04263943947,1.427404612,2.854809224,38.58089778,9.331042582,-0.7817284284
859,1.848846359,-0.4657021266,1.789232905,3.578465809,29.45522452,12.22194045,-0.8707402491
860,2.110341478,0.3281961872,2.084665061,4.169330121,26.37822427,13.64762072,-0.8958806828
861,1.990668683,0.2807558025,1.970770912,3.941541823,27.95980738,12.87562518,-0.8832767069
862,1.203574777,1.058726761,0.5724420413,1.144884083,25.52892239,14.10165281,-0.9023678513
863,1.755014725,1.378129668,1.08666246,2.17332492,21.00525465,17.1385687,-0.9335475563
864,1.325885686,-0.2055949892,1.309848675,2.61969735,40.97808873,8.785182792,-0.7549604176
865,1.486514012,1.140803157,0.9530435788,1.906087158,25.93436043,13.8811983,-0.899295666
866,1.70323639,-0.3031139447,1.676047773,3.352095546,32.30225695,11.1447321,-0.8452407838
867,2.282741843,0.5006240822,2.227169919,4.454339838,24.17740033,14.88993833,-0.9122817347
868,1.928924092,1.257446441,1.462729161,2.925458323,22.85274306,15.75303232,-0.9215060374
869,1.174560321,0.7113316566,0.9346653,1.8693306,39.60558772,9.089626507,-0.7704510748
870,1.725123421,-0.03533682484,1.724761469,3.449522938,32.32137378,11.13814043,-0.8450624381
871,1.657459807,1.058067178,1.275800477,2.551600954,27.06239412,13.30259246,-0.8905116081
872,1.555557185,1.127624553,1.071550756,2.143101511,26.28279616,13.69717278,-0.8966194282
873,1.897697079,1.06669813,1.569525184,3.139050367,25.09555543,14.34516964,-0.9056017024
874,2.20629652,0.09429763423,2.204280448,4.408560895,25.51747822,14.10797716,-0.9024539138
875,1.536745591,0.7044393394,1.365778983,2.731557965,32.89487485,10.94395408,-0.8396684485
876,1.142100444,0.8704182922,0.7394358805,1.478871761,35.04160671,10.27350153,-0.818735312
877,1.748106435,-0.1000873372,1.745238847,3.490477693,31.88137521,11.2918592,-0.849143419
878,1.783792896,0.4227330242,1.732978328,3.465956655,30.58620591,11.77001165,-0.860864555
879,2.721907956,-0.165819865,2.71685235,5.4337047,20.78241299,17.32233885,-0.9349346328
880,1.769604152,-0.251704059,1.751611806,3.503223613,31.29467245,11.50355545,-0.854507133
881,1.52274477,0.2052668974,1.508846293,3.017692587,36.10518269,9.970867704,-0.8079365849
882,2.018356496,0.7874880124,1.858393278,3.716786556,25.92029113,13.88873289,-0.8994030305
883,1.583667176,0.09952498006,1.580536777,3.161073554,34.99092293,10.28838252,-0.8192429027
884,1.801746955,0.6268441211,1.689188721,3.378377443,29.41255159,12.23967254,-0.8711062496
885,2.398369312,-0.2315533513,2.387165348,4.774330697,23.4540191,15.34918167,-0.9173797824
886,2.04636538,0.1893673213,2.03758467,4.07516934,27.36008238,13.15785512,-0.888135788
887,1.705283545,-0.3810140885,1.662173346,3.324346692,32.01977152,11.24305337,-0.8478651821
888,0.9371578297,-0.5798668091,0.7362195878,1.472439176,49.52368398,7.269249197,-0.6491336689
889,2.283088228,-0.205895413,2.273785156,4.547570312,24.61697821,14.62405324,-0.9091127145
890,2.064071395,1.35302266,1.558756044,3.117512088,21.24007604,16.94909187,-0.9320706317
891,1.695985781,1.075360199,1.311475586,2.622951173,26.53522938,13.56686972,-0.8946598394
892,2.035682225,-0.05717768542,2.034879071,4.069758142,27.59010701,13.04815527,-0.8862835612
893,1.91256908,0.8794589192,1.698373486,3.396746972,26.48985987,13.59010587,-0.8950133151
894,1.629840211,1.217316961,1.08375206,2.16750412,24.24519616,14.84830222,-0.9117964762
895,1.037719874,0.9161673161,0.4873397033,0.9746794067,30.51442499,11.79769896,-0.8615013535
896,1.889104012,0.007613662326,1.889088669,3.778177338,29.64953185,12.14184433,-0.869067595
897,1.840392825,-0.7050847834,1.69997094,3.39994188,28.4533465,12.6522903,-0.8792053512
898,0.9825316994,0.7461390712,0.6392534917,1.278506983,41.78398107,8.615741985,-0.7456623217
899,0.7942453407,-0.212248305,0.7653602539,1.530720508,63.54611844,5.665176864,-0.4454773193
900,2.060974533,0.8622808918,1.871920855,3.743841711,25.09177995,14.34732812,-0.9056296483
901,2.461000502,1.391861159,2.029592566,4.059185132,19.2663903,18.68538914,-0.9439946689
902,2.347100293,0.5979103225,2.269665842,4.539331683,23.34441543,15.42124715,-0.9181394803
903,1.909646177,0.7716533893,1.746796945,3.49359389,27.21474697,13.22812225,-0.8892986945
904,2.030647554,-0.8318595333,1.852441417,3.704882834,25.55856677,14.08529685,-0.9021447518
905,1.721244041,0.6977170344,1.573490384,3.146980768,30.11587269,11.95382926,-0.8650124535
906,1.405710553,-0.5230719273,1.304767381,2.609534761,37.08705474,9.706891058,-0.7977201958
907,1.829214049,-0.1229548759,1.825077022,3.650154043,30.51894933,11.79594999,-0.8614612561
908,2.03136434,-0.1457167397,2.026131219,4.052262437,27.59508722,13.0458004,-0.8862433009
909,2.536891834,0.6627865115,2.448782191,4.897564382,21.59713916,16.6688744,-0.9297948656
910,1.739452068,0.9738747073,1.441270811,2.882541623,27.44046514,13.11931114,-0.8874901477
911,1.874488469,0.8746067508,1.657941511,3.315883021,26.93026733,13.36785838,-0.8915583999
912,1.377514989,0.1563694879,1.368611021,2.737222043,39.71627406,9.064294385,-0.769218091
913,2.380929618,-0.174504184,2.374526087,4.749052174,23.66300254,15.21362301,-0.9159219512
914,1.906366442,1.174429505,1.501648544,3.003297088,23.92777159,15.04527902,-0.9140574734
915,1.876641313,0.9659469802,1.60895278,3.21790556,26.18640951,13.74758918,-0.8973630691
916,1.671097191,0.4351204494,1.613454684,3.226909367,32.39828663,11.11169872,-0.8443439484
917,2.360702733,1.184248931,2.042173318,4.084346636,20.98964923,17.15131092,-0.9336451522
918,1.3169118,1.040952425,0.8066441206,1.613288241,28.52260833,12.62156658,-0.8786287623
919,1.072045308,-0.5120740555,0.9418393192,1.883678638,46.32417724,7.771319891,-0.6905772774
920,1.59275814,0.6486730214,1.454682716,2.909365433,32.46042725,11.09042704,-0.8437623439
921,1.654885233,1.248183454,1.086592471,2.173184941,23.58704858,15.26261324,-0.916453203
922,1.820516697,0.9894735193,1.52814371,3.056287421,26.50523423,13.58222293,-0.8948935957
923,1.781232193,-0.3679356781,1.742817106,3.485634211,30.80702435,11.68564662,-0.858897115
924,1.316258506,1.038345935,0.8089339726,1.617867945,28.61873116,12.57917404,-0.8778264344
925,1.584994648,-0.02077477723,1.584858493,3.169716986,35.01433057,10.28150458,-0.8190085583
926,1.678266735,1.435158589,0.869999458,1.739998916,18.7252392,19.22538859,-0.9470689536
927,1.785695567,1.020724202,1.46520673,2.930413459,26.50032232,13.58474043,-0.8949318515
928,1.873664031,1.206604165,1.433430601,2.866861203,23.73122448,15.16988726,-0.9154434079
929,1.461558285,0.2274303984,1.443754839,2.887509677,37.43223661,9.617378833,-0.794072764
930,1.553356078,1.105162969,1.091572222,2.183144445,26.77900065,13.44336948,-0.8927510087
931,2.108414223,-0.4520585691,2.059381846,4.118763691,26.14482374,13.769456,-0.897683127
932,1.741387429,-0.1300450974,1.73652482,3.47304964,31.96843725,11.26110723,-0.8483398861
933,2.524445916,1.137321665,2.253736145,4.50747229,20.20803043,17.81470002,-0.9384446174
934,2.195125549,1.349637294,1.731200551,3.462401103,20.75352993,17.34644666,-0.9351133804
935,2.31608404,-0.2511777687,2.302423725,4.604847449,24.23718555,14.85320972,-0.9118538798
936,2.081230422,0.818944693,1.913334696,3.826669393,25.11624085,14.33335515,-0.9054485206
937,2.131626737,0.07021459527,2.130470008,4.260940016,26.38921861,13.64193481,-0.8957954117
938,1.127413912,0.2905643455,1.089327541,2.178655081,46.85271784,7.683652446,-0.6838760923
939,1.221837783,1.012166185,0.6844027921,1.368805584,28.83961767,12.48282845,-0.8759733577
940,1.956662909,-0.6232426616,1.854750205,3.70950041,27.3976851,13.13979625,-0.8878339777
941,1.70950994,0.662638789,1.575859788,3.151719576,30.52675862,11.79293237,-0.8613920328
942,1.706763537,-0.522632432,1.624776019,3.249552039,31.38821698,11.46927206,-0.8536579262
943,1.997736685,0.4794737486,1.939344421,3.878688843,27.40264567,13.13741762,-0.8877941342
944,2.101334922,1.147095577,1.760619264,3.521238528,22.91164,15.71253738,-0.9211063336
945,1.860519163,0.9845509652,1.578667461,3.157334921,26.17698627,13.75253806,-0.8974356349
946,1.581943887,0.819434415,1.35317172,2.706343439,30.99449131,11.6149672,-0.8572168149
947,2.272374104,-0.6615353452,2.173949184,4.347898369,23.86591841,15.0842718,-0.9144947862
948,2.364526016,0.8491660649,2.206785054,4.413570107,22.44941301,16.03605403,-0.9242170472
949,1.649566389,0.5888339533,1.540890602,3.081781204,31.94652636,11.26883079,-0.8485422957
950,1.42684908,-0.5171156291,1.329845752,2.659691503,36.67272932,9.816558697,-0.8020600009
951,1.843670491,0.5338795348,1.764679439,3.529358878,29.26505321,12.30136154,-0.8723676025
952,1.494039033,0.7601425781,1.286209895,2.572419789,32.97935721,10.91591924,-0.8388667386
953,1.144940588,0.7829618918,0.8353799291,1.670759858,38.21809459,9.41962188,-0.7856615543
954,1.48780934,1.18265195,0.9027242089,1.805448418,24.68988056,14.58087248,-0.908581966
955,1.774264058,1.192134691,1.314088211,2.628176422,24.39165737,14.75914468,-0.9107438018
956,2.075349234,1.59870273,1.323338212,2.646676425,18.06531175,19.92769375,-0.9507036484
957,1.650643583,0.1899658907,1.639675943,3.279351887,33.52829283,10.73720043,-0.8336131723
958,2.053114282,-0.1409555171,2.048269952,4.096539904,27.31867736,13.17779757,-0.8884676742
959,1.209473221,0.2632165242,1.180484025,2.360968051,44.22579354,8.140046139,-0.7165966837
960,2.406088606,0.4284412744,2.367636048,4.735272095,23.1432217,15.55531052,-0.9195252718
961,1.849335812,1.109940587,1.479214264,2.958428528,25.01482878,14.39146369,-0.9061983784
962,1.936252242,-0.338086044,1.906507428,3.813014855,28.58423271,12.5943559,-0.8781146739
963,1.456262227,-0.4057368092,1.39859834,2.79719668,36.78303281,9.787121193,-0.8009087267
964,1.304338613,-0.5295479895,1.192005933,2.384011865,39.39753215,9.137628181,-0.772760912
965,1.746385192,-0.5323587041,1.663266499,3.326532998,30.71256446,11.72158712,-0.8597402933
966,2.08965792,0.507966704,2.026978059,4.053956118,26.21484676,13.73267612,-0.8971439344
967,1.645737491,1.215389667,1.1096305,2.219261,24.29219609,14.8195741,-0.911459318
968,1.572546139,0.6508784094,1.431523194,2.863046389,32.78107463,10.98194626,-0.8407454893
969,1.983113469,0.3946927432,1.943439392,3.886878784,27.82131668,12.93971828,-0.8844073966
970,1.852633318,0.6630000963,1.729936728,3.459873457,28.5294135,12.61855594,-0.8785720415
971,1.71580197,0.8477277555,1.49175536,2.983510719,28.97493695,12.42453092,-0.874831695
972,1.657995812,0.9824624738,1.335558909,2.671117818,28.1221867,12.80128049,-0.8819444095
973,2.421533641,-0.06286088359,2.420717597,4.841435194,23.32601685,15.43341078,-0.9182666775
974,2.034286305,-0.26769806,2.016595775,4.033191549,27.41256243,13.13266503,-0.8877144623
975,2.267942075,1.491169483,1.708793384,3.417586768,19.24880291,18.70246174,-0.9440959085
976,1.74804899,1.274777739,1.196084022,2.392168043,23.08897757,15.59185542,-0.9198969572
977,1.782616182,0.5483713524,1.696174906,3.392349813,30.0858586,11.96575457,-0.8652751741
978,1.438356025,-0.8127386773,1.186728232,2.373456465,33.12261044,10.86870857,-0.837503145
979,1.505931172,0.562925158,1.396761956,2.793523911,34.69138404,10.37721642,-0.8222296382
980,1.488654649,1.187271029,0.8980424083,1.796084817,24.54926365,14.66439096,-0.909604376
981,1.76083219,0.747584645,1.594254433,3.188508867,29.21756553,12.3213551,-0.87277247
982,2.003240759,1.168683497,1.627007198,3.254014396,23.38233991,15.39623499,-0.9178769937
983,1.57598252,0.9848104377,1.230393964,2.460787928,28.84716354,12.47956318,-0.8759098233
984,1.914261606,1.036113419,1.609616874,3.219233748,25.2401495,14.26299,-0.9045284694
985,1.73105545,0.9708144251,1.433203517,2.866407034,27.55640838,13.0641118,-0.8865558063
986,1.794192227,1.220750645,1.31487399,2.629747981,23.88610377,15.07152458,-0.9143521894
987,1.552535962,0.9950993266,1.19169847,2.38339694,28.88193251,12.46453989,-0.8756168804
988,1.591338142,0.3609910666,1.549852423,3.099704846,34.17877199,10.53285355,-0.8272887687
989,1.553390383,0.0816143394,1.551244913,3.102489826,35.6467923,10.09908541,-0.8126250819
990,2.289533835,-0.3650491566,2.2602443,4.5204886,24.35989815,14.77838691,-0.9109725734
991,1.785614144,-0.3856061894,1.743480926,3.486961851,30.6823521,11.73312916,-0.8600094851
992,1.620703754,1.050407007,1.234230845,2.46846169,27.4432429,13.11798322,-0.8874678053
993,1.901839003,1.541138798,1.114397954,2.228795908,18.31337394,19.65776493,-0.9493521599
994,1.253251931,1.100177727,0.600207773,1.200415546,24.44095891,14.72937299,-0.9103881131
995,1.56074514,0.284182893,1.53465484,3.069309679,35.07122911,10.26482416,-0.8184383513
996,1.6898758,1.193897215,1.195947181,2.391894363,24.65403245,14.60207375,-0.9088431337
997,1.722354345,0.9856203689,1.412464859,2.824929719,27.47248121,13.10402207,-0.8872325057
998,1.664622509,0.9923849074,1.336465597,2.672931194,27.92984405,12.88943824,-0.8835217763
999,1.339382391,1.128976311,0.7206647479,1.441329496,25.02167743,14.38752462,-0.9061478277
1000,1.77012158,0.9956527804,1.463559343,2.927118686,26.91204653,13.3769091,-0.8917023848
1001,1.454436671,0.08149053498,1.452151962,2.904303925,37.89978119,9.498735579,-0.7890864308
1002,2.126321929,1.468342065,1.537926046,3.075852093,19.80217602,18.17982022,-0.9408679034
1003,2.038370907,0.3476597787,2.008504078,4.017008156,27.21890814,13.22609997,-0.8892654783
1004,1.805452162,0.2766244832,1.784134637,3.568269274,30.65959838,11.74183678,-0.8602120627
1005,2.446146137,0.3619117628,2.419225247,4.838450495,22.87663169,15.73658242,-0.9213440347
1006,1.226100141,0.9864162939,0.7282200573,1.456440115,30.15796283,11.93714582,-0.8646436285
1007,1.795500294,-0.5316020933,1.714998693,3.429997387,29.97199028,12.01121436,-0.8662697312
1008,1.832595385,-0.003562145652,1.832591923,3.665183847,30.52190311,11.79480843,-0.861435075
1009,1.62076181,0.3321689104,1.586358301,3.172716602,33.71974725,10.67623661,-0.831762843
1010,1.667958566,-0.7988776884,1.464199513,2.928399027,30.03900266,11.98441919,-0.8656848407
1011,2.333430879,0.3843833405,2.30155363,4.603107261,23.89530712,15.06571973,-0.9142871358
1012,1.414671513,0.06335949722,1.413251947,2.826503893,38.90266756,9.253864133,-0.7782139112
1013,1.810235343,0.01101157222,1.810201851,3.620403702,30.88060261,11.65780359,-0.858238715
1014,2.002075712,0.4970870168,1.939384349,3.878768698,27.29491218,13.18927123,-0.8886579569
1015,1.97739821,0.5038865107,1.912119783,3.824239567,27.58357042,13.05124734,-0.8863363931
1016,1.88745814,1.287784933,1.37989427,2.75978854,22.61524696,15.91846424,-0.9231079198
1017,2.139249671,1.22684002,1.752498993,3.504997986,22.05149007,16.32542739,-0.9268468321
1018,1.672337006,0.7561080021,1.491647327,2.983294655,30.35815362,11.8584287,-0.8628830245
1019,2.308089054,0.8168313482,2.158717589,4.317435178,23.03386149,15.62916405,-0.9202737728
1020,1.066061914,0.8243427698,0.6759785518,1.351957104,37.32680576,9.64454345,-0.7951898829
1021,1.812372058,0.2742021696,1.791509321,3.583018641,30.5551786,11.78196353,-0.8611399771
1022,1.862279125,0.7444422587,1.707011794,3.414023587,27.94342835,12.88317223,-0.8834107006
1023,2.157605759,1.209072942,1.787010138,3.574020276,22.08010614,16.30426945,-0.9266592051
1024,2.05244079,-0.2635295578,2.035452129,4.070904258,27.18852576,13.24087974,-0.8895078954
1025,1.912834801,0.08087604909,1.911124287,3.822248575,29.27593919,12.29678739,-0.872274707
1026,1.593671312,0.706236875,1.428641917,2.857283834,31.96081417,11.26379316,-0.8484103211
1027,1.715206536,0.7314040463,1.551444998,3.102889995,29.95618551,12.01755143,-0.8664075041
1028,1.464618108,0.882627571,1.168792015,2.33758403,31.66388741,11.3694189,-0.8511421366
1029,2.390380774,1.115345536,2.114219615,4.228439229,21.15354156,17.01842687,-0.932616719
1030,1.925456355,-0.3530068856,1.892820201,3.785640402,28.69947405,12.54378388,-0.8771505719
1031,1.698341342,0.6234532854,1.579768753,3.159537507,30.95017348,11.63159878,-0.8576148726
1032,2.245117451,0.2019978279,2.236011906,4.472023812,25.02102616,14.38789911,-0.9061526354
1033,1.671148846,0.8601776976,1.43277102,2.86554204,29.40019715,12.24481585,-0.8712121219
1034,1.409574126,0.9407332596,1.049723845,2.099447691,31.14736307,11.55796076,-0.8558398042
1035,1.73451741,0.0237288454,1.734355092,3.468710184,32.15838352,11.19459253,-0.8465799947
1036,1.489665491,0.9961917869,1.107567244,2.215134487,29.35657433,12.26301121,-0.8715856271
1037,1.460257681,0.09504290266,1.457161399,2.914322798,37.74406934,9.537922282,-0.7907529398
1038,1.575298681,0.7043362331,1.40906934,2.818138681,32.26939027,11.15608312,-0.8455471853
1039,1.951693838,0.981255688,1.68708213,3.37416426,25.36180016,14.19457601,-0.9036210687
1040,1.551626801,-0.6088000897,1.427202922,2.854405844,33.48438511,10.75128,-0.8340362112
1041,1.782141528,0.9567593595,1.503542468,3.007084936,27.19640802,13.23704217,-0.8894450278
1042,1.419991658,0.9433572755,1.061345071,2.122690143,30.99997875,11.61291119,-0.8571674917
1043,1.884160542,1.097179825,1.531749777,3.063499555,24.89874992,14.4585572,-0.9070532002
1044,2.545425263,0.7398660609,2.435526222,4.871052444,21.35480446,16.85803308,-0.931343345
1045,1.655258972,-0.15711594,1.647785437,3.295570874,33.49629259,10.74745807,-0.8339215342
1046,2.003562629,0.4700164379,1.947651857,3.895303715,27.35731037,13.15918835,-0.8881580218
1047,1.658520406,0.04653254887,1.657867504,3.315735007,33.5429469,10.73250961,-0.8334718753
1048,1.773575441,0.8369547373,1.563674075,3.12734815,28.3700629,12.68943256,-0.8798969669
1049,1.949941037,0.5186219649,1.879707772,3.759415543,27.88585847,12.90976931,-0.8838810958
1050,1.872543476,0.494598608,1.806042991,3.612085982,29.01319412,12.40814777,-0.8745080416
1051,1.909804765,0.9368061789,1.664256117,3.328512234,26.09876842,13.79375433,-0.8980370321
1052,1.240751413,0.4159873686,1.168939083,2.337878165,42.19328033,8.532164298,-0.7408833709
1053,2.420129736,-0.71523698,2.312025952,4.624051904,22.40852282,16.06531599,-0.9244893387
1054,2.124511923,1.100093409,1.817510771,3.635021542,23.08808548,15.59245787,-0.919903063
1055,1.701678267,0.735407498,1.53456337,3.069126741,30.11457893,11.95434281,-0.865023783
1056,1.673923003,1.223323729,1.142583595,2.285167191,24.11890478,14.92605088,-0.9126993986
1057,2.513915481,0.7212268393,2.408236469,4.816472938,21.64114983,16.63497563,-0.9295118591
1058,1.519107839,1.190818966,0.9432066667,1.886413333,24.62585155,14.61878381,-0.9090481928
1059,1.635272305,1.1629531,1.14963281,2.29926562,25.37257014,14.18855079,-0.9035405384
1060,1.711510085,1.003405808,1.386522108,2.773044215,27.36159103,13.15712963,-0.8881236865
1061,2.128556863,0.4395517812,2.082678216,4.165356431,25.94390905,13.87608935,-0.8992227685
1062,1.724024668,1.171645926,1.264716126,2.529432253,24.91877843,14.44693611,-0.906905973
1063,1.994746717,0.9347022665,1.762199233,3.524398466,25.2937476,14.23276636,-0.9041291797
1064,1.881116386,1.00213523,1.591955978,3.183911957,25.8308516,13.93682274,-0.9000842855
1065,1.248785075,0.550473886,1.120911533,2.241823066,40.56378331,8.874911821,-0.7596825103
1066,1.47860991,0.005777801487,1.478598622,2.957197243,37.36628165,9.634354399,-0.7947719213
1067,2.219649919,1.298179343,1.800437768,3.600875537,21.05512809,17.09797245,-0.9332351847
1068,2.505076329,0.7652895809,2.385317436,4.770634872,21.59745062,16.66863402,-0.9297928647
1069,1.905965802,0.639776055,1.795380805,3.590761611,27.95725682,12.87679983,-0.8832975772
1070,1.811647132,0.06190873333,1.810589031,3.621178061,30.84341488,11.67185934,-0.8585716588
1071,1.248773513,0.7481982455,0.9998173189,1.999634638,37.36348857,9.635074607,-0.7948015062
1072,1.887477643,-0.191458094,1.877742169,3.755484337,29.54687424,12.18402993,-0.8699525482
1073,1.973212987,0.3623509696,1.939657513,3.879315026,28.0286454,12.8440028,-0.8827127672
1074,1.910632016,1.298847839,1.40125265,2.8025053,22.39512652,16.07492593,-0.9245784435
1075,1.981519915,1.094754722,1.651645626,3.303291251,24.19217381,14.88084547,-0.9121761002
1076,1.514313598,0.8996211893,1.218124538,2.436249075,30.80341946,11.68701418,-0.8589293363
1077,1.75606058,1.165395811,1.313621469,2.627242938,24.87070062,14.47486364,-0.9072592011
1078,1.526707013,1.225868421,0.909989515,1.81997903,23.62069901,15.24086988,-0.9162180374
1079,1.360523047,-0.4336064644,1.289576828,2.579153655,38.85042012,9.266309061,-0.7787862537
1080,2.170527647,0.09911099216,2.168263655,4.336527311,25.92105247,13.88832496,-0.899397222
1081,2.438482374,0.6992045049,2.336088472,4.672176944,22.29920886,16.1440705,-0.9252149578
1082,1.16057453,0.9202837938,0.7071145438,1.414229088,32.806986,10.97327258,-0.8405005475
1083,2.377103732,0.7462627496,2.256925798,4.513851597,22.68010239,15.87294421,-0.9226720508
1084,1.946710898,-0.4172411476,1.90147131,3.80294262,28.24410706,12.74602165,-0.8809394151
1085,1.405495724,1.202151047,0.7281834175,1.456366835,22.88134932,15.73333788,-0.9213120227
1086,1.839268647,-0.3913430858,1.797153234,3.594306468,29.84018603,12.06426795,-0.8674166731
1087,1.994024712,1.121105932,1.64901669,3.29803338,23.87198944,15.08043563,-0.9144519102
1088,1.62401854,0.518009628,1.539188827,3.078377653,32.81002312,10.97225682,-0.8404718261
1089,2.226784899,0.5521020715,2.157256194,4.314512389,24.61512888,14.62515195,-0.909126159
1090,2.30843296,-0.4752159658,2.258989269,4.517978539,23.97866124,15.01334859,-0.9136968758
1091,1.896785259,0.6677656256,1.77535444,3.55070888,27.93726262,12.88601553,-0.8834611225
1092,1.910286357,0.4378221389,1.859436941,3.718873883,28.67966925,12.55244601,-0.8773165103
1093,1.523144194,-0.7883313171,1.303265886,2.606531773,32.19479344,11.18193228,-0.846241586
1094,1.044005139,-0.5854375683,0.8644128553,1.728825711,45.82242586,7.856415134,-0.696884447
1095,1.683900617,1.017128094,1.342002879,2.684005759,27.43136089,13.12366533,-0.8875633614
1096,1.500558826,0.4786925934,1.42215688,2.844313761,35.39313801,10.17146318,-0.8151971671
1097,1.060783889,0.8611277158,0.619452594,1.238905188,35.28832283,10.20167498,-0.8162553434
1098,2.668965398,1.252100671,2.357036319,4.714072637,18.92800212,19.01943996,-0.9459269379
1099,1.742983127,0.5145940894,1.665287694,3.330575388,30.85019255,11.66929508,-0.8585110049
1100,1.412033444,0.02142608713,1.411870876,2.823741751,38.99480743,9.231998405,-0.7772029919
1101,2.518219099,0.294488247,2.500940643,5.001881287,22.32144775,16.12798615,-0.9250676103
1102,2.680098954,1.392881569,2.289718616,4.579437232,18.27668812,19.69722291,-0.9495531528
1103,1.914649767,1.180994972,1.507028402,3.014056804,23.8062366,15.12208779,-0.9149157368
1104,1.367904709,1.012641551,0.9196305683,1.839261137,29.56476165,12.17665829,-0.8697985517
1105,1.296770392,0.8995890762,0.9339983643,1.867996729,33.1208153,10.86929765,-0.837520265
1106,2.126695744,1.23870269,1.728713519,3.457427038,22.02738663,16.34329147,-0.9270046916
1107,2.464469773,0.5022665022,2.412745247,4.825490493,22.50442108,15.99685674,-0.923850001
1108,1.444465208,1.029928855,1.012781463,2.025562926,28.87584774,12.46716644,-0.8756681703
1109,1.37942815,1.021063244,0.9274976399,1.85499528,29.29939838,12.28694171,-0.872074411
1110,2.045833095,1.106523198,1.720767116,3.441534231,23.61734184,15.24303634,-0.916241513
1111,1.774544474,0.9843529709,1.476501716,2.953003433,26.99032313,13.33811375,-0.8910831874
1112,1.858969252,-0.2015541688,1.848010443,3.696020886,29.96191901,12.01525176,-0.8663575318
1113,1.696124548,0.1182100017,1.69200026,3.384000519,32.78641116,10.98015877,-0.8406950568
1114,2.178157132,1.241730581,1.789545657,3.579091313,21.71121604,16.58129141,-0.9290601733
1115,2.429759516,0.3732051341,2.400926744,4.801853489,23.00910318,15.64598138,-0.9204427623
1116,1.197491154,-0.436048573,1.115278757,2.230557514,43.28840418,8.316314885,-0.7279115423
1117,2.333180188,0.5030313766,2.278308412,4.556616825,23.68538828,15.19924418,-0.9157650693
1118,1.298535345,1.015821071,0.8088891101,1.61777822,29.38895736,12.24949887,-0.871308407
1119,1.821212771,0.1650062059,1.81372239,3.627444781,30.60017287,11.76463942,-0.8607404912
1120,1.35407133,-0.8385665495,1.063162879,2.126325759,33.87728239,10.62659029,-0.8302333642
1121,1.981981037,1.377126955,1.425401761,2.850803522,21.18243755,16.9952112,-0.9324346035
1122,1.264351833,0.9842979243,0.7935635788,1.587127158,30.47431756,11.81322598,-0.8618565744
1123,1.685867631,1.043602844,1.324025216,2.648050433,27.05715925,13.30516617,-0.8905531722
1124,1.952835759,1.291203972,1.465046008,2.930092015,22.34843586,16.10850989,-0.9248886088
1125,1.836626046,1.223851596,1.369446058,2.738892115,23.67629614,15.20508098,-0.915828805
1126,1.644228922,0.1752970601,1.634857697,3.269715393,33.67710799,10.68975401,-0.8321757388
1127,1.66907892,0.9651323605,1.361742989,2.723485977,28.23589079,12.74973057,-0.8810072675
1128,1.692114814,0.6457345553,1.564058639,3.128117279,30.90095656,11.65012479,-0.8580563319
1129,1.774919277,1.028582153,1.446498252,2.892996504,26.50700626,13.58131494,-0.8948797928
1130,1.638509767,0.6248207672,1.514699067,3.029398134,31.88681768,11.2899319,-0.8490932455
1131,1.512537325,-0.6655948815,1.358216704,2.716433408,33.68430397,10.68747035,-0.8321060891
1132,1.47191781,1.076128553,1.004235718,2.008471435,27.65378062,13.01811152,-0.8857683166
1133,1.867822819,-0.2009997261,1.856976358,3.713952715,29.82823095,12.06910328,-0.8675204776
1134,1.879682216,-0.07623379281,1.878135683,3.756271366,29.77142741,12.09213099,-0.8680131793
1135,1.409693795,1.043913055,0.9473553336,1.894710667,28.60465723,12.58536318,-0.8779440625
1136,1.639702478,0.807650633,1.426998483,2.853996966,30.33469352,11.86759971,-0.8630898927
1137,2.01064038,1.324883176,1.512401835,3.024803669,21.74059042,16.55888792,-0.9288703963
1138,1.417564449,0.5765592046,1.295016776,2.590033552,36.35376313,9.902688718,-0.8053724157
1139,1.770846905,1.339128833,1.158720298,2.317440595,21.8760067,16.45638552,-0.9279923657
1140,1.651862452,0.5540307366,1.556181064,3.112362128,32.12200932,11.20726902,-0.84691773
1141,1.33292939,1.105449089,0.7447704823,1.489540965,26.00451008,13.84375244,-0.8987595368
1142,1.718263484,1.209771854,1.220197304,2.440394607,24.30006415,14.81477571,-0.9114028159
1143,2.21011398,0.397584824,2.174058443,4.348116886,25.13092711,14.32497888,-0.9053396928
1144,1.773730024,1.224124807,1.283602997,2.567205993,23.90363896,15.06046843,-0.9142282221
1145,0.8982242441,-0.3860472361,0.811032875,1.62206575,55.52883034,6.48311873,-0.5659914779
1146,1.786867947,-0.461975298,1.726115838,3.452231675,30.39316882,11.8447669,-0.8625739957
1147,1.781163314,-0.06162918074,1.780096793,3.560193587,31.34525094,11.4849934,-0.854048259
1148,1.049950522,0.8967887643,0.5460457953,1.092091591,32.64366526,11.02817337,-0.8420415538
1149,2.392102622,0.7899034193,2.257921066,4.515842133,22.42202732,16.05564006,-0.9243994631
1150,1.97273557,1.253819205,1.52303087,3.04606174,22.69572532,15.86201784,-0.9225668783
1151,2.42713214,0.9554546635,2.231160418,4.462320836,21.58017263,16.68197962,-0.9299038208
1152,1.687393364,1.097233596,1.281941808,2.563883617,26.26946217,13.70412526,-0.8967224537
1153,1.770950406,-0.908164338,1.520362745,3.04072549,27.77836819,12.95972454,-0.8847569947
1154,1.373233417,1.133181813,0.7756732545,1.551346509,25.37005378,14.1899581,-0.9035593568
1155,1.64870603,0.3490436427,1.611334884,3.222669768,33.13769564,10.86376083,-0.8373592477
1156,1.306633229,-0.009591250299,1.306598027,2.613196053,41.87921676,8.596149305,-0.7445537442
1157,2.520780514,0.05589551286,2.520160727,5.040321455,22.43317274,16.04766317,-0.924325249
1158,1.37876971,-0.7041360996,1.18541059,2.370821179,35.67808013,10.09022903,-0.8123067151
1159,2.196408568,1.541879878,1.564230494,3.128460989,18.87901109,19.06879541,-0.9462039546
1160,2.071506824,0.3994000461,2.03263871,4.065277421,26.70177393,13.48225031,-0.8933574765
1161,2.638861478,-0.2738464644,2.624613879,5.249227758,21.35253897,16.8598217,-0.9313577425
1162,0.9932469794,0.8771436478,0.4660027716,0.9320055432,32.3212144,11.13819535,-0.8450639254
1163,2.131687618,0.6676692703,2.024428277,4.048856553,25.24129967,14.26234008,-0.9045199092
1164,1.29509264,0.444794551,1.216315236,2.432630472,40.43763724,8.902597296,-0.7611123973
1165,1.518467349,1.041235007,1.105247823,2.210495647,28.26421178,12.73695523,-0.8807733078
1166,1.794048566,0.9501997164,1.521752528,3.043505056,27.14033301,13.26439141,-0.8898919061
1167,1.152643537,-0.3228205897,1.106514343,2.213028685,45.73224274,7.871907837,-0.6980124246
1168,1.830708384,0.6387336033,1.715666801,3.431333601,28.95024786,12.4351267,-0.8750403563
1169,1.646860439,1.181369203,1.14739536,2.29479072,24.98616506,14.40797334,-0.9064098083
1170,1.954413375,-0.4058780291,1.911804034,3.823608068,28.171703,12.77878018,-0.881536726
1171,1.391169616,0.6508761054,1.229517465,2.45903493,36.1119164,9.969008457,-0.8078673251
1172,2.060553066,1.424101856,1.489232299,2.978464598,20.44002443,17.61250342,-0.937038263
1173,1.830176669,0.1168911571,1.826440006,3.652880013,30.50915965,11.79973503,-0.8615480113
1174,2.370515121,1.231198208,2.025708003,4.051416006,20.6701394,17.41642826,-0.9356281228
1175,1.405991079,1.051646604,0.9331936218,1.866387244,28.38742954,12.68166952,-0.8797529017
1176,1.564876204,-0.5103957679,1.479301759,2.958603517,33.93130035,10.60967297,-0.8297074684
1177,1.956847865,0.8901533028,1.742664817,3.485329635,25.96049649,13.86722323,-0.8990960748
1178,0.9494244443,0.8370087115,0.4481330073,0.8962660145,34.52589085,10.4269576,-0.8238701565
1179,1.821374268,0.9448654699,1.55712346,3.114246919,26.91396944,13.37595336,-0.8916871938
1180,1.538671709,-0.129912837,1.533177512,3.066355024,35.90631038,10.0260928,-0.8099770543
1181,2.035654731,-1.032822057,1.754186074,3.508372148,24.25142437,14.84448891,-0.9117518329
1182,1.423327946,1.014341526,0.9984857082,1.996971416,29.34704412,12.26699352,-0.871667159
1183,2.055660778,0.6029232017,1.965254398,3.930508796,26.30371421,13.68628009,-0.8964577063
1184,2.068778606,1.356606936,1.561877889,3.123755779,21.18521839,16.99298036,-0.9324170649
1185,1.7824928,0.1252402206,1.778087587,3.556175175,31.27531561,11.51067521,-0.854682572
1186,1.855720594,0.7116130288,1.713857001,3.427714002,28.21965274,12.75706697,-0.8811413129
1187,1.835278818,0.4745296611,1.772870537,3.545741074,29.62026259,12.15384229,-0.8693201932
1188,2.17529921,1.397166664,1.667288806,3.334577613,20.40533683,17.6424434,-0.9372495176
1189,1.995470455,-0.7897430893,1.832541456,3.665082912,26.15323293,13.76502863,-0.8976184452
1190,1.409603926,0.6519667487,1.249769014,2.499538027,35.73522385,10.07409388,-0.8117246286
1191,2.19864325,1.073039704,1.919014835,3.83802967,22.71566369,15.84809517,-0.9224325549
1192,1.674267014,0.01123995668,1.674229285,3.34845857,33.25467142,10.82554675,-0.8362414498
1193,1.381403493,0.7938476281,1.130522691,2.261045382,34.28405189,10.50050913,-0.8262551183
1194,2.299267446,0.7544280312,2.171973557,4.343947114,23.32741635,15.43248488,-0.9182570055
1195,2.297721966,0.9130597316,2.108518001,4.217036002,22.74479346,15.82779816,-0.9222361088
1196,2.290483848,0.6268804711,2.203029082,4.406058163,23.7941537,15.12976694,-0.9150008397
1197,1.661139438,-0.4838044727,1.589124748,3.178249496,32.34496753,11.13001581,-0.8448421965
1198,1.912922266,1.026959202,1.613885496,3.227770991,25.33200036,14.21127408,-0.9038437243
1199,2.030506232,-0.05518162066,2.029756277,4.059512555,27.65834035,13.01596536,-0.8857313774
1200,2.122672598,0.2599069957,2.106700575,4.213401151,26.33659721,13.66919185,-0.8962032394
1201,1.190343081,0.01012807562,1.190299993,2.380599986,45.56834948,7.900220309,-0.7000579126
1202,2.28284408,-0.2020270738,2.273887015,4.547774029,24.62282528,14.62058053,-0.9090702005
1203,1.339734475,-0.2887431664,1.308249153,2.616498306,40.25873844,8.942158,-0.7631339176
1204,1.236437549,0.8929681749,0.8552108806,1.710421761,33.77349986,10.65924472,-0.8312416753
1205,2.621159028,0.6265028938,2.545185411,5.090370821,21.02883309,17.1193522,-0.933399966
1206,1.807202909,-0.223828261,1.793288394,3.586576787,30.73551001,11.71283639,-0.8595356891
1207,1.990860986,1.417104508,1.398335538,2.796671076,20.63395648,17.44696904,-0.9358508515
1208,2.128037177,1.116830722,1.811416949,3.622833899,22.94646119,15.68869365,-0.9208695618
1209,1.966511269,0.9447842898,1.724688151,3.449376302,25.49210468,14.12201953,-0.9026445999
1210,2.100299338,1.019793669,1.836104077,3.672208154,23.80888552,15.12040535,-0.9148970744
1211,1.532523379,1.022214825,1.141798914,2.283597827,28.54925236,12.60978731,-0.8784066148
1212,2.267815635,0.6980665628,2.157704991,4.315409981,23.79647339,15.12829208,-0.9149845047
1213,2.051970506,1.304938392,1.583577833,3.167155666,21.79323606,16.51888682,-0.9285296615
1214,1.97882367,1.019842073,1.69577866,3.39155732,24.82533699,14.50131373,-0.9075919023
1215,1.931618751,0.5940318061,1.838009035,3.676018069,27.83355594,12.93402829,-0.8843076788
1216,1.614182532,0.50577735,1.532897426,3.065794853,33.05407145,10.89124529,-0.8381562051
1217,1.999577598,0.9220654399,1.774290251,3.548580501,25.33087694,14.21190434,-0.9038521134
1218,1.854977622,1.054073679,1.526391383,3.052782767,25.56418384,14.08220197,-0.9021024512
1219,2.461693024,1.215154073,2.140872048,4.281744095,20.22807718,17.79704501,-0.9383237004
1220,1.458064209,0.884503535,1.159139652,2.318279304,31.71168429,11.35228254,-0.8507039327
1221,2.04691059,0.1220167149,2.043270634,4.086541268,27.41203478,13.13291782,-0.8877187022
1222,2.151765819,0.901228792,1.953940327,3.907880654,24.04142592,14.97415341,-0.9132511407
1223,1.589300899,-0.8058621523,1.369840699,2.739681397,31.04355248,11.59661093,-0.8567755551
1224,1.061895525,0.8946988557,0.5719580962,1.143916192,33.09282668,10.87849048,-0.837787081
1225,2.042393585,-0.07982936647,2.040832876,4.081665752,27.49420636,13.09366764,-0.8870575198
1226,2.074250988,0.8701837733,1.882896004,3.765792009,24.92070344,14.44582015,-0.9068918166
1227,1.874428842,0.06384943306,1.873341062,3.746682124,29.85716484,12.05740739,-0.8672691833
1228,1.716827016,0.5233151141,1.635125773,3.270251547,31.22275712,11.53005158,-0.8551584393
1229,1.980301294,1.347433279,1.451212174,2.902424347,21.5666114,16.69246936,-0.9299908493
1230,2.075672959,1.517078645,1.416647669,2.833295337,19.24225561,18.70882538,-0.9441335745
1231,2.132436574,0.6464613903,2.032085976,4.064171952,25.30837244,14.22454174,-0.9040200917
1232,1.700294401,1.10120929,1.295507294,2.591014588,26.12963436,13.7774603,-0.8977999115
1233,1.61833408,0.1543383825,1.610957745,3.221915491,34.21626796,10.5213111,-0.8269209489
1234,1.538358334,-0.003284348176,1.538354828,3.076709656,36.01052089,9.997078385,-0.8089090492
1235,3.00953665,0.6206032156,2.944853562,5.889707123,18.48811433,19.47196959,-0.9483894578
1236,1.767033623,1.156566255,1.33594997,2.67189994,24.94302512,14.4328925,-0.9067275902
1237,1.11166113,-0.6173394942,0.9244903555,1.848980711,43.16203309,8.340663639,-0.7294220808
1238,2.019545404,0.5013925159,1.956315206,3.912630412,27.06607341,13.30078414,-0.8904823906
1239,1.24311356,0.4771123455,1.147909026,2.295818053,41.54702538,8.664880258,-0.7484116247
1240,1.69807288,0.6359343409,1.574496434,3.148992868,30.87449437,11.66010998,-0.8582934273
1241,1.909124607,0.1038857891,1.906296018,3.812592036,29.31600821,12.27998019,-0.8719325069
1242,2.085292876,0.4756913446,2.030311337,4.060622674,26.35315271,13.66060463,-0.896075012
1243,1.906797529,-0.354329565,1.873586768,3.747173535,28.95810196,12.43175401,-0.8749739946
1244,1.832114384,1.15191869,1.424684684,2.849369368,24.63585701,14.61284663,-0.908975413
1245,1.199808505,0.6624582941,1.00034467,2.00068934,40.06217518,8.986032295,-0.7653464638
1246,1.960416334,-0.01971204072,1.960317229,3.920634458,28.61503585,12.5807985,-0.8778573245
1247,1.845243577,-0.1288194433,1.840741538,3.681483076,30.26144074,11.89632718,-0.8637348951
1248,1.216278898,0.8688471013,0.8511398661,1.702279732,34.69711426,10.37550262,-0.8221727121
1249,1.773248382,0.1949585045,1.762498512,3.524997024,31.33856901,11.4874422,-0.854108919
1250,1.471107094,0.7483275268,1.266555168,2.533110336,33.49173384,10.74892097,-0.8339654423
1251,1.840465299,0.7112937224,1.697460974,3.394921947,28.41585898,12.66898179,-0.8795168905
1252,1.72411701,0.7911763329,1.531867968,3.063735937,29.36441979,12.25973483,-0.8715184903
1253,2.488856513,0.4199528363,2.453170675,4.90634135,22.42523144,16.05334603,-0.9243781314
1254,1.866299272,1.303841571,1.335316491,2.670632982,22.44149356,16.04171305,-0.9242698203
1255,2.178078537,0.3957144553,2.141830101,4.283660202,25.48223256,14.12749056,-0.9027187426
1256,1.715531018,0.09601473158,1.712842037,3.425684074,32.45733517,11.09148358,-0.8437913076
1257,1.799116063,1.375899158,1.159189422,2.318378843,21.2113182,16.97207107,-0.9322523478
1258,1.850038101,-0.06855001742,1.848767663,3.697535326,30.23029578,11.90858345,-0.8640087038
1259,2.286573552,1.336342513,1.855426446,3.710852892,20.44011968,17.61242134,-0.9370376825
1260,1.456035291,1.049159188,1.009605749,2.019211497,28.36394146,12.69217117,-0.8799477281
1261,1.155278258,0.6436735456,0.9593498947,1.918699789,41.49160878,8.676453157,-0.7490527564
1262,1.491783181,0.5276723562,1.395341874,2.790683748,35.2355892,10.21694282,-0.8167866905
1263,1.462397919,1.255924854,0.7491731685,1.498346337,21.63724475,16.6379779,-0.9295369925
1264,2.15108898,0.4495378653,2.103592049,4.207184098,25.66806224,14.02521143,-0.9013186112
1265,1.44692313,0.3592504935,1.401615363,2.803230726,37.24447759,9.66586252,-0.7960603397
1266,1.518068529,1.164473164,0.9739272606,1.947854521,25.36275216,14.19404321,-0.9036139516
1267,1.137574815,0.8848198312,0.7149617656,1.429923531,34.40252901,10.46434697,-0.8250885601
1268,1.8380661,0.1368067938,1.832967782,3.665935564,30.36586374,11.85541775,-0.8628150061
1269,2.318542167,0.91016319,2.132426023,4.264852047,22.58884193,15.93707199,-0.9232850392
1270,0.9627708047,0.8109976433,0.5188549364,1.037709873,37.46962706,9.607781775,-0.793675938
1271,2.188497414,1.657412663,1.429162061,2.858324121,17.47538999,20.60039863,-0.9538460236
1272,2.263134003,0.510499621,2.204805128,4.409610256,24.34994107,14.78443003,-0.9110442397
1273,2.177432162,0.6440516053,2.080002007,4.160004014,24.85013901,14.48684049,-0.9074100723
1274,2.142209556,1.285984172,1.713273618,3.426547237,21.54652885,16.70802766,-0.9301196323
1275,2.872182085,0.5329880336,2.822295818,5.644591636,19.43345915,18.52475142,-0.9430285242
1276,1.511323878,0.8682201937,1.237050347,2.474100694,31.30613303,11.49934422,-0.8544032151
1277,1.387907384,1.079944135,0.8717841309,1.743568262,27.477524,13.10161716,-0.8871918997
1278,1.795752059,1.354639366,1.178845895,2.35769179,21.61779356,16.65294837,-0.9296621177
1279,2.081073766,0.745340296,1.943022352,3.886044705,25.46050514,14.13954664,-0.9028818278
1280,1.834890712,-0.5331658916,1.75572152,3.51144304,29.39276495,12.24791205,-0.8712757933
1281,1.516222752,-0.1456980743,1.50920625,3.018412499,36.3746961,9.896989903,-0.8051557942
1282,1.210691593,-0.6300908952,1.033808298,2.067616597,40.37548644,8.916301245,-0.761815531
1283,1.894758784,-0.1506329852,1.888761645,3.777523291,29.48723598,12.20867226,-0.8704653736
1284,2.437413526,1.341677677,2.034916634,4.069833268,19.67544788,18.29691513,-0.9416149089
1285,1.593167146,1.316498379,0.8972254862,1.794450972,21.41078588,16.81395545,-0.9309871116
1286,1.83325635,0.8591424402,1.619476184,3.238952368,27.5011765,13.09034906,-0.8870013515
1287,1.417415938,0.7868142098,1.17897894,2.35795788,33.83115323,10.64107976,-0.8306818739
1288,1.792050863,0.05331333013,1.791257654,3.582515309,31.16802678,11.55029809,-0.8556532057
1289,1.816919853,-0.465633633,1.756241177,3.512482354,29.92433227,12.03034363,-0.8666849739
1290,1.328270135,0.7128703178,1.120766462,2.241532923,36.50592259,9.861413558,-0.8037953702
1291,2.125985662,1.037200092,1.855810067,3.711620135,23.49144132,15.32473019,-0.9171196281
1292,1.717915885,0.7793616228,1.530957364,3.061914728,29.54291694,12.18566199,-0.8699866059
1293,1.861860407,-0.2713594637,1.841979429,3.683958858,29.79810417,12.08130551,-0.867781897
1294,2.258000495,1.514850236,1.674453642,3.348907284,19.0523666,18.89529042,-0.9452206214
1295,1.427173121,1.035082829,0.9825612722,1.965122544,28.80608049,12.49736146,-0.8762555492
1296,1.175370624,-0.2394764664,1.150715919,2.301431839,45.48250916,7.915130599,-0.7011269675
1297,1.288014429,1.008879203,0.8007146333,1.601429267,29.60928142,12.15834977,-0.8694149038
1298,2.180280029,1.343910027,1.716836289,3.433672579,20.86746815,17.25173353,-0.9344068752
1299,0.6774610134,-0.4064225546,0.5420093466,1.084018693,68.91753701,5.223634152,-0.3597112342
1300,2.178702506,1.018080214,1.926202816,3.852405631,23.18811107,15.52519733,-0.9192170628
1301,1.480048771,0.6723793092,1.318503101,2.637006203,34.19415273,10.52811581,-0.8271379329
1302,1.201480973,0.8856929546,0.8118525224,1.623705045,34.22338537,10.51912299,-0.8268510901
1303,1.571712184,1.130308337,1.092099928,2.184199857,26.1914217,13.74495834,-0.8973244617
1304,1.459177013,1.198545349,0.8322779601,1.66455592,23.88807774,15.07027916,-0.9143382384
1305,2.052341273,0.4378535328,2.005090767,4.010181534,26.84247034,13.4115823,-0.8922513615
1306,1.744387363,1.045164873,1.396609344,2.793218688,26.5677707,13.55025245,-0.8944059631
1307,1.427691527,-0.6419580084,1.27522273,2.550445459,35.4923234,10.14303842,-0.8141933147
1308,1.700794854,0.2755337488,1.678327825,3.356655651,32.41881246,11.10466339,-0.844151947
1309,1.864307859,-0.3708900765,1.827042513,3.654085027,29.52772503,12.19193147,-0.8701173137
1310,2.005182118,-0.3791094229,1.96901787,3.93803574,27.57272109,13.05638275,-0.8864240572
1311,1.976162015,1.236957412,1.541153033,3.082306065,22.86180321,15.74678938,-0.9214446141
1312,2.031942372,0.8266346385,1.856196373,3.712392746,25.57346399,14.07709179,-0.9020325462
1313,1.81352517,0.5556243711,1.726312573,3.452625146,29.59988786,12.16220824,-0.8694958963
1314,1.104986029,0.9020389222,0.6382161911,1.276432382,33.31616669,10.80556486,-0.8356524148
1315,1.996051482,1.414543615,1.408292541,2.816585082,20.66303915,17.4224129,-0.9356718587
1316,1.924623132,0.9228573069,1.688937119,3.377874238,26.05657079,13.8160928,-0.8983607841
1317,1.895484143,0.5600073416,1.810870485,3.62174097,28.444977,12.65601305,-0.8792749384
1318,2.028502219,1.011453049,1.758346946,3.516693892,24.46373298,14.71566094,-0.9102235806
1319,1.96650968,0.6270312061,1.863864852,3.727729705,27.26132706,13.20552001,-0.8889266049
1320,1.798360796,0.6801059489,1.664799522,3.329599045,29.15669784,12.34707723,-0.8732905353
1321,1.475607807,-0.5982179697,1.348908322,2.697816644,34.98634264,10.28972945,-0.8192887421
1322,2.021016931,-0.3003642589,1.998572177,3.997144354,27.5288296,13.07719962,-0.8867783822
1323,1.371716215,-0.00543246483,1.371705458,2.743410915,40.05407099,8.987850451,-0.7654374926
1324,1.609034115,1.000008037,1.260545401,2.521090802,28.32142852,12.71122322,-0.8802999837
1325,1.72607512,-0.3979109431,1.679583937,3.359167875,31.60739521,11.38973957,-0.8516592958
1326,2.248152625,0.9609305489,2.032437627,4.064875254,22.93104444,15.6992413,-0.9209744322
1327,1.318798025,-0.2325492675,1.298132916,2.596265832,41.07806502,8.76380131,-0.7538150051
1328,1.518560846,1.202083303,0.9279131297,1.855826259,24.2903077,14.82072621,-0.9114728764
1329,1.741479698,-0.6281326537,1.624253954,3.248507908,30.27152396,11.8923646,-0.8636461945
1330,1.702171406,0.7255178896,1.539808847,3.079617695,30.18371034,11.92696312,-0.8644177797
1331,1.441253742,1.123285224,0.9030186349,1.80603727,26.29884183,13.68881574,-0.8964953864
1332,1.971294042,1.295192513,1.486094396,2.972188791,22.23065974,16.19385139,-0.9256682646
1333,1.832694874,0.830110698,1.633917602,3.267835204,27.72566222,12.98436074,-0.8851853387
1334,1.488248664,0.2860792291,1.460494012,2.920988025,36.6233409,9.829796823,-0.8025745212
1335,1.555898066,0.5064018371,1.471181828,2.942363655,34.12581774,10.54919776,-0.8278076241
1336,2.125621486,-0.3188788683,2.101566789,4.203133579,26.21425485,13.7329862,-0.8971484979
1337,2.065494075,-0.4299531452,2.020249011,4.040498021,26.70316251,13.48154923,-0.8933465863
1338,1.576845142,0.9771241277,1.237606173,2.475212346,28.95935626,12.43121555,-0.874963395
1339,2.431215845,0.9529292318,2.236679764,4.473359528,21.55979495,16.69774693,-0.9300345738
1340,1.332701122,1.109598842,0.7381616969,1.476323394,25.81277603,13.94658209,-0.9002216995
1341,1.345796505,-0.393223728,1.287067727,2.574135454,39.50305795,9.113218537,-0.7715906339
1342,1.896378778,0.4263465924,1.847831446,3.695662892,28.90788437,12.45334994,-0.8753980151
1343,2.051573314,-0.3292112584,2.024987163,4.049974327,27.08954524,13.28925963,-0.8902959131
1344,1.416261208,0.06921473866,1.414568884,2.829137769,38.85689317,9.264765415,-0.77871538
1345,1.723466714,1.030290247,1.381607587,2.763215173,26.92514714,13.37040047,-0.8915988699
1346,1.098774696,0.930287026,0.5846981124,1.169396225,31.41552654,11.45930181,-0.8534095779
1347,1.871543261,0.1557484223,1.865051369,3.730102737,29.82953505,12.06857564,-0.867509156
1348,1.730209724,0.5293466004,1.647245538,3.294491077,30.98018583,11.62033055,-0.8573453612
1349,1.333492226,0.7836223166,1.078952076,2.157904152,35.22313768,10.22055455,-0.8169120518
1350,2.52238643,0.3616642527,2.496323751,4.992647502,22.21515259,16.2051554,-0.9257706277
1351,2.895320976,1.105674387,2.675886339,5.351772679,18.21227128,19.76689203,-0.9499051356
1352,1.58463237,-0.2461801151,1.565392953,3.130785907,34.69590549,10.3758641,-0.8221847212
1353,1.934006188,-0.6692477334,1.814521261,3.629042522,27.46827675,13.10602785,-0.8872663559
1354,1.706047833,1.166655126,1.244795174,2.489590348,25.07314118,14.35799358,-0.9057675535
1355,1.548197823,0.9990823616,1.182688012,2.365376023,28.84938024,12.47860429,-0.8758911563
1356,2.270149181,0.6555271518,2.173444606,4.346889212,23.90467067,15.05981843,-0.9142209256
1357,2.472154618,0.4233707296,2.435632501,4.871265002,22.56421097,15.9544688,-0.9234500818
1358,1.45521514,0.7198053143,1.264725825,2.52945165,34.10485818,10.5556809,-0.8280127944
1359,1.989783345,-0.451025862,1.937992113,3.875984227,27.58604093,13.05007851,-0.8863164266
1360,2.293172334,1.460612773,1.767837573,3.535675145,19.4408741,18.51768589,-0.9429854583
1361,1.943628562,-0.6680335607,1.825218658,3.650437316,27.35692778,13.15937239,-0.8881610904
1362,1.90872463,-0.6909992139,1.779255406,3.558510811,27.67047374,13.01025792,-0.8856330555
1363,1.807771673,1.286440858,1.270082021,2.540164042,22.82283306,15.77367713,-0.9217086487
1364,1.66445264,-0.152456938,1.657455723,3.314911446,33.32953841,10.8012297,-0.8355242057
1365,1.523795114,0.9915467232,1.157059482,2.314118964,29.18071393,12.33691543,-0.873086244
1366,2.283608415,0.6125372173,2.199923988,4.399847975,23.89804759,15.0639921,-0.9142677603
1367,2.059986026,0.5469202406,1.986056564,3.972113128,26.44193988,13.61473484,-0.8953860523
1368,1.836640886,0.04150578936,1.836171837,3.672343673,30.45145192,11.8220964,-0.8620589005
1369,1.386470627,1.068754909,0.8832121743,1.766424349,27.84041278,12.93084276,-0.8842517959
1370,1.726157368,1.492917326,0.8664970377,1.732994075,17.61164808,20.44101712,-0.9531291771
1371,1.893889055,0.9051499033,1.663586308,3.327172617,26.49878078,13.58553071,-0.8949438562
1372,2.217561017,1.274144092,1.814974847,3.629949694,21.24843763,16.94242213,-0.9320177521
1373,1.799314669,1.123435686,1.405498324,2.810996649,25.19484771,14.28863568,-0.9048653367
1374,1.726265126,0.4098781859,1.676899269,3.353798538,31.56035848,11.40671454,-0.852089263
1375,1.76022621,0.740629716,1.596829338,3.193658676,29.27527116,12.29706799,-0.8722804085
1376,1.879208045,0.7089368447,1.740353822,3.480707645,27.93994098,12.88478026,-0.8834392208
1377,2.075788862,0.5561889497,1.99988831,3.99977662,26.23024667,13.72461359,-0.8970251719
1378,1.843651085,1.054307824,1.512443167,3.024886335,25.65430565,14.03273216,-0.9014225851
1379,2.026699474,0.7657491374,1.876469828,3.752939656,25.94040949,13.87796134,-0.8992494883
1380,2.022163423,0.5911755792,1.933819108,3.867638216,26.73489336,13.46554838,-0.8930975856
1381,1.576818573,0.5103857904,1.491932692,2.983865384,33.70829998,10.67986224,-0.8318737375
1382,1.853895854,0.761739715,1.690172312,3.380344625,27.93901976,12.8852051,-0.8834467541
1383,1.596763976,0.8846506864,1.329303712,2.658607423,30.029836,11.98807746,-0.8657649182
1384,2.053952788,1.003473874,1.792139013,3.584278025,24.30230595,14.8134091,-0.9113867139
1385,2.002172783,0.2988199178,1.979748092,3.959496185,27.77628928,12.96069451,-0.8847739043
1386,1.782028382,-0.04383497602,1.781489166,3.562978332,31.33832104,11.48753309,-0.85411117
1387,1.259722503,0.3629889464,1.20629176,2.41258352,42.0600821,8.559184433,-0.7424427462
1388,1.543739228,-0.2263767415,1.527050875,3.05410175,35.59785504,10.11296887,-0.8131225532
1389,1.509426474,1.066721097,1.067929951,2.135859902,27.76667343,12.96518292,-0.8848521032
1390,1.377787728,-0.4924210138,1.286786917,2.573573834,37.97829167,9.479099354,-0.78824396
1391,1.584492009,0.7741077953,1.382523797,2.765047593,31.44869619,11.44721542,-0.8531076784
1392,1.788903366,0.2939405795,1.764588957,3.529177914,30.8849189,11.65617437,-0.8582000477
1393,1.68984555,0.872437688,1.447214726,2.894429452,29.04908224,12.39281837,-0.8742040757
1394,1.955317456,1.126491355,1.59821262,3.196425241,24.09750593,14.93930538,-0.9128519509
1395,1.613617394,1.244688992,1.026893572,2.053787144,23.57057182,15.27328241,-0.9165682354
1396,2.051144943,1.064314574,1.753405276,3.506810553,23.89779216,15.06415311,-0.9142695663
1397,1.789614943,1.042382754,1.454702663,2.909405326,26.22785494,13.72586515,-0.897043621
1398,2.295864092,0.1500858982,2.29095311,4.581906219,24.52602864,14.67828344,-0.9097727879
1399,1.689897977,1.31299754,1.063857432,2.127714863,22.20882914,16.20976944,-0.9258123494
1400,2.396957934,0.436221313,2.356929847,4.713859694,23.21404966,15.50785,-0.919038712
1401,1.638780767,-0.5273146459,1.551625491,3.103250983,32.49959229,11.07706204,-0.8433952692
1402,2.165517846,0.9863809133,1.927827854,3.855655708,23.47277736,15.33691537,-0.9172494264
1403,2.087636665,-0.5616442208,2.010667207,4.021334413,26.07826218,13.80460084,-0.8981944225
1404,2.581990087,0.7636227745,2.466485976,4.932971952,21.02611378,17.12156624,-0.9334169956
1405,2.252241044,0.5102934868,2.193670503,4.387341007,24.45955208,14.71817631,-0.9102537965
1406,1.479547619,0.868719457,1.197659243,2.395318486,31.70151142,11.35592544,-0.8507972476
1407,1.556988002,-0.4092535689,1.50223938,3.004478761,34.64196055,10.39202153,-0.8227202876
1408,1.537228031,0.7819575164,1.323484968,2.646969937,32.06026181,11.22885403,-0.8474902756
1409,2.130012773,-0.7958736708,1.975737713,3.951475426,24.74365796,14.54918269,-0.9081895095
1410,1.670298559,0.479385604,1.6000271,3.200054199,32.20918063,11.17693754,-0.8461077713
1411,1.678947707,0.4934635271,1.604792557,3.209585114,31.99337949,11.252328,-0.8481093225
1412,2.013457011,1.507625298,1.334569254,2.669138507,19.33251802,18.62147495,-0.9436132173
1413,1.068664664,0.0980212122,1.064159766,2.128319531,50.02819162,7.195942694,-0.64241061
1414,1.263167372,-0.1830562389,1.249832878,2.499665756,42.88701435,8.394149265,-0.7326971601
1415,2.53834604,1.054576317,2.308910871,4.617821742,20.44615109,17.60722585,-0.9370009147
1416,2.140136032,0.8579287858,1.960647962,3.921295925,24.3603747,14.77809781,-0.9109691427
1417,2.119881962,0.5828102306,2.038193261,4.076386521,25.65331021,14.03327668,-0.9014301068
1418,1.607314671,0.374502927,1.563076457,3.126152914,33.81628828,10.64575736,-0.8308262897
1419,1.588157749,1.136040576,1.109800362,2.219600724,26.03161383,13.82933852,-0.8985520314
1420,1.814079803,1.095851116,1.445681799,2.891363598,25.42710325,14.15812082,-0.9031322879
1421,1.972992943,1.005652998,1.697457864,3.394915727,24.98499097,14.40865039,-0.9064184637
1422,0.7898481947,-0.2872217143,0.7357743251,1.47154865,63.06405716,5.708481443,-0.4529940635
1423,1.936054504,0.716397583,1.798633244,3.597266487,27.20968562,13.23058286,-0.8893390901
1424,1.959790509,0.3332079301,1.931256408,3.862512816,28.27304147,12.73297747,-0.8807003217
1425,2.415068586,1.246197632,2.068706779,4.137413559,20.33300398,17.70520482,-0.9376889344
1426,1.4167213,0.2817361009,1.388425011,2.776850021,38.31509181,9.395775476,-0.7846130924
1427,2.591373861,0.2696663266,2.577304514,5.154609029,21.7342787,16.56369668,-0.9289111946
1428,1.787877222,1.137084876,1.379689438,2.759378877,25.09115967,14.3476828,-0.9056342391
1429,1.986717717,-0.04087986886,1.986297089,3.972594178,28.24761794,12.74443745,-0.8809104156
1430,2.260121602,1.06127789,1.995454559,3.990909118,22.33010037,16.12173676,-0.9250102432
1431,2.525786188,0.7364767343,2.416029364,4.832058729,21.51227702,16.73463017,-0.9303390148
1432,1.33054166,0.9637183994,0.9173810308,1.834762062,31.10698022,11.57296521,-0.8562041501
1433,1.592523954,-0.4018120699,1.540999548,3.081999095,33.98248978,10.59369111,-0.8292084294
1434,1.322053385,0.9829982735,0.8840472545,1.768094509,30.54997951,11.78396862,-0.8611861034
1435,2.420152318,-0.5024547299,2.367419796,4.734839591,22.89022079,15.72724018,-0.9212518076
1436,1.703226029,0.0847433601,1.701116536,3.402233071,32.68803481,11.01320413,-0.841623583
1437,1.63491721,1.18202489,1.129500528,2.259001057,24.99336437,14.40382314,-0.9063567259
1438,1.222330395,-0.6042192847,1.062549129,2.125098258,40.49985424,8.88892088,-0.7604076178
1439,1.595972127,-0.6258189302,1.468154521,2.936309042,32.58371975,11.04846232,-0.8426054514
1440,2.247266918,-0.2803488851,2.22971144,4.45942288,24.91501118,14.44912055,-0.9069336741
1441,1.584306008,0.6357442969,1.451156338,2.902312676,32.70441139,11.00768932,-0.8414691846
1442,1.758092692,1.038345759,1.418706452,2.837412904,26.53699423,13.56596745,-0.894646078
1443,1.558922646,1.137323572,1.066177711,2.132355422,26.05949086,13.81454465,-0.8983383961
1444,1.735857437,-0.04489669434,1.735276729,3.470553459,32.12861985,11.2049631,-0.8468563765
1445,1.950701168,1.318798067,1.437361022,2.874722043,22.01319951,16.35382443,-0.92709753
1446,2.359602564,0.8438954454,2.203534601,4.407069202,22.50791866,15.99437093,-0.9238266342
1447,1.153627527,0.6262015415,0.9688798175,1.937759635,41.87305208,8.597414855,-0.7446255655
1448,1.768780801,-0.2803388944,1.746423667,3.492847335,31.24498222,11.52185005,-0.8549572999
1449,2.946619358,1.088483549,2.738205472,5.476410943,17.98954425,20.01162426,-0.9511128921
1450,1.816697876,0.3399230251,1.784612986,3.569225972,30.32951138,11.86962742,-0.8631355687
1451,1.122364974,0.7170590348,0.8634404872,1.726880974,40.53517276,8.881175914,-0.7600071388
1452,2.652846609,0.23716534,2.642224012,5.284448024,21.26959414,16.92556979,-0.9318838674
1453,2.23068245,0.3438954232,2.204014549,4.408029098,25.00269445,14.39844816,-0.9062879116
1454,1.548792831,0.8024859749,1.324679393,2.649358786,31.65323952,11.37324348,-0.8512396763
1455,2.003010448,0.309730198,1.978918406,3.957836812,27.74532042,12.97516102,-0.8850256632
1456,1.400399881,1.063861837,0.9106688848,1.82133777,28.02219282,12.84696035,-0.8827656825
1457,1.476046433,1.185147205,0.879851791,1.759703582,24.52180498,14.68081164,-0.9098033857
1458,2.011797957,0.9322848702,1.782743936,3.565487872,25.14878229,14.3148084,-0.9052073026
1459,1.557832252,0.8800169146,1.285461612,2.570923223,30.56256912,11.77911446,-0.861074396
1460,1.91312598,-0.2871635537,1.891451323,3.782902646,29.01579608,12.40703508,-0.874486015
1461,1.660170174,1.089108209,1.252999726,2.505999452,26.56353721,13.55241198,-0.8944390077
1462,1.475035921,0.9191596267,1.153636229,2.307272459,30.92431016,11.64132678,-0.8578469368
1463,1.366435202,0.6780392903,1.186342229,2.372684457,36.26387667,9.92723429,-0.8063013692
1464,1.455036481,1.011564408,1.045881737,2.091763475,29.25556048,12.30535304,-0.8724485829
1465,1.903314551,1.208512801,1.470409158,2.940818315,23.55652818,15.28238785,-0.9166662211
1466,1.145289892,0.9568450785,0.629393703,1.258787406,30.6604406,11.74151424,-0.8602045668
1467,2.033180826,1.524998735,1.344694437,2.689388873,19.09736145,18.85077166,-0.94496398
1468,1.476943816,1.003315316,1.08384566,2.167691319,29.30034454,12.28654494,-0.8720663296
1469,1.312047932,0.9447579703,0.9104406376,1.820881275,31.74626948,11.33991508,-0.8503864849
1470,1.923181134,1.151531765,1.540324728,3.080649456,24.06787278,14.95769914,-0.9130629951
1471,1.856838519,0.1406849308,1.851501293,3.703002585,30.07012417,11.97201574,-0.8654128065
1472,2.046002081,1.001790399,1.783967632,3.567935264,24.38143451,14.76533302,-0.9108174708
1473,1.53081915,0.9954174483,1.162992423,2.325984845,29.05436113,12.39056672,-0.8741593355
1474,1.270550868,-0.3865987783,1.210306115,2.42061223,41.57707876,8.658616977,-0.7480636351
1475,1.898976536,0.9704441456,1.63228369,3.26456738,25.93650559,13.88005022,-0.8992792913
1476,1.70976292,1.367385938,1.026423372,2.052846744,21.00455365,17.13914069,-0.9335519419
1477,2.127908284,1.078558983,1.834313001,3.668626002,23.2086277,15.51147291,-0.9190760083
1478,1.607334368,0.4944123519,1.529405178,3.058810355,33.24106886,10.82997666,-0.8363716124
1479,3.042047901,1.204986418,2.793217349,5.586434699,17.2348151,20.88795255,-0.9550985023
1480,1.43037773,-0.5643036045,1.31435988,2.628719759,36.19794109,9.94531703,-0.8069815349
1481,2.022470663,-0.2178417572,2.010704491,4.021408983,27.63512063,13.02690171,-0.8859194259
1482,1.187529866,1.020596487,0.6071325989,1.214265198,27.62250863,13.03284958,-0.8860215052
1483,1.930536975,0.9256360311,1.694157888,3.388315777,25.97769613,13.85804185,-0.8989646256
1484,2.011757229,-0.3904253857,1.973508339,3.947016679,27.46233222,13.1088648,-0.8873142074
1485,2.801275829,-0.2619293424,2.789003279,5.578006557,20.15879013,17.85821459,-0.938741135
1486,2.452233675,0.5839687043,2.381686493,4.763372986,22.45235809,16.03395058,-0.9241974175
1487,1.805404632,1.410353467,1.127115337,2.254230673,20.5319749,17.53362752,-0.9364766041
1488,1.88736292,0.6816909633,1.759953471,3.519906943,27.98459726,12.86421944,-0.8830737683
1489,2.201389235,1.739579129,1.34906598,2.698131961,16.35818456,22.00733209,-0.9595197767
1490,1.870997748,1.371879108,1.272234368,2.544468735,21.37440853,16.84257132,-0.9312186972
1491,1.465728812,0.9078232844,1.150746643,2.301493286,31.22336588,11.52982678,-0.8551529316
1492,1.065133391,0.5885025692,0.8877915676,1.775583135,45.10611571,7.981179366,-0.7057959589
1493,2.094997082,0.3476775618,2.065946052,4.131892103,26.52560942,13.57178997,-0.8947348357
1494,1.356986117,0.1734950235,1.345849471,2.691698943,40.22105247,8.950536546,-0.7635588134
1495,1.335640328,0.8674053676,1.01564906,2.03129812,33.50933839,10.74327388,-0.8337958531
1496,1.226663252,0.2696561791,1.196657126,2.393314253,43.64355007,8.248641539,-0.7236474779
1497,1.555625401,0.1404577233,1.549271447,3.098542893,35.5253079,10.13362083,-0.8138589389
1498,1.84153324,1.186186456,1.408618602,2.817237204,24.15274723,14.90513674,-0.9124578762
1499,1.266999353,0.4935185093,1.166930521,2.333861042,40.72913325,8.838881932,-0.757802665
1500,1.941217057,0.8283859345,1.755591184,3.511182369,26.518514,13.57542131,-0.8947901349
1501,1.147830717,0.8678494125,0.751234153,1.502468306,35.13489818,10.24622295,-0.8177993368
1502,1.966115,1.209898104,1.549759584,3.099519169,23.20144495,15.51627499,-0.9191254041
1503,1.93216626,-0.5619700779,1.848636277,3.697272555,27.95574919,12.87749427,-0.8833099129
1504,1.770384492,0.003264321785,1.770381482,3.540762965,31.5419188,11.41338301,-0.8522576653
1505,1.748535049,0.1469193458,1.742351722,3.484703444,31.8251366,11.31181319,-0.8496614271
1506,1.856001297,0.3840739609,1.815827087,3.631654173,29.61303796,12.15680743,-0.8693825079
1507,1.429371717,1.260772974,0.6734649311,1.346929862,20.58548546,17.48805005,-0.9361486365
1508,1.637229139,-0.2132699796,1.623279141,3.246558282,33.73790725,10.67048994,-0.8315868515
1509,2.339227521,1.591845326,1.71406355,3.428127101,18.17189561,19.81081158,-0.9501251419
1510,1.553466884,0.8957431456,1.269213763,2.538427526,30.40072972,11.84182101,-0.8625072243
1511,1.771242823,-0.2377897727,1.755208581,3.510417162,31.29568193,11.5031844,-0.8544979811
1512,1.686791257,1.314702614,1.056797891,2.113595781,22.15626844,16.24822343,-0.9261587058
1513,1.989376637,1.207759663,1.580802328,3.161604657,23.09174454,15.58998712,-0.9198780176
1514,2.585320525,1.443268627,2.144961046,4.289922091,18.43762283,19.52529365,-0.9486685386
1515,1.537165836,0.8506496949,1.280341324,2.560682647,31.21460887,11.53306138,-0.8552321495
1516,1.339590873,0.6895704995,1.148475613,2.296951226,36.63407798,9.826915807,-0.8024627148
1517,1.742343179,-0.04179651058,1.741841785,3.48368357,32.0163552,11.24425306,-0.847896795
1518,1.774117199,-0.7044519737,1.628262648,3.256525296,29.33406667,12.27242046,-0.8717781435
1519,2.01920068,-0.6223041989,1.920913551,3.841827103,26.652747,13.50705051,-0.893741647
1520,2.023987275,0.7894708691,1.863668488,3.727336977,25.85051846,13.92621972,-0.8999346724
1521,1.473863221,-0.01075875687,1.473823952,2.947647905,37.47770905,9.605709878,-0.7935901192
1522,2.581870754,-3.198432222e-05,2.581870754,5.163741508,21.92023535,16.42318133,-0.9277044666
1523,1.647498633,-0.7580456554,1.462743495,2.925486989,30.69274306,11.72915693,-0.8599169288
1524,1.663152019,-0.6292584224,1.539515663,3.079031326,31.46129716,11.44263055,-0.8529929134
1525,1.77934654,1.128131418,1.3760064,2.7520128,25.26119487,14.25110735,-0.904371782
1526,1.610521995,1.160827178,1.116360766,2.232721531,25.46881541,14.13493302,-0.9028194665
1527,2.288268514,0.7331868718,2.16762769,4.33525538,23.49592227,15.32180758,-0.917088451
1528,2.439189136,-0.3588201927,2.412652423,4.825304845,22.94288309,15.69114041,-0.9208939073
1529,1.251078616,0.8135293658,0.9504565604,1.900913121,35.85458583,10.04055664,-0.8105061603
1530,2.100568771,0.7065313776,1.978181633,3.956363267,25.41947347,14.16237045,-0.9031894559
1531,1.906761031,1.45090699,1.237176841,2.474353683,20.07272618,17.93478358,-0.9392577339
1532,1.140518942,-0.6307491636,0.9502309985,1.900461997,42.12326437,8.54634619,-0.7417035598
1533,1.430027891,0.5844741714,1.305132067,2.610264134,36.02094752,9.994184628,-0.8088020441
1534,2.544564645,-0.05494534168,2.543971352,5.087942704,22.22898132,16.19507411,-0.9256793471
1535,1.205482501,-0.5231032943,1.086071362,2.172142723,42.07134657,8.556892739,-0.7423110263
1536,1.830150401,-0.4865176041,1.764299043,3.528598085,29.64981402,12.14172877,-0.8690651587
1537,1.644222366,0.152769787,1.637109826,3.274219652,33.71374684,10.67813678,-0.8318209757
1538,1.625874855,0.8545699466,1.383177231,2.766354461,30.02346424,11.99062164,-0.8658205671
1539,2.001813543,-0.0246839121,2.001661351,4.003322702,28.04625104,12.83594016,-0.8825683323
1540,1.795584629,1.197261396,1.338166398,2.676332796,24.22470977,14.86085916,-0.9119432452
1541,2.025077271,-0.3733922655,1.99035579,3.98071158,27.33216415,13.17129511,-0.8883596204
1542,1.245143061,-0.5403729441,1.121774632,2.243549263,40.78271667,8.827268741,-0.7571921262
1543,1.32333421,0.9839979522,0.884851096,1.769702192,30.51611434,11.79704585,-0.861486382
1544,1.942503395,-0.0324313466,1.942232645,3.88446529,28.86578604,12.4715121,-0.8757529611
1545,2.102975833,0.6345864052,2.004945747,4.009891494,25.664909,14.0269346,-0.9013424483
1546,1.987211312,1.006124928,1.713686503,3.427373006,24.85746978,14.48256814,-0.907356296
1547,1.056381481,-0.4495961322,0.9559315619,1.911863124,47.82777312,7.527007355,-0.6713614185
1548,2.010316839,-0.1416419119,2.005320763,4.010641526,27.87510924,12.9147476,-0.8839688275
1549,2.28813739,0.3292386181,2.264326533,4.528653066,24.42639988,14.73815223,-0.9104932201
1550,2.290576047,-0.2762862966,2.27385235,4.547704701,24.46872961,14.71265594,-0.910187463
1551,2.582128893,0.2437462004,2.570598648,5.141197297,21.82944164,16.49148915,-0.9282948756
1552,1.746927945,0.8038353338,1.551001612,3.102003224,28.96811227,12.42745805,-0.8748893905
1553,1.666838241,-0.1318962585,1.661611597,3.323223195,33.31260337,10.80672069,-0.8356865724
1554,2.134872362,0.06383520621,2.133917775,4.267835549,26.35267332,13.66085314,-0.8960787261
1555,1.464714333,1.09596676,0.9717226649,1.94344533,27.14318977,13.26299536,-0.8898691603
1556,1.591681549,-0.310920244,1.561018499,3.122036999,34.35740033,10.47809196,-0.8255333257
1557,1.687528818,-0.03939202238,1.687068991,3.374137982,33.00105699,10.9087415,-0.8386605203
1558,1.960994808,0.1310062828,1.956613909,3.913227819,28.55432498,12.6075472,-0.8783642997
1559,2.234191699,-1.072932846,1.95970091,3.91940182,22.45522981,16.03190005,-0.9241782744
1560,2.690524064,0.7875400806,2.572683494,5.145366987,20.20910983,17.8137485,-0.9384381097
1561,1.576423843,-0.2699601235,1.553136718,3.106273436,34.79469868,10.34640372,-0.8212020112
1562,1.339490418,1.142806702,0.698732725,1.39746545,24.34572253,14.78699182,-0.9110745944
1563,0.9581478436,0.7857968006,0.5482432656,1.096486531,39.37453995,9.142963968,-0.7730155472
1564,2.01660544,0.1253382369,2.012706593,4.025413186,27.80458426,12.94750522,-0.8845436566
1565,1.649372492,-0.1895917468,1.638439681,3.276879362,33.55315515,10.72924434,-0.8333734135
1566,1.663621804,0.4429292791,1.603574495,3.20714899,32.49453647,11.07878552,-0.843442677
1567,1.846833773,0.4042672845,1.802044103,3.604088206,29.68848894,12.12591185,-0.8687310375
1568,2.167464451,0.6600650866,2.064513557,4.129027114,24.89858114,14.45865521,-0.9070544404
1569,1.791857421,1.212636995,1.319190864,2.638381727,24.01580422,14.99012887,-0.9134332304
1570,1.098076872,0.8276206504,0.7216764339,1.443352868,37.05539923,9.715183415,-0.7980532425
1571,1.738896479,0.6096341298,1.62852915,3.257058299,30.41802598,11.83508753,-0.8623544219
1572,1.964911947,0.3585551235,1.931920595,3.863841189,28.14801918,12.78953228,-0.8817318046
1573,1.41258546,0.2274348062,1.39415605,2.7883121,38.61650487,9.322438714,-0.7813407226
1574,2.075532156,1.161304723,1.720234017,3.440468033,22.97350373,15.6702262,-0.9206854475
1575,1.673225039,1.39146597,0.9292494208,1.858498842,20.02462244,17.97786705,-0.9395455534
1576,1.092100863,-0.3255249234,1.042457586,2.084915172,47.87726654,7.519226264,-0.6707209627
1577,1.760935516,-0.3019524039,1.734854068,3.469708136,31.32176133,11.49360651,-0.8542614516
1578,1.962699686,0.3806879302,1.925426383,3.850852766,28.12519403,12.7999117,-0.881919668
1579,2.170229213,0.002790051322,2.170227419,4.340454839,25.94799684,13.87390334,-0.8991915533
1580,1.692968874,-0.571591817,1.593557781,3.187115563,31.34662775,11.48448895,-0.8540357586
1581,2.157764207,0.2088202425,2.147636021,4.295272043,25.98647187,13.85336192,-0.8988975252
1582,1.59753127,0.8553824553,1.349232009,2.698464018,30.37396708,11.8522549,-0.8627435018
1583,1.796644563,1.368819867,1.16372843,2.32745686,21.34476909,16.86595899,-0.9314071103
1584,2.412583521,0.7355922882,2.297708256,4.595416512,22.41485156,16.06078001,-0.9244472258
1585,2.416371734,1.03671802,2.18267453,4.36534906,21.33267051,16.87552432,-0.9314839474
1586,1.450272,0.8099355233,1.203035047,2.406070093,32.98902122,10.91272147,-0.838774914
1587,2.795125286,0.2776844708,2.781297665,5.562595329,20.19170211,17.82910614,-0.9385430209
1588,1.27958511,0.956788261,0.8496436181,1.699287236,31.4844378,11.43422037,-0.8527820495
1589,1.248425194,0.8761842176,0.8893068547,1.778613709,34.20020017,10.52625418,-0.8270786106
1590,1.874015827,-0.3339654748,1.844018,3.688035999,29.48008783,12.21163255,-0.8705267768
1591,1.61165952,0.5026751251,1.531262266,3.062524531,33.1168035,10.87061437,-0.8375585217
1592,2.106382995,0.7919188154,1.951848844,3.903697689,24.99425517,14.40330978,-0.9063501568
1593,1.594621035,0.9225717029,1.300645108,2.601290216,29.56492727,12.17659008,-0.8697971255
1594,1.821723549,1.04804085,1.490062772,2.980125544,25.89990078,13.89966715,-0.8995585354
1595,2.249502047,0.9938744922,2.018036905,4.036073811,22.75939696,15.8176423,-0.9221375356
1596,2.056075951,-0.01161409157,2.056043149,4.112086298,27.33558053,13.16964897,-0.8883322411
1597,1.917023738,1.207728269,1.488748615,2.97749723,23.49331584,15.32350743,-0.9171065864
1598,2.073708583,0.2240792811,2.061566338,4.123132675,26.97587248,13.34525881,-0.8911976227
1599,2.415886557,1.129648808,2.135509641,4.271019282,20.91995543,17.20844967,-0.9340801701
1600,1.088355794,-0.3914009691,1.015541045,2.031082091,47.37920492,7.598270182,-0.6771430861
1601,1.333909031,0.8757766724,1.006145378,2.012290757,33.34118338,10.79745718,-0.8354125158
1602,1.04227474,0.6333246417,0.8277901491,1.655580298,44.7057477,8.052655834,-0.7107289084
1603,0.498655514,-0.04468218007,0.4966495992,0.9932991985,90.15489717,3.99312751,0.002703462252
1604,1.498340939,-0.09270033214,1.495470567,2.990941135,36.85521609,9.767952497,-0.8001537187
1605,1.96137174,-0.1554794445,1.955199541,3.910399082,28.52704843,12.61960209,-0.8785917556
1606,1.279093984,-0.3089724949,1.241216104,2.482432208,41.84399089,8.603385871,-0.7449640258
1607,2.628284839,-0.3197510189,2.60876225,5.2175245,21.39677082,16.82496873,-0.9310763788
1608,2.23062051,1.15406792,1.908872729,3.817745458,21.99561158,16.36690113,-0.9272125439
1609,2.378657391,0.5960355931,2.302770625,4.605541251,23.06465956,15.60829455,-0.9200633186
1610,1.643936155,0.8700851279,1.394803912,2.789607824,29.6278135,12.15074477,-0.8692550493
1611,1.535736047,0.7228791715,1.354965279,2.709930559,32.72581339,11.00049052,-0.8412673028
1612,1.946514071,1.427754924,1.323039268,2.646078537,20.49847171,17.56228489,-0.9366815303
1613,1.396479277,0.4833608095,1.310159036,2.620318073,37.61827108,9.569817794,-0.7920950335
1614,1.850830541,0.7525016543,1.690950901,3.381901802,28.03470957,12.84122452,-0.8826630267
1615,1.75979723,1.103059681,1.371184026,2.742368052,25.71748514,13.99825831,-0.9009446382
1616,2.287690201,1.502158233,1.725412154,3.450824309,19.0970371,18.85109183,-0.9449658321
1617,1.498882386,-0.2960602567,1.469352487,2.938704973,36.34970399,9.903794543,-0.8054144087
1618,2.089461113,-0.3084685848,2.066565962,4.133131925,26.66121398,13.50276099,-0.8936753473
1619,2.306224394,0.5587810462,2.237506358,4.475012715,23.81850806,15.11429679,-0.9148292642
1620,2.07444517,0.2193312616,2.062817627,4.125635253,26.97246016,13.34694714,-0.8912246367
1621,1.713667369,-0.2917983679,1.688641337,3.377282673,32.15055598,11.19731803,-0.8466527024
1622,1.600904505,-0.5191774934,1.51438105,3.028762101,33.21499766,10.83847736,-0.8366209554
1623,1.936554203,-0.5094486691,1.868342644,3.736685287,28.09219607,12.81494686,-0.8821910116
1624,1.517196306,-0.178863404,1.506616247,3.013232493,36.28833877,9.920542307,-0.8060487562
1625,1.590468602,1.221744394,1.018298095,2.03659619,24.07042182,14.95611513,-0.9130448508
1626,2.224482278,1.377876675,1.746361153,3.492722305,20.39004767,17.65567231,-0.9373425226
1627,1.581509135,-0.1199132659,1.576956547,3.153913095,35.01143301,10.28235548,-0.8190375744
1628,2.236686971,0.369366017,2.205977641,4.411955281,24.8981741,14.45889159,-0.9070574314
1629,1.072564981,-0.4256653914,0.9844819007,1.968963801,47.55432814,7.570288848,-0.674890814
1630,1.714469518,0.9946566798,1.396446855,2.79289371,27.44014157,13.11946584,-0.8874927501
1631,2.872889752,1.704495892,2.312615247,4.625230495,16.11668433,22.33710064,-0.9606983603
1632,1.018197559,-0.553470096,0.8546327409,1.709265482,47.36909574,7.599891751,-0.677272908
1633,1.778725012,1.172970719,1.337162055,2.67432411,24.65023554,14.60432293,-0.9088707748
1634,1.503046849,-0.7098494811,1.324863595,2.64972719,33.40145833,10.77797252,-0.8348338518
1635,1.485358111,0.890192234,1.189052776,2.378105553,31.29167248,11.50465831,-0.8545343294
1636,1.65113461,0.7436423866,1.474191813,2.948383626,30.76675409,11.70094183,-0.8592568655
1637,1.673597139,0.9016324277,1.409959698,2.819919396,28.93049782,12.44361581,-0.8752071579
1638,1.921229696,-0.4270807299,1.873159256,3.746318511,28.56145265,12.60440092,-0.8783048301
1639,1.866741335,0.8323786336,1.670888692,3.341777384,27.31850894,13.1778788,-0.8884690232
1640,2.362126078,0.8789987051,2.192487374,4.384974748,22.36110416,16.09938389,-0.9248045142
1641,1.33746996,-0.04694300246,1.336645895,2.67329179,40.97804177,8.78519286,-0.7549609551
1642,1.582455494,0.4143435753,1.527247456,3.054494912,34.11851812,10.55145475,-0.8278790916
1643,2.049901801,0.8221989189,1.877787616,3.755575232,25.41412129,14.16535303,-0.9032295488
1644,2.211880495,0.9081430695,2.016851876,4.033703752,23.4820644,15.3308497,-0.917184852
1645,1.049726621,-0.6199581305,0.8470996965,1.694199393,44.83724502,8.029039247,-0.7091125404
1646,2.406073595,1.615549223,1.783028563,3.566057126,17.84302268,20.17595373,-0.9518995816
1647,1.859425713,-0.5375124735,1.780040539,3.560081079,29.02888209,12.40144208,-0.8743752095
1648,2.007814414,1.106635748,1.675313715,3.350627429,23.89574313,15.06544484,-0.9142840532
1649,1.839479175,0.3659686278,1.802706464,3.605412929,29.91042045,12.03593914,-0.8668060741
1650,2.091533576,1.345485091,1.60130652,3.202613039,21.21827281,16.96650822,-0.9322084243
1651,1.633421074,0.8164132637,1.414755734,2.829511468,30.33095387,11.86906292,-0.8631228551
1652,2.072333087,0.6350113999,1.97264415,3.945288301,25.99975138,13.84628625,-0.8987959485
1653,1.616360175,0.8191110202,1.393440832,2.786881664,30.53151785,11.7910941,-0.8613498382
1654,2.120157698,0.4192313375,2.078295877,4.156591754,26.08539302,13.80082714,-0.8981397047
1655,1.865731156,-0.1522545221,1.859508351,3.719016702,29.92169295,12.03140479,-0.8667079527
1656,2.132759582,1.601570301,1.408416135,2.816832269,18.14089016,19.84467117,-0.9502937698
1657,2.864060718,0.08918028569,2.862671946,5.725343893,19.79663246,18.18491103,-0.9409006765
1658,2.161611273,0.8832714953,1.972915295,3.945830589,24.04175621,14.9739477,-0.9132487922
1659,1.332252663,-0.1208971109,1.326755836,2.653511671,41.02530723,8.775071396,-0.7544197289
1660,1.743349372,-0.3644937412,1.704820033,3.409640067,31.43357303,11.45272285,-0.85324536
1661,1.879860828,0.8785463557,1.661936531,3.323873062,26.84350673,13.4110645,-0.8922431938
1662,1.65658337,1.095529539,1.242611562,2.485223123,26.4818788,13.59420163,-0.8950754379
1663,1.578317059,-0.2049131277,1.564958578,3.129917155,34.92675341,10.30728496,-0.8198846315
1664,2.647799422,1.067373839,2.423129148,4.846258296,19.71800585,18.25742434,-0.9413645623
1665,1.989634825,1.177918343,1.603482185,3.206964369,23.38187672,15.39653999,-0.917880202
1666,1.199958168,0.8151438327,0.8805907891,1.761181578,36.50346598,9.862077212,-0.8038208767
1667,1.779439803,1.388662678,1.112664361,2.225328722,20.88280415,17.23906413,-0.9343114979
1668,1.817136817,1.264526309,1.304974874,2.609949749,23.15068806,15.55029376,-0.9194740471
1669,1.551648401,0.7845085789,1.338715448,2.677430895,31.81800498,11.3143486,-0.8497270572
1670,1.647765859,-0.2986901847,1.620467988,3.240935976,33.31913407,10.80460252,-0.8356239672
1671,1.200297937,0.4577414101,1.109589086,2.219178172,42.98015643,8.375958348,-0.7315898581
1672,1.926505202,1.502088963,1.206296415,2.412592831,19.21330933,18.73701161,-0.9442999518
1673,1.656877125,1.138984598,1.203310389,2.406620778,25.74531702,13.98312554,-0.900733745
1674,1.971097654,-0.05412705586,1.970354339,3.940708678,28.45844643,12.65002293,-0.8791629393
1675,1.926678842,-0.1424748191,1.921403728,3.842807456,29.02955379,12.40115513,-0.8743695207
1676,1.927562882,0.9607862347,1.671044127,3.342088254,25.74310553,13.98432678,-0.9007505101
1677,1.450743349,0.6959438328,1.272917297,2.545834595,34.46320995,10.44592191,-0.8244897124
1678,2.422110223,1.059534631,2.178073529,4.356147058,21.19584128,16.98446385,-0.9323500467
1679,2.33270172,0.1797244549,2.325767924,4.651535847,24.13216935,14.91784658,-0.9126047717
1680,2.019558397,0.04409771456,2.019076895,4.038153791,27.80558081,12.94704119,-0.8845355433
1681,2.619821618,-0.5636226929,2.558475087,5.116950173,21.14938448,17.02177197,-0.9326428992
1682,2.161284325,0.07180972827,2.160091039,4.320182078,26.03926822,13.82527331,-0.8984933933
1683,2.243309976,-0.002703732719,2.243308347,4.486616694,25.12995692,14.32553192,-0.9053468839
1684,2.397823384,1.575959922,1.807182144,3.614364289,18.19078386,19.79024119,-0.9500222789
1685,1.632719047,1.019334463,1.275432765,2.550865531,27.83229977,12.93461205,-0.8843179151
1686,1.434798042,-0.04225452496,1.434175713,2.868351426,38.41285869,9.371861722,-0.7835540356
1687,1.517720514,1.11571029,1.028915015,2.057830029,26.61362968,13.52690348,-0.8940476974
1688,2.178367323,0.1507303679,2.173146233,4.346292467,25.80042303,13.95325959,-0.900315558
1689,1.546949063,1.322982487,0.8017285965,1.603457193,20.51112957,17.55144682,-0.9366041446
1690,1.799561712,0.2089488107,1.787389926,3.574779852,30.88384884,11.65657823,-0.8582096342
1691,2.406839421,0.7990375192,2.270333685,4.540667371,22.27375552,16.16251914,-0.9253834322
1692,1.643033887,1.166347056,1.157235886,2.314471773,25.28726608,14.23641444,-0.9041775072
1693,1.832831386,-0.1766426191,1.824299392,3.648598785,30.40138452,11.84156596,-0.8625014409
1694,1.676007158,1.255164786,1.110658073,2.221316145,23.46182465,15.34407512,-0.9173255515
1695,1.672570826,1.036284078,1.312862703,2.625725405,27.26452996,13.20396869,-0.8889009981
1696,1.168418059,0.1708189433,1.155864027,2.311728055,46.02576757,7.821705514,-0.6943347923
1697,1.865673391,1.254539389,1.380893958,2.761787916,23.14301621,15.55544864,-0.9195266814
1698,2.505830944,1.03729438,2.281054381,4.562108762,20.72339524,17.3716708,-0.9352996206
1699,2.155128705,1.10787448,1.848565355,3.697130711,22.81389435,15.77985742,-0.9217691511
1700,1.650493694,1.048722637,1.274484313,2.548968626,27.25409828,13.2090226,-0.8889843882
1701,1.632114083,0.2153107601,1.617849702,3.235699403,33.83201401,10.64080902,-0.8306735094
1702,1.966888851,1.148916839,1.596446632,3.192893265,23.80571322,15.12242027,-0.914919424
1703,1.287336638,0.8866988466,0.9332742229,1.866548446,33.552212,10.72954594,-0.8333825116
1704,1.964097717,0.3622969595,1.930393938,3.860787875,28.15030287,12.78849473,-0.8817130009
1705,1.659792737,1.253245932,1.088249311,2.176498623,23.48235021,15.3306631,-0.9171828643
1706,2.119105415,1.122174746,1.797590498,3.595180996,22.97205197,15.6712165,-0.9206953368
1707,2.035271473,1.153058703,1.677136129,3.354272259,23.31035521,15.4437801,-0.9183748784
1708,1.387960103,0.5399345038,1.278633637,2.557267274,37.3331549,9.64290323,-0.7951226851
1709,1.008196056,-0.4814257677,0.8858264598,1.77165292,49.13207827,7.327188523,-0.6543175304
1710,2.042706571,-0.08396182486,2.04098029,4.081960581,27.4882524,13.09650373,-0.8871054888
1711,2.095529351,0.3941524817,2.058127081,4.116254162,26.42659063,13.62264263,-0.8955053113
1712,2.275787579,0.02040009882,2.275696144,4.551392289,24.78162333,14.52689338,-0.9079119641
1713,2.147755739,0.2054477659,2.137906904,4.275813807,26.10599871,13.78993403,-0.8979815104
1714,1.019705949,-0.3504882718,0.9575793409,1.915158682,50.48458724,7.130889241,-0.6362857669
1715,2.027437858,1.217834909,1.620920234,3.241840467,22.77620391,15.80597019,-0.9220240151
1716,1.622941947,1.224640799,1.064986139,2.129972279,24.07191613,14.9551867,-0.9130342132
1717,1.558420369,1.106094649,1.097829074,2.195658147,26.74343477,13.46124771,-0.893030512
1718,1.396619099,1.113565368,0.8429217514,1.685843503,26.36657738,13.65364927,-0.895970979
1719,1.468718827,-0.2057692272,1.454233138,2.908466275,37.32633177,9.644665922,-0.7951948991
1720,1.23066874,-0.6902572707,1.018867237,2.037734474,38.85902195,9.264257872,-0.7786920698
1721,1.782376379,1.296836613,1.222734785,2.445469569,22.67334468,15.87767509,-0.922717522
1722,1.030726486,0.8332262061,0.6067381459,1.213476292,36.75418656,9.794802544,-0.8012100915
1723,1.475419156,0.8338032834,1.217223797,2.434447594,32.28113918,11.15202279,-0.8454376873
1724,1.26959112,-0.2477231278,1.245188686,2.490377372,42.43756048,8.483051239,-0.7380131403
1725,1.72972816,1.202965394,1.24291342,2.48582684,24.38449515,14.76347973,-0.9107954179
1726,1.799343582,-0.02864383929,1.799115576,3.598231153,31.0557933,11.59204006,-0.8566653623
1727,2.157996884,1.134380157,1.835791985,3.671583969,22.61501914,15.9186246,-0.9231094487
1728,2.700661512,0.5976305338,2.63370658,5.26741316,20.50158931,17.55961426,-0.9366624746
1729,1.678318406,1.13219827,1.238902639,2.477805279,25.76535672,13.97224979,-0.9005817646
1730,2.274052049,-0.1568685508,2.268635048,4.537270096,24.74883633,14.54613846,-0.9081516766
1731,1.57861306,1.182182605,1.046166087,2.092332173,25.01459477,14.39159832,-0.9062001055
1732,1.44893034,0.6056636493,1.316271505,2.632543009,35.44057153,10.15784973,-0.8147173985
1733,1.791674133,0.08003743382,1.789885529,3.579771058,31.16015382,11.5532164,-0.8557243136
1734,2.285409436,1.061042067,2.024175393,4.048350786,22.14756064,16.25461178,-0.9262160118
1735,1.80388231,0.6673489285,1.675898803,3.351797606,29.15674067,12.34705909,-0.8732901711
1736,1.645061187,0.8030255752,1.435749364,2.871498728,30.30776522,11.87814401,-0.8633271647
1737,1.452131773,0.8576184144,1.171826498,2.343652997,32.22976685,11.16979846,-0.845916207
1738,1.426875279,-0.2464012515,1.40543925,2.810878501,38.20033749,9.42400051,-0.7858532505
1739,1.783536926,-0.1085818056,1.780228626,3.560457251,31.27359318,11.51130917,-0.8546981784
1740,1.405282198,0.6688900905,1.235881913,2.471763826,35.62269041,10.10591833,-0.8128701636
1741,2.158965989,-0.2256848003,2.147137749,4.294275498,25.95469417,13.87032333,-0.8991404011
1742,1.70217544,0.9731954975,1.396528464,2.793056928,27.81205858,12.94402566,-0.884482799
1743,2.072632097,0.1524995139,2.067014201,4.134028402,27.06263538,13.30247387,-0.8905096924
1744,1.970521261,-0.3537679455,1.938505167,3.877010333,28.08390083,12.81873206,-0.8822591777
1745,1.449986931,1.018973407,1.031579031,2.063158062,29.11208548,12.36599832,-0.8736696202
1746,1.788370103,-0.4924913066,1.719220736,3.438441472,30.24770686,11.90172867,-0.8638556669
1747,1.724047504,0.6331828748,1.603564543,3.207129085,30.4997477,11.80337633,-0.8616313953
1748,1.361601019,0.7855254757,1.112163235,2.22432647,34.73693782,10.36360781,-0.8217768634
1749,2.235392045,0.6670130407,2.133558342,4.267116683,24.20182779,14.87490958,-0.9121070388
1750,1.893618076,0.9644394389,1.629615288,3.259230576,26.03664838,13.82666443,-0.898513465
1751,1.281501089,0.4396893385,1.203710234,2.407420468,40.84610864,8.813569077,-0.7564689719
1752,2.291835696,0.9477270431,2.086701777,4.173403555,22.64252435,15.8992873,-0.9229247427
1753,2.391500493,1.552054431,1.81945092,3.63890184,18.40061699,19.56456135,-0.9488726125
1754,2.106778606,0.6105934322,2.016356059,4.032712118,25.70621269,14.00439669,-0.9010299935
1755,1.627198555,-0.4570540114,1.561690356,3.123380712,33.0765238,10.88385231,-0.8379424044
1756,2.284759522,-0.2985434125,2.265170612,4.530341224,24.50146683,14.69299787,-0.909950654
1757,2.343572054,1.624563765,1.689118867,3.378237733,17.85933813,20.15752193,-0.9518122902
1758,1.947197018,-0.2528396547,1.930711873,3.861423746,28.59727915,12.5886102,-0.8780057064
1759,1.916503561,-0.0469447624,1.915928519,3.831857038,29.23680129,12.31324851,-0.8726085431
1760,2.23321701,-0.9633098952,2.014768538,4.029537075,23.04017869,15.62487882,-0.9202306268
1761,1.778009926,1.492959495,0.965604081,1.931208162,18.34925503,19.61932512,-0.9491551994
1762,1.423120771,1.160791895,0.8233072977,1.646614595,24.88016522,14.46935729,-0.907189715
1763,1.681119303,-0.1934783896,1.669948569,3.339897139,32.95256446,10.92479465,-0.8391211906
1764,1.974856363,0.7677811826,1.819497104,3.638994207,26.4955429,13.58719092,-0.8949690691
1765,2.490410235,-0.1249729904,2.487272581,4.974545162,22.67900073,15.87371526,-0.9226794645
1766,2.305427132,-0.5583779552,2.236785265,4.473570529,23.82704641,15.10888063,-0.9147690728
1767,2.462171813,0.892341848,2.294780177,4.589560355,21.54485779,16.70932356,-0.9301303431
1768,2.665193033,0.543033401,2.60928508,5.218570161,20.84366434,17.2714353,-0.9345547827
1769,1.558392754,0.6908063126,1.396916109,2.793832218,32.66809517,11.01992626,-0.8418114812
1770,1.713672423,0.8638193382,1.480030177,2.960060354,28.84941873,12.47858764,-0.8758908322
1771,1.394004002,-0.1297927413,1.387948487,2.775896974,39.34134758,9.150677904,-0.7733829281
1772,1.234430081,-0.5697535249,1.095079242,2.190158483,40.68508565,8.848451324,-0.7583040546
1773,1.995826311,0.7312297263,1.85704759,3.714095179,26.44689498,13.61218397,-0.8953475389
1774,2.159677375,0.701655763,2.042519414,4.085038827,24.8306875,14.49818899,-0.9075526907
1775,1.480333812,1.075779696,1.01690031,2.03380062,27.64557436,13.02197579,-0.8858347827
1776,1.98140597,0.8572653086,1.786355455,3.572710909,25.91766162,13.89014199,-0.8994230905
1777,1.083880388,-0.2914752257,1.04395349,2.08790698,48.46354928,7.428263207,-0.6630963885
1778,2.151440028,1.163970407,1.809383068,3.618766136,22.45160571,16.03448789,-0.9242024325
1779,2.011132844,1.287638407,1.544876257,3.089752515,22.15217191,16.25122816,-0.9261856677
1780,1.865280127,1.056646184,1.537130051,3.074260102,25.45441282,14.14293084,-0.9029275332
1781,2.058886261,0.05760460679,2.058080257,4.116160515,27.29089519,13.19121258,-0.888690105
1782,1.340874237,1.074755623,0.8017755734,1.603551147,27.38242681,13.14711813,-0.8879564913
1783,1.931338047,0.1495050072,1.925542756,3.851085512,28.95603117,12.43264306,-0.8749914929
1784,1.247293448,0.544512642,1.122161721,2.244323442,40.67596418,8.850435565,-0.7584078275
1785,1.502270532,1.013336045,1.109038688,2.218077376,28.92660906,12.44528867,-0.8752399887
1786,1.391363147,1.112873352,0.8351073633,1.670214727,26.35154348,13.66143885,-0.8960874793
1787,1.983456103,-0.2916296384,1.961899657,3.923799315,28.03672382,12.84030197,-0.882646503
1788,1.701299993,0.460298246,1.637848342,3.275696683,31.77240738,11.33058618,-0.8501463669
1789,2.098884955,1.541610907,1.424343311,2.848686622,18.92048431,19.02699709,-0.9459694918
1790,2.388786897,1.40364524,1.932894948,3.865789895,19.50668778,18.45520901,-0.9426025215
1791,1.81779327,0.4353118052,1.764901132,3.529802264,30.0205142,11.99179993,-0.8658463281
1792,2.253682504,0.4477323318,2.208759966,4.417519932,24.57873419,14.64680798,-0.9093905525
1793,2.292755025,-0.08711530611,2.291099415,4.58219883,24.58903849,14.64067008,-0.909315733
1794,2.407387063,0.8278981248,2.260552403,4.521104807,22.17759453,16.23259906,-0.9260182684
1795,1.91584248,0.8270559554,1.728129294,3.456258587,26.80446334,13.43059906,-0.8925506924
1796,1.958590242,-0.736782469,1.814725139,3.629450277,26.84158317,13.41202558,-0.8922583531
1797,2.379367102,1.115447082,2.101705406,4.203410812,21.22545589,16.96076644,-0.9321630433
1798,2.203229697,-0.1632879914,2.197170483,4.394340966,25.51084312,14.1116465,-0.9025037948
1799,2.041573993,0.0471563394,2.041029311,4.082058623,27.5165073,13.08305578,-0.8868777634
1800,1.810016649,1.03560917,1.484477658,2.968955316,26.13017957,13.77717283,-0.8977957207
1801,2.327715542,-0.01933462659,2.327635242,4.655270484,24.24542898,14.84815964,-0.9117948076
1802,2.356141261,0.7677836243,2.2275345,4.455069,22.7910944,15.79564341,-0.9219233728
1803,2.246607641,1.245786135,1.869562194,3.739124389,21.29164515,16.90804057,-0.9317441868
1804,1.739159695,1.224075224,1.235441739,2.470883477,24.00131306,14.99917938,-0.9135361361
1805,1.311434534,0.9569407079,0.8967301818,1.793460364,31.38646523,11.46991219,-0.8536738496
1806,1.729138961,0.02191844761,1.729000037,3.458000075,32.25356392,11.16155725,-0.8456946281
1807,2.145435695,0.2701400769,2.128360557,4.256721114,26.05645801,13.81615259,-0.8983616486
1808,2.881560689,0.2368964868,2.871806411,5.743612822,19.62602496,18.34299104,-0.9419049864
1809,1.770844568,-0.5022218569,1.698135357,3.396270714,30.47369682,11.81346661,-0.8618620688
1810,1.587489433,0.2177439503,1.57248538,3.14497076,34.70985757,10.37169338,-0.822046086
1811,2.173397329,1.432724511,1.634306099,3.268612198,20.06814787,17.93887519,-0.9392851558
1812,2.419018442,0.3343453487,2.395801204,4.791602408,23.15618299,15.54660369,-0.919436338
1813,2.693014634,1.806303016,1.997397616,3.994795231,15.92067489,22.61210675,-0.9616423902
1814,2.161782906,1.080481907,1.872395306,3.744790612,22.94305207,15.69102484,-0.9208927577
1815,1.761179745,0.8922448919,1.518437733,3.036875465,28.03340211,12.84182343,-0.8826737518
1816,1.189245233,-0.04459892159,1.188408667,2.376817335,45.58699662,7.896988762,-0.6998254733
1817,1.697836641,1.222609147,1.178081547,2.356163095,24.10799013,14.9328085,-0.912777225
1818,1.368110008,1.113328974,0.7951248894,1.590249779,26.1185173,13.78332453,-0.8978853459
1819,1.648232311,0.9840573596,1.322233286,2.644466572,28.19308207,12.76908992,-0.8813605017
1820,1.364926624,0.5099022811,1.26610598,2.53221196,38.12931142,9.441555238,-0.7866192553
1821,1.645202294,0.9571553031,1.33811222,2.676224439,28.57628204,12.59785998,-0.8781810578
1822,2.077101438,0.1914425739,2.068260168,4.136520336,26.9705607,13.34788713,-0.8912396727
1823,2.205353789,1.459106635,1.653660535,3.30732107,19.71934735,18.2561823,-0.9413566625
1824,1.347673901,-0.1393581459,1.340449272,2.680898544,40.55847338,8.876073729,-0.7597427736
1825,1.462823916,1.048426441,1.020125388,2.040250776,28.35975799,12.69404344,-0.8799824132
1826,1.602043524,0.7955136499,1.390575955,2.78115191,30.975574,11.62206066,-0.8573867908
1827,2.372273648,0.5215112107,2.314240333,4.628480666,23.28422031,15.46111466,-0.9185552827
1828,1.881846892,1.18336659,1.463212643,2.926425287,23.9681788,15.01991465,-0.913771212
1829,1.563742378,1.287812355,0.8870341382,1.774068276,22.00177955,16.36231284,-0.9271722192
1830,1.503843148,0.5778237139,1.388403389,2.776806778,34.61412424,10.40037869,-0.8229963618
1831,1.750849089,0.9777854081,1.452380194,2.904760388,27.28724678,13.1929763,-0.8887192994
1832,1.641206596,0.82596647,1.418216655,2.836433309,30.13044027,11.94804977,-0.8648848544
1833,1.758627869,0.1570905835,1.751597708,3.503195416,31.63964612,11.37812979,-0.8513641554
1834,1.582686984,1.259906915,0.9578792491,1.915758498,23.01575388,15.64146027,-0.9203973843
1835,2.117554345,0.8362281611,1.945445673,3.890891346,24.67773017,14.58805156,-0.9086705262
1836,2.147227335,1.468662781,1.566401884,3.132803768,19.75921545,18.21934686,-0.9411216526
1837,2.663843565,0.7186711409,2.565068095,5.130136189,20.53986204,17.52689474,-0.936428315
1838,1.815985792,0.8382409815,1.61094893,3.22189786,27.85916,12.92214123,-0.8840989424
1839,1.959597522,-0.2691858954,1.941020711,3.882041423,28.39879981,12.67659205,-0.8796585357
1840,1.52641555,-0.2420408574,1.507103399,3.014206798,35.92664718,10.02041739,-0.8097688422
1841,2.346709057,0.1948921277,2.338602244,4.677204488,23.98194887,15.01129045,-0.9136735554
1842,2.027193889,0.3710438605,1.992947947,3.985895894,27.31059234,13.18169872,-0.8885324264
1843,1.809809259,0.6019542424,1.706769065,3.413538131,29.42929212,12.23271014,-0.8709627257
1844,1.552525242,1.294067682,0.8577432362,1.715486472,21.6551485,16.62422218,-0.9294217269
1845,1.761107575,1.077285671,1.393181781,2.786363561,26.03914412,13.8253392,-0.8984943441
1846,1.779186354,-0.1124783654,1.77562741,3.55125482,31.34263934,11.48595037,-0.8540719691
1847,2.469496098,0.1854734158,2.462521185,4.925042371,22.83392341,15.76601592,-0.9216335517
1848,1.506177496,-0.2390819081,1.487081198,2.974162396,36.37907819,9.895797747,-0.8051104333
1849,1.740013179,1.20242466,1.257704576,2.515409151,24.36078706,14.77784766,-0.9109661741
1850,2.047856538,0.8861670637,1.846191847,3.692383693,25.0859409,14.35066763,-0.9056728608
1851,1.446299799,1.163150844,0.8595715333,1.719143067,25.01875189,14.38920701,-0.9061694231
1852,1.46444492,-0.4280901919,1.400477673,2.800955346,36.47161924,9.870688701,-0.8041514001
1853,1.20638414,0.303968424,1.167461301,2.334922602,44.08488573,8.166064039,-0.7183098503
1854,2.527004322,1.21908211,2.213501673,4.427003345,19.8371531,18.14776536,-0.9406609186
1855,1.982841145,1.530541553,1.260595717,2.521191434,18.90114357,19.04646661,-0.9460788935
1856,1.528220444,0.3348104268,1.491093459,2.982186918,35.56460774,10.12242291,-0.8134601899
1857,1.81517542,0.5431022046,1.732022459,3.464044918,29.63271269,12.14873589,-0.8692127746
1858,2.644283837,0.7203427152,2.544276593,5.088553187,20.67469413,17.41259134,-0.9356000591
1859,1.348382177,1.056706913,0.8375589509,1.675117902,28.10719579,12.80810803,-0.8820677046
1860,1.966575003,0.567321786,1.882966604,3.765933208,27.49823513,13.09174928,-0.8870250559
1861,1.978075308,1.273951701,1.513218089,3.026436179,22.4471617,16.03766234,-0.9242320511
1862,1.967603491,1.414187805,1.368041062,2.736082124,20.69451798,17.39591134,-0.9354778468
1863,2.003156554,0.6140888955,1.906706849,3.813413699,26.87350281,13.39609513,-0.8920066687
1864,1.691030064,0.9782820071,1.379328457,2.758656914,27.85926651,12.92209183,-0.8840980737
1865,1.987683517,0.4345086883,1.939610261,3.879220522,27.65874246,13.01577613,-0.8857281196
1866,1.878452581,0.3312085797,1.849022709,3.698045417,29.42168935,12.23587115,-0.8710279168
1867,1.964012948,-0.3416696602,1.93406533,3.868130661,28.19781538,12.76694648,-0.8813214692
1868,2.019745274,-0.09900415877,2.017317315,4.03463463,27.78031632,12.95881573,-0.8847411478
1869,1.373791744,1.108267829,0.8118165905,1.623633181,26.37337666,13.65012924,-0.8959182699
1870,2.004040716,0.2103498832,1.992970677,3.985941353,27.88670746,12.90937629,-0.8838741654
1871,2.442351901,0.8029749704,2.306580587,4.613161174,21.9787716,16.37944133,-0.9273225847
1872,1.22902146,0.3698939275,1.172037641,2.344075281,42.91742482,8.388201332,-0.7323358438
1873,2.071082501,0.6534167624,1.965306404,3.930612808,25.94460423,13.87571754,-0.8992174603
1874,1.55578191,-0.514297111,1.468317348,2.936634696,34.07840479,10.56387475,-0.8282715849
1875,1.535598628,0.680840969,1.37641517,2.75283034,33.14167718,10.86245569,-0.8373212583
1876,1.245663926,0.1398724135,1.237786057,2.475572115,43.55875066,8.264699849,-0.7246681562
1877,1.829506117,1.134158917,1.435540381,2.871080762,24.8683007,14.47626054,-0.9072768166
1878,1.637418603,0.7330502855,1.464164253,2.928328506,31.05863278,11.59098028,-0.8566397954
1879,1.961012502,0.7837781149,1.797571111,3.595142223,26.56232423,13.55303086,-0.8944484748
1880,2.038576133,0.7804511608,1.883265419,3.766530837,25.74208178,13.98488293,-0.9007582706
1881,1.619092617,1.173176971,1.115847972,2.231695944,25.19848038,14.2865758,-0.9048383448
1882,1.570675346,1.120931884,1.100242134,2.200484269,26.39384845,13.63954183,-0.8957594932
1883,1.808309371,1.182289393,1.368274304,2.736548608,24.37402262,14.769823,-0.9108708649
1884,1.490284567,0.1429366692,1.483414035,2.966828069,36.96657576,9.738527106,-0.7989864508
1885,1.319875375,0.9487996572,0.91752396,1.83504792,31.58873752,11.39646685,-0.8518299162
1886,2.9313384,0.7786465018,2.826031571,5.652063142,18.71335921,19.23759364,-0.9471354972
1887,1.265161995,0.801764435,0.9786769965,1.957353993,35.92728059,10.02024072,-0.8097623556
1888,1.622934117,1.15612328,1.138988196,2.277976392,25.53756185,14.09688216,-0.9023028568
1889,1.013957072,0.5529315737,0.8499268317,1.699853663,47.52586329,7.574822951,-0.6752573321
1890,1.956862051,-0.6797775791,1.83499633,3.66999266,27.14275104,13.26320974,-0.8898726536
1891,2.352071965,0.4545085935,2.307740121,4.615480242,23.59986433,15.25432498,-0.9163636775
1892,1.414146813,0.1776725277,1.402941083,2.805882166,38.72149174,9.297162476,-0.7801958229
1893,1.479152441,0.4901547339,1.395578834,2.791157668,35.75966284,10.06720901,-0.8114754377
1894,1.708003903,1.278711679,1.132331124,2.264662248,23.00253121,15.65045154,-0.9204875909
1895,1.611478037,1.208857195,1.065610503,2.131221007,24.42078927,14.74153829,-0.9105337095
1896,1.885777328,1.25685767,1.405868034,2.811736068,23.03652476,15.62735715,-0.9202555842
1897,2.043636231,1.354129012,1.530615453,3.061230906,21.29692114,16.90385186,-0.931710746
1898,1.923463985,1.063912241,1.602437032,3.204874065,24.9154834,14.44884669,-0.906930202
1899,1.037406604,-0.3421465899,0.9793611044,1.958722209,49.84822012,7.221922851,-0.6448146485
1900,1.969572119,1.390864613,1.39452858,2.78905716,21.0193125,17.12710632,-0.9334595796
1901,1.940628007,1.498037745,1.233661208,2.467322415,19.33428611,18.61977204,-0.943603001
1902,1.760474427,1.322127606,1.162432278,2.324864556,22.19425335,16.220415,-0.9259084768
1903,2.820670377,0.7460028607,2.720231811,5.440463623,19.4426998,18.51594705,-0.9429748522
1904,1.992795103,1.344678828,1.470738308,2.941476616,21.56536063,16.69343751,-0.9299988734
1905,1.403780078,0.04778698068,1.402966468,2.805932936,39.19361146,9.185170403,-0.7750149558
1906,1.231970301,-0.4214799505,1.157629247,2.315258494,42.40033686,8.490498582,-0.7384513762
1907,2.040127689,-0.2466539643,2.025162416,4.050324831,27.36895535,13.15358936,-0.8880646055
1908,1.027993981,0.4171350957,0.9395583729,1.879116746,49.34826653,7.295089075,-0.6514595127
1909,2.370131226,0.5499534397,2.305444262,4.610888524,23.24436602,15.48762395,-0.9188300215
1910,1.459090297,0.2008752654,1.445196742,2.890393483,37.56581067,9.583181984,-0.7926535859
1911,1.875451577,1.048282741,1.555127619,3.110255238,25.45278914,14.14383304,-0.9029397125
1912,1.43123208,1.139828331,0.8655730139,1.731146028,25.7012774,14.00708589,-0.9010673527
1913,1.902304748,0.1444743508,1.896810617,3.793621234,29.38205322,12.25237724,-0.8713675344
1914,2.155586442,0.1124864506,2.152649463,4.305298925,26.0873914,13.79976996,-0.8981243678
1915,2.43751897,-0.1907590243,2.430043152,4.860086305,23.12055102,15.57056316,-0.9196807135
1916,1.358597993,0.9016574756,1.016268815,2.03253763,32.49079002,11.08006299,-0.8434778028
1917,1.708782603,0.529437892,1.624694896,3.249389791,31.32110203,11.49384845,-0.8542674334
1918,1.412302681,0.9551633395,1.040318152,2.080636304,30.80795938,11.68529196,-0.8588887569
1919,1.747005459,0.7725984391,1.566882167,3.133764334,29.21373468,12.32297082,-0.8728051047
1920,2.474379703,0.02027771929,2.474296613,4.948593226,22.84725986,15.75681295,-0.9215431996
1921,1.92939457,1.457167283,1.264605439,2.529210878,20.01013566,17.99088252,-0.9396321025
1922,2.216049364,0.6591788021,2.115740553,4.231481107,24.41502558,14.74501834,-0.9105752945
1923,1.902857604,0.2776503207,1.882492327,3.764984654,29.18158438,12.33654744,-0.8730788367
1924,1.767096419,0.6128964425,1.657403906,3.314807811,29.9833978,12.00664456,-0.8661702489
1925,1.823226355,-0.2043057609,1.811743221,3.623486442,30.51283789,11.79831261,-0.861515418
1926,2.303867633,0.8069432015,2.157926954,4.315853908,23.10565311,15.58060265,-0.9197827828
1927,2.224580906,-0.294293354,2.205028714,4.410057429,25.13967146,14.31999621,-0.9052748673
1928,1.877781095,1.449413204,1.193843878,2.387687756,20.02246508,17.97980412,-0.939558446
1929,2.371682047,-0.1383670385,2.367642349,4.735284699,23.77357693,15.14286223,-0.9151456734
1930,1.634927032,1.031804918,1.268213314,2.536426628,27.62797281,13.03027198,-0.8859772843
1931,1.733692728,1.065783321,1.367404983,2.734809967,26.39113075,13.6409464,-0.895780578
1932,1.297345419,0.8168349031,1.007911642,2.015823284,35.11895563,10.25087431,-0.817959439
1933,1.550847801,0.5636956958,1.444775437,2.889550874,33.83747855,10.6390906,-0.8306204051
1934,1.85481605,1.059982054,1.522097442,3.044194885,25.50558996,14.11455295,-0.902543278
1935,2.336825513,0.7034285177,2.228439319,4.456878638,23.1545371,15.54770879,-0.9194476339
1936,2.062055923,-0.7223443411,1.931396718,3.862793436,25.76190439,13.9741222,-0.9006079548
1937,2.311127922,1.255906784,1.940105776,3.880211553,20.85994394,17.25795625,-0.9344536451
1938,1.687971917,0.08185120668,1.685986232,3.371972464,32.9691984,10.91928277,-0.8389632389
1939,1.75148635,1.352383981,1.112996856,2.225993713,21.55408333,16.70217167,-0.9300712012
1940,1.580200399,1.105032831,1.129573257,2.259146514,26.68846502,13.4889736,-0.8934618287
1941,2.181145358,0.4526005826,2.133670027,4.267340055,25.33151632,14.21154563,-0.9038473389
1942,2.054397474,-0.3894107306,2.017153505,4.034307011,26.93188426,13.36705581,-0.8915456183
1943,1.90454446,1.20137769,1.477829911,2.955659821,23.63316121,15.23283309,-0.9161308652
1944,1.380241189,1.225466162,0.6350578128,1.270115626,20.99208233,17.14932299,-0.9336299402
1945,1.715074338,0.1179046593,1.711016796,3.422033592,32.44477178,11.09577846,-0.8439089646
1946,1.247573678,-0.3929849868,1.184062026,2.368124052,42.18686812,8.533461146,-0.7409585315
1947,2.331198472,0.2783260495,2.314523909,4.629047819,24.05754378,14.96412116,-0.9131364998
1948,2.095458816,0.2940459166,2.074725199,4.149450397,26.61209078,13.5276857,-0.894059729
1949,1.128248141,0.9087930737,0.6686097636,1.337219527,33.16916652,10.8534533,-0.8370588611
1950,1.751296348,-0.1859036408,1.741401371,3.482802742,31.72300172,11.34823253,-0.8506000872
1951,2.204294778,1.322774262,1.763287759,3.526575518,20.93594736,17.19530499,-0.9339804731
1952,1.25600749,0.5375203364,1.135176948,2.270353896,40.53337399,8.881570039,-0.7600275423
1953,1.829030759,-0.01649790458,1.828956351,3.657912703,30.57763288,11.7733116,-0.860940681
1954,1.789123595,1.164285071,1.358456297,2.716912595,24.71866482,14.56389343,-0.9083720039
1955,1.511621761,0.6597944971,1.360026312,2.720052624,33.75549947,10.66492885,-0.8314162827
1956,1.569843139,-0.3877778604,1.521195521,3.042391041,34.48726489,10.43863586,-0.8242520631
1957,2.077384636,0.336715673,2.049914506,4.099829013,26.75809345,13.45387334,-0.8929153548
1958,1.913497637,0.4952169092,1.848305553,3.696611106,28.44843708,12.65447374,-0.8792461723
1959,1.311744787,1.109976487,0.6990183009,1.398036602,25.42195592,14.1609875,-0.9031708573
1960,1.330260939,-0.4327405518,1.257906904,2.515813808,39.6176635,9.086855916,-0.7703166971
1961,1.885117133,1.064153602,1.556034613,3.112069226,25.22054407,14.27407748,-0.9046743262
1962,1.242685246,-0.4621015081,1.153572199,2.307144397,41.71042999,8.630934758,-0.7465170729
1963,1.556899681,1.164013462,1.033929049,2.067858098,25.43586355,14.15324466,-0.9030666295
1964,1.718420695,1.395388515,1.002926008,2.005852017,20.35716897,17.68418784,-0.9375423
1965,1.234332128,0.4796102374,1.137343318,2.274686635,41.76585807,8.619480519,-0.7458730467
1966,2.0877998,1.24143195,1.678616907,3.357233814,22.22154427,16.20049424,-0.9257284442
1967,2.406219194,0.2451397027,2.393699508,4.787399017,23.36841184,15.40541148,-0.9179734408
1968,1.431503319,1.045869797,0.9774242283,1.954848457,28.51321503,12.62572459,-0.8787070347
1969,1.905677981,1.172685949,1.502137221,3.004274443,23.95117026,15.0305808,-0.913891763
1970,1.541415296,1.143615276,1.033491758,2.066983516,25.92573945,13.88581416,-0.8993614602
1971,2.192693158,0.6837659807,2.083354835,4.166709671,24.56448766,14.65530261,-0.9094939483
1972,2.138234844,1.088308444,1.840552356,3.681104713,23.06682093,15.60683204,-0.9200485392
1973,2.037919435,-0.07710812632,2.036460154,4.072920308,27.55341162,13.06553268,-0.8865800018
1974,1.277085241,0.5273876926,1.163103149,2.326206298,40.10577816,8.976262686,-0.7648564385
1975,1.661869107,0.06337330455,1.660660336,3.321320672,33.47033285,10.75579384,-0.8341714974
1976,1.280855515,0.7538881462,1.035491919,2.070983837,36.67290623,9.816511345,-0.8020581569
1977,1.392485553,-0.4962110945,1.301072851,2.602145702,37.60756745,9.572541497,-0.7922090504
1978,1.878527351,0.4409171246,1.826049588,3.652099177,29.11409621,12.36514427,-0.8736525458
1979,2.488919211,0.999303064,2.279498239,4.558996479,20.97928601,17.15978321,-0.9337099253
1980,1.920579599,0.1680992727,1.913208988,3.826417975,29.09102188,12.37495202,-0.87384842
1981,2.128671791,0.6647188208,2.022224637,4.044449275,25.28348087,14.23854579,-0.904205725
1982,1.52968004,1.166217978,0.9898770904,1.979754181,25.34426145,14.20439892,-0.9037521425
1983,2.08582484,0.7586069704,1.942982431,3.885964863,25.35258951,14.19973292,-0.9036899141
1984,2.292842885,1.237467061,1.930234123,3.860468246,21.08151252,17.07657359,-0.9330696455
1985,2.201624324,-0.6831213781,2.092963174,4.185926349,24.47854488,14.70675654,-0.9101164941
1986,1.838712511,0.6906880198,1.704058026,3.408116052,28.55844907,12.60572656,-0.8783298921
1987,2.230582829,0.9421335863,2.021851643,4.043703285,23.16413789,15.54126476,-0.9193817321
1988,1.675768761,1.237267033,1.130208489,2.260416979,23.83575381,15.10336123,-0.9147076687
1989,1.741630939,0.9451954886,1.462834172,2.925668344,27.7254976,12.98443783,-0.8851866754
1990,1.666343244,1.189363029,1.167096993,2.334193986,24.79248339,14.52053005,-0.9078324985
1991,2.091486381,0.4196933673,2.048944304,4.097888607,26.41801329,13.62706559,-0.8955719265
1992,2.111262767,0.9037560761,1.908050163,3.816100327,24.3940711,14.7576843,-0.9107264035
1993,1.998922941,0.3919480468,1.960119806,3.920239611,27.62304682,13.03259565,-0.88601715
1994,2.059303065,1.019610449,1.789168423,3.578336845,24.14818261,14.90795419,-0.912490471
1995,2.008660802,1.078101449,1.694820192,3.389640384,24.12312993,14.92343659,-0.9126692625
1996,2.332487096,0.5249293324,2.27265159,4.54530318,23.64614155,15.22447116,-0.9160400226
1997,2.09306321,-0.3767140794,2.058883218,4.117766435,26.49206427,13.58897504,-0.8949961535
1998,1.310007674,0.6833197993,1.117673547,2.235347094,37.31951413,9.646427837,-0.7952670436
1999,1.497204019,-0.08800289641,1.494615457,2.989230913,36.88647482,9.759674833,-0.7998263707
