draw,midpoint_residual,valence_offset,markedness,markedness_ratio,apex_angle_deg,effective_vertices,step_cosine
0,0.6058309345,0.282470082,0.5359494137,1.071898827,77.68211619,4.634271279,-0.2133353424
1,0.5918170517,0.2377209436,0.5419743311,1.083948662,79.52060428,4.527128576,-0.181881923
2,0.6683245726,0.3350193896,0.5782903621,1.156580724,71.21850221,5.054866205,-0.3219599821
3,0.6681980433,0.2501473702,0.6196086816,1.239217363,72.40527861,4.972013186,-0.3022820728
4,0.5940692321,0.2410860395,0.5429509868,1.085901974,79.26672689,4.541628173,-0.1862372121
5,0.591316636,0.2923681059,0.5139807921,1.027961584,79.02711227,4.555398643,-0.1903444696
6,0.6888456044,0.3276915307,0.6059096693,1.211819339,69.66877445,5.167307776,-0.3474467388
7,0.5857353868,0.2411906069,0.5337724557,1.067544911,80.1075277,4.493959685,-0.171799672
8,0.6367754431,0.2721154892,0.5757048945,1.151409789,74.88646932,4.807276979,-0.2607325025
9,0.6185989236,0.2954771042,0.5434684068,1.086936814,76.28195862,4.719333464,-0.2371440571
10,0.6270234175,0.3356505657,0.5296197351,1.05923947,74.87418835,4.808065476,-0.260939426
11,0.5999837713,0.2615215441,0.5399879701,1.07997594,78.48790316,4.58669407,-0.1995748212
12,0.5954864363,0.3018793215,0.5132961826,1.026592365,78.48147862,4.587069539,-0.1996846935
13,0.6667136914,0.2867686805,0.6018894169,1.203778834,72.09119405,4.993675091,-0.3075028674
14,0.6274222747,0.3105847266,0.5451567099,1.09031342,75.23713236,4.784871362,-0.2548191235
15,0.6385726682,0.2721095736,0.5776949303,1.155389861,74.72439983,4.817703465,-0.2634622622
16,0.6332206272,0.242336623,0.5850139519,1.170027904,75.52997951,4.766319313,-0.2498733952
17,0.6371351012,0.3443076411,0.5360908369,1.072181674,73.78104404,4.879302058,-0.2793087982
18,0.6154692552,0.2953047093,0.5399977156,1.079995431,76.58425728,4.700704986,-0.2320151769
19,0.5875387284,0.2329747474,0.5393741971,1.078748394,79.9901581,4.500553675,-0.1738173391
20,0.6779060302,0.2681786673,0.6226048411,1.245209682,71.39777576,5.04217388,-0.3189961017
21,0.6049700293,0.2431531963,0.5539542034,1.107908407,78.17406921,4.605107597,-0.2049390443
22,0.6355555712,0.2790115369,0.5710371672,1.142074334,74.91372775,4.805527783,-0.2602731793
23,0.615417255,0.2634042772,0.556198332,1.112396664,76.96774033,4.677284255,-0.2254996255
24,0.6193373956,0.3007146708,0.541432818,1.082865636,76.14111668,4.728063046,-0.2395313738
25,0.6512647145,0.355281741,0.5458210447,1.091642089,72.30457177,4.978938277,-0.3039570447
26,0.6472062045,0.2408537717,0.600720677,1.201441354,74.29815222,4.845342573,-0.2706314926
27,0.6415592131,0.3116084171,0.5608015855,1.121603171,73.92535736,4.869776933,-0.2768894147
28,0.627992621,0.3108312423,0.5456726774,1.091345355,75.1801962,4.788495085,-0.2557799169
29,0.6424413243,0.2826548705,0.5769203406,1.153840681,74.24793091,4.848619963,-0.2714752062
30,0.5976920611,0.322618448,0.5031432569,1.006286514,77.96847274,4.617250888,-0.2084498895
31,0.6102051158,0.2415087977,0.5603782508,1.120756502,77.68359703,4.634182939,-0.2133100918
32,0.6572935456,0.3074585189,0.5809509999,1.161902,72.60217352,4.958529236,-0.2990045928
33,0.6157315805,0.2507554267,0.5623585112,1.124717022,77.06824304,4.671184729,-0.2237903562
34,0.6829844437,0.2887768125,0.6189310971,1.237862194,70.72299604,5.090282089,-0.3301355654
35,0.6002068543,0.2579908698,0.5419307881,1.083861576,78.5008931,4.585935087,-0.1993526598
36,0.5959192163,0.2212268189,0.5533339019,1.106667804,79.24340497,4.542964807,-0.1866371196
37,0.6391670526,0.3061571566,0.56107247,1.12214494,74.22203053,4.850311928,-0.271910249
38,0.5829062914,0.2152404744,0.5417114386,1.083422877,80.5897059,4.467071768,-0.163503213
39,0.6188287619,0.2848134563,0.5493908733,1.098781747,76.39631565,4.712269131,-0.2352046136
40,0.6096913202,0.2741007588,0.5446028644,1.089205729,77.40096763,4.651104644,-0.2181267597
41,0.6389449864,0.2804010423,0.5741306047,1.148261209,74.58991028,4.826390039,-0.2657258895
42,0.6253602974,0.3206455035,0.5369003284,1.073800657,75.2778032,4.782286208,-0.2541326521
43,0.6218300115,0.2258089365,0.5793814697,1.158762939,76.72692138,4.691964614,-0.2295924475
44,0.5552254029,0.206302937,0.5154748744,1.030949749,83.55000707,4.308796763,-0.1123359931
45,0.5841515099,0.210477424,0.5449148929,1.089829786,80.49534555,4.472308275,-0.1651277266
46,0.6276339531,0.2596211117,0.571420386,1.142840772,75.86289191,4.745403068,-0.2442431063
47,0.5679571171,0.2704924374,0.4994087786,0.9988175573,81.73152131,4.404665351,-0.143811791
48,0.6401118315,0.2935888794,0.5688134376,1.137626875,74.31335869,4.844351088,-0.270375984
49,0.6279865048,0.3334871085,0.5321216014,1.064243203,74.82077738,4.811497723,-0.2618392138
50,0.5999130806,0.2577553802,0.541717517,1.083435034,78.53229768,4.584101199,-0.1988155183
51,0.6225227262,0.23051325,0.5782717235,1.156543447,76.62149279,4.698420598,-0.2313829795
52,0.6232877764,0.3004614509,0.5460865945,1.092173189,75.76978094,4.751234536,-0.2458186587
53,0.6193028661,0.2969528563,0.5434657681,1.086931536,76.19522317,4.724705632,-0.2386144216
54,0.5900527077,0.2680860053,0.5256349414,1.051269883,79.42187619,4.532756178,-0.1835760411
55,0.6380199137,0.2423925547,0.5901823952,1.18036479,75.09691598,4.793805382,-0.2571848092
56,0.6116616617,0.2842399663,0.5416065269,1.083213054,77.0914027,4.66978142,-0.2233963776
57,0.6795887021,0.3094580434,0.6050425798,1.21008516,70.70355081,5.091682042,-0.3304559015
58,0.6659674932,0.3149308003,0.5867974889,1.173594978,71.74859898,5.017519577,-0.3131870288
59,0.5991802643,0.3209090901,0.5059983646,1.011996729,77.84151698,4.624781402,-0.2106164977
60,0.6518681599,0.3190276084,0.5684659031,1.136931806,72.89547449,4.938578184,-0.2941158177
61,0.6462457441,0.3010285186,0.5718525971,1.143705194,73.66196475,4.887189762,-0.2813038044
62,0.5963748951,0.2514747453,0.5407619328,1.081523866,78.94390434,4.560200094,-0.1917699697
63,0.6409769458,0.3619803585,0.5289817247,1.057963449,73.08666305,4.925659279,-0.2909249068
64,0.6164486902,0.2690619202,0.5546302108,1.109260422,76.80767248,4.687031756,-0.2282204961
65,0.6340573553,0.2660545271,0.5755377645,1.151075529,75.20324833,4.787027263,-0.2553909444
66,0.6341250008,0.2740430412,0.5718521909,1.143704382,75.10407842,4.793348212,-0.2570640041
67,0.6268024667,0.2973762876,0.5517686796,1.103537359,75.48206839,4.769344663,-0.2506829887
68,0.6220934048,0.2730852103,0.5589496151,1.11789923,76.2281344,4.722665756,-0.2380565651
69,0.5993336664,0.2395542045,0.5493765802,1.09875316,78.7577203,4.570980453,-0.1949581646
70,0.605854991,0.276552641,0.5390537142,1.078107428,77.747946,4.630347405,-0.2122127049
71,0.6172649062,0.2771796302,0.5515318821,1.103063764,76.63711246,4.697462997,-0.2311177544
72,0.5833760334,0.2493551428,0.5273989089,1.054797818,80.28124934,4.484235148,-0.1688119526
73,0.6121718996,0.3205898627,0.5215137338,1.043027468,76.54674714,4.703008468,-0.2326519378
74,0.5790505655,0.2741009822,0.5100668671,1.020133734,80.50615889,4.471707568,-0.1649415862
75,0.6062447959,0.3125843247,0.5194456589,1.038891318,77.25060858,4.660157461,-0.2206870751
76,0.5808712791,0.2738290513,0.5122783361,1.024556672,80.31672477,4.482254487,-0.1682016433
77,0.6389690717,0.2640089936,0.5818768993,1.163753799,74.78266862,4.813949631,-0.2624810741
78,0.6207256572,0.2839826692,0.551954876,1.103909752,76.22670783,4.72275414,-0.2380807476
79,0.6182140915,0.2302267822,0.5737458424,1.147491685,77.02569616,4.673764964,-0.2245140438
80,0.6654871537,0.2993311202,0.5943685997,1.188737199,72.02170604,4.998493091,-0.3086566722
81,0.6479630249,0.341180968,0.5508644377,1.101728875,72.86313535,4.940770093,-0.2946552307
82,0.6053532102,0.2943019823,0.5289979701,1.05799594,77.58504465,4.640069509,-0.214990251
83,0.6232382056,0.2381390523,0.5759476128,1.151895226,76.48560292,4.706768153,-0.2336896902
84,0.6422900642,0.2746754037,0.5805944791,1.161188958,74.36049226,4.841280485,-0.2695838959
85,0.6512388047,0.3368466527,0.5573565406,1.114713081,72.65177626,4.955143818,-0.2981783555
86,0.5764199558,0.3030909986,0.4903017561,0.9806035122,80.47594918,4.473386194,-0.1654616005
87,0.6094408146,0.2658600136,0.5483945292,1.096789058,77.51573869,4.644218143,-0.2161714252
88,0.6214399361,0.3288907091,0.5272745922,1.054549184,75.51781402,4.767087139,-0.250078982
89,0.6201400246,0.2796581758,0.5535024434,1.107004887,76.33476018,4.716069051,-0.2362486834
90,0.6515842602,0.3466174497,0.5517412362,1.103482472,72.44346681,4.969392215,-0.3016466763
91,0.6304465756,0.2340660489,0.585385317,1.170770634,75.86094619,4.74552478,-0.2442760369
92,0.6398176372,0.2735179346,0.5784069055,1.156813811,74.59569078,4.826016037,-0.2656286264
93,0.6044825736,0.2460907336,0.5521218458,1.104243692,78.19453931,4.603902052,-0.2045893438
94,0.649098059,0.2569673819,0.5960671563,1.192134313,73.96369846,4.867252551,-0.276246338
95,0.6651538428,0.2676951213,0.6089080034,1.217816007,72.46220574,4.968107116,-0.3013348384
96,0.6023275314,0.2946997307,0.5253099312,1.050619862,77.88104739,4.622433982,-0.2099419879
97,0.6292315141,0.2590054658,0.5734531079,1.146906216,75.72243094,4.754205531,-0.2466196302
98,0.6518088761,0.3369515343,0.5579592051,1.11591841,72.59990695,4.958684041,-0.2990423419
99,0.5541071191,0.2454288495,0.4967890692,0.9935781384,83.45073617,4.313922399,-0.1140574608
100,0.6133053827,0.247179336,0.5612894692,1.122578938,77.33386468,4.655140429,-0.2192695761
101,0.6448671677,0.3055329289,0.5678937342,1.135787468,73.71952814,4.883373634,-0.2803395619
102,0.5998862856,0.2857112436,0.5274776212,1.054955242,78.23458597,4.60154541,-0.203905132
103,0.6218393919,0.28647052,0.5519228846,1.103845769,76.09049967,4.731208253,-0.2403889956
104,0.6600922761,0.2877464165,0.5940739119,1.188147824,72.63949858,4.955981347,-0.2983828868
105,0.6877772979,0.3270262638,0.6050549019,1.210109804,69.76491513,5.160186884,-0.3458728172
106,0.5977562426,0.300732536,0.5165970067,1.033194013,78.2648637,4.599765246,-0.2033877599
107,0.6657553249,0.2929222723,0.5978517333,1.195703467,72.08877934,4.99384236,-0.3075429697
108,0.6845451474,0.1846371533,0.6591746206,1.318349241,71.65293206,5.024218684,-0.314772294
109,0.604631373,0.2478111241,0.5515149535,1.103029907,78.16400775,4.605700378,-0.2051109196
110,0.5992297633,0.279097609,0.5302648715,1.060529743,78.37630401,4.593225013,-0.2014830298
111,0.5749825205,0.2870524767,0.4982025436,0.9964050872,80.80967215,4.45491227,-0.1597145462
112,0.5869011068,0.2869557602,0.511966113,1.023932226,79.54700788,4.525625911,-0.1814287603
113,0.5857524021,0.2003680418,0.5504166825,1.100833365,80.39900185,4.477667529,-0.1667859237
114,0.5801639,0.2963971762,0.4987372704,0.9974745407,80.15055957,4.491546933,-0.1710597425
115,0.5925496915,0.3211944186,0.4979450597,0.9958901193,78.52131867,4.584742158,-0.1990033092
116,0.6137749575,0.2439867434,0.5631963844,1.126392769,77.31956694,4.656001246,-0.2195130391
117,0.5998068371,0.2610298723,0.5400293026,1.080058605,78.51038826,4.585380457,-0.1991902616
118,0.6242766472,0.2730288768,0.5614058822,1.122811764,76.02429999,4.735328047,-0.2415103571
119,0.6396789142,0.276720648,0.5767276621,1.153455324,74.56936148,4.82772003,-0.2660716228
120,0.6326727909,0.3328722724,0.5380250093,1.076050019,74.39450945,4.839066789,-0.2690121175
121,0.6370863355,0.2782162894,0.5731271195,1.146254239,74.78475099,4.813815587,-0.2624460042
122,0.6534217428,0.2770020953,0.5918021741,1.183604348,73.35234657,4.907818452,-0.2864853143
123,0.6185715861,0.3244482964,0.5266536908,1.053307382,75.86474642,4.745287067,-0.2442117192
124,0.6125526334,0.3178580358,0.5236286831,1.047257366,76.55084943,4.702756438,-0.2325823035
125,0.6712902223,0.284421785,0.6080582298,1.21611646,71.73954487,5.018152829,-0.313337099
126,0.6294922125,0.2838514361,0.5618619117,1.123723823,75.40894066,4.773969729,-0.25191835
127,0.6534327919,0.3007270804,0.5801186401,1.16023728,73.03483987,4.929154368,-0.29179015
128,0.6393776445,0.2890244672,0.5703232677,1.140646535,74.44039431,4.836084002,-0.268240711
129,0.7114354452,0.2920157336,0.6487427872,1.297485574,68.45461422,5.258958861,-0.3672381246
130,0.6433342138,0.3423635436,0.5446706479,1.089341296,73.25466358,4.914362887,-0.2881183258
131,0.5716673462,0.2715077056,0.5030776486,1.006155297,81.31982566,4.426964729,-0.1509187695
132,0.6449168054,0.2286493132,0.6030233639,1.206046728,74.61612927,4.824694118,-0.2652847055
133,0.6425961593,0.3392273909,0.5457605713,1.091521143,73.37767953,4.906124073,-0.2860616752
134,0.6139606449,0.2622659596,0.5551254272,1.110250854,77.11893073,4.668114516,-0.2229280393
135,0.6534961784,0.304811114,0.5780548763,1.156109753,72.97025995,4.933516754,-0.2928680465
136,0.5998737018,0.2962133311,0.521637921,1.043275842,78.10819212,4.608991582,-0.2060642766
137,0.6245841658,0.2610611667,0.5674085366,1.134817073,76.12988461,4.728760615,-0.2397216988
138,0.6268322358,0.3196627735,0.5391978886,1.078395777,75.15467406,4.790121234,-0.2562105193
139,0.5820681381,0.2416750492,0.5295247756,1.059049551,80.47987017,4.47316825,-0.1653941092
140,0.630745733,0.2312133439,0.5868394749,1.17367895,75.85993795,4.745587852,-0.2442931008
141,0.5902921459,0.2342103953,0.541839744,1.083679488,79.70247235,4.516798405,-0.1787597597
142,0.6249952573,0.2807044448,0.5584121115,1.116824223,75.86568003,4.74522867,-0.2441959179
143,0.579788614,0.2676733559,0.5143012847,1.028602569,80.49021248,4.472593485,-0.1652160851
144,0.6592918923,0.2440882156,0.6124432563,1.224886513,73.22072686,4.916640621,-0.2886854659
145,0.6217548274,0.2533312077,0.5678048649,1.13560973,76.47508403,4.707415553,-0.2338681921
146,0.6306478232,0.2816422018,0.5642644301,1.12852886,75.32996067,4.778975016,-0.2532521136
147,0.5772230856,0.2521922987,0.51921627,1.03843254,80.89768485,4.450065545,-0.1581979655
148,0.6002609947,0.2817432428,0.530032081,1.060064162,78.24311693,4.601043697,-0.2037593646
149,0.6095439327,0.3191347282,0.519323436,1.038646872,76.82744417,4.685825539,-0.2278845083
150,0.6096322141,0.2654666949,0.5487976589,1.097595318,77.50140067,4.645077339,-0.2164157471
151,0.6290793874,0.2327076571,0.5844553208,1.168910642,75.99817277,4.736955993,-0.2419528393
152,0.5916940656,0.2294469937,0.5453952186,1.090790437,79.59968359,4.522631043,-0.1805245769
153,0.6460851235,0.3403995333,0.5491394583,1.098278917,73.0441695,4.928524788,-0.2916343995
154,0.607907851,0.2381807687,0.5593048156,1.118609631,77.93453878,4.619261314,-0.209029102
155,0.6959949679,0.2684162815,0.6421539498,1.2843079,69.94612243,5.146818544,-0.3429036235
156,0.5704057594,0.3222462571,0.4706591975,0.941318395,80.90292679,4.449777212,-0.1581076279
157,0.5955249616,0.2909454113,0.5196159616,1.039231923,78.61303091,4.579393465,-0.19743439
158,0.6274616321,0.2899038322,0.5564744988,1.112948998,75.51988143,4.766956637,-0.2500440453
159,0.5726794023,0.2053673588,0.5345895114,1.069179023,81.7027787,4.406214889,-0.1443082114
160,0.5933399028,0.2752350015,0.525640499,1.051280998,79.01280647,4.556223429,-0.1905895822
161,0.6408540284,0.3263270183,0.5515474258,1.103094852,73.7564659,4.880928006,-0.2797206695
162,0.6550720711,0.3432927213,0.5579153393,1.115830679,72.20070762,4.986100717,-0.3056835459
163,0.6719811376,0.3054894621,0.5985272239,1.197054448,71.38865155,5.042818322,-0.3191470255
164,0.5745538574,0.2754387219,0.5042277715,1.008455543,80.97225618,4.44596726,-0.156912706
165,0.676725214,0.307789107,0.6026797499,1.2053595,70.96280447,5.073080224,-0.3261819018
166,0.5975543373,0.3339840738,0.495505625,0.9910112501,77.80673007,4.626849113,-0.2112099859
167,0.6166135009,0.3069419141,0.5347886226,1.069577245,76.31569647,4.717247128,-0.2365719763
168,0.6899747894,0.3124622483,0.6151687195,1.230337439,69.82238259,5.155939781,-0.3449315505
169,0.6538135645,0.1997632286,0.6225486564,1.245097313,74.08854878,4.8590505,-0.2741514283
170,0.5910929199,0.2502108177,0.5355234698,1.07104694,79.48578513,4.529111707,-0.1824794618
171,0.6010292148,0.2330755458,0.5539963059,1.107992612,78.64663104,4.577437014,-0.1968594664
172,0.5983166351,0.2778385036,0.5298948591,1.059789718,78.48188631,4.587045711,-0.1996777212
173,0.6243830444,0.2116073099,0.5874321514,1.174864303,76.60848176,4.699218568,-0.2316038964
174,0.6114802038,0.3066157277,0.5290508815,1.058101763,76.81845046,4.686374144,-0.2280373452
175,0.6308263463,0.2955646923,0.5573000914,1.114600183,75.13305335,4.791499666,-0.256575258
176,0.5978532245,0.2880050056,0.5239099109,1.047819822,78.41204576,4.591131331,-0.2008719726
177,0.6305322004,0.2860828868,0.5618962872,1.123792574,75.2847248,4.781846529,-0.2540158115
178,0.6211683481,0.2614336833,0.5634736426,1.126947285,76.44501347,4.709267271,-0.2343784357
179,0.6314234602,0.2970889867,0.5571657923,1.114331585,75.05725059,4.796338757,-0.2578537521
180,0.6337707387,0.2823034275,0.5674241131,1.134848226,75.0353806,4.797736709,-0.2582225289
181,0.6366910177,0.2964016117,0.5634904938,1.126980988,74.58447219,4.82674194,-0.2658173886
182,0.5744036506,0.2909623189,0.4952579961,0.9905159923,80.83097437,4.453738221,-0.1593475138
183,0.5911910044,0.2923553504,0.51384351,1.02768702,79.04021737,4.554643345,-0.1901199193
184,0.6357873901,0.3143459717,0.5526411273,1.105282255,74.40717227,4.838243264,-0.2687992501
185,0.5725720055,0.2094699574,0.5328799475,1.065759895,81.68948021,4.406932191,-0.1445378805
186,0.6662595673,0.3280206281,0.5799174756,1.159834951,71.51207253,5.034115042,-0.3171048324
187,0.6191034319,0.2831589524,0.550554327,1.101108654,76.39056704,4.712623743,-0.2353021298
188,0.6451353346,0.2667301023,0.5874135276,1.174827055,74.20195733,4.85162404,-0.2722473758
189,0.6463231478,0.3017064754,0.5715827272,1.143165454,73.64542823,4.888287144,-0.2815807549
190,0.593409565,0.2226565577,0.5500536057,1.100107211,79.48101813,4.529383348,-0.182561264
191,0.6406860761,0.2817449221,0.5754115458,1.150823092,74.41654916,4.837633618,-0.2686416121
192,0.5997405623,0.3088558616,0.514098044,1.028196088,77.95587998,4.617996745,-0.2086648415
193,0.5820747584,0.2235033342,0.5374544482,1.074908896,80.61701601,4.465558486,-0.1630329575
194,0.6721279322,0.2342123518,0.6300004218,1.260000844,72.2424743,4.983218024,-0.304989392
195,0.5881485196,0.2641986714,0.5254690697,1.050938139,79.65517164,4.519480563,-0.1795719543
196,0.6677495789,0.2975007896,0.5978150051,1.19563001,71.857283,5.009930587,-0.3113850024
197,0.5976334357,0.33307215,0.4962143351,0.9924286703,77.81319511,4.626464695,-0.2110996938
198,0.6288612508,0.2765564909,0.5647857825,1.129571565,75.55678748,4.764628195,-0.2494203224
199,0.6635795042,0.3061800674,0.5887202432,1.177440486,72.08358305,4.994202352,-0.3076292653
200,0.6267022466,0.302258,0.5489952708,1.097990542,75.42412826,4.77300843,-0.2516618165
201,0.6449914014,0.3334440382,0.552113196,1.104226392,73.26458889,4.913697128,-0.287952438
202,0.6605694914,0.2384025672,0.6160489176,1.232097835,73.16966788,4.920071533,-0.2895385569
203,0.6378580645,0.3145396157,0.554912372,1.109824744,74.2154366,4.850742871,-0.2720209968
204,0.6190697303,0.3138422134,0.5336200859,1.067240172,75.97969319,4.738108104,-0.2422657734
205,0.6088086396,0.2720152624,0.5446610475,1.089322095,77.51007601,4.644557437,-0.2162679197
206,0.6264809751,0.298451818,0.5508220443,1.101644089,75.49745089,4.768372915,-0.2504230771
207,0.6059910088,0.2490796885,0.552434984,1.104869968,78.01970667,4.614218835,-0.2075752484
208,0.6442795438,0.2973522611,0.5715573142,1.143114628,73.88847174,4.872207957,-0.2775079622
209,0.5983218124,0.3184462701,0.506538216,1.013076432,77.96526821,4.617440666,-0.2085045901
210,0.642013428,0.2413831549,0.594907904,1.189815808,74.75083091,4.815999978,-0.2630172229
211,0.5898145974,0.2595458839,0.5296387387,1.059277477,79.52944163,4.526625519,-0.1817302525
212,0.5940618395,0.2850007815,0.521233176,1.042466352,78.83146967,4.566704154,-0.1936955329
213,0.5622379451,0.2318066515,0.5122276674,1.024455335,82.64568264,4.355944418,-0.1280048839
214,0.6021135851,0.2811090053,0.5324645495,1.064929099,78.0657069,4.611499906,-0.206789813
215,0.5604667541,0.2517329986,0.5007529129,1.001505826,82.70280814,4.352935627,-0.1270159943
216,0.6332449658,0.2786514731,0.5686409617,1.137281923,75.128654,4.791780244,-0.2566494699
217,0.5589533103,0.3018749443,0.4704256808,0.9408513615,82.44061628,4.366779583,-0.1315536965
218,0.5961367122,0.2499311424,0.5412147482,1.082429496,78.98189526,4.558006602,-0.1911191676
219,0.6194610416,0.3460767852,0.5137731414,1.027546283,75.41001536,4.773901693,-0.2519001978
220,0.6424975177,0.259909772,0.5875797569,1.175159514,74.51333199,4.831350181,-0.2670141445
221,0.6233573882,0.2980086811,0.5475082277,1.095016455,75.79670006,4.74954714,-0.2453632205
222,0.648147582,0.3233100211,0.5617525419,1.123505084,73.15400355,4.921125059,-0.2898002298
223,0.6171392859,0.3090051564,0.5342066188,1.068413238,76.23569495,4.722197393,-0.2379284
224,0.5904353116,0.2143319295,0.550159687,1.100319374,79.83788367,4.50913756,-0.1764339566
225,0.6555815252,0.301807819,0.5819786736,1.163957347,72.83282994,4.942825925,-0.2951606361
226,0.6282719016,0.346749677,0.5239181652,1.04783633,74.55787779,4.828463613,-0.2662648209
227,0.6234889851,0.3046530487,0.5439899212,1.087979842,75.69236302,4.756094084,-0.247128171
228,0.6688673138,0.2641913615,0.6144806002,1.2289612,72.19194084,4.986706214,-0.3058292273
229,0.6283308,0.3105605864,0.5462158149,1.09243163,75.15263686,4.790251082,-0.2562448881
230,0.5647748295,0.2597021891,0.5015230613,1.003046123,82.16966916,4.381178648,-0.1362400286
231,0.5569002424,0.2318576998,0.5063396953,1.012679391,83.2267196,4.325533936,-0.1179408909
232,0.6214014106,0.3245449494,0.5299153601,1.05983072,75.59182724,4.762419605,-0.2488280448
233,0.6513811292,0.2785027115,0.5888409082,1.177681816,73.51120454,4.897212639,-0.2838278362
234,0.6030083216,0.3430429897,0.4959239287,0.9918478574,77.09590614,4.669508642,-0.2233197634
235,0.6616877766,0.3667898781,0.5507230693,1.101446139,71.16744128,5.058492951,-0.3228035832
236,0.5910544574,0.2893066403,0.5154095842,1.030819168,79.0900177,4.551775439,-0.1892665209
237,0.5887431239,0.2130153894,0.5488560009,1.097712002,80.01616489,4.499090908,-0.1733703264
238,0.6200576039,0.2737303994,0.5563659773,1.112731955,76.41242077,4.711275946,-0.2349314026
239,0.6641944096,0.3451974546,0.5674442097,1.134888419,71.38293765,5.043221978,-0.3192415351
240,0.639958104,0.1797681166,0.6141903607,1.228380721,75.43829021,4.772112398,-0.2514225914
241,0.605677531,0.2640766878,0.5450768519,1.090153704,77.90091254,4.621255237,-0.2096029899
242,0.586694718,0.2194189219,0.5441194986,1.088238997,80.17700214,4.49006561,-0.1706050167
243,0.5602260149,0.2483807814,0.5021555289,1.004311058,82.75326341,4.35028161,-0.126142467
244,0.6383043025,0.3417357205,0.5391187994,1.078237599,73.72124639,4.883259815,-0.2803107752
245,0.6501872082,0.2923317713,0.5807628958,1.161525792,73.43529971,4.902274538,-0.2850978943
246,0.5821213267,0.266796295,0.5173828137,1.034765627,80.25402173,4.485756505,-0.1692803249
247,0.6097771573,0.2778050708,0.5428190529,1.085638106,77.35037345,4.654146889,-0.2189884465
248,0.6210335172,0.2647403579,0.5617785795,1.123557159,76.42176882,4.710699655,-0.2347728116
249,0.6846547915,0.2729304374,0.6279021897,1.255804379,70.79239073,5.085292307,-0.3289920634
250,0.6466413816,0.2464445436,0.5978379072,1.195675814,74.29108108,4.845803759,-0.2707502996
251,0.6399027843,0.3027614604,0.5637473472,1.127494694,74.20459649,4.851451487,-0.2722030533
252,0.6271786772,0.1978567384,0.5951519169,1.190303834,76.45724809,4.708513699,-0.2341708438
253,0.5696337569,0.3030975269,0.4823012608,0.9646025216,81.22106546,4.432347667,-0.1526224923
254,0.6107530737,0.3044585132,0.5294566373,1.058913275,76.91941418,4.680222852,-0.2263212712
255,0.6510173333,0.2391220781,0.6055115193,1.211023039,73.98287004,4.865991273,-0.2759247359
256,0.6295267174,0.287821534,0.5598773549,1.11975471,75.35527759,4.777369436,-0.2528246301
257,0.6172235893,0.2729920422,0.5535705051,1.10714101,76.68956702,4.69425,-0.2302269394
258,0.6356504468,0.2996022922,0.5606156946,1.121231389,74.63494466,4.823477818,-0.264968067
259,0.6262313557,0.2706514285,0.5647242824,1.129448565,75.86977201,4.74497274,-0.2441266609
260,0.6304927475,0.2976559402,0.555807562,1.111615124,75.13541897,4.791348807,-0.256535352
261,0.6369555608,0.2192498609,0.5980316755,1.196063351,75.40567017,4.774176785,-0.2519735894
262,0.665823966,0.2943167751,0.5972429904,1.194485981,72.06375402,4.995576554,-0.3079585459
263,0.6474411166,0.3001653638,0.5736556056,1.147311211,73.56838836,4.893406095,-0.2828706934
264,0.5591865759,0.2922093022,0.4767634113,0.9535268226,82.50915132,4.36315238,-0.1303678363
265,0.629805292,0.2603911877,0.5734554343,1.146910869,75.6547188,4.758460618,-0.2477647545
266,0.6228798438,0.3194671953,0.5347148875,1.069429775,75.53087517,4.766262792,-0.2498582587
267,0.5830957412,0.2530841392,0.5253085397,1.050617079,80.27795769,4.484419016,-0.1688685779
268,0.6376248887,0.2711654105,0.5770916902,1.15418338,74.8209757,4.81148497,-0.2618358734
269,0.6616409921,0.3773367283,0.5434940625,1.086988125,70.94075958,5.074656688,-0.3265455902
270,0.6429183573,0.2287209649,0.6008583313,1.201716663,74.79161582,4.813373746,-0.2623303881
271,0.6249699853,0.2429800361,0.5758022096,1.151604419,76.27914741,4.719507391,-0.2371917221
272,0.6339330985,0.2798838793,0.5688024152,1.13760483,75.05066635,4.796759542,-0.2579647809
273,0.5681391023,0.2315396997,0.5188173156,1.037634631,82.01440165,4.38947298,-0.1389241865
274,0.6694235837,0.3486890566,0.5714401773,1.142880355,70.87770723,5.079171069,-0.327585537
275,0.6909457191,0.2451652142,0.6459876194,1.291975239,70.6064838,5.098681886,-0.3320543912
276,0.5746259614,0.2844289083,0.4992946942,0.9985893885,80.87528196,4.451298237,-0.1585840338
277,0.6040004215,0.2638599751,0.5433179757,1.086635951,78.06754627,4.611391253,-0.2067584038
278,0.586484644,0.272507562,0.5193302093,1.038660419,79.7442271,4.514433371,-0.1780426927
279,0.6288500509,0.227321422,0.5863253001,1.1726506,76.06763408,4.732630433,-0.240776354
280,0.6419782978,0.322888221,0.5548687516,1.109737503,73.7113057,4.88391837,-0.280477313
281,0.6037779542,0.2785938693,0.5356615293,1.071323059,77.92946141,4.619562275,-0.2091157605
282,0.604285662,0.305520908,0.5213618092,1.042723618,77.54420804,4.642513079,-0.2156862632
283,0.5357417608,0.2340215588,0.4819264926,0.9638529853,85.60744462,4.205241747,-0.07658947729
284,0.6588445537,0.3176255297,0.5772262718,1.154452544,72.31263588,4.978383039,-0.3038229558
285,0.6373754169,0.2820561489,0.5715695504,1.143139101,74.71084826,4.818577334,-0.263690418
286,0.6120058628,0.3017905554,0.5324224233,1.064844847,76.83339754,4.685462462,-0.227783335
287,0.6322716511,0.2946099185,0.559439395,1.11887879,75.01279505,4.799181256,-0.2586033321
288,0.6409613346,0.2785792271,0.5772564826,1.154512965,74.4314468,4.836665354,-0.2683911482
289,0.5953022735,0.268306641,0.5314097696,1.062819539,78.88688316,4.563496307,-0.1927466108
290,0.6052720511,0.3021237398,0.5244764072,1.048952814,77.49160399,4.645664581,-0.2165826761
291,0.61928748,0.2719218058,0.5563951064,1.112790213,76.50600404,4.705513045,-0.2333434677
292,0.6450625715,0.2934212804,0.5744646842,1.148929368,73.87284287,4.873238744,-0.2777700136
293,0.6336422558,0.2170869097,0.5952947018,1.190589404,75.72134956,4.754273426,-0.2466379209
294,0.6225269357,0.2847246785,0.5535988106,1.107197621,76.04755065,4.733880275,-0.241116549
295,0.6418807226,0.2659104433,0.5842110049,1.16842201,74.50047251,4.832184117,-0.2672304291
296,0.6173957365,0.2100538589,0.5805642702,1.16112854,77.26791289,4.65911381,-0.2203924943
297,0.6353847451,0.2845290823,0.5681170439,1.136234088,74.86014515,4.808967432,-0.2611760267
298,0.6206430087,0.3019159428,0.5422587092,1.084517418,76.00025235,4.736826377,-0.2419176221
299,0.6166997172,0.335458761,0.5174803966,1.034960793,75.86496428,4.74527344,-0.244208032
300,0.6793767259,0.2732046664,0.6220224642,1.244044928,71.21659199,5.05500179,-0.3219915464
301,0.6077403877,0.2878505118,0.5352480376,1.070496075,77.42994992,4.64936372,-0.2176330758
302,0.623008474,0.2659699915,0.5633822169,1.126764434,76.22305847,4.722980253,-0.238142609
303,0.6033194744,0.3225862343,0.5098357673,1.019671535,77.3965116,4.651372427,-0.2182026588
304,0.6364179836,0.2801857,0.5714226311,1.142845262,74.82094096,4.811487204,-0.2618364586
305,0.673381858,0.3205561644,0.5921882067,1.184376413,71.04011203,5.067559576,-0.3249061295
306,0.6336025518,0.3200125929,0.5468492791,1.093698558,74.5197067,4.830936888,-0.2669069226
307,0.636097228,0.1877048495,0.6077718099,1.21554362,75.72650689,4.753949638,-0.2465506881
308,0.6478330073,0.2890875044,0.5797551381,1.159510276,73.68585858,4.885605012,-0.2809035941
309,0.6242432333,0.3112084867,0.5411366667,1.082273333,75.52658469,4.766533552,-0.2499307659
310,0.6297425364,0.3345387827,0.533534877,1.067069754,74.63836906,4.823256517,-0.2649104356
311,0.6247479065,0.2965781864,0.5498648252,1.09972965,75.68521105,4.756543517,-0.2472491228
312,0.5972604499,0.2733832148,0.5310194563,1.062038913,78.63652773,4.578025129,-0.1970323487
313,0.6316467647,0.2569195481,0.5770355112,1.154071022,75.52363215,4.766719896,-0.2499806618
314,0.6170829063,0.2999603017,0.5392727795,1.078545559,76.36713304,4.714069858,-0.2356996268
315,0.6740216496,0.3045190983,0.6013096565,1.202619313,71.23393368,5.053771165,-0.3217049815
316,0.643542666,0.3502266318,0.539896721,1.079793442,73.0889252,4.925506826,-0.2908871323
317,0.5913899976,0.3223967918,0.4957846689,0.9915693378,78.62505479,4.578693153,-0.1972286601
318,0.6478998198,0.3021403192,0.5731364619,1.146272924,73.4996855,4.897980141,-0.2840206076
319,0.6307093552,0.2956687098,0.5571124705,1.114224941,75.14244808,4.790900606,-0.2564167745
320,0.6118115973,0.2646423999,0.5516138421,1.103227684,77.29981392,4.65719103,-0.2198493726
321,0.6066669809,0.2163604404,0.5667741928,1.133548386,78.23492104,4.601525702,-0.2038994068
322,0.5702929608,0.2659294969,0.5044953556,1.008990711,81.51813894,4.416195029,-0.1474962968
323,0.6019388397,0.247004868,0.548925279,1.097850558,78.43484034,4.589797065,-0.2004822253
324,0.6311170743,0.2361654088,0.5852646078,1.170529216,75.78030794,4.75057452,-0.2456405612
325,0.6252765663,0.2517062341,0.5723764112,1.144752822,76.1639752,4.726644047,-0.2391440124
326,0.6129044014,0.2770297802,0.5467232445,1.093446489,77.05664581,4.671887755,-0.2239876279
327,0.6259846983,0.2737115083,0.5629732255,1.125946451,75.85714415,4.745762631,-0.2443403843
328,0.5811669492,0.2984936644,0.4986547454,0.9973094907,80.01908597,4.49892667,-0.1733201157
329,0.5881252243,0.3277536652,0.4883326882,0.9766653765,78.89048564,4.563287918,-0.1926849142
330,0.5909160983,0.2550280103,0.5330502314,1.066100463,79.45980863,4.530592336,-0.1829252062
331,0.5983195379,0.3246539125,0.5025794529,1.005158906,77.87356386,4.622878191,-0.2100696875
332,0.6343047246,0.2997090426,0.5590321757,1.118064351,74.75640923,4.815640608,-0.2629232896
333,0.6706859842,0.3517590352,0.5710387645,1.142077529,70.71387598,5.090938589,-0.3302858119
334,0.5673320134,0.2098709859,0.5270861246,1.054172249,82.23587632,4.377651411,-0.1350951793
335,0.6248752295,0.2740429497,0.5615777009,1.123155402,75.95659068,4.739549218,-0.2426569566
336,0.620225145,0.2396691655,0.5720471323,1.144094265,76.75189692,4.690437819,-0.2291681647
337,0.6288775031,0.267695572,0.5690571101,1.13811422,75.65877979,4.758205208,-0.2476960862
338,0.6242381757,0.2415801537,0.5755973673,1.151194735,76.36035649,4.714488205,-0.2358145661
339,0.6655347901,0.3110708172,0.5883634111,1.176726822,71.84461051,5.010814276,-0.3115951753
340,0.598388374,0.2915525033,0.5225569673,1.045113935,78.31552941,4.596789458,-0.20252188
341,0.6001909189,0.2397488609,0.5502268831,1.100453766,78.67166927,4.575980189,-0.1964309994
342,0.5840971652,0.2710884501,0.5173785371,1.034757074,80.0062614,4.499647824,-0.1735405549
343,0.5923883636,0.2710648196,0.5267331743,1.053466349,79.15338073,4.548131699,-0.1881805001
344,0.5641474494,0.3147795692,0.4681625439,0.9363250878,81.70421632,4.40613736,-0.1442833827
345,0.6263311055,0.2897053194,0.5553030539,1.110606108,75.62777841,4.760155694,-0.2482202649
346,0.7094908816,0.3631726627,0.6094939935,1.218987987,67.4264897,5.339147887,-0.3838684515
347,0.5907894696,0.2413438801,0.5392451473,1.078490295,79.59360739,4.522976302,-0.1806288833
348,0.5981525769,0.2485301533,0.5440765278,1.088153056,78.79427956,4.568859592,-0.1943322893
349,0.5908570477,0.2134445029,0.5509568903,1.101913781,79.80208925,4.511160089,-0.1770488522
350,0.6366050541,0.2848840252,0.5693040374,1.138608075,74.74476351,4.816390916,-0.2631193891
351,0.6334532994,0.276178661,0.5700775646,1.140155129,75.13969409,4.791076199,-0.2564632333
352,0.6397288175,0.2286602641,0.5974675251,1.19493505,75.07500359,4.795204566,-0.2575543692
353,0.6564595477,0.2728672677,0.5970616317,1.194123263,73.14060185,4.922026766,-0.2900240881
354,0.6545389744,0.3080664199,0.5775087444,1.155017489,72.83147134,4.942918128,-0.2951832916
355,0.6018508382,0.2610452795,0.5422912442,1.084582488,78.30797196,4.597233091,-0.2026510473
356,0.633519141,0.305178367,0.555169043,1.110338086,74.75095597,4.81599192,-0.2630151171
357,0.5733295633,0.2795154997,0.50057754,1.00115508,81.06442774,4.440912124,-0.1553237344
358,0.620778604,0.2703841759,0.558800924,1.117601848,76.38276872,4.71310488,-0.2354344126
359,0.6402125721,0.2583742492,0.5857600915,1.171520183,74.73401271,4.817083774,-0.2633004096
360,0.5981583519,0.2673794385,0.5350716306,1.070143261,78.60987351,4.579577398,-0.1974884119
361,0.6560584884,0.3148240629,0.5755853974,1.151170795,72.59680851,4.958895678,-0.2990939448
362,0.6411326735,0.3190792549,0.5560930984,1.112186197,73.84836161,4.874854258,-0.2781804524
363,0.5998966531,0.3014180808,0.5186744017,1.037348803,78.03928597,4.613061172,-0.207240956
364,0.6244447995,0.2914736985,0.5522448648,1.10448973,75.78129241,4.750512805,-0.2456239054
365,0.6397824208,0.2994133427,0.5653964946,1.130792989,74.26283832,4.847646658,-0.2712247847
366,0.6114810145,0.2299341693,0.5666033083,1.133206617,77.6643331,4.635332406,-0.2136385605
367,0.6528972557,0.2588016568,0.5994134874,1.198826975,73.61250584,4.890473377,-0.2821320625
368,0.6594641106,0.2884405226,0.5930387661,1.186077532,72.68398087,4.952948307,-0.2976418008
369,0.5776745972,0.2847889559,0.5025964493,1.005192899,80.54412612,4.469599676,-0.164287973
370,0.5676918775,0.3007502457,0.4814803812,0.9629607623,81.46318147,4.419174325,-0.1484449268
371,0.6278207567,0.3397092619,0.5279739766,1.055947953,74.72811546,4.817463919,-0.2633997028
372,0.596338783,0.2523266368,0.5403250989,1.080650198,78.93958548,4.560449587,-0.1918439484
373,0.6176509046,0.2923519232,0.5440799509,1.088159902,76.41334696,4.711218842,-0.2349156899
374,0.6662306034,0.312711643,0.5882810938,1.176562188,71.76078747,5.016667357,-0.3129849945
375,0.6221349505,0.314799117,0.5366129075,1.073225815,75.67283495,4.757321438,-0.2474584142
376,0.605270153,0.2918436438,0.5302633739,1.060526748,77.62412102,4.637733675,-0.2143241377
377,0.6627370853,0.2742638596,0.6033239424,1.206647885,72.58701408,4.959564801,-0.2992570604
378,0.582473629,0.2427682165,0.529470605,1.05894121,80.42921981,4.475985231,-0.1662658849
379,0.6003269767,0.2702020143,0.5360814774,1.072162955,78.36403207,4.59394432,-0.2016928186
380,0.6409544095,0.3720180335,0.5219436156,1.043887231,72.87475895,4.939982034,-0.2944613611
381,0.5892389443,0.203406664,0.5530174161,1.106034832,80.03108775,4.498251993,-0.1731138116
382,0.5621353194,0.3129004557,0.467000452,0.9340009041,81.95627302,4.392586275,-0.139928813
383,0.6099568622,0.256455635,0.5534237807,1.106847561,77.56353815,4.641356088,-0.2153568178
384,0.6730569952,0.2879490753,0.6083510901,1.21670218,71.54623378,5.031711398,-0.3165393208
385,0.6081595396,0.2722246852,0.5438306229,1.087661246,77.57094846,4.640912702,-0.2152305163
386,0.5862504233,0.2699931006,0.5203780207,1.040756041,79.79373174,4.511632583,-0.177192412
387,0.6388574053,0.2550343098,0.5857442147,1.171488429,74.89153295,4.806951946,-0.2606471814
388,0.6267507162,0.2869236581,0.5572174393,1.114434879,75.62437576,4.760369873,-0.2482777933
389,0.5953254025,0.2033707704,0.5595110943,1.119022189,79.42941915,4.532325728,-0.1834466274
390,0.6308192411,0.3203138657,0.5434445163,1.086889033,74.77228579,4.814618093,-0.2626559305
391,0.5948847647,0.2510054381,0.5393367717,1.078673543,79.09713273,4.551365993,-0.1891445833
392,0.6511749035,0.2529550151,0.6000354283,1.200070857,73.82621322,4.876316748,-0.2785517358
393,0.6199938589,0.244139283,0.569902093,1.139804186,76.73111671,4.691708077,-0.2295211806
394,0.6298888963,0.2901484459,0.5590830895,1.118166179,75.29162797,4.781408102,-0.2538992786
395,0.6322624649,0.2820582255,0.5658612745,1.131722549,75.17645184,4.788733589,-0.2558430939
396,0.6790786434,0.3333459015,0.5916319074,1.183263815,70.35900062,5.116616166,-0.3361255958
397,0.6464727806,0.2911033064,0.5772225923,1.154445185,73.77909646,4.879430859,-0.2793414368
398,0.6682916369,0.2676367096,0.6123596195,1.224719239,72.19944468,4.986187935,-0.3057045331
399,0.5892905093,0.2929958598,0.5112892826,1.022578565,79.22923409,4.543777359,-0.1868800967
400,0.6513325283,0.2997811712,0.5782432981,1.156486596,73.23159587,4.915910895,-0.2885038373
401,0.5686363682,0.2149477054,0.5264454418,1.052890884,82.06829142,4.386590652,-0.1379926918
402,0.5492926233,0.2350832959,0.4964455962,0.9928911924,84.05207479,4.283059055,-0.1036245226
403,0.6527087035,0.2812285726,0.5890154001,1.1780308,73.3610996,4.907232879,-0.2863389451
404,0.5830387327,0.3019621135,0.498751487,0.997502974,79.77834639,4.512502656,-0.1774566816
405,0.6122832702,0.2581757265,0.5551901451,1.11038029,77.32226668,4.655838679,-0.2194670688
406,0.5651948601,0.3142006528,0.4698118556,0.9396237113,81.59171106,4.412212899,-0.1462261444
407,0.6165135292,0.2869846725,0.5456452414,1.091290483,76.59027254,4.700335801,-0.2319130544
408,0.616918899,0.3122048812,0.5320874365,1.064174873,76.21059073,4.723752914,-0.2383539461
409,0.601276615,0.2892591771,0.5271268312,1.054253662,78.05312107,4.612243496,-0.2070047241
410,0.6318084566,0.2469669236,0.5815404237,1.163080847,75.61222712,4.761134723,-0.2484831825
411,0.635443406,0.324664821,0.5462426899,1.09248538,74.27604764,4.846784548,-0.2710028733
412,0.6228367856,0.3017841691,0.54484124,1.08968248,75.79410648,4.749709664,-0.245407103
413,0.649660723,0.3111308046,0.5703127892,1.140625578,73.21183443,4.917237804,-0.2888340566
414,0.6069657334,0.2816610609,0.5376564408,1.075312882,77.58008117,4.640366375,-0.2150748535
415,0.638743467,0.236948033,0.5931684806,1.186336961,75.08527145,4.794548825,-0.2573812029
416,0.6257811511,0.2664521874,0.56622017,1.13244034,75.95927983,4.739381427,-0.2426114247
417,0.6408133002,0.2922438116,0.5702939946,1.140587989,74.26841501,4.847282657,-0.2711311003
418,0.6443666233,0.3360853076,0.5497772378,1.099554476,73.27444966,4.913035877,-0.2877876204
419,0.6231340904,0.2708121459,0.561210189,1.122420378,76.1567137,4.72709473,-0.2392670702
420,0.5976045152,0.2665557706,0.5348637002,1.0697274,78.67375121,4.575859095,-0.1963953705
421,0.6060712457,0.2603304056,0.5473120086,1.094624017,77.90111827,4.621243032,-0.209599479
422,0.7047554108,0.2878600756,0.643285913,1.286571826,69.01973094,5.215899789,-0.3580464314
423,0.6408672128,0.3497598556,0.5370091507,1.074018301,73.33913039,4.908702872,-0.286706304
424,0.5984306758,0.2785656487,0.5296418159,1.059283632,78.4623565,4.588187458,-0.2000117048
425,0.6452346895,0.2995575232,0.5714832411,1.142966482,73.77258418,4.879861591,-0.279450571
426,0.6076478265,0.2669801157,0.5458548331,1.091709666,77.67792939,4.634521064,-0.2134067331
427,0.5903168753,0.2859021604,0.5164629396,1.032925879,79.20498419,4.54516851,-0.1872958641
428,0.6147278417,0.2849960866,0.5446719655,1.089343931,76.78617495,4.688343966,-0.2285857809
429,0.6105769876,0.2823435377,0.5413745326,1.082749065,77.21942669,4.662039274,-0.221217851
430,0.6296772967,0.2457165328,0.5797558827,1.159511765,75.81925513,4.748134222,-0.2449815749
431,0.5856936605,0.2567239434,0.5264312689,1.052862538,79.97751515,4.501265129,-0.1740346371
432,0.6532676968,0.2325304662,0.6104819948,1.22096399,73.85217909,4.874602272,-0.278116454
433,0.6385446846,0.2521520839,0.5866503565,1.173300713,74.95018296,4.803190409,-0.2596587919
434,0.6862019004,0.3228092338,0.6055305497,1.211061099,69.96007616,5.145791997,-0.3426748404
435,0.6154331183,0.2407619282,0.56638469,1.13276938,77.19245095,4.663668475,-0.2216769773
436,0.5851704093,0.2768073224,0.5155600006,1.031120001,79.83654831,4.509212981,-0.1764568975
437,0.6304180231,0.3216945815,0.5421618578,1.084323716,74.78772169,4.813624374,-0.2623959727
438,0.6006824333,0.2847032914,0.5289266693,1.057853339,78.16670181,4.60554164,-0.2050648989
439,0.6513344919,0.282831528,0.586722206,1.173444412,73.46036404,4.900601905,-0.2846785671
440,0.6502032861,0.2910536294,0.5814224781,1.162844956,73.45116989,4.901215331,-0.2848323918
441,0.590056205,0.3014299511,0.5072536936,1.014507387,79.04722308,4.554239681,-0.1899998753
442,0.6179169614,0.2711535572,0.5552450987,1.110490197,76.64460117,4.697004022,-0.2309905883
443,0.6345851806,0.3251685524,0.5449438172,1.089887634,74.34663144,4.842183069,-0.2698168483
444,0.6432903331,0.3268575041,0.554063737,1.108127474,73.52840146,4.896067273,-0.2835400239
445,0.6652790673,0.2546760162,0.6146026067,1.229205213,72.60072533,4.958628145,-0.2990287121
446,0.6162130588,0.2909666152,0.5431914605,1.086382921,76.56885436,4.7016506,-0.2322766644
447,0.5709469135,0.2793957115,0.4979140633,0.9958281266,81.32374636,4.426751301,-0.1508511238
448,0.6206646842,0.2498086839,0.5681727481,1.136345496,76.61271062,4.698959182,-0.2315320951
449,0.6305195834,0.2688065897,0.570348983,1.140697966,75.49504083,4.768525138,-0.2504638
450,0.6625487566,0.3110536375,0.584992726,1.169985452,72.09792887,4.993208621,-0.3073910159
451,0.6093328315,0.2785767545,0.5419238797,1.083847759,77.38467902,4.652083649,-0.2184041952
452,0.6412180413,0.3056550152,0.5636803955,1.127360791,74.04435812,4.861950446,-0.2748930691
453,0.5695003697,0.2621772794,0.5055628006,1.011125601,81.63597748,4.409820414,-0.1454618104
454,0.5966007976,0.2111126893,0.55799995,1.1159999,79.25070257,4.54254648,-0.1865119891
455,0.5384790795,0.27786975,0.4612462695,0.922492539,85.0485867,4.232874572,-0.08631094052
456,0.6168275276,0.322244496,0.5259607244,1.051921449,76.06776467,4.732622308,-0.2407741417
457,0.6315100059,0.3393178458,0.5326051888,1.065210378,74.39013587,4.83935129,-0.2690856362
458,0.5832146303,0.2414887745,0.5308695478,1.061739096,80.36333826,4.479654626,-0.1673996199
459,0.6222077761,0.2673173587,0.5618575856,1.123715171,76.28302162,4.7192677,-0.2371260335
460,0.6174415469,0.3439601219,0.5127626141,1.025525228,75.64414145,4.759125995,-0.2479436037
461,0.5862871743,0.287754743,0.510812939,1.021625878,79.60206901,4.522495514,-0.1804836274
462,0.5983696706,0.2534124834,0.5420593842,1.084118768,78.72723146,4.572750665,-0.195480057
463,0.5655069951,0.2665396604,0.4987532165,0.997506433,82.03346425,4.388452972,-0.1385947
464,0.6422130615,0.3031155148,0.5661789479,1.132357896,73.99173272,4.865408428,-0.2757760546
465,0.5938072662,0.2396238325,0.5433115941,1.086623188,79.30536832,4.539415271,-0.1855745488
466,0.6108710011,0.2399396776,0.5617760506,1.123552101,77.63416167,4.637133863,-0.2141529642
467,0.594331791,0.2832614397,0.5224875449,1.04497509,78.82374894,4.56715146,-0.1938277315
468,0.6708723984,0.3043085238,0.5978846856,1.195769371,71.49824556,5.035088584,-0.3173336946
469,0.6321591578,0.2904324756,0.561492812,1.122985624,75.07870219,4.79496834,-0.2574919937
470,0.614303448,0.3293443668,0.5185566645,1.037113329,76.20010493,4.724402943,-0.2385316791
471,0.5922888984,0.2768497494,0.5236032424,1.047206485,79.10252733,4.5510556,-0.1890521283
472,0.5988222264,0.2790097958,0.529850538,1.059701076,78.41812211,4.59077558,-0.2007680807
473,0.6036388495,0.3022045729,0.5225440237,1.045088047,77.653237,4.635994762,-0.2138277489
474,0.5908036195,0.2519208021,0.5344013718,1.068802744,79.49963961,4.528322415,-0.1822417102
475,0.6111775643,0.3443512281,0.5049358839,1.009871768,76.2520352,4.721185461,-0.2376513891
476,0.6169253439,0.20577644,0.5815951657,1.163190331,77.34418909,4.65451903,-0.2190937628
477,0.6705086876,0.3615683884,0.5646682218,1.129336444,70.53405265,5.103917703,-0.3332465594
478,0.6457791276,0.2775075743,0.5831125345,1.166225069,74.01581262,4.863825543,-0.2753720542
479,0.6079032165,0.278128047,0.5405470471,1.081094094,77.52930968,4.643405204,-0.215940161
480,0.6155315594,0.3008353808,0.537007611,1.074015222,76.50454173,4.705602986,-0.2333682851
481,0.5977353171,0.2064421473,0.5609537852,1.12190757,79.17242213,4.547037849,-0.187854092
482,0.5598447481,0.2881140104,0.4800171444,0.9600342889,82.47293568,4.365068335,-0.1309944981
483,0.5941509224,0.2637742265,0.5323894026,1.064778805,79.04882032,4.554147659,-0.1899725059
484,0.6078365738,0.2833921671,0.5377305832,1.075461166,77.4742775,4.646703546,-0.2168778928
485,0.6119696539,0.266389322,0.550947898,1.101895796,77.26582223,4.659239876,-0.2204280859
486,0.6116825633,0.3064755876,0.5293659155,1.058731831,76.80062542,4.687461828,-0.2283402428
487,0.6176287234,0.2700618072,0.5554564432,1.110912886,76.68428233,4.694573504,-0.2303166959
488,0.6161246328,0.2884153482,0.5444503191,1.088900638,76.60964,4.699147523,-0.231584231
489,0.6876356275,0.2698831293,0.632460159,1.264920318,70.59045986,5.09983928,-0.3323181803
490,0.6109296421,0.2376950121,0.5627931315,1.125586263,77.64886289,4.636255917,-0.2139023253
491,0.6704723376,0.2941828451,0.60248619,1.20497238,71.67600957,5.022601037,-0.3143899643
492,0.6227931954,0.2818524261,0.5553652619,1.110730524,76.05797651,4.733231365,-0.2409399481
493,0.6223951867,0.3228577031,0.5321077635,1.064215527,75.52388749,4.76670378,-0.2499763467
494,0.6755774758,0.2733560858,0.6178036712,1.235607342,71.5257999,5.033148885,-0.3168776006
495,0.6170049948,0.2972855315,0.540662997,1.081325994,76.41051052,4.711393728,-0.2349638095
496,0.6339599882,0.2470570389,0.5838390927,1.167678185,75.41593913,4.773526713,-0.2518001411
497,0.5869099465,0.2658674591,0.5232377849,1.04647557,79.76627928,4.513185311,-0.1776639456
498,0.5577696077,0.2723023556,0.4867836916,0.9735673833,82.84497264,4.345465857,-0.1245544638
499,0.6522843147,0.1982855685,0.6214158516,1.242831703,74.23143119,4.849697685,-0.2717523547
500,0.6288673408,0.3117501871,0.5461556126,1.092311225,75.08497618,4.794567679,-0.2573861827
501,0.6094922673,0.3084242421,0.525695074,1.051390148,76.98814715,4.676044473,-0.2251526187
502,0.6565879471,0.2459913469,0.6087659563,1.217531913,73.43227044,4.90247677,-0.2851485706
503,0.6107451873,0.2634657277,0.5509950038,1.101990008,77.41508348,4.650256563,-0.2178863175
504,0.6753198732,0.3342106255,0.5868221101,1.17364422,70.65176673,5.095413982,-0.3313087949
505,0.6234237568,0.2314347915,0.5788740086,1.157748017,76.52977962,4.704051178,-0.2329399407
506,0.6473020797,0.3104802311,0.5679806409,1.135961282,73.4298728,4.902636846,-0.2851886797
507,0.6079524362,0.2584894386,0.5502630051,1.10052601,77.73683974,4.631008943,-0.2124021267
508,0.6408610872,0.29575059,0.5685371769,1.137074354,74.21650459,4.850673068,-0.2720030598
509,0.6053663455,0.2540100169,0.5494973372,1.098994674,78.03301059,4.613432152,-0.207348103
510,0.62459846,0.3132156798,0.5403879848,1.08077597,75.46329492,4.770531162,-0.2510001716
511,0.6604653095,0.2641984916,0.605321057,1.210642114,72.90057482,4.938232667,-0.2940307362
512,0.5925349965,0.3042246292,0.5084733003,1.016946601,78.75475917,4.571152319,-0.1950088542
513,0.6384974261,0.2782828961,0.5746630255,1.149326051,74.65650883,4.822084579,-0.2646051347
514,0.6486216148,0.2886842982,0.5808367888,1.161673578,73.62175006,4.889859311,-0.2819772712
515,0.5556379367,0.2156049199,0.5121015869,1.024203174,83.45726939,4.313584696,-0.113944178
516,0.6245169039,0.2956223201,0.5501170849,1.10023417,75.71972984,4.754375125,-0.2466653168
517,0.6254539087,0.3303252853,0.5311099677,1.062219935,75.11257832,4.792805786,-0.2569206354
518,0.6441047381,0.3261237679,0.5554405473,1.110881095,73.46757943,4.900120608,-0.2845578431
519,0.6735103067,0.3133844314,0.5961596526,1.192319305,71.14258743,5.060260148,-0.3232141122
520,0.6133047023,0.3364526901,0.5127789437,1.025557887,76.17976187,4.725664549,-0.2388764687
521,0.63405424,0.2761768526,0.5707461128,1.141492226,75.08490909,4.794571964,-0.2573873142
522,0.6032787422,0.2854966718,0.5314479195,1.062895839,77.89869315,4.621386899,-0.209640865
523,0.6426539228,0.273532307,0.5815360191,1.163072038,74.34185967,4.842493873,-0.2698970417
524,0.5695544589,0.3037463801,0.4817991472,0.9635982944,81.22255138,4.43226658,-0.1525968619
525,0.6158125703,0.2534356482,0.5612445937,1.122489187,77.03377213,4.673274981,-0.2243766876
526,0.5391396676,0.1918911561,0.5038346608,1.007669322,85.38485915,4.216204179,-0.08046232801
527,0.5767342052,0.2443800131,0.5223990359,1.044798072,81.01257604,4.443754508,-0.1562176702
528,0.6748890763,0.2622576401,0.6218490134,1.243698027,71.71508663,5.019864256,-0.3137424506
529,0.6293188885,0.26334427,0.5715698198,1.14313964,75.66697156,4.75769008,-0.2475575656
530,0.6207480162,0.3447464204,0.5162150766,1.032430153,75.31021783,4.780227841,-0.253585443
531,0.6281120935,0.301862258,0.5508211862,1.101642372,75.29809556,4.780997412,-0.2537900953
532,0.606643828,0.2725590274,0.5419670752,1.08393415,77.7152599,4.632294873,-0.2127701568
533,0.6452555024,0.2519237052,0.5940447039,1.188089408,74.35577283,4.841587765,-0.2696632149
534,0.6178279621,0.2272538465,0.5745146474,1.149029295,77.08768473,4.670006646,-0.2234596279
535,0.6293063855,0.3014591129,0.5524028694,1.104805739,75.19269066,4.787699401,-0.2555690956
536,0.6191694096,0.1980125224,0.586653048,1.173306096,77.19197099,4.663697472,-0.2216851457
537,0.5874664945,0.2613803704,0.5261151814,1.052230363,79.7521345,4.513985767,-0.1779068859
538,0.6201568246,0.2924166949,0.546888438,1.093776876,76.17374009,4.726038128,-0.2389785246
539,0.6744185319,0.2923308839,0.6077688792,1.215537758,71.37430044,5.043832272,-0.319384391
540,0.6259405092,0.2504784718,0.5736393085,1.147278617,76.11504613,4.729682478,-0.2399731196
541,0.6109596219,0.2215821581,0.5693619295,1.138723859,77.78353717,4.628228711,-0.2116056292
542,0.5931330991,0.3015298395,0.5107706228,1.021541246,78.72752721,4.572733487,-0.1954749948
543,0.5794288805,0.2497455586,0.522843173,1.045686346,80.68730313,4.461668516,-0.1618225065
544,0.5413522915,0.2731679014,0.4673773648,0.9347547297,84.73585558,4.248496667,-0.09174744695
545,0.6434099611,0.2210063704,0.604261998,1.208523996,74.81748273,4.811709601,-0.2618947097
546,0.5976825103,0.2587101917,0.5387888453,1.077577691,78.74461753,4.571741045,-0.1951824579
547,0.5725206676,0.3045866709,0.4847750765,0.969550153,80.88484413,4.450772007,-0.1584192523
548,0.6110064563,0.2960124299,0.5345142944,1.069028589,77.00747597,4.67487079,-0.2248239164
549,0.5882165519,0.3254199317,0.4900005919,0.9800011838,78.91526681,4.561854944,-0.1922604883
550,0.6164260179,0.3132951294,0.5308739939,1.061747988,76.2421598,4.721796982,-0.237818806
551,0.5849466824,0.2566352831,0.5256433702,1.05128674,80.05524382,4.49689468,-0.1726985587
552,0.6711659563,0.3177585248,0.5911795504,1.182359101,71.26865817,5.051308798,-0.3211310838
553,0.6355700242,0.3485014152,0.5315035459,1.063007092,73.8464148,4.874982773,-0.2782130892
554,0.6259306702,0.2847571469,0.5574070068,1.114814014,75.72819286,4.753843799,-0.2465221707
555,0.5800486172,0.2908038834,0.501885943,1.003771886,80.22598134,4.487324356,-0.1697626387
556,0.5966431253,0.3038987296,0.5134477394,1.026895479,78.33712335,4.595522335,-0.2021527901
557,0.6773377155,0.3117092302,0.6013515916,1.202703183,70.85324468,5.080924686,-0.3279889006
558,0.6336585283,0.2705232964,0.5730098399,1.14601968,75.18809302,4.787992161,-0.2556466737
559,0.6688086395,0.2819059265,0.6064932356,1.212986471,71.97920419,5.00144457,-0.309362165
560,0.6318040857,0.3427006834,0.5307849323,1.061569865,74.30205216,4.845088251,-0.270565965
561,0.5868231805,0.2262861823,0.541438832,1.082877664,80.11383935,4.493605636,-0.1716911497
562,0.6342566981,0.2208645931,0.5945589883,1.189117977,75.63392969,4.759768552,-0.2481162634
563,0.6709864987,0.2828911329,0.6084369223,1.216873845,71.7847895,5.014989979,-0.3125870998
564,0.5452758616,0.269182085,0.4742011919,0.9484023837,84.3006946,4.270427447,-0.09930768654
565,0.6713417406,0.3355217106,0.5814850938,1.162970188,70.95787235,5.073432843,-0.3262632743
566,0.6077576963,0.1957633228,0.5753660912,1.150732182,78.27929742,4.598917106,-0.2031411028
567,0.6557130733,0.3555582314,0.5509428089,1.101885618,71.9109217,5.006193656,-0.310495237
568,0.636082102,0.2418572308,0.588307335,1.17661467,75.27622945,4.782386188,-0.2541592173
569,0.6447059983,0.2855394296,0.5780251364,1.156050273,74.00917949,4.864261467,-0.2754833464
570,0.6177518143,0.254244811,0.5630069983,1.126013997,76.84194792,4.6849411,-0.2276380234
571,0.6369716215,0.3330611092,0.5429577737,1.085915547,73.99588425,4.865135455,-0.2757064058
572,0.6138673087,0.2693255067,0.5516310761,1.103262152,77.05138614,4.672206667,-0.2240770931
573,0.6129436279,0.290495657,0.5397334196,1.079466839,76.8899312,4.682017455,-0.2268224643
574,0.634518461,0.2952378378,0.5616478403,1.123295681,74.79835303,4.812940197,-0.262216918
575,0.7023364337,0.2800728749,0.6440773641,1.288154728,69.30779163,5.194221191,-0.3533476299
576,0.6126609635,0.2830688254,0.543346571,1.086693142,77.0088087,4.674789885,-0.2248012512
577,0.5732499396,0.1926811799,0.5398976349,1.07979527,81.71528124,4.405540733,-0.1440922815
578,0.5984942993,0.3220575271,0.5044545326,1.008909065,77.89459834,4.621629839,-0.2097107442
579,0.6434423166,0.304109121,0.5670411425,1.134082285,73.86735998,4.873600466,-0.2778619409
580,0.666147303,0.3000318917,0.5947546496,1.189509299,71.95603091,5.003055275,-0.3097467492
581,0.6038579004,0.3132299456,0.5162667577,1.032533515,77.47982058,4.646371111,-0.2167834493
582,0.6015606627,0.2733679689,0.5358592954,1.071718591,78.2073366,4.603148702,-0.2043707083
583,0.6080726314,0.2767113333,0.5414639074,1.082927815,77.52898349,4.64342474,-0.2159457197
584,0.5779606276,0.2480618611,0.5220189653,1.044037931,80.8545687,4.452438567,-0.1589409634
585,0.6396405375,0.3099560846,0.5595241217,1.119048243,74.12317209,4.856780813,-0.27357024
586,0.6172507819,0.284384095,0.5478359374,1.095671875,76.55195063,4.702688789,-0.2325636109
587,0.6497776677,0.3169268013,0.5672463486,1.134492697,73.11217001,4.923940843,-0.2904989534
588,0.6563415503,0.3171284408,0.5746423084,1.149284617,72.53626487,4.963034706,-0.3001020924
589,0.6406945159,0.3055866997,0.5631218621,1.126243724,74.09247329,4.858793127,-0.2740855562
590,0.6568052506,0.2724301568,0.5976411523,1.195282305,73.11616196,4.923672009,-0.2904322847
591,0.6195475774,0.2530953154,0.565492672,1.130985344,76.68441766,4.694565219,-0.2303143974
592,0.5544515029,0.2973167235,0.4679949092,0.9359898184,83.00555781,4.337058981,-0.1217730638
593,0.5493197379,0.2684764501,0.4792416615,0.9584833231,83.83664776,4.294064823,-0.1073634508
594,0.5860248554,0.2221398905,0.5422905127,1.084581025,80.22510723,4.487373248,-0.1697776734
595,0.6286294476,0.2529722915,0.5754824082,1.150964816,75.84159522,4.7467356,-0.2446035296
596,0.6178860588,0.3137681231,0.5322900963,1.064580193,76.09445196,4.730962517,-0.2403220373
597,0.6232833664,0.2683073542,0.562577389,1.125154778,76.17119857,4.726195816,-0.239021597
598,0.6346051355,0.3162218016,0.550206734,1.100413468,74.48667139,4.83307944,-0.2674625365
599,0.6161703403,0.2644354638,0.5565426972,1.113085394,76.88492738,4.68232217,-0.2269075203
600,0.6321121267,0.2968864332,0.5580539279,1.116107856,74.99658586,4.800218515,-0.2588766022
601,0.582584282,0.2542483911,0.5241776429,1.048355286,80.32069808,4.482032759,-0.1681332835
602,0.6015841384,0.2481888137,0.5480016317,1.096003263,78.45871391,4.588400473,-0.200073995
603,0.5823599612,0.2553271647,0.5234034422,1.046806884,80.33444978,4.481265521,-0.167896683
604,0.6898273774,0.2959556135,0.6231148252,1.24622965,70.07582644,5.137292249,-0.3407762351
605,0.6512395626,0.3034204877,0.5762369092,1.152473818,73.1875361,4.918870332,-0.2892400417
606,0.6305267527,0.2491802835,0.5792004594,1.158400919,75.70672151,4.755192047,-0.2468853334
607,0.6267109831,0.2996287232,0.5504446245,1.100889249,75.45981096,4.770751416,-0.2510590313
608,0.6727148287,0.361979308,0.5670240042,1.134048008,70.34288999,5.117788024,-0.336390406
609,0.6367542315,0.3307914394,0.5440891241,1.088178248,74.05441757,4.861290005,-0.2747242581
610,0.6921574855,0.2840418885,0.6311910886,1.262382177,70.05234159,5.139014512,-0.3411615604
611,0.589248627,0.2869837633,0.5146399363,1.029279873,79.30304007,4.539548543,-0.1856144784
612,0.5945876496,0.3207916126,0.5006268214,1.001253643,78.31540394,4.596796823,-0.2025240245
613,0.6016019716,0.2729033922,0.5361423978,1.072284796,78.20829961,4.603092022,-0.2043542553
614,0.5899066546,0.2650105222,0.527028732,1.054057464,79.46733079,4.530163482,-0.1827961332
615,0.6716939645,0.3276730584,0.5863472937,1.172694587,71.0631655,5.065915619,-0.3245255737
616,0.6138680414,0.2233936781,0.5717772615,1.143554523,77.49293181,4.645584979,-0.2165600514
617,0.6340403271,0.2545376667,0.5807044968,1.161408994,75.331191,4.778896964,-0.2532313403
618,0.6320136269,0.3756262128,0.5082776534,1.016555307,73.61587588,4.890249497,-0.2820756332
619,0.6269177941,0.2942351768,0.5535806908,1.107161382,75.5135612,4.767355615,-0.2501508486
620,0.6018943732,0.2756349319,0.5350721641,1.070144328,78.14927887,4.606568419,-0.2053625147
621,0.6486834861,0.3287921037,0.5591833489,1.118366698,73.01586002,4.93043566,-0.2921069792
622,0.6400354254,0.2588031791,0.5853770241,1.170754048,74.74514854,4.816366106,-0.2631129058
623,0.6299025249,0.2828009846,0.5628505966,1.125701193,75.38421561,4.775535529,-0.2523359424
624,0.5906168468,0.264736987,0.5279607821,1.055921564,79.39757955,4.534143258,-0.1839928744
625,0.630546192,0.2599002069,0.5744914122,1.148982824,75.59212434,4.762400887,-0.2488230226
626,0.7062141787,0.3486142986,0.6141714232,1.228342846,67.95212949,5.297847215,-0.3753811228
627,0.5968294869,0.2858750321,0.5239092502,1.0478185,78.54044769,4.583625515,-0.1986761115
628,0.672176527,0.3948739741,0.543963076,1.087926152,69.64412939,5.169136338,-0.3478500464
629,0.6341580414,0.3209707891,0.5469315991,1.093863198,74.45342789,4.835237412,-0.2680215619
630,0.5768182127,0.1687066492,0.5515952475,1.103190495,81.47126986,4.418735594,-0.1483053202
631,0.5974936359,0.2329885522,0.5501954011,1.100390802,78.99483301,4.557260092,-0.1908975186
632,0.6376206576,0.2211462787,0.5980421611,1.196084322,75.32988176,4.778980022,-0.253253446
633,0.6249910956,0.2963017033,0.5502900782,1.100580156,75.66611049,4.757744222,-0.2475721263
634,0.6139981555,0.2614486538,0.5555522805,1.111104561,77.12398338,4.667808692,-0.2228420723
635,0.624255753,0.27910737,0.5583854593,1.116770919,75.95420768,4.739697918,-0.2426973046
636,0.6180080364,0.2917943261,0.544784365,1.08956873,76.38641633,4.712879819,-0.2353725387
637,0.6399482807,0.3372118174,0.5438952033,1.087790407,73.65268116,4.887805771,-0.281459287
638,0.6078050031,0.2453845388,0.5560695549,1.11213911,77.87872966,4.622571549,-0.2099815382
639,0.6344389996,0.2857926182,0.5664233608,1.132846722,74.9301681,4.804473407,-0.2599961196
640,0.6715602555,0.3441699502,0.5766630057,1.153326011,70.78424002,5.085877872,-0.3291263979
641,0.6468467238,0.326167421,0.5585924253,1.117184851,73.2224047,4.91652796,-0.2886574288
642,0.5913268998,0.306076367,0.505949365,1.01189873,78.85593178,4.565287505,-0.1932766566
643,0.6381455576,0.3153080247,0.5548068153,1.109613631,74.17750911,4.85322309,-0.2726579351
644,0.5509334611,0.2749688917,0.4774094544,0.9548189088,83.60265158,4.306083518,-0.1114229417
645,0.6313456378,0.3068628417,0.551754031,1.103508062,74.92684963,4.804686194,-0.2600520456
646,0.6051672155,0.273649136,0.5397624562,1.079524912,77.84801748,4.624395221,-0.2105055861
647,0.6527149058,0.2567046632,0.6001162089,1.200232418,73.65159458,4.88787788,-0.2814774848
648,0.6276329971,0.2937361774,0.5546550614,1.109310123,75.45357037,4.771145994,-0.2511644602
649,0.5815735523,0.2357879159,0.5316313153,1.063262631,80.57725914,4.467761796,-0.1637175227
650,0.6341314956,0.2725866205,0.5725550524,1.145110105,75.12078302,4.792282316,-0.2567822406
651,0.6193750332,0.2958509475,0.5441485538,1.088297108,76.20300619,4.724223072,-0.2384825039
652,0.6189198431,0.2715168476,0.5561837589,1.112367518,76.54541101,4.703090561,-0.2326746179
653,0.6569457742,0.3162437063,0.5758191282,1.151638256,72.49794768,4.965657809,-0.3007399613
654,0.6618787048,0.2270403699,0.621720267,1.243440534,73.16833312,4.920161287,-0.289560855
655,0.6248748384,0.3283921527,0.5316268971,1.063253794,75.19932718,4.787276874,-0.2554571112
656,0.6533842276,0.3242459172,0.5672526193,1.134505239,72.67869363,4.953308625,-0.297729897
657,0.7058585548,0.2566145567,0.6575600875,1.315120175,69.31791652,5.193462499,-0.353182311
658,0.5855838408,0.3029962588,0.5011004907,1.002200981,79.49613677,4.528521946,-0.182301822
659,0.5673178373,0.2459972147,0.5112092516,1.022418503,81.99958745,4.39026599,-0.1391802313
660,0.6251173079,0.2137575024,0.587434574,1.174869148,76.52387959,4.704413863,-0.2330400818
661,0.6150874047,0.3028457464,0.5353662011,1.070732402,76.51999039,4.704652969,-0.2331060916
662,0.6280453484,0.3196838301,0.5405952353,1.081190471,75.04065977,4.797399185,-0.2581335138
663,0.5788052153,0.2939824545,0.4985877994,0.9971755987,80.323415,4.481881155,-0.1680865392
664,0.6200090046,0.2734124575,0.5564681428,1.112936286,76.42068595,4.710766405,-0.2347911831
665,0.6654965554,0.3407013298,0.5716714696,1.143342939,71.35527112,5.045177383,-0.3196991028
666,0.6351606328,0.2978188935,0.5610106382,1.122021276,74.70438177,4.818994435,-0.2637992834
667,0.652996371,0.30241676,0.5787472365,1.157494473,73.04858811,4.928226668,-0.2915606318
668,0.6092748124,0.3101858492,0.5244049352,1.04880987,76.98471342,4.676253038,-0.2252110094
669,0.6459999496,0.3492316827,0.5434640437,1.086928087,72.88800376,4.939084368,-0.2942404369
670,0.6545941647,0.2318159342,0.612172274,1.224344548,73.74468841,4.88170752,-0.279918014
671,0.5765956934,0.2507647799,0.5192105727,1.038421145,80.97548758,4.44578984,-0.156857006
672,0.6513955968,0.2599178356,0.5972930121,1.194586024,73.73044585,4.882650523,-0.2801566476
673,0.6652565569,0.3054029246,0.591012132,1.182024264,71.95311671,5.003257905,-0.3097951097
674,0.5981604898,0.2314680521,0.5515600714,1.103120143,78.9415993,4.560333249,-0.1918094535
675,0.5501317138,0.297264239,0.4629026623,0.9258053245,83.5117541,4.310770429,-0.1129993824
676,0.5839778932,0.3040453086,0.4985846267,0.9971692535,79.65306286,4.519600215,-0.1796081612
677,0.6410510381,0.2696251933,0.5815915135,1.163183027,74.53139773,4.830179105,-0.2667102726
678,0.6142577959,0.3011334347,0.5353795797,1.070759159,76.62357493,4.698292925,-0.2313476254
679,0.5564608147,0.2994634821,0.4690098732,0.9380197464,82.75203814,4.350346023,-0.1261636813
680,0.6133337697,0.2380668318,0.5652455189,1.130491038,77.41631931,4.650182329,-0.2178652664
681,0.6283999908,0.2878386954,0.5586013192,1.117202638,75.45939557,4.770777678,-0.2510660489
682,0.6789865086,0.3151571058,0.6014138987,1.202827797,70.66516955,5.094447551,-0.3310880739
683,0.5577650876,0.2855901435,0.4791034991,0.9582069983,82.73208557,4.351395199,-0.1265091289
684,0.6076024103,0.31051274,0.5222667204,1.044533441,77.14528485,4.66651981,-0.2224796246
685,0.6177987878,0.2924062593,0.5442186341,1.088437268,76.39850829,4.71213389,-0.2351674184
686,0.616334522,0.2570389816,0.5601778333,1.120355667,76.94747698,4.678515971,-0.2258441644
687,0.655107117,0.3057854948,0.5793622061,1.158724412,72.81599554,4.943968662,-0.2954413489
688,0.5939645478,0.3227333201,0.4986352255,0.9972704511,78.35162971,4.5946715,-0.2019048272
689,0.667886189,0.3227910467,0.5847032594,1.169406519,71.46185138,5.03765286,-0.317935998
690,0.6041651805,0.386758809,0.4641478094,0.9282956187,76.08248423,4.731706695,-0.240524787
691,0.5925903818,0.2335817706,0.5446126302,1.08922526,79.47707854,4.529607864,-0.1826288669
692,0.6067814769,0.2685053514,0.5441402732,1.088280546,77.74604559,4.630460588,-0.2122451176
693,0.6635165806,0.34287854,0.5680568277,1.136113655,71.48321194,5.036147513,-0.3175825082
694,0.6044273039,0.2863312826,0.5323032616,1.064606523,77.77487811,4.628743995,-0.2117533336
695,0.6553778642,0.2795022298,0.5927888734,1.185577747,73.15159161,4.921287317,-0.2898405193
696,0.713000974,0.3762855633,0.6056232854,1.211246571,66.89598459,5.381488922,-0.3924015787
697,0.5565092153,0.2726967301,0.4851175116,0.9702350232,82.98399435,4.33818597,-0.1221466077
698,0.6079024796,0.3137497293,0.5206789146,1.041357829,77.06926076,4.671123045,-0.2237730442
699,0.5625872465,0.2418819271,0.5079345856,1.015869171,82.5406353,4.361488117,-0.1298230071
700,0.6022208452,0.2608761802,0.5427831657,1.085566331,78.27318414,4.59927629,-0.2032455739
701,0.6311378493,0.258031146,0.5759816945,1.151963389,75.55819724,4.764539297,-0.2493964951
702,0.6336796895,0.3440523185,0.5321446711,1.064289342,74.1035303,4.858068145,-0.2738999601
703,0.6019706675,0.2179674771,0.5611228594,1.122245719,78.67591898,4.575733015,-0.1963582725
704,0.5543738631,0.2411873903,0.4991583144,0.9983166288,83.44805395,4.314061059,-0.1141039687
705,0.6357122336,0.3199635699,0.5493208151,1.09864163,74.32678694,4.843475883,-0.2701503385
706,0.6081451098,0.29369941,0.532523362,1.065046724,77.31729,4.656138362,-0.2195518098
707,0.6246402455,0.2900612715,0.5532087265,1.106417453,75.78130221,4.750512191,-0.2456237397
708,0.6159063343,0.3101336517,0.5321256719,1.064251344,76.33838759,4.715844955,-0.2361871649
709,0.673635791,0.2606313116,0.6211734849,1.24234697,71.83715548,5.011334282,-0.3117188098
710,0.6124246901,0.3030521083,0.5321873924,1.064374785,76.7754525,4.688998739,-0.228767964
711,0.5934498761,0.2284406588,0.5477203856,1.095440771,79.43237839,4.532156877,-0.1833958551
712,0.5900875552,0.2767943367,0.5211412649,1.04228253,79.32838174,4.538098372,-0.1851798507
713,0.6250924329,0.1969734426,0.593247008,1.186494016,76.65400918,4.696427543,-0.2308308251
714,0.6599911322,0.2560605272,0.6082937621,1.216587524,73.03323605,4.929262614,-0.2918169238
715,0.6168122882,0.2905540653,0.5440916595,1.088183319,76.51667375,4.704856894,-0.2331623829
716,0.6857787865,0.3032647853,0.615079681,1.230159362,70.29486996,5.121284102,-0.3371795526
717,0.5909601179,0.2679786266,0.5267079994,1.053415999,79.33032009,4.537987488,-0.185146605
718,0.6646710311,0.3024367024,0.5918780454,1.183756091,72.04600304,4.996807384,-0.3082532872
719,0.6284825717,0.2434025252,0.5794355474,1.158871095,75.95152317,4.739865443,-0.242742757
720,0.5918142708,0.2369538404,0.5423071165,1.084614233,79.52722887,4.526751468,-0.1817682294
721,0.6568316713,0.2698419161,0.5988432055,1.197686411,73.14508843,4.921724859,-0.2899491473
722,0.6293903571,0.3016614648,0.5523880721,1.104776144,75.18206496,4.78837606,-0.2557483859
723,0.5746537202,0.2543835936,0.5152823357,1.030564671,81.15038317,4.436208259,-0.153841562
724,0.6188437658,0.2871014464,0.54821562,1.09643124,76.36640642,4.714114712,-0.2357119515
725,0.5713784199,0.1887874173,0.5392889854,1.078577971,81.92904398,4.394046146,-0.1403993579
726,0.6618723035,0.2668439311,0.6056973358,1.211394672,72.74992026,4.948459032,-0.2965429042
727,0.6092531018,0.3071989027,0.5261351311,1.052270262,77.02879958,4.673576662,-0.2244612613
728,0.5743178647,0.2705913022,0.5065780857,1.013156171,81.0433756,4.442065713,-0.1556866937
729,0.6061076814,0.2542703052,0.5501937234,1.100387447,77.9582356,4.617857206,-0.208624633
730,0.6114034782,0.288640717,0.5389812146,1.077962429,77.06252889,4.671531095,-0.2238875565
731,0.6328363952,0.365339426,0.5167291427,1.033458285,73.76337951,4.880470532,-0.279604819
732,0.6197029615,0.2690496274,0.558250892,1.116501784,76.49926452,4.705927596,-0.2334578456
733,0.6628724763,0.2607081097,0.6094515579,1.218903116,72.73626631,4.94938795,-0.2967704829
734,0.6848322437,0.3583678269,0.5835817874,1.167163575,69.43086974,5.185013544,-0.3513372685
735,0.6175196135,0.2847044145,0.5479725079,1.095945016,76.52235334,4.704507693,-0.2330659863
736,0.6417881238,0.2933518219,0.5708210792,1.141642158,74.16600046,4.853976186,-0.2728511831
737,0.6029231277,0.2626647456,0.5427002205,1.085400441,78.18580643,4.60441628,-0.204738535
738,0.5894424404,0.2634192813,0.5273070005,1.054614001,79.5302765,4.526578001,-0.1817159239
739,0.5956644171,0.2309363388,0.5490760468,1.098152094,79.19252529,4.545883575,-0.1875094606
740,0.5988357656,0.2595485131,0.5396654922,1.079330984,78.62156655,4.578896298,-0.1972883452
741,0.6239681125,0.3249702295,0.5326636418,1.065327284,75.34081492,4.778286515,-0.2530688425
742,0.5674199626,0.2357568285,0.5161241437,1.032248287,82.06218066,4.3869173,-0.1380983237
743,0.5432667613,0.2906188747,0.4589983047,0.9179966093,84.38348268,4.266237759,-0.09786980155
744,0.600474244,0.2442975636,0.5485326044,1.097065209,78.60343845,4.579952316,-0.1975985118
745,0.6186617536,0.3220097581,0.5282538037,1.056507607,75.89447227,4.743428464,-0.2437085811
746,0.5894782059,0.3311497317,0.4876724418,0.9753448836,78.69570855,4.574582358,-0.1960195917
747,0.5841563513,0.2762265386,0.514720839,1.029441678,79.94824562,4.502913068,-0.1745376681
748,0.5956390847,0.2054794003,0.5590743558,1.118148712,79.38435661,4.534898504,-0.1842197133
749,0.6389850442,0.314705121,0.5561138135,1.112227627,74.11060704,4.857604253,-0.2737811689
750,0.6201492347,0.2822689109,0.5521859608,1.104371922,76.30228736,4.718076121,-0.2367993597
751,0.6014268266,0.2441423524,0.5496441936,1.099288387,78.5112262,4.585331518,-0.19917593
752,0.5889638848,0.2887881364,0.5133029026,1.026605805,79.31197769,4.539036984,-0.185461196
753,0.6021439972,0.2829986769,0.5314970764,1.062994153,78.04082908,4.612969958,-0.2072146083
754,0.6371342791,0.2619165095,0.5808096346,1.161619269,74.97123061,4.801841947,-0.2593040236
755,0.6560443232,0.3307654545,0.5665583536,1.133116707,72.33834357,4.976613816,-0.3033954514
756,0.659265743,0.3229831299,0.574728821,1.149457642,72.19041323,4.986811737,-0.3058546116
757,0.6615762806,0.2980107177,0.5906545414,1.181309083,72.37210799,4.97429203,-0.3028338751
758,0.6232841115,0.3106643953,0.5403431476,1.080686295,75.62521616,4.760316972,-0.2482635848
759,0.5572965714,0.2170408632,0.5132959499,1.0265919,83.26905699,4.323334658,-0.1172070893
760,0.611501604,0.3253048719,0.5177943143,1.035588629,76.53947093,4.703455559,-0.2327754451
761,0.5995057976,0.2716844735,0.534410655,1.06882131,78.42999754,4.590080471,-0.2005650313
762,0.6600737895,0.2495979474,0.611063231,1.222126462,73.09637735,4.925004673,-0.2907626897
763,0.6445373034,0.2869408402,0.5771423478,1.154284696,74.00592331,4.864475489,-0.2755379778
764,0.6007025986,0.2793911781,0.531774559,1.063549118,78.22579987,4.602062243,-0.2040552543
765,0.645984947,0.296432431,0.5739550205,1.147910041,73.7496394,4.8813798,-0.2798350563
766,0.6040817295,0.2688315771,0.5409660979,1.081932196,78.007211,4.614957968,-0.2077885837
767,0.5604730143,0.28715536,0.4813229674,0.9626459348,82.41078311,4.368360382,-0.1320698403
768,0.6566696451,0.2483608415,0.6078913679,1.215782736,73.40045572,4.904601702,-0.2856807451
769,0.681029678,0.2595879849,0.6296153591,1.259230718,71.24381445,5.05307026,-0.3215416923
770,0.6078774285,0.2531166491,0.5526725342,1.105345068,77.79772836,4.62738447,-0.2113635485
771,0.6952635038,0.3189296208,0.6177987024,1.235597405,69.30449093,5.194468571,-0.3534015212
772,0.607394818,0.2839594775,0.5369315414,1.073863083,77.51082165,4.644512757,-0.2162552137
773,0.6556326485,0.2776074716,0.5939598148,1.18791963,73.15341033,4.921164965,-0.289810139
774,0.6075746529,0.31981767,0.5165884404,1.033176881,77.012308,4.674577471,-0.2247417397
775,0.6339499337,0.235445834,0.5886066409,1.177213282,75.5302507,4.766302199,-0.2498688121
776,0.6712700161,0.2745303882,0.6125655071,1.225131014,71.86737275,5.009227222,-0.3112176531
777,0.5729944146,0.2684805474,0.5062023259,1.012404652,81.20460522,4.433246107,-0.1529064056
778,0.6063478905,0.2734238189,0.5411997594,1.082399519,77.73465584,4.631139047,-0.2124393729
779,0.6628285803,0.3214627559,0.5796580228,1.159316046,71.91069201,5.006209646,-0.3104990478
780,0.6021778745,0.2967228527,0.5239978447,1.047995689,77.87044087,4.623063591,-0.2101229774
781,0.6025399278,0.2385551715,0.5533044323,1.106608865,78.45195021,4.58879606,-0.2001896556
782,0.6956357085,0.3227940747,0.6162085883,1.232417177,69.21354218,5.201294265,-0.3548860012
783,0.5549467476,0.2554526831,0.4926558833,0.9853117666,83.28943168,4.322277061,-0.1168539274
784,0.634985059,0.2923720833,0.5636706396,1.127341279,74.79431091,4.813200304,-0.262284997
785,0.6116647819,0.3242393425,0.5186546579,1.037309316,76.54013229,4.703414918,-0.2327642193
786,0.6322170353,0.3167884711,0.5471228786,1.094245757,74.6978081,4.819418523,-0.2639099498
787,0.6088335504,0.3215082752,0.5170210064,1.034042013,76.86176787,4.683733018,-0.2273011683
788,0.6205264614,0.3045693294,0.5406390783,1.081278157,75.97439772,4.738438353,-0.2423554423
789,0.5786306823,0.220735905,0.5348730005,1.069746001,80.98976926,4.445005873,-0.1566108243
790,0.6478338471,0.3075936057,0.5701533716,1.140306743,73.4259747,4.902897121,-0.2852538882
791,0.6243377269,0.319606346,0.536329545,1.07265909,75.39057499,4.775132701,-0.2522285405
792,0.5686045246,0.2404048191,0.5152830565,1.030566113,81.90267381,4.395460896,-0.1408550306
793,0.6285838498,0.2822844837,0.5616343352,1.12326867,75.51251353,4.767421758,-0.2501685525
794,0.6235635761,0.2015866773,0.590079948,1.180159896,76.7604744,4.689913693,-0.2290224409
795,0.6643606721,0.2545534169,0.6136592381,1.227318476,72.67944514,4.953257407,-0.2977173753
796,0.6411956908,0.2345395682,0.5967605087,1.193521017,74.88983636,4.807060844,-0.2606757687
797,0.6899504146,0.3256189016,0.6082794633,1.216558927,69.61535386,5.171273003,-0.3483208663
798,0.6904975379,0.2474060389,0.6446526985,1.289305397,70.61828375,5.097829923,-0.3318601217
799,0.5598883597,0.2726765916,0.4890014843,0.9780029687,82.60405928,4.358139335,-0.1287253385
800,0.6413240402,0.2990616744,0.5673258671,1.134651734,74.12900885,4.8563984,-0.273472254
801,0.6775625421,0.2706465669,0.6211613593,1.242322719,71.39609714,5.042292428,-0.3190238685
802,0.5931439999,0.2694815877,0.528393299,1.056786598,79.0929642,4.551605869,-0.1892160241
803,0.5764162147,0.2965243249,0.4942964468,0.9885928937,80.55201156,4.469162135,-0.1641522146
804,0.6222102122,0.3019860682,0.5440128333,1.088025667,75.85057781,4.746173469,-0.2444515132
805,0.658135198,0.3241722718,0.5727602265,1.145520453,72.26815425,4.981447274,-0.3045625157
806,0.6154917544,0.3241483252,0.5232188481,1.046437696,76.16744955,4.726428443,-0.2390851326
807,0.6134500245,0.263758441,0.5538523426,1.107704685,77.15192819,4.666117989,-0.2223665809
808,0.5867171681,0.255938418,0.5279512871,1.055902574,79.87953316,4.506786479,-0.175718393
809,0.666413035,0.2378123817,0.6225364281,1.245072856,72.68256549,4.953044758,-0.2976653841
810,0.6228705132,0.2816112067,0.5555743014,1.111148603,76.05366182,4.733499892,-0.2410130345
811,0.7058432849,0.2831152039,0.6465760003,1.293152001,68.99865071,5.217493332,-0.3583899349
812,0.6365319499,0.3089806361,0.5565104579,1.113020916,74.41982868,4.837420435,-0.2685864773
813,0.6896753725,0.3520523639,0.5930524871,1.186104974,69.16854731,5.204677762,-0.3556200843
814,0.5841070689,0.1872919085,0.5532655863,1.106531173,80.6414784,4.464203871,-0.1626117058
815,0.6313143533,0.254329211,0.577818713,1.155637426,75.58147232,4.763072073,-0.249003084
816,0.6035918824,0.2644100305,0.542596071,1.085192142,78.10199846,4.609357086,-0.2061700552
817,0.6199469988,0.3104797529,0.5365972459,1.073194492,75.94516947,4.740261988,-0.2428503318
818,0.6453727925,0.2889401704,0.5770785209,1.154157042,73.90541806,4.871090773,-0.2772237979
819,0.63130675,0.2550100634,0.5775102425,1.155020485,75.57498546,4.763480903,-0.2491127334
820,0.6431367105,0.2852475794,0.5764188121,1.152837624,74.15263882,4.854850828,-0.2730755314
821,0.617848212,0.2614675699,0.5597956083,1.119591217,76.75755991,4.69009177,-0.229071956
822,0.6292784685,0.290239808,0.5583477812,1.116695562,75.34690149,4.777900523,-0.2529660684
823,0.5931155037,0.3193034467,0.4998312812,0.9996625624,78.48963392,4.58659293,-0.1995452213
824,0.6320337034,0.2540604169,0.578722651,1.157445302,75.5186772,4.767032652,-0.2500643954
825,0.5842338324,0.3037090784,0.4990891369,0.9981782739,79.63008082,4.520904616,-0.1800027361
826,0.61189631,0.2851924582,0.5413708119,1.082741624,77.05710593,4.671859859,-0.2239798014
827,0.6419004652,0.3002418087,0.5673544427,1.134708885,74.06067886,4.860879019,-0.2746191812
828,0.6270381815,0.3378797242,0.528217922,1.056435844,74.83402195,4.810646156,-0.2616161105
829,0.6118178754,0.2656068979,0.5511570452,1.10231409,77.28886994,4.657850481,-0.2200357038
830,0.5912834887,0.2930520114,0.5135529989,1.027105998,79.02240871,4.555669789,-0.1904250608
831,0.642999736,0.2881098988,0.5748402793,1.149680559,74.12755993,4.856493325,-0.2734965783
832,0.6386151268,0.287060356,0.5704608946,1.140921789,74.53484282,4.829955849,-0.2666523219
833,0.6462026882,0.2470919157,0.597095888,1.194191776,74.32296194,4.84372515,-0.2702146145
834,0.6255165086,0.258793806,0.5694705159,1.138941032,76.06765691,4.732629012,-0.2407759672
835,0.6353138685,0.2917220542,0.564377493,1.128754986,74.77298914,4.814572804,-0.2626440858
836,0.6385249521,0.3021465259,0.5625136366,1.125027273,74.33789264,4.842752292,-0.2699637094
837,0.6206627424,0.2044828984,0.5860110784,1.172022157,77.00641232,4.674935362,-0.2248420053
838,0.6499896348,0.2894398207,0.5819889308,1.163977862,73.49153344,4.898523451,-0.2841570258
839,0.6389809311,0.2840722714,0.5723631495,1.144726299,74.54032416,4.829600677,-0.2665601171
840,0.6282044685,0.3049856555,0.549203609,1.098407218,75.24535506,4.784348478,-0.2546803452
841,0.6103226774,0.2491812426,0.5571377557,1.114275511,77.60008922,4.639169924,-0.2147338063
842,0.6286862027,0.2737960102,0.5659347014,1.131869403,75.60579321,4.761539886,-0.2485919519
843,0.5723746465,0.2467323523,0.5164647928,1.032929586,81.45371808,4.41968775,-0.1486082621
844,0.5706504704,0.2586382577,0.5086729903,1.017345981,81.54184184,4.414911313,-0.1470871153
845,0.700904578,0.2871449405,0.6393864329,1.278772866,69.32641234,5.19282605,-0.353043583
846,0.6090150599,0.2777285131,0.5420020444,1.084004089,77.42542119,4.649635668,-0.2177102218
847,0.5661341446,0.2693052353,0.4979784734,0.9959569467,81.94116191,4.39339633,-0.1401899519
848,0.646047204,0.2743693336,0.5848918349,1.16978367,74.03060352,4.862853778,-0.2751238757
849,0.6464371179,0.2571641377,0.5930830917,1.186166183,74.19504947,4.852075746,-0.2723633846
850,0.577966554,0.3032254262,0.4920362573,0.9840725146,80.30678406,4.48280932,-0.168372667
851,0.60420567,0.3426361071,0.4976595118,0.9953190237,76.98133871,4.676458035,-0.2252683956
852,0.6501412862,0.2966935373,0.5784951486,1.156990297,73.37937285,4.906010859,-0.2860333562
853,0.6248059944,0.314341714,0.5399739044,1.079947809,75.42684574,4.772836468,-0.2516159138
854,0.5808855067,0.2792619872,0.5093532314,1.018706463,80.26037148,4.485401617,-0.1691710993
855,0.611977817,0.229343043,0.5673787246,1.134757449,77.62210451,4.637854156,-0.2143585145
856,0.6014964318,0.3071918582,0.5171374282,1.034274856,77.80117619,4.627179403,-0.2113047317
857,0.6560615845,0.2693361608,0.5982264079,1.196452816,73.21741603,4.916862948,-0.28874079
858,0.5590424551,0.2189048739,0.5144017134,1.028803427,83.06937242,4.333727215,-0.1206675022
859,0.5584835725,0.2605256371,0.4939942238,0.9879884475,82.85732636,4.344817964,-0.1243405267
860,0.6136937405,0.3167242827,0.52564792,1.05129584,76.45640254,4.708565772,-0.2341851912
861,0.6075603718,0.2817983052,0.5382558133,1.076511627,77.52017553,4.643952333,-0.216095818
862,0.6084297145,0.2269106937,0.5645336611,1.129067322,77.98141699,4.616484464,-0.2082289272
863,0.6465349853,0.341716101,0.5488511579,1.097702316,72.98025452,4.932841114,-0.2927012525
864,0.6223190855,0.3225967161,0.532177041,1.064354082,75.53525438,4.765986465,-0.2497842506
865,0.6090425799,0.2898534675,0.5356471147,1.071294229,77.27765035,4.658526733,-0.2202267192
866,0.5737444149,0.287937122,0.4962608864,0.9925217728,80.93438821,4.448047461,-0.1575654053
867,0.5988214782,0.3149718557,0.5092935233,1.018587047,77.96410958,4.617509286,-0.2085243674
868,0.6039802035,0.3021490664,0.5229703891,1.045940778,77.61990071,4.637985835,-0.2143960837
869,0.6086905845,0.282051545,0.5393988817,1.078797763,77.40664757,4.650763356,-0.2180300122
870,0.6092370195,0.2704556265,0.5459152865,1.091830573,77.48567144,4.646020268,-0.2166837599
871,0.5886313296,0.2720190078,0.5220081432,1.044016286,79.52776737,4.526720816,-0.1817589872
872,0.5883424772,0.2837465541,0.5153976751,1.03079535,79.43299693,4.532121585,-0.1833852426
873,0.5993369964,0.2573712285,0.541262308,1.082524616,78.59316356,4.580551077,-0.1977743033
874,0.6242743799,0.3382617494,0.5246879933,1.049375987,75.08880107,4.794323453,-0.2573216744
875,0.6744895571,0.3189534231,0.594310421,1.188620842,70.97426173,5.072261285,-0.3259928652
876,0.6830265224,0.3609650845,0.5798529452,1.15970589,69.52366215,5.178093168,-0.3498205223
877,0.6085539983,0.28932642,0.5353766819,1.070753364,77.33202243,4.655251327,-0.2193009469
878,0.6361935441,0.3062239753,0.557646037,1.115292074,74.49109951,4.832792137,-0.2673880659
879,0.6048181925,0.3093570339,0.5197146059,1.039429212,77.43832305,4.648861001,-0.2174904377
880,0.6012645289,0.288844969,0.5273401346,1.054680269,78.05932621,4.611876857,-0.2068987687
881,0.5663420917,0.2912450083,0.4857156678,0.9714313357,81.7132704,4.405649146,-0.1441270109
882,0.5776639347,0.2022220214,0.5411117034,1.082223407,81.20753812,4.433085996,-0.1528558187
883,0.6724962001,0.350839079,0.5737273567,1.147454713,70.58135808,5.100496927,-0.3324680039
884,0.6757468315,0.2827655582,0.6137405147,1.227481029,71.39268144,5.04253367,-0.3190803679
885,0.607344438,0.2709256828,0.5435683405,1.087136681,77.66476631,4.63530655,-0.2136311742
886,0.6536779717,0.2191289274,0.6158550186,1.231710037,73.93972965,4.868830353,-0.2766483697
887,0.6180884182,0.3272950561,0.5243197869,1.048639574,75.86574847,4.74522439,-0.2441947596
888,0.6180193274,0.3027024183,0.5388127087,1.077625417,76.23984126,4.721940577,-0.237858111
889,0.6069334904,0.2524652588,0.5519325637,1.103865127,77.89561602,4.621569459,-0.2096933773
890,0.6245145622,0.3020255509,0.5466251046,1.093250209,75.63255688,4.759854947,-0.2481394742
891,0.6074189035,0.3163436898,0.518540639,1.037081278,77.07941748,4.670507533,-0.2236002678
892,0.6620253376,0.3051058598,0.5875269883,1.175053977,72.23154316,4.983972157,-0.305171081
893,0.6336434408,0.2640670468,0.5759970528,1.151994106,75.26333664,4.783205423,-0.2543768437
894,0.6619993727,0.2028940407,0.6301406016,1.260281203,73.36743073,4.906809417,-0.286233071
895,0.5868172741,0.2242968287,0.5422595742,1.084519148,80.12921898,4.492743154,-0.1714267042
896,0.6072110184,0.2609667286,0.5482714542,1.096542908,77.78355443,4.628227685,-0.2116053348
897,0.593892639,0.277281953,0.5251887138,1.050377428,78.9346148,4.560736768,-0.1919290911
898,0.6507146511,0.2594191702,0.5967673343,1.193534669,73.79534135,4.878356729,-0.2790691855
899,0.6165625661,0.2796760928,0.5494821936,1.098964387,76.67459214,4.695166808,-0.2304812715
900,0.669187755,0.3192019359,0.5881516604,1.176303321,71.41073333,5.041258971,-0.3187817564
901,0.6019926776,0.3250778703,0.5066750064,1.013350013,77.49266663,4.645600876,-0.2165645697
902,0.6587356758,0.3425253461,0.5626802625,1.125360525,71.89812031,5.007085004,-0.3107076128
903,0.6172695824,0.2875834822,0.5461844726,1.092368945,76.51046975,4.705238397,-0.2332676773
904,0.5820513557,0.3065380248,0.4947910872,0.9895821744,79.82727987,4.509736528,-0.1766161215
905,0.6329256121,0.2840208212,0.565620901,1.131241802,75.09103749,4.794180664,-0.2572839557
906,0.5859462747,0.26135672,0.5244289292,1.048857858,79.90868175,4.505142522,-0.1752175471
907,0.5743571093,0.2557544546,0.5142720563,1.028544113,81.17034588,4.435117235,-0.1534972852
908,0.6510366862,0.1886312829,0.6231107493,1.246221499,74.41082366,4.838005848,-0.2687378663
909,0.6095020022,0.3106910475,0.524369873,1.048739746,76.95515579,4.678049135,-0.2257136045
910,0.6150099738,0.3333297053,0.5168448272,1.033689654,76.06541824,4.732768298,-0.2408138897
911,0.5682866035,0.2670795538,0.5016155656,1.003231131,81.7255166,4.40498898,-0.1439155026
912,0.61760459,0.2612569494,0.5596250852,1.11925017,76.78286803,4.688545886,-0.228641969
913,0.5934104675,0.259007485,0.5339017752,1.06780355,79.17010142,4.547171136,-0.1878938747
914,0.6795980973,0.263336288,0.6265042484,1.253008497,71.31693853,5.047889147,-0.3203329499
915,0.5980467732,0.2962698168,0.5195037426,1.039007485,78.29197458,4.598172443,-0.2029244531
916,0.6091016794,0.2663650257,0.5477723331,1.095544666,77.54321093,4.642572776,-0.2157032564
917,0.6175735424,0.3252915437,0.5249595145,1.049919029,75.94760944,4.740109697,-0.2428090208
918,0.6489514592,0.2569254677,0.595925583,1.191851166,73.97698524,4.866378358,-0.2760234564
919,0.6278691384,0.3329296951,0.5323321079,1.064664216,74.84128166,4.810179516,-0.2614938154
920,0.6347076989,0.3335807687,0.5399793827,1.079958765,74.19458713,4.852105981,-0.2723711489
921,0.6508762134,0.3135525469,0.5703723744,1.140744749,73.06805079,4.926913967,-0.2912356856
922,0.6043368904,0.3046468571,0.5219323419,1.043864684,77.5509182,4.642111381,-0.2155719038
923,0.610654922,0.2962975869,0.5339542806,1.067908561,77.03806879,4.673014337,-0.2243036082
924,0.6209535462,0.2971586179,0.5452339519,1.090467904,76.03550179,4.734630423,-0.2413206315
925,0.6472786556,0.2808908618,0.5831551953,1.166310391,73.84101472,4.875339286,-0.2783036162
926,0.5695345681,0.2839308312,0.4937133859,0.9874267717,81.43375666,4.420771124,-0.1489527769
927,0.6319691054,0.2550807713,0.5782030355,1.156406071,75.5137957,4.767340811,-0.2501468859
928,0.5845965411,0.256398013,0.5253695602,1.05073912,80.09349668,4.494746951,-0.1720409134
929,0.5958735662,0.2626898462,0.534845166,1.069690332,78.88629572,4.56353029,-0.1927566713
930,0.6207795816,0.2925709842,0.5475121077,1.095024215,76.11264813,4.729831491,-0.2400137494
931,0.6812491966,0.2712045087,0.6249388628,1.249877726,71.08883438,5.064086409,-0.3241017822
932,0.6215159869,0.2764872632,0.5566299626,1.113259925,76.24265453,4.721766342,-0.2378104189
933,0.6590730983,0.3086181043,0.5823505942,1.164701188,72.43175229,4.970195924,-0.3018416033
934,0.5479440904,0.2465239318,0.4893553691,0.9787107382,84.13791143,4.278689521,-0.10213434
935,0.6523437775,0.339094103,0.5572859171,1.114571834,72.51488614,4.964497901,-0.3004580021
936,0.6122845774,0.3138536139,0.5257264618,1.051452924,76.63644226,4.697504077,-0.2311291348
937,0.6320162252,0.2499136281,0.580506406,1.161012812,75.56335705,4.764213953,-0.2493092841
938,0.6017744633,0.2798717549,0.532732865,1.06546573,78.1135853,4.608673365,-0.2059721671
939,0.6790100059,0.3529704471,0.580057283,1.160114566,70.00601825,5.142415023,-0.3419214377
940,0.5791541959,0.2460658806,0.5242815704,1.048563141,80.74628383,4.458409514,-0.1608065813
941,0.6235439567,0.317635959,0.5365766147,1.073153229,75.49610492,4.768457928,-0.2504458201
942,0.6204392343,0.2545755698,0.5658057288,1.131611458,76.58554028,4.700626237,-0.2319933952
943,0.5858020394,0.2439572051,0.532586999,1.065173998,80.0777937,4.495628355,-0.1723108891
944,0.655683543,0.2885296666,0.5887881963,1.177576393,73.00798372,4.930967569,-0.2922384483
945,0.6261472162,0.2791861513,0.5604600158,1.120920032,75.77673707,4.750798384,-0.2457009747
946,0.5936093763,0.2676860001,0.5298266669,1.059653334,79.0641803,4.553262914,-0.1897092988
947,0.6152072159,0.2699625138,0.5528111428,1.105622286,76.9160532,4.680427362,-0.2263784088
948,0.628790737,0.2675556953,0.5690270124,1.138054025,75.66836647,4.757602374,-0.2475339775
949,0.6229982264,0.3328445418,0.5266320358,1.053264072,75.30331213,4.780666212,-0.2537020287
950,0.6616968704,0.2741985372,0.6022108522,1.204421704,72.67615658,4.953481539,-0.2977721683
951,0.6188782664,0.2767657385,0.5535440675,1.107088135,76.48863475,4.706581588,-0.2336382396
952,0.6136458433,0.2284750274,0.5695264549,1.13905291,77.47121275,4.646887369,-0.2169301092
953,0.6564189919,0.2750184411,0.596029152,1.192058304,73.11774438,4.92356545,-0.2904058565
954,0.5961921995,0.2072905832,0.5589953066,1.117990613,79.31762867,4.5387136,-0.1853642778
955,0.5958781691,0.2537019139,0.5391717085,1.078343417,78.9727209,4.558536111,-0.1912763363
956,0.5983392799,0.2865579938,0.5252565184,1.050513037,78.3800914,4.593003065,-0.2014182827
957,0.6270274623,0.2592656262,0.5709157324,1.141831465,75.92272299,4.741663442,-0.2432303501
958,0.6483887428,0.2761261721,0.5866534742,1.173306948,73.80275851,4.877866454,-0.2789448722
959,0.6419209197,0.3256564348,0.5531820258,1.106364052,73.67131049,4.886569787,-0.2811472736
960,0.6401242675,0.2989517301,0.5660273323,1.132054665,74.23848053,4.84923718,-0.2716339486
961,0.6331439383,0.2579542348,0.5782135067,1.156427013,75.37606992,4.776051609,-0.2524735083
962,0.6368666003,0.2852596693,0.5694084541,1.138816908,74.71624001,4.818229611,-0.2635996437
963,0.5936463225,0.2765466943,0.5252978983,1.050595797,78.96759141,4.55883222,-0.1913642092
964,0.5784760874,0.30675746,0.4904431103,0.9808862206,80.20903588,4.488272376,-0.1700540925
965,0.5590694522,0.2290032914,0.5100158281,1.020031656,83.00701865,4.336982654,-0.121747757
966,0.6484274561,0.3078924427,0.5706666361,1.141333272,73.36911077,4.906697058,-0.2862049755
967,0.6149678179,0.2869070437,0.5439391191,1.087878238,76.73954565,4.691192748,-0.2293779927
968,0.6292459382,0.2360122802,0.5833083699,1.16661674,75.95235292,4.739813661,-0.2427287082
969,0.6642956532,0.2962066133,0.5946010066,1.189202013,72.1665303,4.988462082,-0.3062514453
970,0.6120597682,0.2553648548,0.5562427085,1.112485417,77.37231984,4.652826757,-0.2186146911
971,0.570504597,0.2927618486,0.4896590601,0.9793181203,81.23745472,4.431453462,-0.1523397906
972,0.5814789962,0.3324912595,0.4770402345,0.954080469,79.5344164,4.526342385,-0.1816448715
973,0.6420775943,0.2953419061,0.5701199835,1.140239967,74.11295061,4.857450648,-0.2737418285
974,0.6133385761,0.2433425804,0.5629996425,1.125999285,77.36715805,4.653137185,-0.2187026012
975,0.5912863653,0.2725999432,0.5246988058,1.049397612,79.24974863,4.542601159,-0.1865283462
976,0.6806371999,0.3215118232,0.5999142818,1.199828564,70.42991453,5.111464388,-0.3349596692
977,0.6377061433,0.2483430413,0.5873626299,1.17472526,75.06502286,4.795842142,-0.2577226853
978,0.6033476893,0.2356728777,0.5554158162,1.110831632,78.39822412,4.591940749,-0.201108283
979,0.6184597384,0.2247919192,0.5761606036,1.152321207,77.04954861,4.672318093,-0.2241083484
980,0.6839448383,0.3495138324,0.5878950781,1.175790156,69.67329595,5.166972441,-0.3473727392
981,0.5761682147,0.2976022347,0.4933586136,0.9867172271,80.56667756,4.468348589,-0.1638997115
982,0.6038237182,0.3087865273,0.5188968714,1.037793743,77.54564095,4.642427293,-0.2156618427
983,0.584490151,0.323545043,0.4867723715,0.9735447431,79.33953848,4.537460224,-0.1849884931
984,0.6476755772,0.3367764097,0.5532316903,1.106463381,72.96744802,4.933706876,-0.2929149718
985,0.6368805974,0.3711473025,0.5175582819,1.035116564,73.26527504,4.913651109,-0.2879409696
986,0.6234668636,0.2827802038,0.5556494275,1.111298855,75.98330655,4.737882784,-0.2422045864
987,0.5929247366,0.2475086778,0.5387942072,1.077588414,79.32530934,4.53827414,-0.1852325464
988,0.5699665096,0.1902105524,0.5372911387,1.074582277,82.0679337,4.386609773,-0.1379988755
989,0.6638684247,0.2825939137,0.6007178749,1.20143575,72.38593202,4.973342056,-0.302603921
990,0.6304424322,0.3027866403,0.5529718897,1.105943779,75.06872892,4.795605376,-0.2576601868
991,0.6404690675,0.3087248632,0.5611502341,1.122300468,74.06668892,4.860484588,-0.2745183172
992,0.6773585509,0.2907649587,0.611776385,1.22355277,71.15394131,5.059452693,-0.3230265794
993,0.6590568664,0.3577124699,0.5535320606,1.107064121,71.57946714,5.029375244,-0.3159890616
994,0.6344461634,0.2979597314,0.5601267113,1.120253423,74.76772407,4.814911842,-0.2627327514
995,0.6789506073,0.2643731481,0.6253645063,1.250729013,71.35758396,5.045013859,-0.3196608544
996,0.6025464446,0.3513807635,0.4894831733,0.9789663465,76.99376318,4.675703396,-0.2250571161
997,0.6137207019,0.2829993746,0.5445773167,1.089154633,76.90738706,4.680954766,-0.2265257323
998,0.6088933236,0.2645185142,0.5484350784,1.096870157,77.58307912,4.640187063,-0.2150237536
999,0.5461812239,0.2365792025,0.4922846842,0.9845693684,84.39481317,4.265664991,-0.09767299457
1000,0.6615886356,0.315039019,0.5817645049,1.16352901,72.11831037,4.991797481,-0.3070524952
1001,0.6274565693,0.2951564166,0.5537006737,1.107401347,75.45102894,4.771306701,-0.2512073943
1002,0.5985406509,0.2981614032,0.5189900658,1.037980132,78.2181706,4.60251112,-0.2041856067
1003,0.6122750594,0.2899652479,0.5392595881,1.078519176,76.96138571,4.677670454,-0.2256076765
1004,0.6249401802,0.2839061056,0.5567293346,1.113458669,75.83133743,4.747377696,-0.2447771194
1005,0.6022682113,0.2223856215,0.559706739,1.119413478,78.61275663,4.579409442,-0.1974390828
1006,0.6450429302,0.2992791769,0.5714125971,1.142825194,73.79355756,4.878474652,-0.2790990815
1007,0.6564280901,0.3069353923,0.5802486557,1.160497311,72.68465374,4.952902456,-0.2976305892
1008,0.6110257295,0.3193580089,0.5209250466,1.041850093,76.6780248,4.694956618,-0.2304229729
1009,0.6860554524,0.4146029212,0.5466045202,1.09320904,68.01536368,5.292921783,-0.3743579585
1010,0.6066350607,0.3255979011,0.5118516423,1.023703285,77.01744777,4.674265513,-0.2246543278
1011,0.6052887935,0.2138928141,0.5662370419,1.132474084,78.38614015,4.592648641,-0.2013148746
1012,0.615763956,0.2740225766,0.5514316612,1.102863322,76.8169288,4.686466976,-0.2280632033
1013,0.5860539583,0.3206116425,0.4905786549,0.9811573098,79.21393398,4.544654986,-0.1871424229
1014,0.569263057,0.2457110695,0.5135041367,1.027008273,81.79307527,4.401350589,-0.1427485563
1015,0.6461234001,0.2395422127,0.6000791419,1.200158284,74.40617023,4.838308421,-0.2688160952
1016,0.6349712639,0.3160437549,0.5507311967,1.101462393,74.45583849,4.835080865,-0.267981028
1017,0.6054784729,0.318463016,0.514961638,1.029923276,77.24150544,4.660706675,-0.2208420349
1018,0.5974088181,0.2442222579,0.5452089367,1.090417873,78.9069264,4.562337128,-0.1924033382
1019,0.6224493887,0.2221312271,0.5814644954,1.162928991,76.70085303,4.693559273,-0.2300352482
1020,0.6180601074,0.3079502662,0.5358777192,1.071755438,76.16228295,4.726749069,-0.2391726906
1021,0.7099165058,0.3106473812,0.638341327,1.276682654,68.30351962,5.270592233,-0.369689681
1022,0.6323588094,0.2620757159,0.5754945551,1.15098911,75.4025583,4.774373816,-0.252026149
1023,0.6291621764,0.3054094012,0.5500637616,1.100127523,75.15016734,4.790408495,-0.25628655
1024,0.5731460108,0.3089032202,0.4827785727,0.9655571453,80.76493013,4.457380195,-0.1604853687
1025,0.6276425317,0.3208456839,0.5394378507,1.078875701,75.06014899,4.796153549,-0.2578048758
1026,0.6260458581,0.2921671213,0.5536892537,1.107378507,75.6223133,4.760499703,-0.2483126628
1027,0.5759815645,0.2848519553,0.5006137496,1.001227499,80.72495621,4.45958743,-0.1611739629
1028,0.5916441453,0.2970940615,0.5116423685,1.023284737,78.93639261,4.560634051,-0.1918986393
1029,0.6271222309,0.2856415267,0.5582931226,1.116586245,75.60606748,4.761522613,-0.2485873153
1030,0.577232208,0.2662987167,0.512134763,1.024269526,80.77282533,4.456944505,-0.1603493561
1031,0.610248353,0.2426414393,0.5599358752,1.11987175,77.66901037,4.635053264,-0.2135588108
1032,0.5838128956,0.2351166397,0.5343759565,1.068751913,80.35262323,4.480251988,-0.1675839906
1033,0.6177720385,0.2726984562,0.5543264774,1.108652955,76.64078413,4.697237953,-0.2310554061
1034,0.63509724,0.2965699141,0.561600205,1.12320041,74.72733315,4.817514353,-0.2634128745
1035,0.6541254133,0.2585894406,0.6008423733,1.201684747,73.50855343,4.897389259,-0.2838722036
1036,0.6102916224,0.3006440501,0.5311017035,1.062203407,77.01624776,4.674338344,-0.2246747364
1037,0.652150239,0.2755528641,0.5910757594,1.182151519,73.48081374,4.899238068,-0.2843364023
1038,0.5891908463,0.3132810082,0.498999863,0.997999726,78.98339311,4.557920163,-0.1910935069
1039,0.6469257564,0.3195674471,0.562485183,1.124970366,73.32249692,4.909816429,-0.2869844132
1040,0.6546290177,0.2284570028,0.6134709029,1.226941806,73.77335798,4.879810407,-0.2794376037
1041,0.5826114907,0.2107557413,0.543155748,1.086311496,80.64956751,4.463756113,-0.1624724016
1042,0.607572464,0.2265281707,0.5637635027,1.127527005,78.06685116,4.611432313,-0.2067702735
1043,0.6274159773,0.3449661227,0.5240698262,1.048139652,74.67136802,4.821125012,-0.2643550279
1044,0.6322613057,0.2821784099,0.5658000563,1.131600113,75.17505732,4.788822421,-0.2558666228
1045,0.581142276,0.3035980398,0.4955346357,0.9910692713,79.96073203,4.502209908,-0.1743230801
1046,0.6323965188,0.2300638813,0.5890636363,1.178127273,75.72055894,4.754323067,-0.2466512935
1047,0.60032011,0.2637280268,0.5392881997,1.078576399,78.43219215,4.589952036,-0.2005275063
1048,0.6204113218,0.2013450815,0.5868307817,1.173661563,77.05288027,4.672116068,-0.2240516786
1049,0.607885679,0.2720310596,0.5436212849,1.08724257,77.59978812,4.639187925,-0.214738939
1050,0.644609134,0.3277407747,0.5550737971,1.110147594,73.39561574,4.904925129,-0.2857616971
1051,0.6773097113,0.3034900777,0.6055098824,1.211019765,70.97845894,5.071961344,-0.3259236109
1052,0.5587755627,0.2601687831,0.494512218,0.989024436,82.82751934,4.346381527,-0.1248567033
1053,0.6333940948,0.2590069226,0.5780168625,1.156033725,75.34190933,4.778217107,-0.2530503632
1054,0.6171443154,0.2628978929,0.5583473864,1.116694773,76.80895765,4.686953332,-0.2281986574
1055,0.5895925551,0.2632865229,0.527541077,1.055082154,79.51623193,4.527377509,-0.1819569615
1056,0.6538242762,0.2551063627,0.6020024318,1.204004864,73.57309369,4.89309314,-0.2827919231
1057,0.5976962715,0.3112697746,0.5102469602,1.02049392,78.13065258,4.607666622,-0.205680665
1058,0.6404002182,0.3214567717,0.5538754223,1.107750845,73.87665417,4.872987333,-0.2777061109
1059,0.5441948148,0.2155063427,0.4997049256,0.9994098513,84.72367245,4.249107594,-0.09195918386
1060,0.6409718764,0.3027390925,0.5649725552,1.12994511,74.10860385,4.857735557,-0.2738147953
1061,0.6320612871,0.2863998662,0.5634506077,1.126901215,75.14000095,4.791056633,-0.2564580567
1062,0.6089039249,0.2809036215,0.540238045,1.08047609,77.39934549,4.651202122,-0.2181543896
1063,0.6236230191,0.2689299267,0.5626565244,1.125313049,76.13241236,4.728603611,-0.2396788675
1064,0.6272938591,0.2354510194,0.5814296201,1.16285924,76.13637728,4.728357362,-0.2396116831
1065,0.6251244281,0.3376675094,0.5260809859,1.052161972,75.01853869,4.798813817,-0.2585064955
1066,0.6544714425,0.3096327607,0.5765938107,1.153187621,72.81385069,4.944114294,-0.2954771122
1067,0.6089682638,0.3077993074,0.5254540253,1.050908051,77.04848647,4.672382502,-0.2241264147
1068,0.6217331884,0.2853179106,0.5524000791,1.104800158,76.11495859,4.729687918,-0.2399746029
1069,0.5936561561,0.2428084626,0.541730267,1.083460534,79.29319548,4.540112147,-0.1857833104
1070,0.6620652805,0.2936943615,0.5933582878,1.186716576,72.390692,4.973015039,-0.3025247375
1071,0.6287645532,0.2615104269,0.5718016789,1.143603358,75.73816492,4.753217884,-0.2463534931
1072,0.613746065,0.2677004407,0.5522867972,1.104573594,77.08091097,4.670417039,-0.2235748612
1073,0.6528772391,0.2720899807,0.5934776589,1.186955318,73.45983809,4.900636992,-0.2846873667
1074,0.6731550048,0.2256030746,0.6342246552,1.26844931,72.24010605,4.983381388,-0.305028756
1075,0.6461420669,0.3445434902,0.5466162766,1.093232553,72.96336951,4.93398266,-0.2929830323
1076,0.6517891488,0.2796510786,0.5887481369,1.177496274,73.46118312,4.900547265,-0.2846648629
1077,0.633271443,0.2241970058,0.5922570583,1.184514117,75.69379681,4.756003995,-0.2471039228
1078,0.5628288499,0.3058341699,0.4724846821,0.9449693641,81.95565834,4.39261922,-0.1399394355
1079,0.6037889712,0.2709542938,0.5395784396,1.079156879,78.01318945,4.614604307,-0.2076865164
1080,0.6229556884,0.3300219195,0.5283552993,1.056710599,75.35456076,4.777414882,-0.2528367345
1081,0.6324602189,0.3161400233,0.5477786179,1.095557236,74.68534012,4.820223078,-0.264119836
1082,0.6036110849,0.2575114692,0.5459250728,1.091850146,78.17017108,4.605337241,-0.205005635
1083,0.6327943458,0.2755355489,0.5696567786,1.139313557,75.20762773,4.78674851,-0.2553170434
1084,0.6443536,0.3045821843,0.5678214991,1.135642998,73.77914339,4.879427755,-0.2793406503
1085,0.5918280086,0.2632759442,0.5300435538,1.060087108,79.28876785,4.540365676,-0.1858592413
1086,0.6124094636,0.3013383186,0.5331421657,1.066284331,76.80020525,4.687487473,-0.2283473825
1087,0.6110817165,0.2473144752,0.5587990825,1.117598165,77.54515054,4.642456652,-0.2156702005
1088,0.6074570101,0.2074859676,0.5709234558,1.141846912,78.22578327,4.602063219,-0.2040555379
1089,0.6488393155,0.2726740147,0.588762549,1.177525098,73.80528367,4.877699564,-0.278902549
1090,0.6580124109,0.2793916551,0.5957521598,1.19150432,72.9260944,4.936504593,-0.2936049949
1091,0.6198741351,0.2844055092,0.5507789481,1.101557896,76.30211029,4.71808707,-0.2368023622
1092,0.6283427176,0.3284271476,0.5356773091,1.071354618,74.87231266,4.808185926,-0.2609710285
1093,0.6402112293,0.3131301435,0.5584083911,1.116816782,74.02376329,4.863303134,-0.2752386512
1094,0.6201849637,0.2964239224,0.5447588892,1.089517778,76.118317,4.729479239,-0.2399176999
1095,0.6209008595,0.2553579351,0.5659595412,1.131919082,76.5341755,4.703780993,-0.2328653281
1096,0.6021256955,0.3078424229,0.5174827493,1.034965499,77.72897779,4.631477349,-0.2125362105
1097,0.6267300344,0.2651867822,0.5678613445,1.135722689,75.88542045,4.743994272,-0.2438617986
1098,0.6167274105,0.3079347595,0.5343490271,1.068698054,76.29064371,4.718796205,-0.236996795
1099,0.6050851391,0.2616643154,0.5455820852,1.09116417,77.98382667,4.616341816,-0.208187792
1100,0.6493021893,0.2738249166,0.5887386925,1.177477385,73.75074872,4.881306377,-0.2798164685
1101,0.6271765686,0.3167593189,0.5413076593,1.082615319,75.16727598,4.789318161,-0.2559979096
1102,0.62391774,0.2912864524,0.5517477222,1.103495444,75.83321565,4.747260114,-0.2447453354
1103,0.6403851047,0.35932754,0.5300724491,1.060144898,73.19457416,4.918397355,-0.2891224526
1104,0.5696572062,0.2393087372,0.5169532483,1.033906497,81.79834618,4.401066975,-0.1426575031
1105,0.6101960735,0.302828351,0.5297492217,1.059498443,76.99620041,4.675555392,-0.2250156695
1106,0.6054444849,0.3014804136,0.5250453166,1.050090633,77.48301783,4.646179384,-0.2167289735
1107,0.6487554508,0.2540022011,0.5969644184,1.193928837,74.02600249,4.863156025,-0.2752010789
1108,0.6111865676,0.2740689942,0.5462922357,1.092584471,77.25641477,4.659807228,-0.2205882353
1109,0.5812161844,0.2726954378,0.5132732715,1.026546543,80.29166555,4.483653409,-0.1686327617
1110,0.6234166734,0.3041231359,0.5442035161,1.088407032,75.70666223,4.75519577,-0.246886336
1111,0.6680485184,0.32506141,0.5836299364,1.167259873,71.41096645,5.041242513,-0.3187778999
1112,0.6090573304,0.2928168012,0.5340497661,1.068099532,77.2390079,4.66085738,-0.2208845488
1113,0.6202202651,0.3127287765,0.5356060955,1.071212191,75.88609196,4.743952294,-0.2438504324
1114,0.6293247845,0.2689255731,0.5689716342,1.137943268,75.60353348,4.761682205,-0.2486301533
1115,0.6147005606,0.3701500322,0.490760362,0.9815207239,75.39745481,4.774696983,-0.2521123455
1116,0.6411395241,0.2871109682,0.5732601341,1.146520268,74.30706477,4.844761412,-0.2704817407
1117,0.6252737918,0.2779293187,0.5601094611,1.120218922,75.87329719,4.744752282,-0.2440669961
1118,0.6577906573,0.3126076139,0.5787616337,1.157523267,72.48147893,4.966786072,-0.3010140763
1119,0.5983955808,0.2840107941,0.5267021359,1.053404272,78.40408672,4.59159739,-0.2010080507
1120,0.5940659146,0.2009347337,0.5590523622,1.118104724,79.56936622,4.524354247,-0.1810449961
1121,0.6104646059,0.3010141479,0.5310908753,1.062181751,76.99436216,4.675667022,-0.2250469302
1122,0.5871169808,0.2891011989,0.5110057201,1.02201144,79.50032118,4.528283592,-0.1822300136
1123,0.6112204397,0.2534829271,0.5561805746,1.112361149,77.4717084,4.646857639,-0.2169216645
1124,0.5750854879,0.2404729445,0.5223945649,1.04478913,81.21581395,4.432634268,-0.152713074
1125,0.5799238797,0.2317671682,0.5315972968,1.063194594,80.7777642,4.456672001,-0.1602642713
1126,0.6269418319,0.2999680473,0.5505226891,1.101045378,75.43356716,4.77241119,-0.2515023755
1127,0.6555769814,0.3164142912,0.5741630212,1.148326042,72.61368599,4.957743091,-0.2988128485
1128,0.6275989949,0.3100502899,0.5456641056,1.091328211,75.2284847,4.785421392,-0.2549650683
1129,0.6205317035,0.3355962829,0.5219528043,1.043905609,75.49244588,4.768689049,-0.2505076465
1130,0.6194088487,0.3366188282,0.519956812,1.039913624,75.58293322,4.76298001,-0.2489783894
1131,0.6066912007,0.2843511597,0.5359278226,1.071855645,77.57523767,4.640656102,-0.2151574095
1132,0.6397721163,0.2734297913,0.5783982279,1.156796456,74.60083367,4.825683337,-0.2655420895
1133,0.5805889202,0.2655143857,0.5163192861,1.032638572,80.42647409,4.476138039,-0.1663131395
1134,0.5933469871,0.2618339535,0.5324505873,1.064901175,79.14910468,4.548377413,-0.1882537974
1135,0.6532456567,0.2823486804,0.5890747921,1.178149584,73.30009095,4.911317235,-0.2873589995
1136,0.6452576846,0.2455975039,0.5966903264,1.193380653,74.42151052,4.837311114,-0.2685582021
1137,0.6321414443,0.3062751285,0.5529903718,1.105980744,74.8619012,4.808854628,-0.2611464416
1138,0.6455512749,0.2386219232,0.5998299979,1.199659996,74.46551382,4.834452641,-0.2678183342
1139,0.6010274399,0.2821720759,0.530672124,1.061344248,78.16164482,4.605839614,-0.2051512834
1140,0.6693864295,0.3658766145,0.5605466038,1.121093208,70.53831631,5.103609199,-0.3331763972
1141,0.5947772089,0.3374484602,0.4897841003,0.9795682007,78.0388319,4.613088013,-0.207248709
1142,0.6154067529,0.2734335123,0.5513252995,1.102650599,76.85780737,4.683974372,-0.2273684822
1143,0.585041567,0.2348657868,0.5358280483,1.071656097,80.22906912,4.487151651,-0.1697095288
1144,0.6556804692,0.2520299826,0.6053079923,1.210615985,73.44636852,4.901535736,-0.2849127195
1145,0.576424268,0.2720496431,0.508186903,1.016373806,80.80476609,4.45518275,-0.1597990733
1146,0.6355960634,0.3505291304,0.5301996647,1.060399329,73.80546975,4.877687267,-0.2788994303
1147,0.6210601734,0.3408384353,0.5191771375,1.038354275,75.3503816,4.777679852,-0.2529073041
1148,0.5682164194,0.2997542648,0.4827186344,0.9654372689,81.41559992,4.421757014,-0.1492661293
1149,0.5970729728,0.2904905019,0.5216429844,1.043285969,78.4613321,4.588247362,-0.2000292227
1150,0.6331453078,0.3141982407,0.5496839513,1.099367903,74.65186541,4.822384518,-0.2646832883
1151,0.6236824198,0.2667726689,0.5637482629,1.127496526,76.15113529,4.727441011,-0.2393616026
1152,0.6407010058,0.2768908065,0.5777795947,1.155559189,74.47557167,4.833799754,-0.2676492002
1153,0.6724331224,0.2530989851,0.6229825101,1.24596502,72.02104767,4.998538784,-0.3086676019
1154,0.6169294235,0.3285125622,0.5221890559,1.044378112,75.95811311,4.739454224,-0.2426311793
1155,0.5524835241,0.2354251764,0.4998129958,0.9996259916,83.69341142,4.301413862,-0.1098486084
1156,0.606484381,0.2976009119,0.5284477284,1.056895457,77.43085443,4.649309408,-0.2176176675
1157,0.5866373884,0.249336903,0.531012744,1.062025488,79.94647725,4.50301267,-0.1745680582
1158,0.6190117002,0.3153547957,0.5326601523,1.065320305,75.96269891,4.739168107,-0.2425535328
1159,0.6318156123,0.2991558017,0.5565040649,1.11300813,74.99268499,4.800468206,-0.2589423637
1160,0.6081204897,0.2445639221,0.5567755544,1.113551109,77.85591188,4.623926319,-0.2103708882
1161,0.6105267741,0.3183355498,0.5209658526,1.041931705,76.74252192,4.691010811,-0.2293274316
1162,0.643083448,0.3689310039,0.5267316541,1.053463308,72.74982191,4.948465722,-0.2965445435
1163,0.5667596239,0.2012203524,0.5298366173,1.059673235,82.34463408,4.37186957,-0.1332141573
1164,0.5724042516,0.2828567101,0.4976331066,0.9952662132,81.13154099,4.437238534,-0.1541664968
1165,0.6443660606,0.2387111749,0.5985186673,1.197037335,74.56903009,4.827741484,-0.2660771982
1166,0.5733927762,0.2946543202,0.4918923738,0.9837847477,80.90103542,4.449881242,-0.1581402232
1167,0.6307666785,0.3005730758,0.5545470484,1.109094097,75.06979921,4.795537004,-0.2576421373
1168,0.6417287927,0.3190006002,0.556825341,1.113650682,73.79590782,4.878319281,-0.2790596914
1169,0.66508845,0.2939317133,0.5966127674,1.193225535,72.13114052,4.990909577,-0.3068393765
1170,0.6307657747,0.324949455,0.5406230797,1.081246159,74.70318251,4.819071797,-0.2638194729
1171,0.6609595673,0.3418741832,0.5656762258,1.131352452,71.71935578,5.019565445,-0.3136717012
1172,0.6040977707,0.2669470218,0.541916418,1.083832836,78.02567364,4.613865965,-0.2074733722
1173,0.6657867936,0.324111023,0.5815703734,1.163140747,71.61691375,5.026745515,-0.3153689144
1174,0.6581093209,0.2662523429,0.6018451363,1.203690273,73.07792229,4.926248431,-0.2910708597
1175,0.627649134,0.322976001,0.5381727773,1.076345555,75.02578227,4.798350502,-0.2583843663
1176,0.6592900146,0.2643348276,0.6039788261,1.207957652,72.9992656,4.931556462,-0.2923839624
1177,0.5912326796,0.2909616331,0.5146818527,1.029363705,79.05235004,4.553944315,-0.1899120223
1178,0.6963703265,0.2886247783,0.6337407743,1.267481549,69.65994467,5.167962761,-0.3475912424
1179,0.6325313895,0.3245552887,0.542917879,1.085835758,74.54592091,4.829238081,-0.2664659685
1180,0.5989810578,0.2562142313,0.5414171915,1.082834383,78.63972079,4.577839244,-0.1969777115
1181,0.6207031575,0.332971851,0.5238340922,1.047668184,75.5205366,4.766915282,-0.2500329736
1182,0.6834652906,0.2831997634,0.6220311066,1.244062213,70.75806113,5.087759533,-0.3295578151
1183,0.6381341635,0.2932298625,0.5667728455,1.133545691,74.49669674,4.832429031,-0.2672939316
1184,0.6240411043,0.2545247231,0.5697758025,1.139551605,76.24961594,4.721335256,-0.2376924033
1185,0.6315987558,0.2558636087,0.5774519911,1.154903982,75.53927691,4.765732672,-0.2497162691
1186,0.7287422586,0.3656204816,0.6303863441,1.260772688,65.96972666,5.457048532,-0.4072192758
1187,0.6816286558,0.2661598874,0.6275161661,1.255032332,71.11873201,5.061957516,-0.3236080922
1188,0.5806930401,0.1844435649,0.5506223553,1.101244711,81.00056914,4.444413216,-0.1564246539
1189,0.6084710221,0.2916348792,0.5340281658,1.068056332,77.31138107,4.656494232,-0.2196524227
1190,0.636691287,0.3587565791,0.5259938326,1.051987665,73.54313838,4.895086175,-0.2832933624
1191,0.5756131935,0.2648438827,0.5110658141,1.022131628,80.95782481,4.446759789,-0.157161456
1192,0.6200343133,0.3445690679,0.5154752246,1.030950449,75.38216987,4.775665129,-0.2523704918
1193,0.6143890541,0.259945898,0.5566884586,1.113376917,77.10242211,4.66911402,-0.223208909
1194,0.6386739596,0.2756428691,0.5761297036,1.152259407,74.67287753,4.821027552,-0.264329619
1195,0.5666356093,0.2581121026,0.5044343924,1.008868785,81.97969755,4.391331156,-0.1395239883
1196,0.6375364177,0.2807651877,0.5723841308,1.144768262,74.71247044,4.818472711,-0.2636631076
1197,0.6053022046,0.2561087574,0.5484515141,1.096903028,78.01861334,4.614283497,-0.2075939149
1198,0.6406922553,0.3358478378,0.5456123128,1.091224626,73.60926542,4.890688665,-0.2821863205
1199,0.6926834115,0.3429524194,0.6018255117,1.203651023,69.10037448,5.209812576,-0.3567318934
1200,0.6381125635,0.2893490246,0.5687396466,1.137479293,74.55032368,4.828952877,-0.2663919031
1201,0.6355420433,0.2876013563,0.5667443416,1.133488683,74.8063401,4.81242632,-0.2620823925
1202,0.5846032178,0.2595126795,0.5238454843,1.047690969,80.06441972,4.496379306,-0.1725408132
1203,0.6751398101,0.2595417245,0.6232590604,1.246518121,71.72564778,5.019125113,-0.3135674254
1204,0.6214059122,0.2737257137,0.5578705418,1.115741084,76.28534996,4.719123661,-0.2370865551
1205,0.6078368796,0.2825682595,0.5381643345,1.076328669,77.48401707,4.646119466,-0.216711948
1206,0.6263909152,0.3098016607,0.5444157508,1.088831502,75.3452268,4.778006721,-0.2529943465
1207,0.6338445048,0.2762351304,0.5704848894,1.140969779,75.1033237,4.793396381,-0.2570767337
1208,0.6447012199,0.306265892,0.5673102029,1.134620406,73.72358374,4.883104995,-0.280271616
1209,0.5957822146,0.2073271928,0.5585444319,1.117088864,79.35761698,4.536426542,-0.1846784003
1210,0.6154368898,0.227159828,0.5719798754,1.143959751,77.31321971,4.656383492,-0.2196211159
1211,0.590629988,0.2643153454,0.5281866914,1.056373383,79.40038461,4.533983075,-0.1839447524
1212,0.6595288129,0.3906157381,0.5314109523,1.062821905,70.80756003,5.084202871,-0.3287420359
1213,0.5925787969,0.2568823053,0.5340047863,1.068009573,79.27427118,4.54119596,-0.1861078414
1214,0.5775111434,0.2921854277,0.4981433495,0.9962866989,80.48226562,4.473035112,-0.1653528764
1215,0.6252692351,0.2686010443,0.564637136,1.129274272,75.98263625,4.737924581,-0.242215937
1216,0.5912875871,0.2803461793,0.5206025647,1.041205129,79.16700328,4.547349086,-0.1879469842
1217,0.5839122023,0.267541509,0.5190134883,1.038026977,80.06024811,4.496613594,-0.1726125291
1218,0.5546369891,0.2417925484,0.499157844,0.998315688,83.41499079,4.315771021,-0.1146772418
1219,0.6067268295,0.2751819884,0.5407331309,1.081466262,77.67789469,4.634523135,-0.2134073248
1220,0.6559561747,0.3085173633,0.578874373,1.157748746,72.70187547,4.951729205,-0.2973436217
1221,0.6188004234,0.2696498646,0.5569586291,1.113917258,76.57783576,4.701099168,-0.2321241938
1222,0.5780455648,0.2968512205,0.496000028,0.9920000561,80.37253857,4.479141836,-0.1672413079
1223,0.6215796182,0.3000467666,0.544364914,1.088729828,75.9370138,4.740771094,-0.2429884113
1224,0.6257030787,0.280318679,0.5593976947,1.118795389,75.8043352,4.749068758,-0.2452340335
1225,0.6154599247,0.3316014916,0.5184895078,1.036979016,76.0502648,4.733711328,-0.2410705754
1226,0.6203564788,0.1868559409,0.5915462942,1.183092588,77.15891563,4.66569543,-0.2222476788
1227,0.6165972725,0.3190729911,0.5276216663,1.055243333,76.1389891,4.728195163,-0.2395674258
1228,0.6149055825,0.305382545,0.5337137591,1.067427518,76.50248294,4.70572962,-0.2334032255
1229,0.6519516476,0.3403852723,0.5560385034,1.112077007,72.52599523,4.963737469,-0.300273065
1230,0.5631142045,0.2648122151,0.4969628739,0.9939257479,82.3106895,4.37367251,-0.1338012983
1231,0.6216724136,0.337184939,0.5222862307,1.044572461,75.35570935,4.777342063,-0.2528173391
1232,0.5853402603,0.2658995877,0.521460094,1.042920188,79.92800782,4.504053208,-0.1748854518
1233,0.669594805,0.2782108836,0.6090614971,1.218122994,71.96077189,5.002725659,-0.3096680719
1234,0.6552022598,0.3143685569,0.5748586015,1.149717203,72.67806237,4.953351648,-0.2977404148
1235,0.6452716305,0.3209441089,0.5597949233,1.119589847,73.44763453,4.901451249,-0.2848915391
1236,0.5937741208,0.2880682693,0.5192151565,1.038430313,78.82545145,4.567052816,-0.1937985804
1237,0.5469455701,0.2387020463,0.4921085142,0.9842170284,84.29648432,4.270640738,-0.09938080644
1238,0.598561259,0.2770123952,0.5306031603,1.061206321,78.4664967,4.587945367,-0.1999409044
1239,0.6127880372,0.2269286109,0.5692210328,1.138442066,77.56564864,4.641229801,-0.215320847
1240,0.6428083804,0.2469865576,0.5934646193,1.186929239,74.62376279,4.824200584,-0.2651562468
1241,0.6058654215,0.2722236428,0.541264443,1.082528886,77.79520721,4.627534432,-0.2114065566
1242,0.5866705201,0.2815090629,0.5147183178,1.029436636,79.63082209,4.520862532,-0.1799900099
1243,0.6089441943,0.2731510088,0.5442440244,1.088488049,77.48424329,4.646105901,-0.2167080935
1244,0.6545267074,0.2884659276,0.5875309518,1.175061904,73.10895869,4.924157127,-0.290552584
1245,0.6788893867,0.3492472887,0.5821658962,1.164331792,70.08697595,5.136475003,-0.3405932807
1246,0.532493405,0.2945262345,0.4436254316,0.8872508632,85.67523196,4.201914506,-0.07540978681
1247,0.6393043291,0.2998091011,0.5646454888,1.129290978,74.30043859,4.845193471,-0.2705930767
1248,0.6214862348,0.3048160076,0.5416016447,1.083203289,75.87968066,4.744353124,-0.2439589513
1249,0.6344201211,0.2875776977,0.5654979733,1.130995947,74.90889443,4.805837848,-0.2603546284
1250,0.6979896103,0.2555248343,0.6495356458,1.299071292,69.93943487,5.147310679,-0.3430132643
1251,0.6444559979,0.3273049366,0.5551531426,1.110306285,73.41657021,4.903525171,-0.285411204
1252,0.5847791728,0.2442099838,0.5313456171,1.062691234,80.18038355,4.489876252,-0.1705468649
1253,0.6112641071,0.3201620762,0.5207111038,1.041422208,76.64239373,4.697139305,-0.2310280734
1254,0.6063440238,0.2940102464,0.5302933624,1.060586725,77.49074546,4.645716051,-0.2165973046
1255,0.5605498912,0.1920015432,0.5266418023,1.053283605,83.04794618,4.33484531,-0.1210387197
1256,0.6210534689,0.3354905936,0.5226408641,1.045281728,75.44418803,4.77173934,-0.2513229603
1257,0.6325756816,0.3185623212,0.5465071275,1.093014255,74.63714838,4.823335401,-0.2649309793
1258,0.6466735765,0.2496192124,0.5965542417,1.193108483,74.25524766,4.848142204,-0.2713522985
1259,0.6010333621,0.3064909256,0.5170149078,1.034029816,77.85733931,4.623841544,-0.2103465322
1260,0.665365223,0.2938290408,0.5969718375,1.193943675,72.10919299,4.992428636,-0.3072039325
1261,0.5912223335,0.2926456304,0.5137143006,1.027428601,79.0335454,4.555027845,-0.1902342419
1262,0.5959322165,0.30478805,0.5120932057,1.024186411,78.39811389,4.591947206,-0.2011101675
1263,0.5823711131,0.271387173,0.5152718852,1.03054377,80.18345878,4.489704055,-0.1704939782
1264,0.6127664311,0.3065348182,0.5305837392,1.061167478,76.69406657,4.693974594,-0.2301505164
1265,0.5650464798,0.2402758799,0.5114147298,1.02282946,82.28552812,4.375009898,-0.1342364856
1266,0.573534685,0.2553125209,0.5135733166,1.027146633,81.26138441,4.430148497,-0.1519270003
1267,0.5991184821,0.2860830776,0.5264023445,1.052804689,78.30727771,4.597273849,-0.2026629129
1268,0.6323295048,0.2953983698,0.5590889069,1.118177814,74.99682737,4.800203057,-0.2588725308
1269,0.6091746704,0.2846010554,0.5386056241,1.077211248,77.3289813,4.655434405,-0.2193527323
1270,0.6340281086,0.3345488403,0.538580278,1.077160556,74.24051112,4.849104546,-0.2715998404
1271,0.6259222676,0.2495057784,0.5740431618,1.148086324,76.12658515,4.728965568,-0.2397776057
1272,0.6027343922,0.3290012483,0.5050217086,1.010043417,77.35645962,4.653780715,-0.2188847999
1273,0.6214901078,0.3378671003,0.521628006,1.043256012,75.36132732,4.776985927,-0.2527224712
1274,0.6154199351,0.3172960161,0.5273186273,1.054637255,76.27997461,4.719456212,-0.2371776967
1275,0.5691863667,0.2983310647,0.4847387914,0.9694775828,81.3233705,4.42677176,-0.1508576087
1276,0.5756681598,0.2502799494,0.5184146769,1.036829354,81.0771039,4.440217801,-0.1551051748
1277,0.575539788,0.271578912,0.5074356532,1.014871306,80.90352015,4.449744576,-0.158097402
1278,0.6612284473,0.2973577277,0.5905941426,1.181188285,72.41096915,4.971622452,-0.302187399
1279,0.5942657161,0.2891218672,0.5191919561,1.038383912,78.76294728,4.570677107,-0.1948686864
1280,0.5670690695,0.3131189215,0.4727831116,0.9455662232,81.3922272,4.423026773,-0.1496694777
1281,0.6565006557,0.3123344482,0.5774429005,1.154885801,72.59697558,4.958884266,-0.2990911624
1282,0.6064324634,0.247678765,0.553548157,1.107096314,77.99009322,4.61597089,-0.2080808152
1283,0.6791866321,0.3652543004,0.5726113667,1.145222733,69.74586107,5.161596609,-0.3461848292
1284,0.5897356306,0.2045039887,0.553142145,1.10628429,79.97446235,4.501436951,-0.174087105
1285,0.6310563294,0.2656778277,0.5724049116,1.144809823,75.48141407,4.769386006,-0.2506940441
1286,0.6216073861,0.270902528,0.5594707882,1.118941576,76.29889167,4.7182861,-0.2368569396
1287,0.6596858477,0.3422198897,0.5639778052,1.12795561,71.82210265,5.012384583,-0.3119684303
1288,0.5881288504,0.2882212453,0.5126636894,1.025327379,79.40505967,4.533716132,-0.183864549
1289,0.5416986509,0.2704158376,0.4693748003,0.9387496007,84.71272687,4.249656614,-0.09214940906
1290,0.606352966,0.2836230277,0.5359308701,1.07186174,77.61714633,4.638150422,-0.2144430388
1291,0.5981410747,0.2471509472,0.5446917977,1.089383595,78.80801034,4.568063557,-0.1940972051
1292,0.6215841694,0.3277545099,0.5281513617,1.056302723,75.52261144,4.76678432,-0.2499979109
1293,0.6498263619,0.2868920974,0.5830670845,1.166134169,73.53958029,4.895323017,-0.2833529183
1294,0.6157264528,0.2769290519,0.5499357825,1.099871565,76.78688708,4.688300486,-0.228573681
1295,0.5830795085,0.341457339,0.472640031,0.9452800621,79.2209616,4.544251834,-0.1870219333
1296,0.6020581773,0.2476551503,0.5487631323,1.097526265,78.41711756,4.590834389,-0.2007852564
1297,0.582480216,0.262861202,0.5197953352,1.03959067,80.25363731,4.485777992,-0.1692869374
1298,0.6376210664,0.3390404907,0.5400112684,1.080022537,73.8320146,4.87593359,-0.2784544886
1299,0.6278225112,0.2936396495,0.5549205906,1.109841181,75.43722047,4.772180069,-0.2514406621
1300,0.6616953465,0.3106443681,0.5842437917,1.168487583,72.17683722,4.987749725,-0.3060801942
1301,0.5811313531,0.3121551069,0.4901763344,0.9803526688,79.85469517,4.508188269,-0.176145136
1302,0.6549224896,0.2958678485,0.5842821952,1.16856439,72.97395412,4.933267004,-0.2928063976
1303,0.6367147814,0.3165808986,0.5524330253,1.104866051,74.28810165,4.845998107,-0.2708003578
1304,0.5512889003,0.237522324,0.4974963289,0.9949926577,83.81433605,4.29520792,-0.1077506045
1305,0.6743322463,0.3052527768,0.6012858893,1.202571779,71.19747542,5.056359061,-0.3223074063
1306,0.5916657169,0.3036684887,0.5077930381,1.015586076,78.85184443,4.56552415,-0.1933466487
1307,0.5873910426,0.2115808763,0.5479614673,1.095922935,80.16153824,4.490931785,-0.1708709496
1308,0.6275553777,0.2789407813,0.5621545985,1.124309197,75.64887319,4.758828318,-0.2478635972
1309,0.6290432956,0.2923907697,0.5569588005,1.113917601,75.34042582,4.778311193,-0.2530754125
1310,0.582623111,0.2022030118,0.5464097652,1.09281953,80.70289422,4.460806561,-0.1615539712
1311,0.6518171733,0.3351849314,0.5590319215,1.118063843,72.63027591,4.956610662,-0.2985365162
1312,0.5566155694,0.2608118441,0.4917296758,0.9834593517,83.06382184,4.334016808,-0.1207636697
1313,0.5846522988,0.3061992921,0.4980565269,0.9961130538,79.55461899,4.525192937,-0.1812981244
1314,0.5817412038,0.3134677375,0.4900620428,0.9801240855,79.77205834,4.512858355,-0.1775646858
1315,0.6224794849,0.3118858225,0.5387095162,1.077419032,75.68348539,4.756651972,-0.2472783061
1316,0.6245745836,0.2372075388,0.5777767683,1.155553537,76.37054045,4.713859531,-0.2356418314
1317,0.6947825757,0.2921821255,0.6303589716,1.260717943,69.73631031,5.162303517,-0.3463412094
1318,0.5906708351,0.3053383398,0.5056288498,1.0112577,78.93365531,4.560792207,-0.1919455261
1319,0.6296941081,0.3311594545,0.5355820063,1.071164013,74.70039684,4.819251506,-0.2638663692
1320,0.6357461157,0.2879533629,0.5667944816,1.133588963,74.78320036,4.813915402,-0.262472119
1321,0.6332809694,0.2254431665,0.5917940224,1.183588045,75.6819665,4.756747434,-0.2473039923
1322,0.5685272732,0.2920065532,0.4878067581,0.9756135162,81.46323285,4.419171538,-0.1484440399
1323,0.586125109,0.2363253941,0.5363701628,1.072740326,80.10714627,4.493981083,-0.1718062302
1324,0.6374443978,0.2780519364,0.5736048125,1.147209625,74.75439423,4.815770413,-0.2629572205
1325,0.6321665397,0.3159786113,0.5475326942,1.095065388,74.71494164,4.81831334,-0.2636215028
1326,0.5730685268,0.2661769076,0.5075011234,1.015002247,81.21739786,4.432547822,-0.1526857538
1327,0.6386637844,0.2802770706,0.5738782041,1.147756408,74.61679459,4.824651098,-0.2652735095
1328,0.6053209381,0.237951411,0.5565901222,1.113180244,78.18661543,4.604368638,-0.2047247145
1329,0.6319995398,0.2602944405,0.575908172,1.151816344,75.45492819,4.771060137,-0.2511415213
1330,0.5829202631,0.3054710394,0.4964710235,0.9929420471,79.74782674,4.5142296,-0.1779808705
1331,0.6274688943,0.2556163142,0.5730423311,1.146084662,75.92079395,4.741783921,-0.2432630071
1332,0.5915085072,0.2529744309,0.5346833188,1.069366638,79.41873524,4.532935446,-0.1836299292
1333,0.612320056,0.2973885375,0.5352531258,1.070506252,76.86156635,4.683745298,-0.2273045933
1334,0.656743762,0.3247889737,0.5708103813,1.141620763,72.37805561,4.973883271,-0.3027349423
1335,0.628226656,0.3217014633,0.5396080984,1.079216197,74.99195827,4.800514726,-0.2589546147
1336,0.6583543819,0.2380508954,0.6138096312,1.227619262,73.36178293,4.90718717,-0.2863275181
1337,0.6346055885,0.2638595092,0.5771502511,1.154300502,75.17823425,4.788620052,-0.2558130202
1338,0.6397160247,0.2783007158,0.5760080762,1.152016152,74.54661731,4.829192967,-0.2664542534
1339,0.5857126148,0.2674142598,0.5211035221,1.042207044,79.87478847,4.507054189,-0.1757999143
1340,0.6848135839,0.3074161507,0.6119354173,1.223870835,70.3112009,5.1200946,-0.3369112015
1341,0.6250366987,0.2822464709,0.5576807369,1.115361474,75.84288386,4.746654949,-0.2445817218
1342,0.6026738685,0.252889166,0.5470492314,1.094098463,78.30729715,4.597272708,-0.2026625806
1343,0.6460290032,0.3283717363,0.5563501377,1.112700275,73.25839656,4.914112469,-0.2880559352
1344,0.6349584347,0.3111504894,0.5534957875,1.106991575,74.53131725,4.830184321,-0.2667116262
1345,0.5933275805,0.2508431761,0.5376944474,1.075388895,79.25481995,4.542310489,-0.1864413877
1346,0.5902944531,0.2640857189,0.5279263912,1.055852782,79.43683006,4.531902893,-0.183319476
1347,0.6476604564,0.3383888031,0.5522291958,1.104458392,72.94017932,4.935551343,-0.2933699921
1348,0.6071106435,0.3215974882,0.5149353251,1.02987065,77.03157414,4.673408327,-0.2244140715
1349,0.56805757,0.2656689224,0.5021049955,1.004209991,81.76255757,4.402993384,-0.1432757158
1350,0.6244014239,0.3177959885,0.5374782301,1.07495646,75.41252453,4.773742853,-0.2518578165
1351,0.6267737934,0.2707038338,0.5653006479,1.130601296,75.81883038,4.748160822,-0.2449887624
1352,0.6200291474,0.2421054415,0.5708074095,1.141614819,76.74725723,4.690721375,-0.2292469866
1353,0.6056012458,0.32264935,0.5124941618,1.024988324,77.16629855,4.665249037,-0.2221220433
1354,0.6328240469,0.2781137447,0.5684355894,1.136871179,75.17370559,4.788908531,-0.2558894296
1355,0.6259357179,0.323696942,0.5357385674,1.071477135,75.17528179,4.788808122,-0.2558628354
1356,0.6384887485,0.2779987916,0.5747908784,1.149581757,74.66078823,4.821808188,-0.2645331066
1357,0.5730617461,0.308572728,0.4828898802,0.9657797603,80.77818748,4.456648648,-0.1602569792
1358,0.571156319,0.2154588733,0.5289584244,1.057916849,81.80048097,4.400952118,-0.142620625
1359,0.5784473917,0.2073598301,0.5400030424,1.080006085,81.09594398,4.439186257,-0.1547803245
1360,0.6363862504,0.2567793102,0.5822815861,1.164563172,75.0950095,4.793927085,-0.2572169642
1361,0.652638493,0.3260032242,0.5653838522,1.130767704,72.71482395,4.95084744,-0.297127842
1362,0.6005500593,0.3090574474,0.514921225,1.02984245,77.87119194,4.623019001,-0.2101101613
1363,0.635361375,0.3098536278,0.5546844204,1.109368841,74.51376767,4.831321932,-0.2670068164
1364,0.6311502055,0.2964524845,0.5571952138,1.114390428,75.09112729,4.794174931,-0.2572824411
1365,0.6376983059,0.2713961432,0.5770643489,1.154128698,74.81163103,4.812085969,-0.2619932752
1366,0.5884669305,0.3078425674,0.5015239595,1.003047919,79.13139445,4.549395376,-0.1885573637
1367,0.6278396496,0.2577527761,0.5724911633,1.144982327,75.86396963,4.745335655,-0.2442248662
1368,0.6495571098,0.3133888447,0.568956827,1.137913654,73.18650391,4.918939706,-0.2892572867
1369,0.6298397242,0.2815518793,0.5634062633,1.126812527,75.40554854,4.774184486,-0.2519756438
1370,0.6091854093,0.2428861313,0.558670914,1.117341828,77.76885318,4.629102594,-0.2118561027
1371,0.6594731658,0.2171970141,0.6226799447,1.245359889,73.46120913,4.90054553,-0.2846644277
1372,0.6316790419,0.3081517633,0.5514171766,1.102834353,74.87727646,4.80786718,-0.2608873952
1373,0.6329434262,0.336252447,0.5362384476,1.072476895,74.31113572,4.844496003,-0.2704133369
1374,0.6779144286,0.3475543692,0.5820428962,1.164085792,70.19828887,5.128330131,-0.3387660193
1375,0.6144845366,0.2611155547,0.5562462699,1.11249254,77.08102991,4.670409833,-0.223572838
1376,0.5774125006,0.2351115696,0.5273781809,1.054756362,81.01306853,4.443727494,-0.1562091802
1377,0.6076742731,0.3191537809,0.5171159312,1.034231862,77.01237093,4.674573652,-0.2247406695
1378,0.6525378797,0.3154712309,0.5712123834,1.142424767,72.89287031,4.93875462,-0.2941592586
1379,0.6192357262,0.2809380851,0.5518393579,1.103678716,76.40501294,4.711732727,-0.2350570731
1380,0.6671601694,0.254919675,0.6165376314,1.233075263,72.44007882,4.969624631,-0.3017030529
1381,0.6036537396,0.3024714317,0.5224068055,1.044813611,77.64821201,4.63629478,-0.2139134222
1382,0.5668852058,0.3043296385,0.47827012,0.9565402401,81.5139581,4.416421536,-0.1475684678
1383,0.6290651957,0.3179773884,0.5427830146,1.085566029,74.97195918,4.801795284,-0.2592917427
1384,0.5393172261,0.2238012938,0.4906893633,0.9813787266,85.23957158,4.223390537,-0.08298959128
1385,0.6693138998,0.2619609616,0.6159200849,1.23184017,72.18053915,4.987493918,-0.3060186837
1386,0.5892178638,0.2973202987,0.5087025958,1.017405192,79.18505979,4.546312157,-0.1876374453
1387,0.6328745393,0.3000983347,0.5571994006,1.114398801,74.88214984,4.80755428,-0.2608052832
1388,0.5903725485,0.2146641714,0.549962762,1.099925524,79.84180145,4.5089163,-0.1763666508
1389,0.5947227602,0.281767475,0.5237387245,1.047477449,78.80083148,4.568479713,-0.1942201155
1390,0.6718600082,0.3816363513,0.5529462595,1.105892519,69.98720131,5.143797627,-0.3422300427
1391,0.6385040124,0.2228651145,0.5983464837,1.196692967,75.23604088,4.784940778,-0.2548375446
1392,0.5925402988,0.3114817837,0.5040665672,1.008133134,78.65829976,4.576757966,-0.19665979
1393,0.6594767271,0.3476981179,0.5603709239,1.120741848,71.73829502,5.018240256,-0.3133578144
1394,0.5888841593,0.261619356,0.5275792506,1.055158501,79.60466052,4.522348285,-0.1804391396
1395,0.6351158316,0.2624974015,0.5783314221,1.156662844,75.14719337,4.790598076,-0.2563367217
1396,0.6151988806,0.2557693593,0.55951023,1.11902046,77.06840951,4.671174639,-0.2237875245
1397,0.5946550088,0.3160397428,0.5037196249,1.00743925,78.37644928,4.593216499,-0.2014805464
1398,0.6106558423,0.240951264,0.5611087649,1.12221753,77.64551524,4.636455807,-0.2139594
1399,0.5931151771,0.2527469586,0.5365674125,1.073134825,79.25874992,4.542085264,-0.1863739991
1400,0.5963069547,0.2881379233,0.5220713757,1.044142751,78.56689705,4.582082448,-0.1982236644
1401,0.607923002,0.2353059099,0.5605368009,1.121073602,77.9584815,4.61784264,-0.2086204357
1402,0.5901667532,0.2968510262,0.5100747639,1.020149528,79.09221485,4.551648992,-0.1892288663
1403,0.6720102504,0.2958426846,0.6033861803,1.206772361,71.5249749,5.03320694,-0.3168912575
1404,0.6422295063,0.3680154272,0.5263301094,1.052660219,72.84646766,4.941900569,-0.2949332091
1405,0.5734506388,0.2459407797,0.5180335587,1.036067117,81.34589711,4.425545882,-0.1504689331
1406,0.6208138396,0.2416288327,0.5718612862,1.143722572,76.67841046,4.694933004,-0.2304164229
1407,0.6557129805,0.3239192784,0.5701191225,1.140238245,72.4815695,4.966779865,-0.3010125688
1408,0.587499477,0.2368475034,0.5376419772,1.075283954,79.96332866,4.502063709,-0.1742784542
1409,0.5807679143,0.3098020569,0.4912372704,0.9824745408,79.92389065,4.504285228,-0.1749562021
1410,0.6099816168,0.3146289974,0.5225764698,1.04515294,76.85110291,4.684383,-0.2274824307
1411,0.6584350046,0.3055237397,0.5832597189,1.166519438,72.53256783,4.963287675,-0.300163643
1412,0.6072106143,0.3081334843,0.5232193479,1.046438696,77.21747331,4.662157211,-0.2212510992
1413,0.6131675959,0.2956427438,0.537186996,1.074373992,76.80218087,4.687366894,-0.2283138123
1414,0.6287833127,0.2055497973,0.5942371035,1.188474207,76.25367895,4.72108369,-0.2376235222
1415,0.6821015382,0.3320359972,0.5958310206,1.191662041,70.13616814,5.132872376,-0.3397859227
1416,0.5687559799,0.1685363184,0.5432116291,1.086423258,82.29603585,4.374451288,-0.1340547487
1417,0.6447120184,0.2788547402,0.5812861779,1.162572356,74.09363082,4.858717221,-0.2740661273
1418,0.5637398204,0.2824616675,0.4878708759,0.9757417518,82.0879128,4.385542131,-0.1376535023
1419,0.6489361224,0.3092730158,0.5704982845,1.140996569,73.30364845,4.911078884,-0.2872995275
1420,0.6031435452,0.2732624858,0.537689269,1.075378538,78.05172518,4.612325982,-0.2070285593
1421,0.6486815675,0.2524975607,0.5975221819,1.195044364,74.04865106,4.861668577,-0.2748210289
1422,0.6426248416,0.3473716498,0.5406474119,1.081294824,73.22568187,4.916307924,-0.2886026656
1423,0.6321194946,0.328834538,0.5398545194,1.079709039,74.51378375,4.831320889,-0.2670065459
1424,0.5883907483,0.2845888796,0.5149881962,1.029976392,79.41867769,4.53293873,-0.1836309166
1425,0.5714556156,0.267812691,0.5048147018,1.009629404,81.37609226,4.423903754,-0.1499479076
1426,0.5969050472,0.2718115438,0.5314264954,1.062852991,78.68899598,4.574972593,-0.1961344739
1427,0.6121924836,0.2817224232,0.5435182732,1.087036546,77.07022176,4.6710648,-0.2237566968
1428,0.5581101213,0.2634009221,0.4920435567,0.9840871134,82.877109,4.343780862,-0.1239979266
1429,0.6132677755,0.2882684342,0.5412935196,1.082587039,76.88650367,4.682226175,-0.2268807265
1430,0.6254000487,0.2747927752,0.5617954714,1.123590943,75.89885339,4.743154658,-0.243634421
1431,0.5968897489,0.2412071907,0.5459821091,1.091964218,78.98491354,4.557832425,-0.1910674594
1432,0.5989711053,0.292091477,0.5229234686,1.045846937,78.2501946,4.600627536,-0.2036384259
1433,0.6012780175,0.2944133731,0.5242671266,1.048534253,77.98966574,4.615996191,-0.2080881129
1434,0.6223166731,0.3239472834,0.5313531774,1.062706355,75.51407324,4.767323289,-0.2501421958
1435,0.6037929824,0.2480372547,0.5504938563,1.100987713,78.24370712,4.601008992,-0.2037492799
1436,0.6254379651,0.2801493737,0.5591859946,1.118371989,75.83112376,4.747391073,-0.2447807353
1437,0.6333654353,0.3303725446,0.5403755697,1.080751139,74.37283564,4.840476995,-0.269376433
1438,0.6513909673,0.2463650102,0.603004539,1.206009078,73.87703356,4.872962308,-0.2776997497
1439,0.6168802638,0.3226456543,0.5257766082,1.051553216,76.05639758,4.733329627,-0.2409666938
1440,0.5977222775,0.2433354467,0.5459485153,1.091897031,78.88372251,4.563679154,-0.1928007398
1441,0.6377495234,0.3089949374,0.5578947779,1.115789556,74.30882309,4.844646773,-0.270452196
1442,0.6089349372,0.2454527142,0.5572743695,1.114548739,77.7690856,4.62908876,-0.2118521384
1443,0.6282731228,0.3292437322,0.5350940867,1.070188173,74.86530669,4.808635881,-0.2610890665
1444,0.7057457376,0.2859649144,0.6452140062,1.290428012,68.96884705,5.219747979,-0.3588755043
1445,0.5600262729,0.2385881179,0.5066607705,1.013321541,82.8419354,4.345625175,-0.1246070606
1446,0.6448994322,0.275501781,0.5830900842,1.166180168,74.11838839,4.857094276,-0.2736505454
1447,0.6011181974,0.2544364243,0.5446147201,1.08922944,78.44546137,4.589175635,-0.2003006134
1448,0.5693251934,0.2628783756,0.5050011242,1.010002248,81.64896199,4.409119127,-0.1452375948
1449,0.6184992991,0.2691660884,0.5568581505,1.113716301,76.61177604,4.699016504,-0.2315479633
1450,0.6365230557,0.2556884919,0.5829107955,1.165821591,75.09439796,4.793966125,-0.2572272784
1451,0.6155381503,0.2978252999,0.5386903612,1.077380722,76.54434719,4.703155925,-0.2326926753
1452,0.6223067213,0.2384070336,0.5748284455,1.149656891,76.56961322,4.701604003,-0.232263782
1453,0.5980849693,0.2627403468,0.5372831104,1.074566221,78.6645369,4.576395085,-0.196553056
1454,0.6317794226,0.2490202011,0.5806325674,1.161265135,75.59406292,4.762278757,-0.2487902519
1455,0.6316855964,0.2706960849,0.5707454094,1.141490819,75.36628888,4.776671445,-0.2526386856
1456,0.5885031832,0.2979483545,0.5075064283,1.015012857,79.25186439,4.542479887,-0.1864920672
1457,0.6085870146,0.2965457128,0.5314497103,1.062899421,77.23734869,4.660957504,-0.2209127921
1458,0.6376774144,0.2791875454,0.5733121308,1.146624262,74.7193384,4.818029813,-0.2635474787
1459,0.6085205569,0.2896880584,0.5351430622,1.070286124,77.33081873,4.655323788,-0.219321444
1460,0.6469769412,0.3058830052,0.5701006487,1.140201297,73.5270146,4.896159622,-0.2835632356
1461,0.6266785661,0.2146179493,0.5887827792,1.177565558,76.37385016,4.713655253,-0.2355856923
1462,0.6234731355,0.3221295622,0.5338082951,1.06761659,75.43296303,4.772449411,-0.2515125806
1463,0.6635592698,0.2924066143,0.5956586912,1.191317382,72.28149767,4.980527681,-0.3043406848
1464,0.6246583385,0.1847066622,0.5967256394,1.193451279,76.77840476,4.68881844,-0.2287178037
1465,0.5841807722,0.2880950101,0.5082011804,1.016402361,79.81885571,4.510212491,-0.1767608377
1466,0.608072834,0.2587623673,0.5502677609,1.100535522,77.72238668,4.631870113,-0.2126486176
1467,0.6524325997,0.265877468,0.5957998567,1.191599713,73.57213854,4.893156664,-0.282807913
1468,0.6004240619,0.2591601027,0.5416134187,1.083226837,78.46784687,4.587866424,-0.1999178151
1469,0.6314517364,0.2908354142,0.560487339,1.120974678,75.13846581,4.791154519,-0.2564839538
1470,0.6187506092,0.2836046097,0.5499279423,1.099855885,76.41862924,4.710893189,-0.2348260758
1471,0.6488311106,0.3112354875,0.5693103559,1.138620712,73.28333421,4.912440241,-0.2876391123
1472,0.6292508848,0.3201637349,0.5417119704,1.083423941,74.92055129,4.80509011,-0.2601581888
1473,0.6140099522,0.2760198355,0.5484717602,1.09694352,76.96196721,4.677635111,-0.2255977891
1474,0.6429285046,0.3132312191,0.5614652842,1.122930568,73.77776407,4.879518979,-0.2793637656
1475,0.6279605945,0.2705721269,0.5666791265,1.133358253,75.71046186,4.754957124,-0.2468220722
1476,0.579231295,0.2745685607,0.5100205864,1.020041173,80.48243771,4.473025548,-0.1653499142
1477,0.6046156766,0.2705212183,0.5407202482,1.081440496,77.93650154,4.619144982,-0.2089956021
1478,0.623711226,0.2889922623,0.5527197896,1.105439579,75.88224703,4.744192668,-0.2439155128
1479,0.5968390485,0.2495070563,0.5421836207,1.084367241,78.91580889,4.561823608,-0.1922512038
1480,0.6654520533,0.310046294,0.588810437,1.177620874,71.86716801,5.009241493,-0.3112210492
1481,0.6363581968,0.3106678068,0.5553712888,1.110742578,74.41059474,4.838020731,-0.2687417146
1482,0.6801826872,0.3452641091,0.5860385507,1.172077101,70.0563168,5.138722908,-0.3410963417
1483,0.5697379813,0.3017692774,0.4832563198,0.9665126395,81.2243937,4.432166048,-0.1525650838
1484,0.5893887664,0.3150676437,0.4981079178,0.9962158357,78.93830371,4.560523638,-0.191865904
1485,0.5841921377,0.2747409435,0.5155558823,1.031111765,79.95968972,4.502268597,-0.1743409934
1486,0.6288397196,0.3021681963,0.5514832491,1.102966498,75.22610431,4.785572818,-0.2550052408
1487,0.6800394377,0.2986770594,0.6109383365,1.221876673,70.82489523,5.082958455,-0.3284562807
1488,0.6503356079,0.3374022505,0.5559641394,1.111928279,72.72134104,4.950403759,-0.2970192324
1489,0.6496197672,0.2842188759,0.5841450783,1.168290157,73.59254469,4.891799863,-0.2824662801
1490,0.6171399389,0.2516671961,0.5634938568,1.126987714,76.92579738,4.679834493,-0.2262127526
1491,0.5774352357,0.238620291,0.5258248835,1.051649767,80.98416545,4.445313451,-0.1567074216
1492,0.6187291963,0.3388415887,0.5176989435,1.035397887,75.61003846,4.761272542,-0.2485201836
1493,0.6441215053,0.2982110086,0.5709314389,1.141862878,73.89058652,4.872068513,-0.2774725019
1494,0.6379612225,0.2353346466,0.5929689077,1.185937815,75.17061577,4.789105375,-0.2559415612
1495,0.6698767838,0.290699196,0.6035137802,1.20702756,71.77347282,5.015780704,-0.3127747094
1496,0.6517669666,0.3084741339,0.5741462248,1.14829245,73.06700498,4.926984486,-0.2912531473
1497,0.6156431258,0.2342174591,0.569349313,1.138698626,77.23220829,4.661267727,-0.2210002914
1498,0.7176478207,0.34919224,0.6269634551,1.25392691,67.0861464,5.3662346,-0.3893466731
1499,0.5906102643,0.2477117976,0.5361523568,1.072304714,79.55678051,4.52506999,-0.1812610238
1500,0.6390032088,0.2180500001,0.6006490642,1.201298128,75.23328405,4.785116116,-0.2548840714
1501,0.6114664053,0.2634626779,0.5517957794,1.103591559,77.3456006,4.654434088,-0.2190697258
1502,0.6434181199,0.2838635306,0.5774152518,1.154830504,74.14536675,4.855326985,-0.2731976269
1503,0.6357256224,0.349061887,0.5313218102,1.06264362,73.82150072,4.876628035,-0.2786307282
1504,0.5606122218,0.25566009,0.4989228213,0.9978456426,82.65790856,4.355300131,-0.1277932539
1505,0.6367522765,0.2578161882,0.5822235608,1.164447122,75.05077471,4.796752617,-0.2579629537
1506,0.7275876875,0.3372098056,0.6447273765,1.289454753,66.57115906,5.407747215,-0.3976098098
1507,0.6906661731,0.2836524165,0.6297309499,1.2594619,70.17562527,5.129986354,-0.3391381584
1508,0.6005156516,0.2853178988,0.528405852,1.056811704,78.17617705,4.604983431,-0.2049030364
1509,0.5866820286,0.2948808493,0.5071893999,1.0143788,79.47883506,4.529507758,-0.1825987253
1510,0.6214987327,0.3255007688,0.5294430321,1.058886064,75.56723134,4.763969695,-0.2492437996
1511,0.611825202,0.3088953427,0.5281228503,1.056245701,76.75270816,4.690388243,-0.2291543826
1512,0.6548667361,0.3015470598,0.581308707,1.162617414,72.89851137,4.938372448,-0.2940651581
1513,0.6337978658,0.2936657985,0.5616583779,1.123316756,74.88548341,4.80734027,-0.2607491147
1514,0.680068653,0.3490209044,0.5836760926,1.167352185,69.99543652,5.143192441,-0.3420949867
1515,0.6575807726,0.2493615876,0.6084663271,1.216932654,73.3117646,4.910535191,-0.2871638432
1516,0.5615967304,0.2547271997,0.5005046866,1.001009373,82.55647319,4.360651395,-0.1295489181
1517,0.5695060151,0.3100796396,0.4776899814,0.9553799629,81.15469902,4.435972338,-0.1537671324
1518,0.6309521772,0.2744888209,0.568116658,1.136233316,75.38891803,4.775237653,-0.2522565247
1519,0.6304456569,0.278385996,0.5656526881,1.131305376,75.38859542,4.775258088,-0.2522619733
1520,0.578361163,0.2416901463,0.5254402992,1.050880598,80.86388449,4.451925631,-0.1587804368
1521,0.6060962013,0.2268786828,0.562030843,1.124061686,78.20603245,4.603225464,-0.2043929896
1522,0.62161291,0.2843463678,0.5527655498,1.1055311,76.13839444,4.728232092,-0.2395775023
1523,0.6377898058,0.3021981773,0.5616512245,1.123302449,74.4037858,4.838463475,-0.2688561794
1524,0.6440137409,0.2618473556,0.5883788413,1.176757683,74.3570652,4.841503616,-0.2696414945
1525,0.6380528265,0.3097857639,0.5578030027,1.115606005,74.26953662,4.847209453,-0.2711122576
1526,0.6936956778,0.3555823026,0.595629851,1.191259702,68.78460825,5.233729015,-0.3618750134
1527,0.6077770362,0.2957161074,0.5309848487,1.061969697,77.3276961,4.655511779,-0.2193746169
1528,0.6102919533,0.1939926298,0.5786390307,1.157278061,78.05090796,4.612374275,-0.2070425135
1529,0.5753865492,0.279095807,0.5031651931,1.006330386,80.84719727,4.452844528,-0.1590679822
1530,0.5858954286,0.2560928063,0.5269629283,1.053925857,79.96249891,4.502110426,-0.1742927144
1531,0.6137368145,0.2572249548,0.5572326266,1.114465253,77.19288893,4.663642014,-0.2216695232
1532,0.61397218,0.3326889024,0.5160231894,1.032046379,76.17755259,4.725801601,-0.2389139114
1533,0.6480871703,0.3340829156,0.5553427643,1.110685529,72.97814495,4.932983707,-0.2927364588
1534,0.6412142861,0.274449865,0.5795110286,1.159022057,74.45932511,4.834854459,-0.2679224004
1535,0.6323289782,0.2483100811,0.5815342125,1.163068425,75.55126872,4.764976235,-0.2495135976
1536,0.5717343009,0.2291352123,0.5238102378,1.047620476,81.65026098,4.409048981,-0.1452151633
1537,0.6505179365,0.3226540575,0.5648609961,1.129721992,72.95564686,4.934504942,-0.2931119005
1538,0.611758614,0.2710764311,0.5484215262,1.096843052,77.23474726,4.661114495,-0.2209570736
1539,0.6212117832,0.295332576,0.5465187546,1.093037509,76.03537529,4.7346383,-0.2413227741
1540,0.6070432705,0.2971585808,0.5293376145,1.058675229,77.38138777,4.652281516,-0.2184602512
1541,0.6501257212,0.292805577,0.5804552932,1.160910586,73.43425306,4.90234441,-0.2851154036
1542,0.6047440035,0.2915055589,0.5298488642,1.059697728,77.68043192,4.63437176,-0.2133640618
1543,0.59470426,0.2171834247,0.5536285008,1.107257002,79.39356091,4.534372761,-0.184061815
1544,0.6006337516,0.2687648181,0.5371465128,1.074293026,78.34877507,4.594838907,-0.2019536237
1545,0.5977043279,0.2947024468,0.5200008957,1.040001791,78.34612994,4.594994038,-0.2019988385
1546,0.5525455585,0.2705653991,0.4817685742,0.9635371484,83.45116486,4.313900238,-0.1140500275
1547,0.5662579163,0.2817545919,0.4911846677,0.9823693353,81.81517222,4.400161856,-0.1423668309
1548,0.6410854134,0.363679963,0.5279463911,1.055892782,73.04158482,4.928699191,-0.2916775495
1549,0.6212944307,0.2602387338,0.5641653756,1.128330751,76.44598476,4.709207437,-0.2343619556
1550,0.5941700369,0.2958303194,0.5152887102,1.03057742,78.69217477,4.574787786,-0.1960800709
1551,0.6680668888,0.3507393564,0.5685906012,1.137181202,70.95209433,5.073846,-0.3263585997
1552,0.6988189442,0.3738781649,0.5903922718,1.180784544,68.01552309,5.292909378,-0.3743553786
1553,0.6236249672,0.2194316861,0.5837446657,1.167489331,76.614815,4.698830115,-0.2314963645
1554,0.608729297,0.237177065,0.5606232218,1.121246444,77.86442361,4.623420855,-0.2102256526
1555,0.6221096374,0.1816224671,0.5950072944,1.190014589,77.03180565,4.673394281,-0.2244101339
1556,0.61658599,0.2237317012,0.5745627981,1.149125596,77.23406438,4.661155707,-0.2209686975
1557,0.5889559062,0.2098120756,0.5503162294,1.100632459,80.0168172,4.499054232,-0.1733591139
1558,0.5664068639,0.2786723539,0.4931109963,0.9862219925,81.82750801,4.399498515,-0.1421537205
1559,0.5914830082,0.2652229908,0.5286860261,1.057372052,79.30461593,4.539458337,-0.1855874523
1560,0.6873049306,0.3439704567,0.5950398244,1.190079649,69.507452,5.179300775,-0.3500855529
1561,0.5534211968,0.2825376968,0.4758649713,0.9517299427,83.25561764,4.324032542,-0.1174400302
1562,0.6121652969,0.3107213218,0.527445363,1.054890726,76.69346212,4.694011589,-0.2301607827
1563,0.6247638498,0.2214317162,0.5842070379,1.168414076,76.49312269,4.706305448,-0.2335620775
1564,0.6149304755,0.2404241464,0.5659820841,1.131964168,77.24318016,4.660605625,-0.2208135271
1565,0.6108152461,0.2977360735,0.5333371311,1.066674262,77.00360181,4.675105989,-0.2248898017
1566,0.5765210645,0.2475012046,0.5206915512,1.041383102,81.00997286,4.443897304,-0.1562625464
1567,0.6005944353,0.2202267761,0.558760989,1.117521978,78.79249907,4.568962836,-0.1943627722
1568,0.5956570904,0.299314743,0.5149932562,1.029986512,78.49670881,4.586179541,-0.199424223
1569,0.5912123264,0.3221904893,0.4957068726,0.9914137452,78.64665894,4.577435391,-0.196858989
1570,0.620424711,0.2958769028,0.5453289653,1.090657931,76.10281698,4.730442502,-0.2401803163
1571,0.6052211474,0.2759382074,0.5386564238,1.077312848,77.81717491,4.626228084,-0.211031798
1572,0.6264070325,0.240736209,0.5783008284,1.156601657,76.16809846,4.726388177,-0.2390741355
1573,0.6598195888,0.3230215518,0.5753424779,1.150684956,72.14227347,4.990139382,-0.3066544371
1574,0.5925625806,0.2573715147,0.5337511737,1.067502347,79.27128468,4.541367047,-0.1861590549
1575,0.5989394085,0.2908220779,0.5235942457,1.047188491,78.26881272,4.599533167,-0.2033202766
1576,0.6187607615,0.3084436393,0.5364022756,1.072804551,76.08804964,4.731360598,-0.2404305027
1577,0.6866586376,0.3073854485,0.6140148782,1.228029756,70.16356857,5.130867875,-0.3393361092
1578,0.6347329311,0.2091498023,0.5992847854,1.198569571,75.68831943,4.756348175,-0.2471965555
1579,0.6031230351,0.2376144502,0.5543435474,1.108687095,78.40327224,4.59164509,-0.201021976
1580,0.5809236886,0.2384800629,0.5297165201,1.05943304,80.62333842,4.465208301,-0.162924086
1581,0.5941411639,0.2467384736,0.5404848271,1.080969654,79.2101545,4.544871832,-0.1872072213
1582,0.6353425569,0.2951121832,0.562644616,1.125289232,74.72482401,4.817676117,-0.2634551204
1583,0.6055111461,0.2794208915,0.53718499,1.07436998,77.74903709,4.630282425,-0.2121940954
1584,0.6062270145,0.3015046752,0.5259335737,1.051867147,77.40507266,4.650857982,-0.2180568381
1585,0.6278337462,0.2943672768,0.5545476709,1.109095342,75.42647882,4.772859686,-0.2516221118
1586,0.5751526578,0.2729382476,0.5062660297,1.012532059,80.93201317,4.448177994,-0.1576063397
1587,0.624068484,0.2878393377,0.5537237473,1.107447495,75.86343987,4.745368792,-0.2442338323
1588,0.6306890947,0.312647591,0.5477410136,1.095482027,74.90225569,4.806263799,-0.2604664986
1589,0.5787329048,0.2590826257,0.51750166,1.03500332,80.67977021,4.462085093,-0.1619522465
1590,0.6716275546,0.3196224679,0.5906987812,1.181397562,71.20058202,5.056138444,-0.3222560789
1591,0.6087135713,0.2533046059,0.5535060871,1.107012174,77.71498461,4.632311282,-0.2127748515
1592,0.6031836609,0.2648272838,0.5419382239,1.083876448,78.13784115,4.607242723,-0.2055578816
1593,0.6227222418,0.3211281071,0.5335351247,1.067070249,75.51998968,4.766949804,-0.250042216
1594,0.611957976,0.2793099708,0.5444983973,1.088996795,77.12141963,4.667963865,-0.2228856928
1595,0.6413258662,0.3066813896,0.56324541,1.12649082,74.01966168,4.863572621,-0.275307472
1596,0.638606029,0.3123840665,0.556986405,1.11397281,74.18034464,4.853037577,-0.2726103206
1597,0.6381155781,0.2231300686,0.5978331402,1.19566628,75.26836061,4.782886157,-0.2542920422
1598,0.6111787493,0.3204896324,0.5204093188,1.040818638,76.64580031,4.696930537,-0.2309702253
1599,0.5659582472,0.2342349795,0.5152113275,1.030422655,82.22908611,4.378012903,-0.1352126035
1600,0.615557072,0.2608261803,0.5575663302,1.11513266,76.98183764,4.676427727,-0.2252599116
1601,0.5965537947,0.2832234435,0.5250341998,1.0500684,78.59885015,4.580219676,-0.197677013
1602,0.6354940123,0.3146447711,0.5521334148,1.10426683,74.42944074,4.836795715,-0.2684248758
1603,0.6341784812,0.2510814066,0.582357685,1.16471537,75.35490651,4.777392962,-0.2528308961
1604,0.6335627809,0.3263783934,0.5430275699,1.08605514,74.42097071,4.837346202,-0.2685672774
1605,0.5800557937,0.2808436538,0.5075347928,1.015069586,80.33178847,4.481413982,-0.1679424721
1606,0.5521474148,0.2718464327,0.4805895179,0.9611790359,83.48699436,4.312048874,-0.113428743
1607,0.6389869784,0.3058845159,0.5610160617,1.122032123,74.24229338,4.848988139,-0.2715699034
1608,0.5988269352,0.2253905817,0.5547907569,1.109581514,78.92505485,4.561289196,-0.192092839
1609,0.6228488643,0.2933512463,0.5494413109,1.098882622,75.90680875,4.742657555,-0.2434997552
1610,0.6102268808,0.2546800195,0.5545402905,1.109080581,77.55533616,4.641846942,-0.2154966083
1611,0.6401123981,0.3259969476,0.5508809965,1.101761993,73.82895454,4.876135688,-0.2785057841
1612,0.6506329201,0.3344629582,0.5580839778,1.116167956,72.74686176,4.94866708,-0.2965938834
1613,0.604957844,0.2613520577,0.5455905928,1.091181186,77.9994843,4.61541513,-0.2079204948
1614,0.631615036,0.2504137846,0.5798538524,1.159707705,75.59477288,4.762234031,-0.2487782503
1615,0.5910096483,0.2925209397,0.5135405576,1.027081115,79.05696531,4.55367846,-0.1898329359
1616,0.5850591924,0.276955087,0.5153543814,1.030708763,79.8465972,4.508645485,-0.1762842606
1617,0.5911910583,0.3122902603,0.5019777492,1.003955498,78.78763362,4.569244988,-0.1944460703
1618,0.574545222,0.2449378636,0.5197188231,1.039437646,81.23817202,4.431414335,-0.1523274176
1619,0.6096552726,0.2652074184,0.5489486102,1.09789722,77.50193255,4.645045461,-0.216406684
1620,0.599009231,0.3068298437,0.5144584588,1.028916918,78.05749561,4.611985014,-0.2069300272
1621,0.6728154062,0.3414502737,0.5797346646,1.159469329,70.72990395,5.089784941,-0.3300217568
1622,0.6394541041,0.2493213422,0.5888466859,1.177693372,74.89832013,4.806516346,-0.2605328155
1623,0.5810671071,0.310065218,0.4914250132,0.9828500264,79.88837716,4.506287558,-0.1755664357
1624,0.6563957476,0.3211674256,0.5724568649,1.14491373,72.46719419,4.967765125,-0.3012518193
1625,0.6303603491,0.2888196545,0.5603011484,1.120602297,75.26537958,4.783075592,-0.2543423604
1626,0.6133080278,0.3011186654,0.5342979378,1.068595876,76.71583871,4.692642433,-0.2297807051
1627,0.6169923141,0.2560978494,0.5613318156,1.122663631,76.89481883,4.681719854,-0.2267393816
1628,0.5986120989,0.2485816572,0.5445581737,1.089116347,78.74827038,4.571528978,-0.1951199294
1629,0.6867016494,0.3311131624,0.601600556,1.203201112,69.78211397,5.158915079,-0.3455911517
1630,0.6549159255,0.3633598149,0.5448710988,1.089742198,71.82179409,5.012406117,-0.3119735469
1631,0.6060785716,0.2848524444,0.5349675877,1.069935175,77.62953019,4.637410521,-0.2142319228
1632,0.6616128589,0.2547956741,0.6105822954,1.221164591,72.90926438,4.937644112,-0.2938857754
1633,0.6565947989,0.3174173767,0.5747720756,1.149544151,72.50981192,4.964845315,-0.3005424707
1634,0.5930368589,0.2285599871,0.5472230334,1.094446067,79.47257822,4.529864364,-0.1827060907
1635,0.5852949587,0.265023013,0.5218553356,1.043710671,79.94112486,4.503314165,-0.1746600398
1636,0.6429946216,0.2637989052,0.5863891378,1.172778276,74.42544726,4.837055245,-0.2684920166
1637,0.6313527233,0.2965953718,0.5573485863,1.114697173,75.07050509,4.795491912,-0.2576302334
1638,0.6479723523,0.3033645881,0.5725714768,1.145142954,73.47564531,4.899582692,-0.2844228842
1639,0.6041996794,0.2441981131,0.5526522724,1.105304545,78.23952484,4.601254938,-0.2038207428
1640,0.5706831485,0.2973176746,0.4871154446,0.9742308892,81.16901065,4.435190193,-0.1535203132
1641,0.6037581958,0.3049637055,0.5210768632,1.042153726,77.60442834,4.638910533,-0.2146598405
1642,0.5993667851,0.2538679506,0.5429471491,1.085894298,78.62401522,4.578753692,-0.1972464475
1643,0.6535002625,0.2882821521,0.5864776158,1.172955232,73.20048695,4.918000071,-0.2890236609
1644,0.6604972223,0.2738057163,0.6010715517,1.202143103,72.78313866,4.946200543,-0.2959891622
1645,0.6333698226,0.3130556369,0.5505937708,1.101187542,74.64851414,4.822601014,-0.2647396924
1646,0.6653765084,0.3024531068,0.5926618059,1.185323612,71.98614966,5.000962014,-0.309246888
1647,0.6249578955,0.2818051651,0.5578155789,1.115631158,75.85568171,4.745854126,-0.244365135
1648,0.6443216903,0.2979429367,0.5712971619,1.142594324,73.8764891,4.872998222,-0.2777088786
1649,0.5792078955,0.2564009657,0.5193653156,1.038730631,80.65354426,4.46353602,-0.162403916
1650,0.6535544513,0.249593113,0.6040171344,1.208034269,73.65575359,4.887601884,-0.2814078305
1651,0.5902803745,0.2778794964,0.5207820139,1.041564028,79.29701109,4.539893686,-0.1857178744
1652,0.6155005084,0.3208537216,0.5252559044,1.050511809,76.2179375,4.723297583,-0.2382294144
1653,0.6263485642,0.3214332261,0.5375808822,1.075161764,75.17235449,4.788994604,-0.2559122255
1654,0.6501572037,0.3004940335,0.5765481119,1.153096224,73.32446739,4.909684486,-0.2869514684
1655,0.5870578721,0.2785909975,0.5167436515,1.033487303,79.62180451,4.521374543,-0.1801448238
1656,0.6322080593,0.2942133223,0.5595762246,1.119152449,75.02397821,4.798465885,-0.2584147838
1657,0.6250074701,0.2967887019,0.5500461836,1.100092367,75.65801553,4.758253272,-0.2477090093
1658,0.6638230288,0.3129571202,0.5854219457,1.170843891,71.96053615,5.002742048,-0.3096719842
1659,0.6102858613,0.3336949064,0.5109760679,1.021952136,76.52392755,4.704410915,-0.2330392677
1660,0.6232740065,0.304681236,0.5437277183,1.087455437,75.71226716,4.754843746,-0.2467915385
1661,0.6514346181,0.3206082744,0.5670779452,1.13415589,72.90820536,4.937715834,-0.2939034426
1662,0.6127115233,0.1702675323,0.5885782685,1.177156537,77.97120128,4.617089311,-0.2084033133
1663,0.6583972821,0.2095392547,0.6241636659,1.248327332,73.6181118,4.890100971,-0.2820381934
1664,0.6569081977,0.2832327499,0.5927120629,1.185424126,72.97188141,4.933407129,-0.2928409875
1665,0.6029510031,0.3230900612,0.5090802731,1.018160546,77.42605144,4.64959782,-0.2176994858
1666,0.5844463031,0.2799084498,0.5130582238,1.026116448,79.87966372,4.506779113,-0.1757161498
1667,0.605600614,0.2847870976,0.5344608617,1.068921723,77.67740671,4.634552249,-0.2134156454
1668,0.5791056132,0.2729794674,0.5107303805,1.021460761,80.51131075,4.471421427,-0.1648529001
1669,0.6462878039,0.3074071225,0.5684969538,1.136993908,73.56567234,4.893586758,-0.2829161605
1670,0.5907908761,0.2576115676,0.5316673204,1.063334641,79.44842069,4.53124174,-0.183120606
1671,0.5969345043,0.2631273526,0.5358122794,1.071624559,78.77560341,4.569942779,-0.1946520251
1672,0.5994843151,0.227664438,0.5545722204,1.109144441,78.84243886,4.566068798,-0.1935077066
1673,0.5840542663,0.267628135,0.5191286617,1.038257323,80.04464264,4.497490252,-0.1728808013
1674,0.6373567328,0.3075806328,0.5582273365,1.116454673,74.36537268,4.840962763,-0.2695018692
1675,0.6602224137,0.2529444043,0.6098465084,1.219693017,73.04771094,4.928285848,-0.2915752761
1676,0.6373838863,0.2403435982,0.5903331037,1.180666207,75.17410293,4.788883219,-0.2558827255
1677,0.6878094588,0.3055487041,0.6162157423,1.232431485,70.09877783,5.135610222,-0.3403996073
1678,0.6669897491,0.2668787208,0.6112700498,1.2225401,72.31751144,4.978047403,-0.3037418827
1679,0.6137029641,0.2673929425,0.5523878551,1.10477571,77.08840854,4.669962797,-0.2234473145
1680,0.6132199045,0.2589543795,0.5558608465,1.111721693,77.22449026,4.661733587,-0.2211316638
1681,0.6050815109,0.2156206646,0.5653594996,1.130718999,78.39299881,4.592246827,-0.2011976177
1682,0.6200981264,0.2535870104,0.5658757059,1.131751412,76.6276859,4.698040868,-0.2312778213
1683,0.5807996509,0.1943517302,0.5473167634,1.094633527,80.93447186,4.448042864,-0.1575639636
1684,0.6148875531,0.2369973684,0.5673790183,1.134758037,77.27863639,4.658467292,-0.220209932
1685,0.5980658676,0.2664604301,0.5354265787,1.070853157,78.62860514,4.578486409,-0.1971679115
1686,0.6634954863,0.2962564572,0.5936820462,1.187364092,72.23361945,4.983828898,-0.3051365713
1687,0.5906240758,0.2955973005,0.5113306512,1.022661302,79.06002462,4.55350225,-0.1897805114
1688,0.6343928153,0.3031187211,0.5572910236,1.114582047,74.70031833,4.819256572,-0.263867691
1689,0.6113086631,0.2762036073,0.5453529581,1.090705916,77.22026942,4.661988396,-0.221203507
1690,0.6035723684,0.2543080246,0.5473819805,1.094763961,78.20546115,4.603259091,-0.2044027502
1691,0.5946410594,0.2608436543,0.5343768123,1.068753625,79.02834652,4.555327498,-0.1903233217
1692,0.6324359751,0.3024537337,0.5554250639,1.110850128,74.88941578,4.807087841,-0.2606828554
1693,0.6252353509,0.3379017579,0.5260623974,1.052124795,75.00393785,4.799747991,-0.2587526579
1694,0.6198695022,0.2892768876,0.5482308656,1.096461731,76.2414255,4.721842458,-0.2378312542
1695,0.6365520018,0.2927097331,0.5652605268,1.130521054,74.64713997,4.822689793,-0.2647628204
1696,0.638075612,0.2860944456,0.5703424014,1.140684803,74.59607688,4.825991058,-0.2656221297
1697,0.6138493556,0.2776222179,0.547482361,1.094964722,76.95879646,4.677827832,-0.2256517021
1698,0.5980938975,0.3121288119,0.5101881172,1.020376234,78.07819389,4.610762392,-0.2065765797
1699,0.5796808501,0.2791148749,0.508059814,1.016119628,80.3892556,4.478210394,-0.1669536428
1700,0.5842984253,0.251659111,0.5273256505,1.054651301,80.1662739,4.490666492,-0.1707895118
1701,0.6359493166,0.2976035294,0.5620175021,1.124035004,74.63543373,4.82344621,-0.2649598361
1702,0.6749068025,0.2926807585,0.6081423893,1.216284779,71.3292228,5.047019803,-0.3201298394
1703,0.5979211487,0.3320971015,0.4972134504,0.9944269008,77.79908111,4.62730401,-0.2113404719
1704,0.6646413723,0.2817102834,0.6019862707,1.203972541,72.33198112,4.977051567,-0.3035012609
1705,0.6706785436,0.3039570168,0.5978460009,1.195692002,71.51954662,5.033588956,-0.3169811146
1706,0.5902373556,0.2519291644,0.5337713294,1.067542659,79.55693533,4.525061184,-0.1812583665
1707,0.6391349984,0.3034036223,0.5625298109,1.125059622,74.26474488,4.847522207,-0.2711927562
1708,0.6174385347,0.3149888014,0.5310483962,1.062096792,76.11940422,4.729411688,-0.2398992786
1709,0.592254215,0.250828389,0.5365167047,1.073033409,79.36299609,4.53611907,-0.1845861312
1710,0.6573024809,0.2775870888,0.595812017,1.191624034,73.00980297,4.9308447,-0.2922080823
1711,0.6438476873,0.3272223697,0.5544955953,1.108991191,73.47238275,4.899800259,-0.2844774743
1712,0.6003420027,0.2636804646,0.5393358256,1.078671651,78.43050596,4.590050715,-0.2005563379
1713,0.610457115,0.2192444264,0.5697278041,1.139455608,77.85012473,4.624270048,-0.2104696317
1714,0.6161078629,0.2559418279,0.5604307981,1.120861596,76.98027335,4.676522755,-0.2252865117
1715,0.6598057121,0.2686277161,0.6026464368,1.205292874,72.90474879,4.937949941,-0.2939611062
1716,0.609461555,0.2996015746,0.5307374902,1.06147498,77.11146067,4.668566733,-0.2230551335
1717,0.5888570737,0.229294637,0.5423805147,1.084761029,79.8856694,4.5064403,-0.1756129608
1718,0.6187004802,0.2373817061,0.5713494638,1.142698928,76.9158783,4.680438005,-0.2263813822
1719,0.6196124541,0.3289446555,0.5250857138,1.050171428,75.69211874,4.756109434,-0.2471323023
1720,0.6311691019,0.26356509,0.5735049071,1.147009814,75.49475793,4.768543007,-0.2504685801
1721,0.6254160956,0.2563787331,0.570451784,1.140903568,76.1025792,4.730457283,-0.240184345
1722,0.6085400578,0.2172069771,0.5684559183,1.136911837,78.0490011,4.612486963,-0.2070750733
1723,0.691492367,0.2107655784,0.6585890711,1.317178142,70.89186078,5.078157013,-0.3273521316
1724,0.6347066812,0.3294231558,0.5425246129,1.085049226,74.26518351,4.847493577,-0.2711853876
1725,0.6301835737,0.3195918342,0.5431320245,1.086264049,74.84268083,4.810089591,-0.2614702449
1726,0.6178052119,0.2499305253,0.5649938162,1.129987632,76.88027093,4.682605767,-0.2269866703
1727,0.6421930945,0.2444003458,0.5938690441,1.187738088,74.70468703,4.818974744,-0.2637941444
1728,0.6075343876,0.3141538175,0.520005203,1.040010406,77.09990139,4.669266673,-0.2232517937
1729,0.577249107,0.271828343,0.5092404967,1.018480993,80.71915433,4.459907973,-0.1612739001
1730,0.5667504049,0.277811584,0.4939906328,0.9879812656,81.79762706,4.401105667,-0.1426699257
1731,0.6137637854,0.2766915929,0.5478574146,1.095714829,76.97784713,4.676670151,-0.2253277684
1732,0.6328623928,0.282853263,0.5661350014,1.132270003,75.11153776,4.792872184,-0.256938187
1733,0.5543204421,0.2671325104,0.4857070871,0.9714141741,83.27513753,4.323018979,-0.1171016945
1734,0.5794894045,0.2448402647,0.5252249182,1.050449836,80.72134569,4.459786899,-0.1612361543
1735,0.6432208884,0.3131248284,0.5618593713,1.123718743,73.75319206,4.881144666,-0.2797755274
1736,0.6245005372,0.1898722949,0.5949364945,1.189872989,76.7580325,4.690062893,-0.2290639271
1737,0.6518212026,0.2917468241,0.5828847835,1.165769567,73.30026472,4.911305592,-0.2873560945
1738,0.6451385603,0.3281556724,0.5554436215,1.110887243,73.34139394,4.908551374,-0.286668456
1739,0.6205168045,0.2586782475,0.5640271881,1.128054376,76.53552772,4.703697887,-0.2328423761
1740,0.5874503414,0.2233360377,0.5433405174,1.086681035,80.07239234,4.495931612,-0.1724037499
1741,0.6148672724,0.2453269676,0.5638053224,1.127610645,77.20305988,4.663027612,-0.2214964194
1742,0.5808513113,0.2271345962,0.5346008989,1.069201798,80.71628431,4.460066554,-0.1613233356
1743,0.6428192191,0.300285939,0.5683703926,1.136740785,73.9777437,4.866328466,-0.2760107329
1744,0.6191138519,0.2609192915,0.5614473127,1.122894625,76.64381716,4.69705207,-0.2310039019
1745,0.6281872912,0.3199287982,0.5406152392,1.081230478,75.023551,4.798493209,-0.2584219867
1746,0.6454314786,0.3153876102,0.5631273824,1.126254765,73.52096764,4.896562321,-0.2836644414
1747,0.6150093633,0.271687193,0.5517450372,1.103490074,76.91562225,4.680453586,-0.226385735
1748,0.6773585655,0.3557906701,0.5763919025,1.152783805,70.08561675,5.136574617,-0.3406155848
1749,0.6433895166,0.2890015245,0.5748288344,1.149657669,74.0810312,4.859543586,-0.2742776055
1750,0.6632183324,0.3071512426,0.5878066609,1.175613322,72.09980776,4.9930785,-0.3073598107
1751,0.5989835456,0.2348979942,0.5510029222,1.102005844,78.8320461,4.566670762,-0.1936856629
1752,0.6448550871,0.3149656756,0.5627030359,1.125406072,73.57886481,4.892709352,-0.282695308
1753,0.6195083508,0.288025354,0.5484815331,1.096963066,76.29159821,4.718737167,-0.2369806105
1754,0.6273144751,0.2297065239,0.5837451186,1.167490237,76.18686567,4.725223919,-0.2387560715
1755,0.6077385537,0.2974608096,0.5299652974,1.059930595,77.3089194,4.656642504,-0.2196943373
1756,0.6319485299,0.2898310625,0.5615664695,1.123132939,75.10594007,4.7932294,-0.257032604
1757,0.6435671446,0.2919812235,0.5735203874,1.147040775,74.02544944,4.863192358,-0.2752103587
1758,0.5983041605,0.2892017355,0.5237654291,1.047530858,78.35232423,4.594630773,-0.2018929552
1759,0.6377252274,0.2916839104,0.5671101851,1.13422037,74.55443764,4.828686412,-0.2663226949
1760,0.6261006866,0.288453437,0.5556947763,1.111389553,75.665418,4.757787765,-0.2475838364
1761,0.631101739,0.3279048758,0.5392288915,1.078457783,74.62360455,4.824210814,-0.2651589098
1762,0.5779497204,0.2819537874,0.5045076224,1.009015245,80.54416686,4.469597415,-0.1642872716
1763,0.5863600383,0.2684573116,0.5212952775,1.042590555,79.79762911,4.511412231,-0.177125466
1764,0.5983473986,0.2277595454,0.5533038938,1.106607788,78.95328675,4.559658183,-0.1916092525
1765,0.5638436182,0.2727335346,0.4934937132,0.9869874263,82.16360357,4.381502081,-0.1363449053
1766,0.6406251305,0.3133984173,0.558732485,1.11746497,73.98232068,4.866027406,-0.2759339518
1767,0.6528053597,0.2293637623,0.6111849983,1.222369997,73.92203863,4.869995561,-0.2769450722
1768,0.5772957992,0.2696572567,0.5104462789,1.020892558,80.73480325,4.459043504,-0.1610043443
1769,0.6074882644,0.2968837006,0.5300019431,1.060003886,77.3410665,4.654706953,-0.2191469378
1770,0.6195509622,0.2611044098,0.5618432895,1.123686579,76.60063276,4.699700081,-0.2317371603
1771,0.5913037112,0.3429153516,0.4817147917,0.9634295834,78.31348808,4.596909279,-0.2025567696
1772,0.6003648777,0.2533590152,0.5442859503,1.088571901,78.5301506,4.584226533,-0.1988522438
1773,0.6533980087,0.2965791085,0.5822111217,1.164422243,73.09642384,4.92500154,-0.2907619132
1774,0.6194792695,0.2674736817,0.5587596934,1.117519387,76.53798911,4.70354662,-0.2328005973
1775,0.5867342676,0.2852164231,0.5127462265,1.025492453,79.58372527,4.523537932,-0.1807985191
1776,0.6613460373,0.296927254,0.5909422873,1.181884575,72.40699078,4.971895615,-0.3022535876
1777,0.6225924906,0.3167125914,0.5360172981,1.072034596,75.60044536,4.761876709,-0.2486823583
1778,0.6030641086,0.2462434419,0.5505002147,1.101000429,78.33161957,4.595845228,-0.2022468652
1779,0.6740968562,0.2633846715,0.6205119551,1.24102391,71.76728956,5.016212848,-0.3128772112
1780,0.6478534703,0.2726644222,0.5876803824,1.175360765,73.89200024,4.8719753,-0.2774487967
1781,0.5951988427,0.251823065,0.5393021475,1.078604295,79.05816479,4.55360937,-0.1898123816
1782,0.6047662681,0.2906172114,0.530362023,1.060724046,77.6892114,4.63384804,-0.2132143569
1783,0.6247605193,0.277695865,0.5596523144,1.119304629,75.92400457,4.741583403,-0.243208654
1784,0.5807998803,0.2845371945,0.5063270543,1.012654109,80.21421567,4.487982548,-0.1699650042
1785,0.5892428899,0.2420529692,0.5372313686,1.074462737,79.74381133,4.514456909,-0.1780498333
1786,0.6727348965,0.1986685946,0.6427309161,1.285461832,72.50649003,4.96507278,-0.3005977678
1787,0.6181844315,0.2302395411,0.5737087632,1.147417526,77.02836377,4.673603104,-0.2244686734
1788,0.6672278086,0.2724286121,0.6090776633,1.218155327,72.23074798,4.984027025,-0.3051842974
1789,0.6135601987,0.2976408422,0.5365314963,1.073062993,76.7378874,4.691294121,-0.2294061627
1790,0.643090882,0.2588675436,0.5886879286,1.177375857,74.47214311,4.834022293,-0.2677068563
1791,0.6357192796,0.30022145,0.5603624572,1.120724914,74.62001046,4.824443173,-0.2652193925
1792,0.5725246125,0.2906337995,0.4932711491,0.9865422982,81.03876179,4.442318614,-0.1557662375
1793,0.6492193202,0.304510128,0.5733753637,1.146750727,73.34907069,4.908037642,-0.2865400921
1794,0.650745323,0.2885494341,0.5832741204,1.166548241,73.43718359,4.902148781,-0.2850663789
1795,0.6466900717,0.3149613473,0.5648073995,1.129614799,73.41568534,4.903584273,-0.2854260055
1796,0.5900830515,0.2548186033,0.5322269132,1.064453826,79.54626117,4.525668393,-0.1814415766
1797,0.6728867572,0.325377291,0.5889874417,1.177974883,71.00243965,5.070248315,-0.325527894
1798,0.5745012865,0.3034742898,0.4878063997,0.9756127993,80.68051309,4.462044008,-0.161939452
1799,0.6195249079,0.3184805499,0.531395569,1.062791138,75.86615326,4.745199071,-0.2441879086
1800,0.6016338968,0.3098798151,0.5156916191,1.031383238,77.75045417,4.630198034,-0.2121699259
1801,0.5942943851,0.3129356965,0.5052297161,1.010459432,78.45691914,4.588505436,-0.2001046861
1802,0.6167664492,0.2172619264,0.5772331489,1.154466298,77.27017768,4.658977251,-0.2203539381
1803,0.6646540335,0.2530830498,0.6145843751,1.22916875,72.67083284,4.953844424,-0.297860869
1804,0.7034911763,0.2978670929,0.6373186253,1.274637251,68.97993303,5.218909097,-0.3586948998
1805,0.5974845147,0.2637560262,0.5361161291,1.072232258,78.71426791,4.573503757,-0.1957019436
1806,0.6514898799,0.3009182353,0.5778298013,1.155659603,73.20163928,4.917922653,-0.2890044072
1807,0.6032979645,0.2657473139,0.5416149917,1.083229983,78.11699191,4.608472385,-0.2059139851
1808,0.6564024388,0.326050756,0.5696973461,1.139394692,72.38670391,4.973289023,-0.3025910805
1809,0.625350275,0.2581405697,0.569584421,1.139168842,76.09004088,4.73123678,-0.2403967683
1810,0.6583087711,0.2369729528,0.6141777087,1.228355417,73.37634721,4.906213156,-0.2860839569
1811,0.6285606584,0.276691259,0.5643850179,1.128770036,75.58294774,4.762979095,-0.248978144
1812,0.5959084838,0.2394505416,0.5456833873,1.091366775,79.09748274,4.551345853,-0.1891385847
1813,0.6308444673,0.306682805,0.5512806898,1.10256138,74.97580618,4.801548904,-0.2592268956
1814,0.5969156286,0.2776115298,0.5284317422,1.056863484,78.62524352,4.578682162,-0.1972254309
1815,0.681407,0.3160347793,0.6036866058,1.207373212,70.45456834,5.109675759,-0.3345542048
1816,0.6045008674,0.2502759214,0.5502574506,1.100514901,78.15346192,4.606321859,-0.2052910622
1817,0.5966733946,0.2606202194,0.5367459744,1.073491949,78.82665042,4.56698335,-0.1937780511
1818,0.6275153081,0.3089226724,0.5462071442,1.092414288,75.25283292,4.783873059,-0.2545541334
1819,0.6354508784,0.2840517087,0.5684298072,1.136859614,74.86019952,4.80896394,-0.2611751108
1820,0.6100155362,0.2253326786,0.5668722416,1.133744483,77.84279858,4.62470526,-0.2105946313
1821,0.6012297667,0.282486462,0.5307340493,1.061468099,78.13783432,4.607243126,-0.2055579983
1822,0.592034933,0.2845396058,0.5191748979,1.038349796,79.04382076,4.554435711,-0.1900581749
1823,0.6390868143,0.3046155116,0.5618196742,1.123639348,74.25166069,4.848376409,-0.2714125534
1824,0.6626656262,0.2716055051,0.6044470049,1.20889401,72.62559364,4.956930222,-0.2986145098
1825,0.5955123494,0.2948067074,0.5174204901,1.03484098,78.56758281,4.582042455,-0.1982119331
1826,0.6489540778,0.3180122004,0.5656939415,1.131387883,73.16767303,4.920205674,-0.2895718821
1827,0.6263326463,0.2653208679,0.5673600452,1.13472009,75.92074929,4.74178671,-0.243263763
1828,0.6595636834,0.253819996,0.6087689727,1.217537945,73.09430501,4.925144304,-0.2907972959
1829,0.5911065309,0.2317683669,0.5437741765,1.087548353,79.64019808,4.520330294,-0.1798290381
1830,0.6634362152,0.3225985666,0.5797221545,1.159444309,71.84062153,5.011092504,-0.3116613295
1831,0.6628089015,0.3427925782,0.5672820182,1.134564036,71.54490692,5.031804715,-0.3165612879
1832,0.6249397909,0.2705080555,0.563360572,1.126721144,75.99155736,4.737368367,-0.2420648679
1833,0.6248285585,0.2652381862,0.5657379536,1.131475907,76.06138162,4.733019468,-0.2408822682
1834,0.6331889736,0.2703108519,0.5725908833,1.145181767,75.23337462,4.785110356,-0.2548825429
1835,0.5806786651,0.2854480827,0.5056748997,1.011349799,80.21733058,4.487808275,-0.1699114294
1836,0.595619782,0.2959010992,0.5169192047,1.033838409,78.54316355,4.583467023,-0.1986296555
1837,0.5706246814,0.271061951,0.5021333943,1.004266789,81.43659399,4.4206171,-0.1489038084
1838,0.6586121266,0.3057887952,0.5833207917,1.166641583,72.51343851,4.96459701,-0.3004821005
1839,0.578196719,0.2656976218,0.5135330755,1.027066151,80.67640328,4.462271313,-0.1620102344
1840,0.6991897035,0.2975589463,0.6327123477,1.265424695,69.31710473,5.193523322,-0.3531955663
1841,0.6024723513,0.2552908929,0.5457100824,1.091420165,78.30384497,4.597475388,-0.2027215819
1842,0.6243037443,0.2293807292,0.5806372759,1.161274552,76.46674434,4.707928958,-0.2340097083
1843,0.5912270283,0.2834797983,0.5188338876,1.037667775,79.13857955,4.54898233,-0.1884342079
1844,0.5875743895,0.3174186491,0.4944583546,0.9889167092,79.09709585,4.551368114,-0.1891452152
1845,0.6377273673,0.2975129199,0.5640764642,1.128152928,74.47510744,4.833829885,-0.267657007
1846,0.6002222099,0.2868820223,0.5272242469,1.054448494,78.18710751,4.60433966,-0.2047163078
1847,0.6759198862,0.2918812186,0.6096499379,1.219299876,71.25679043,5.052150088,-0.3213272373
1848,0.5761383216,0.270696741,0.5085849389,1.017169878,80.8480254,4.452798918,-0.1590537127
1849,0.584479539,0.2901131566,0.5073959872,1.014791974,79.76485089,4.513266131,-0.1776884791
1850,0.5634982721,0.2710036138,0.4940519648,0.9881039295,82.21666592,4.378674274,-0.1354273827
1851,0.6028528342,0.2633536345,0.542288118,1.084576236,78.18566056,4.604424871,-0.2047410271
1852,0.6297592773,0.3296356952,0.5365976666,1.073195333,74.71984658,4.817997045,-0.2635389228
1853,0.6830695404,0.2591899277,0.6319846347,1.263969269,71.08318028,5.064489217,-0.3241951366
1854,0.5974933406,0.2604387782,0.5377452322,1.075490464,78.74650351,4.571631551,-0.1951501743
1855,0.5827017129,0.2670031695,0.5179291397,1.035858279,80.19147219,4.489255405,-0.1703561637
1856,0.6459014905,0.3104646076,0.5663924989,1.132784998,73.55436083,4.894339315,-0.2831055124
1857,0.6215103138,0.2660603168,0.5616822749,1.12336455,76.36243941,4.714359609,-0.2357792374
1858,0.6157322937,0.1937230046,0.5844635618,1.168927124,77.5416987,4.642663316,-0.2157290284
1859,0.5973847553,0.264335851,0.5357192396,1.071438479,78.71838174,4.573264745,-0.1956315316
1860,0.5947618471,0.2598958314,0.5349727204,1.069945441,79.02544208,4.555494921,-0.1903730869
1861,0.6165308797,0.3065028475,0.5349451655,1.069890331,76.32985289,4.71637225,-0.2363319065
1862,0.6401610189,0.3095988961,0.5603165656,1.120633131,74.08148666,4.859513709,-0.274269961
1863,0.609275003,0.2428273547,0.5587941527,1.117588305,77.76077877,4.629583264,-0.2119938267
1864,0.5917265756,0.3019721111,0.5088744288,1.017748858,78.86713658,4.564638906,-0.1930847797
1865,0.6470878675,0.234155754,0.603236099,1.206472198,74.37390783,4.840407214,-0.2693584114
1866,0.6386215043,0.3400944205,0.5405304902,1.08106098,73.72194922,4.88321326,-0.2802990001
1867,0.5557667912,0.2912112145,0.4733632377,0.9467264754,82.90998622,4.342058375,-0.1234285189
1868,0.6290522871,0.3103398136,0.5471708874,1.094341775,75.08867033,4.794331801,-0.2573238794
1869,0.6269756493,0.2831321586,0.5594056181,1.118811236,75.65117726,4.758683381,-0.2478246383
1870,0.5637788563,0.2838125197,0.487131453,0.9742629059,82.070977,4.386447111,-0.1379462679
1871,0.5980742806,0.2529760761,0.5419372197,1.083874439,78.76069622,4.570807742,-0.1949072215
1872,0.6013431397,0.2987212601,0.5218995884,1.043799177,77.92855254,4.619616152,-0.2091312724
1873,0.6677153023,0.3103362907,0.5912149454,1.182429891,71.67221821,5.022866725,-0.3144527799
1874,0.5952535133,0.2310996731,0.5485614699,1.09712294,79.2319458,4.543621848,-0.1868336021
1875,0.5734089025,0.2535221014,0.514319272,1.028638544,81.28956555,4.428612671,-0.1514408379
1876,0.6100822116,0.2323754475,0.5640939251,1.12818785,77.77682209,4.628628302,-0.211720174
1877,0.6352030477,0.3601221648,0.5232541813,1.046508363,73.65233069,4.887829029,-0.2814651566
1878,0.6636038785,0.3090040943,0.5872704465,1.174540893,72.0393338,4.997269977,-0.3083640172
1879,0.6564762136,0.2499308304,0.6070383835,1.214076767,73.40043192,4.904603292,-0.2856811432
1880,0.6760037881,0.267529543,0.6208132289,1.241626458,71.56144812,5.03064163,-0.3162874235
1881,0.6119956411,0.3326377868,0.5137029954,1.027405991,76.37252001,4.713737349,-0.2356082545
1882,0.6383947788,0.2736554468,0.5767673622,1.153534724,74.72198056,4.817859448,-0.2635029944
1883,0.651162713,0.287432548,0.5842905178,1.168581036,73.41546309,4.903599117,-0.2854297231
1884,0.6465870574,0.1887084838,0.6184366831,1.236873366,74.79574705,4.813107886,-0.2622608091
1885,0.6350841719,0.3021028581,0.5586284709,1.117256942,74.65149321,4.822408562,-0.2646895528
1886,0.6508855262,0.2999557517,0.5776491282,1.155298256,73.26825409,4.913451323,-0.2878911771
1887,0.6492811784,0.2151598654,0.6125947119,1.225189424,74.35432522,4.841682027,-0.2696875445
1888,0.5857421922,0.2881729294,0.509951251,1.019902502,79.65431874,4.519528956,-0.1795865983
1889,0.6426314476,0.3385358894,0.5462312962,1.092462592,73.38684626,4.905511251,-0.2859083678
1890,0.6237700345,0.2612137004,0.5664419288,1.132883858,76.20404733,4.724158527,-0.2384648569
1891,0.6072672201,0.3349011608,0.5065715045,1.013143009,76.80448103,4.687226516,-0.2282747271
1892,0.5906140195,0.2964778171,0.5108089898,1.02161798,79.05040653,4.554056276,-0.1899453254
1893,0.6197708947,0.3191169923,0.5313005808,1.062601162,75.83281753,4.747285038,-0.2447520727
1894,0.6279673994,0.2812110213,0.5614832287,1.122966457,75.58289731,4.762982273,-0.2489789965
1895,0.6703009578,0.3483891954,0.5726502795,1.145300559,70.8102224,5.084011712,-0.328698151
1896,0.6389935155,0.273762032,0.577379479,1.154758958,74.66680891,4.821419387,-0.2644317679
1897,0.6707418601,0.2669140996,0.6153466554,1.230693311,72.00367253,4.999744976,-0.3089560331
1898,0.550500289,0.2244238125,0.5026773524,1.005354705,83.97553184,4.286963025,-0.1049531642
1899,0.6155170808,0.2464913316,0.5640064718,1.128012944,77.13025902,4.6674289,-0.2227352945
1900,0.646119254,0.3009578755,0.5717468387,1.143493677,73.67419003,4.886378796,-0.2810990429
1901,0.6221114907,0.3005435334,0.544698349,1.089396698,75.87982302,4.744344223,-0.2439565416
1902,0.6077126176,0.238805424,0.5588260866,1.117652173,77.94777615,4.618476855,-0.2088031645
1903,0.6204568705,0.2921965823,0.5473462208,1.094692442,76.1481225,4.727628052,-0.239412657
1904,0.6328434349,0.2928725787,0.5609959587,1.121991917,74.98357325,4.801051542,-0.2590959663
1905,0.5635424526,0.2215730939,0.518155826,1.036311652,82.56918422,4.359980099,-0.1293289352
1906,0.6108808143,0.2939655273,0.5354994286,1.070998857,77.04616841,4.672523078,-0.2241658429
1907,0.6181471607,0.2786696939,0.5517690767,1.103538153,76.53555895,4.703695967,-0.2328418459
1908,0.6216222126,0.1646866114,0.5994101227,1.198820245,77.1789562,4.664483918,-0.221906639
1909,0.5913183384,0.3147664015,0.5005791543,1.001158309,78.74053229,4.571978237,-0.1952523869
1910,0.6465018093,0.3539528639,0.5410008868,1.082001774,72.75199479,4.948317926,-0.2965083251
1911,0.6298598171,0.2857394034,0.5613166509,1.122633302,75.35113151,4.777632303,-0.2528946411
1912,0.6567284582,0.2398041881,0.6113805846,1.222761169,73.48336575,4.899067923,-0.2842936996
1913,0.6302406146,0.2946190915,0.5571380648,1.11427613,75.19990329,4.787240199,-0.2554473898
1914,0.6529297433,0.3220579926,0.5679752628,1.135950526,72.75402603,4.948179773,-0.2964744675
1915,0.6168466079,0.3038902463,0.5367964753,1.073592951,76.33598691,4.715993263,-0.2362278791
1916,0.6157374788,0.3399070353,0.5134158647,1.026831729,75.88199928,4.744208157,-0.2439197062
1917,0.6240203789,0.2997550705,0.5473100867,1.094620173,75.7104358,4.754958761,-0.246822513
1918,0.6547438328,0.315144868,0.5739104449,1.14782089,72.70579827,4.951462037,-0.2972782517
1919,0.6168787636,0.3021440202,0.537818185,1.07563637,76.35698315,4.714696484,-0.2358717812
1920,0.6173042155,0.2502823593,0.5642900275,1.128580055,76.92407354,4.679939367,-0.2262420593
1921,0.5947831632,0.2920133947,0.5181652135,1.036330427,78.6758245,4.57573851,-0.1963598893
1922,0.6316513815,0.3412951664,0.531508304,1.063016608,74.34164675,4.842507743,-0.26990062
1923,0.6494583751,0.2697113329,0.5908062101,1.18161242,73.7864871,4.878942123,-0.2792175784
1924,0.6430427691,0.3559872485,0.5355157157,1.071031431,73.02148767,4.93005568,-0.2920130407
1925,0.6124114326,0.2608456478,0.5540824044,1.108164809,77.2822975,4.658246606,-0.2201476018
1926,0.6628389226,0.2670464921,0.6066643293,1.213328659,72.6655231,4.954206405,-0.2979493335
1927,0.6646372509,0.3472533341,0.5667078588,1.133415718,71.30701691,5.048591507,-0.320496985
1928,0.6130132466,0.2808916835,0.5448716387,1.089743277,77.00082753,4.675274429,-0.2249369813
1929,0.6495661997,0.2877052044,0.5823761355,1.164752271,73.55169712,4.894516566,-0.2831501006
1930,0.5939983429,0.2425507252,0.5422205981,1.084441196,79.26119569,4.541945108,-0.1863320601
1931,0.6193540125,0.3173528439,0.5318708163,1.063741633,75.89972865,4.743099961,-0.243619605
1932,0.6176916923,0.299174395,0.5404051333,1.080810267,76.31937088,4.717020015,-0.2365096657
1933,0.65299839,0.2989495772,0.5805480581,1.161096116,73.09792994,4.924900066,-0.2907367625
1934,0.6627847766,0.2583380268,0.6103647467,1.220729493,72.77051871,4.947058319,-0.2961995451
1935,0.6170496149,0.2925785181,0.5432752875,1.086550575,76.46795847,4.707854207,-0.233989106
1936,0.6421821003,0.2670125993,0.5840394864,1.168078973,74.46089373,4.834752606,-0.2678960236
1937,0.5750787518,0.2449697306,0.5202935727,1.040587145,81.18173228,4.434495174,-0.1533009072
1938,0.6608544706,0.3150301928,0.5809342553,1.161868511,72.18113222,4.987452939,-0.3060088293
1939,0.5823044899,0.2584342792,0.5218143753,1.043628751,80.31246603,4.482492169,-0.1682749129
1940,0.6070890642,0.2101648311,0.5695505909,1.139101182,78.24127961,4.601151742,-0.203790759
1941,0.6274858304,0.2431050595,0.5784793837,1.156958767,76.04594743,4.733980076,-0.2411437048
1942,0.6170369889,0.2892290823,0.5450515422,1.090103084,76.51199237,4.70514476,-0.2332418355
1943,0.688941352,0.3174324497,0.6114546805,1.222909361,69.82735013,5.155572985,-0.3448501701
1944,0.612832038,0.278099753,0.5460985572,1.092197114,77.05117772,4.672219305,-0.2240806381
1945,0.6063854905,0.2925018923,0.5311741767,1.062348353,77.50566687,4.644821657,-0.2163430519
1946,0.5981190993,0.1968896176,0.5647839724,1.129567945,79.19920202,4.545500344,-0.1873949952
1947,0.6883697153,0.3632800866,0.5847054332,1.169410866,69.05079308,5.213553443,-0.3575401837
1948,0.6110160911,0.258464829,0.5536574715,1.107314943,77.44105186,4.648697188,-0.2174439507
1949,0.6339242772,0.2772032505,0.5701038038,1.140207608,75.08431822,4.794609694,-0.2573972793
1950,0.6069758439,0.254367094,0.5511053045,1.102210609,77.87287384,4.622919154,-0.210081462
1951,0.6223488064,0.2603068282,0.5652949602,1.13058992,76.34650688,4.715343435,-0.2360494635
1952,0.6116201251,0.2494465314,0.5584403329,1.116880666,77.47301812,4.646779082,-0.2168993498
1953,0.6267644122,0.3385304184,0.5274758613,1.054951723,74.848403,4.809721859,-0.2613738472
1954,0.6013692023,0.2921290389,0.5256477357,1.051295471,78.00886043,4.614860389,-0.207760424
1955,0.6671494636,0.2897139724,0.6009610811,1.201922162,72.0151517,4.99894802,-0.3087654796
1956,0.6197501616,0.2653688936,0.5600621512,1.120124302,76.53567485,4.703688845,-0.2328398788
1957,0.6510266404,0.220019339,0.612721125,1.22544225,74.16078051,4.854317842,-0.2729388303
1958,0.6400314728,0.2935556074,0.5687401793,1.137480359,74.32104364,4.843850171,-0.2702468495
1959,0.5978507737,0.3123138836,0.5097897466,1.019579493,78.10043065,4.609449615,-0.2061968307
1960,0.6376943002,0.2442382066,0.589068518,1.178137036,75.10772055,4.793115773,-0.2570025726
1961,0.5804656526,0.2791998556,0.508908454,1.017816908,80.30535374,4.482889163,-0.1683972743
1962,0.6314655274,0.2778660313,0.5670442495,1.134088499,75.30118755,4.780801096,-0.2537378962
1963,0.5759000024,0.3001262696,0.491513006,0.983026012,80.566945,4.468333756,-0.1638951068
1964,0.6061982671,0.3002113878,0.5266397835,1.053279567,77.42503647,4.649658772,-0.2177167754
1965,0.6185262455,0.268876818,0.5570278029,1.114055606,76.61246199,4.698974431,-0.2315363166
1966,0.6322739896,0.2080189338,0.597074971,1.194149942,75.918458,4.741929822,-0.2433025521
1967,0.5676678427,0.2555564297,0.5068902158,1.013780432,81.88829885,4.396232491,-0.1411034153
1968,0.6232284248,0.2970069193,0.5479056117,1.095811223,75.82238681,4.747938111,-0.244928582
1969,0.6504937854,0.3049719194,0.57457314,1.14914628,73.23031781,4.915996691,-0.2885251951
1970,0.55969503,0.2636407509,0.493712549,0.987425098,82.69857388,4.353158502,-0.1270892972
1971,0.6549304377,0.3365954301,0.5618161574,1.123632315,72.33374574,4.976930149,-0.3034719151
1972,0.5790600969,0.2735822973,0.5103560741,1.020712148,80.51023542,4.471481149,-0.1648714114
1973,0.5407161742,0.2199041067,0.4939799236,0.9879598472,85.09712575,4.230460157,-0.08546690477
1974,0.6440725794,0.2753306591,0.5822564003,1.164512801,74.19384733,4.852154363,-0.2723835726
1975,0.5752626137,0.2689209225,0.5085357531,1.017071506,80.95791735,4.446754706,-0.1571598608
1976,0.5923239765,0.2955951843,0.5132944381,1.026588876,78.884595,4.563628678,-0.1927857977
1977,0.6271789218,0.2778540335,0.5622726527,1.124545305,75.69694793,4.755806011,-0.2470506305
1978,0.6351155763,0.2984169689,0.5606416929,1.121283386,74.70022974,4.819262287,-0.2638691824
1979,0.5909856055,0.233191036,0.5430340014,1.086068003,79.64097752,4.520286054,-0.179815656
1980,0.6203252079,0.3495632827,0.5124537784,1.024907557,75.26196817,4.783292395,-0.2543999422
1981,0.6045732297,0.3240247005,0.5104084478,1.020816896,77.24838222,4.660291771,-0.2207249743
1982,0.6293988181,0.2602485165,0.5730738014,1.146147603,75.69359832,4.756016466,-0.2471072797
1983,0.6251920332,0.2857889553,0.5560483355,1.112096671,75.78419493,4.750330861,-0.2455747985
1984,0.674479866,0.3261089042,0.5904033133,1.180806627,70.85862318,5.08053902,-0.3279002195
1985,0.6046353449,0.3059648953,0.521506839,1.043013678,77.50328638,4.644964321,-0.216383615
1986,0.6276192302,0.2358353351,0.5816249589,1.163249918,76.10294512,4.730434537,-0.2401781453
1987,0.6129401998,0.30798494,0.529944304,1.059888608,76.65678038,4.696257764,-0.2307837646
1988,0.5753234759,0.2247490046,0.5296083335,1.059216667,81.30468948,4.42778888,-0.1511799146
1989,0.5990226464,0.2633584327,0.5380245969,1.076049194,78.56486929,4.582200712,-0.1982583531
1990,0.6375996673,0.3055744582,0.5596048483,1.119209697,74.37256773,4.840494432,-0.269380936
1991,0.6008183519,0.2229392297,0.5579254357,1.115850871,78.7495631,4.571453934,-0.1950978008
1992,0.5939637548,0.2359388517,0.5450924694,1.090184939,79.32063905,4.538541347,-0.1853126472
1993,0.5962743965,0.2692915956,0.5320011207,1.064002241,78.77884982,4.569754456,-0.194596448
1994,0.5935057068,0.2751773072,0.5258578454,1.051715691,78.99657596,4.557159543,-0.1908676579
1995,0.6067635153,0.2677378191,0.544498323,1.088996646,77.75605074,4.62986477,-0.2120744702
1996,0.6240098021,0.3251866991,0.5325803637,1.065160727,75.33338294,4.778757915,-0.2531943305
1997,0.5827686457,0.2435807199,0.5294220692,1.058844138,80.39218766,4.478047065,-0.1669031867
1998,0.6303183217,0.3025457533,0.5529622535,1.105924507,75.08361819,4.794654396,-0.2574090856
1999,0.6008069716,0.3032093744,0.5186840005,1.037368001,77.9239965,4.619886251,-0.2092090315
