draw,midpoint_residual,valence_offset,markedness,markedness_ratio,apex_angle_deg,effective_vertices,step_cosine
0,0.6107854964,0.3234203971,0.5181294909,1.036258982,76.63944989,4.697319729,-0.2310780629
1,0.6389654325,0.2548935826,0.5859232761,1.171846552,74.88335795,4.807476719,-0.2607849274
2,0.5894383106,0.3150883951,0.4981534155,0.9963068309,78.93281904,4.560840527,-0.1919598502
3,0.647770653,0.3031318764,0.572466492,1.144932984,73.49682392,4.898170843,-0.2840684946
4,0.6552207919,0.3397681415,0.5602427119,1.120485424,72.25193136,4.98256577,-0.304832195
5,0.5792953428,0.2859667627,0.5037917276,1.007583455,80.35875264,4.479910254,-0.1674785241
6,0.5767722504,0.2515206091,0.5190410504,1.038082101,80.95066457,4.447153114,-0.1572848715
7,0.6686990148,0.2399821834,0.6241529652,1.24830593,72.46963738,4.967597646,-0.3012111583
8,0.6118656946,0.2913001459,0.5380742079,1.076148416,76.98428996,4.67627876,-0.2252182104
9,0.6619484021,0.3013181212,0.5893921248,1.17878425,72.29323632,4.979718966,-0.304145519
10,0.6177879261,0.2542174365,0.5630589815,1.126117963,76.83881555,4.685132083,-0.2276912577
11,0.6185250693,0.3072224341,0.5368311069,1.073662214,76.12806316,4.728873756,-0.2397525621
12,0.6235431995,0.3166412972,0.5371632997,1.074326599,75.51137329,4.767493747,-0.2501878206
13,0.6629294059,0.2189268888,0.6257366975,1.251473395,73.15349258,4.921159432,-0.2898087652
14,0.6026531823,0.2983957454,0.5235941532,1.047188306,77.80148499,4.627161037,-0.2112994637
15,0.5964415932,0.23744633,0.5471396663,1.094279333,79.06162649,4.553409992,-0.1897530616
16,0.615613487,0.2518418897,0.5617433827,1.123486765,77.06864722,4.671160231,-0.2237834808
17,0.6140860087,0.3366899707,0.5135576791,1.027115358,76.09905917,4.730676094,-0.2402439822
18,0.6326416347,0.2773723869,0.5685947563,1.137189513,75.19941383,4.787271358,-0.2554556491
19,0.6606884186,0.2366751799,0.6168419941,1.233683988,73.17671165,4.919597941,-0.2894208836
20,0.65716543,0.2761094093,0.5963472113,1.192694423,73.04000794,4.928805598,-0.2917038743
21,0.627176502,0.3097714688,0.5453365949,1.09067319,75.27208777,4.782649328,-0.254229129
22,0.6481259796,0.2553512461,0.5957038078,1.191407616,74.06650288,4.860496797,-0.2745214396
23,0.5825847988,0.2880844923,0.5063717735,1.012743547,79.98704687,4.500728731,-0.1738708134
24,0.5940593704,0.2659612024,0.5311978674,1.062395735,79.03616012,4.554877153,-0.1901894396
25,0.5521906983,0.249046985,0.492838885,0.98567777,83.64204431,4.30405549,-0.1107396638
26,0.6191746639,0.2932233097,0.5453415032,1.090683006,76.25663708,4.720900551,-0.2375733716
27,0.644789173,0.2570977859,0.5913153186,1.182630637,74.34115144,4.842540007,-0.2699089439
28,0.617519526,0.2998924278,0.5398100562,1.079620112,76.32616594,4.716600075,-0.2363944325
29,0.6245127977,0.2255000066,0.5823795854,1.164759171,76.48146555,4.707022772,-0.2337599008
30,0.6425098226,0.292083988,0.5722812386,1.144562477,74.11849722,4.857087145,-0.2736487184
31,0.6129600868,0.2724106813,0.5491015286,1.098203057,77.10406203,4.669014712,-0.223181009
32,0.6225339984,0.3214335892,0.5331313411,1.066262682,75.53310181,4.766122288,-0.249820629
33,0.60295606,0.3190248587,0.511643577,1.023287154,77.48640658,4.64597619,-0.216671234
34,0.5646694746,0.2559059464,0.5033525228,1.006705046,82.21107327,4.378972147,-0.135524093
35,0.6201079678,0.3262203638,0.527365306,1.054730612,75.68876228,4.756320346,-0.2471890661
36,0.5521822289,0.2647469891,0.4845763569,0.9691527139,83.53563687,4.309537983,-0.1125852094
37,0.628533486,0.3369539213,0.5305811888,1.061162378,74.70966998,4.818653329,-0.2637102549
38,0.6649966723,0.3309951956,0.5767692386,1.153538477,71.56825541,5.030163135,-0.3161747109
39,0.6599860081,0.3412258746,0.5649304677,1.129860935,71.81447677,5.012916841,-0.3120948817
40,0.5880674082,0.2996107032,0.5060204573,1.012040915,79.27707425,4.541035393,-0.1860597732
41,0.6496602028,0.2590988848,0.5957567851,1.19151357,73.89094347,4.872044977,-0.2774665165
42,0.6281729436,0.2433630518,0.5791162854,1.158232571,75.98031616,4.738069256,-0.2422552244
43,0.6628209718,0.3085626451,0.5866180484,1.173236097,72.1124562,4.99220272,-0.3071497323
44,0.6910917027,0.3201143276,0.6124822926,1.224964585,69.61416771,5.171361115,-0.3483402719
45,0.6099099215,0.2345833314,0.5629926936,1.125985387,77.77406447,4.628792419,-0.2117672122
46,0.5697853716,0.26303698,0.5054373521,1.010874704,81.59790601,4.411877922,-0.1461191834
47,0.6552715907,0.3341633389,0.563662772,1.127325544,72.34677331,4.976033948,-0.3032552562
48,0.6151581999,0.3216064489,0.5243938434,1.048787687,76.23956238,4.721957849,-0.2378628386
49,0.5909461305,0.2655232291,0.5279344126,1.055868825,79.35627201,4.536503428,-0.1847014707
50,0.6617243326,0.3067827425,0.5863134327,1.172626865,72.23239056,4.983913688,-0.3051569965
51,0.5946128862,0.2110654017,0.5558919685,1.111783937,79.44659862,4.531345662,-0.1831518691
52,0.6775981589,0.2478252504,0.6306519724,1.261303945,71.65324545,5.024196709,-0.3147671023
53,0.5707795524,0.236878646,0.519305117,1.038610234,81.69666464,4.406544644,-0.144413804
54,0.6143088777,0.2853428799,0.5440173141,1.088034628,76.8222349,4.686143282,-0.227973034
55,0.6236582144,0.3027054298,0.5452696499,1.0905393,75.70374178,4.755379213,-0.2469357293
56,0.6006304018,0.2643686511,0.539320031,1.078640062,78.39486466,4.592137528,-0.2011657182
57,0.6060504115,0.2430680606,0.5551711621,1.110342324,78.06994486,4.611249574,-0.2067174449
58,0.6031021561,0.2238367724,0.560026169,1.120052338,78.52027884,4.584802873,-0.1990210947
59,0.6514837229,0.3204033951,0.5672501262,1.134500252,72.90718687,4.937784812,-0.2939204335
60,0.6088127347,0.3076618824,0.5253542729,1.050708546,77.06573002,4.671337051,-0.2238331042
61,0.6589703031,0.3275279194,0.5718105651,1.14362113,72.14065125,4.990251595,-0.306681386
62,0.5888975783,0.2287077013,0.5426722261,1.085344452,79.88611273,4.506415292,-0.1756053434
63,0.6782399786,0.1717806176,0.6561256648,1.31225133,72.25142676,4.982600568,-0.3048405827
64,0.6019435843,0.2772197195,0.5343082498,1.0686165,78.12673172,4.607897861,-0.2057476332
65,0.6438277543,0.2780741216,0.5806797397,1.161359479,74.18187919,4.852937185,-0.272584552
66,0.5940015075,0.2077772746,0.5564767695,1.112953539,79.5297742,4.52660659,-0.1817245448
67,0.6376577285,0.3096114158,0.5574478899,1.11489578,74.30801673,4.844699346,-0.2704657452
68,0.6191336655,0.2982765604,0.5425473152,1.08509463,76.19361669,4.724805248,-0.2386416499
69,0.6384172062,0.3124514984,0.5567320633,1.113464127,74.19645215,4.851984018,-0.2723398286
70,0.595559857,0.2825495225,0.5242683574,1.048536715,78.70710559,4.573919944,-0.1958245309
71,0.6045027903,0.3077621168,0.5202942465,1.040588493,77.49190067,4.645646795,-0.216577621
72,0.5946555376,0.2666800964,0.531504407,1.063008814,78.96871451,4.558767383,-0.1913449695
73,0.6278103039,0.3152808699,0.5429030768,1.085806154,75.13051416,4.791661604,-0.2566180914
74,0.6291349204,0.2562454157,0.5745859683,1.149171937,75.76081975,4.751796525,-0.2459702588
75,0.6467644172,0.2490132736,0.5969058561,1.193811712,74.25361455,4.848248832,-0.2713797321
76,0.6134326583,0.2415184023,0.5638869457,1.127773891,77.37523222,4.652651626,-0.2185650897
77,0.6419683631,0.3330858113,0.5487961566,1.097592313,73.54199586,4.895162224,-0.2833124861
78,0.6734609561,0.2782472374,0.6132928617,1.226585723,71.63918311,5.025182929,-0.3150000513
79,0.6090429204,0.25602419,0.5526164067,1.105232813,77.65611987,4.635822658,-0.2137785968
80,0.6191700747,0.1879379552,0.5899583937,1.179916787,77.2613064,4.659512203,-0.2205049627
81,0.6220979236,0.2247489511,0.5800808008,1.160161602,76.71117576,4.692927679,-0.2298599106
82,0.6069566727,0.2372516963,0.5586663004,1.117332601,78.0345233,4.61334272,-0.2073222749
83,0.649745296,0.2778113397,0.5873583312,1.174716662,73.66286141,4.887130273,-0.2812887868
84,0.6257521138,0.2555500699,0.5711916225,1.142383245,76.0801456,4.731852143,-0.2405644053
85,0.6244038413,0.2820969584,0.5570470924,1.114094185,75.90390898,4.74283874,-0.2435488422
86,0.5965727085,0.2888938381,0.521957227,1.043914454,78.53103566,4.584174868,-0.198837105
87,0.5871648178,0.248634158,0.5319244107,1.063848821,79.89871018,4.505704776,-0.1753888889
88,0.6702212915,0.3225658606,0.5874928469,1.174985694,71.27014803,5.051203203,-0.321106458
89,0.6119802203,0.2961398434,0.535556704,1.071113408,76.9109773,4.680736257,-0.2264646992
90,0.6242614445,0.3099111145,0.5419016998,1.0838034,75.54390695,4.765440583,-0.2496380189
91,0.5556737144,0.2765580386,0.4819636171,0.9639272342,83.04736747,4.334875517,-0.1210487458
92,0.6109190201,0.2551700891,0.5550768188,1.110153638,77.48381841,4.646131378,-0.2167153328
93,0.6250782922,0.2919772824,0.5526953391,1.105390678,75.715323,4.754651842,-0.2467398534
94,0.6285322125,0.2241461664,0.5872062996,1.174412599,76.12447085,4.729096912,-0.2398134306
95,0.6442547917,0.2987968185,0.5707755232,1.141551046,73.87050551,4.873392939,-0.2778092025
96,0.6006373254,0.2847471287,0.5288518407,1.057703681,78.1706987,4.605306157,-0.2049966219
97,0.6555695794,0.3279282832,0.5676570395,1.135314079,72.42751098,4.970486976,-0.3019121746
98,0.6647515763,0.3468770293,0.5670722923,1.134144585,71.30441696,5.048775593,-0.3205399687
99,0.5993379782,0.3238938472,0.5042804655,1.008560931,77.78081975,4.628390407,-0.2116519829
100,0.6435536976,0.2754582572,0.5816219651,1.16324393,74.2384114,4.849241696,-0.2716351097
101,0.6210200069,0.2946110469,0.5466902048,1.09338041,76.06310043,4.732912515,-0.2408531524
102,0.6242959522,0.3143270021,0.5393922243,1.078784449,75.47519928,4.769778728,-0.2507990474
103,0.5885999588,0.2437480739,0.5357581431,1.071516286,79.79463349,4.511581597,-0.1771769226
104,0.6874846392,0.3166546078,0.6102171651,1.22043433,69.95571794,5.146112578,-0.3427462991
105,0.6674984477,0.3510779182,0.5677133722,1.135426744,70.9932525,5.07090445,-0.3256795022
106,0.607847902,0.3222906095,0.5153715505,1.030743101,76.94764084,4.678506008,-0.2258413783
107,0.5765349981,0.1966060345,0.5419766335,1.083953267,81.35594138,4.424999501,-0.1502956212
108,0.6310908413,0.3541062878,0.5223833716,1.044766743,74.15369812,4.854781476,-0.2730577459
109,0.6010781725,0.2904714753,0.5262331152,1.05246623,78.05827963,4.611938692,-0.2069166397
110,0.6204614237,0.3075543032,0.5388717184,1.077743437,75.93829642,4.740691021,-0.2429666963
111,0.5669349301,0.2100956566,0.5265691123,1.053138225,82.27646326,4.375491917,-0.1343932636
112,0.5862237186,0.3097671284,0.4976972719,0.9953945439,79.34253625,4.537288786,-0.1849370749
113,0.624661326,0.3060723444,0.5445378703,1.089075741,75.56168569,4.764319334,-0.2493375336
114,0.5923897173,0.2466640889,0.5385929858,1.077185972,79.38657335,4.534771874,-0.1841816858
115,0.675662829,0.3426299668,0.5823443692,1.164688738,70.47366297,5.108291308,-0.3342401259
116,0.633817934,0.3158089752,0.5495360449,1.09907209,74.56533853,4.827980495,-0.266139305
117,0.6165122875,0.2814927711,0.5484972383,1.096994477,76.65765021,4.696204476,-0.2307689929
118,0.6346587557,0.3265228881,0.5442192019,1.088438404,74.31769931,4.844068147,-0.2703030468
119,0.6102472567,0.2483984299,0.5574046415,1.114809283,77.61486965,4.638286473,-0.2144818496
120,0.6238822263,0.2841350537,0.5554244355,1.110848871,75.92755561,4.741361646,-0.2431485372
121,0.6298810567,0.2433144293,0.5809890137,1.161978027,75.82434828,4.747815288,-0.2448953905
122,0.6152311052,0.3444926832,0.509739251,1.019478502,75.85014141,4.746200776,-0.2444588988
123,0.579521426,0.2886496071,0.5025201364,1.005040273,80.30578911,4.482864859,-0.1683897842
124,0.6057353024,0.251386503,0.5511080499,1.1022161,78.0225196,4.61405248,-0.2075272226
125,0.5760013485,0.2850573313,0.5005196013,1.001039203,80.72070079,4.45982253,-0.1612472626
126,0.5883991015,0.1842706537,0.5588003479,1.117600696,80.23067595,4.487061785,-0.1696818911
127,0.6418818693,0.3068764157,0.5637722941,1.127544588,73.9668344,4.867046196,-0.2761937349
128,0.6142642429,0.3285619235,0.5190063801,1.03801276,76.21662127,4.723379153,-0.2382517254
129,0.6587384481,0.3198070299,0.5758991288,1.151798258,72.28704513,4.980145465,-0.3042484548
130,0.5389008625,0.2566863135,0.4738420371,0.9476840742,85.12502262,4.229073766,-0.08498178407
131,0.6181392372,0.3104299362,0.5345365949,1.06907319,76.11902195,4.729435439,-0.2399057556
132,0.602684755,0.265746109,0.5409324537,1.081864907,78.17744685,4.604908634,-0.2048813444
133,0.5904961623,0.2862046143,0.5165003741,1.033000748,79.18308909,4.546425305,-0.1876712295
134,0.6048343857,0.2888415488,0.5314086882,1.062817376,77.70424035,4.632951797,-0.2129580764
135,0.6514333797,0.3138116103,0.5708657648,1.14173153,73.0152132,4.930479338,-0.292117776
136,0.6521488519,0.2541575032,0.6005847889,1.201169578,73.72858063,4.882774047,-0.2801878981
137,0.6643153673,0.2684460937,0.6076607623,1.215321525,72.52399926,4.963874078,-0.3003062934
138,0.6818528822,0.2791196093,0.6221057761,1.244211552,70.94113659,5.074629719,-0.3265393708
139,0.6447016024,0.2264925592,0.6036068893,1.207213779,74.65479377,4.822195358,-0.2646340011
140,0.6591846221,0.3255344628,0.5731942773,1.146388555,72.15544387,4.989228542,-0.306435637
141,0.6732230925,0.2944206688,0.6054302619,1.210860524,71.44425521,5.038893595,-0.3182271587
142,0.6303831539,0.29301383,0.5581449777,1.116289955,75.20818948,4.786712757,-0.255307564
143,0.5906019561,0.2108293533,0.5516898171,1.103379634,79.84567767,4.508697409,-0.176300058
144,0.6247518032,0.3013204382,0.5472849432,1.094569886,75.62004522,4.760642485,-0.2483510083
145,0.5761432217,0.2618874877,0.5131821857,1.026364371,80.92802769,4.448397054,-0.1576750297
146,0.5738280025,0.1868948038,0.5425393154,1.085078631,81.68649048,4.407093485,-0.1445895129
147,0.598271245,0.2295760328,0.5524702053,1.104940411,78.9461309,4.56007148,-0.19173183
148,0.6340483679,0.2718769157,0.5728003802,1.14560076,75.1367239,4.791265593,-0.2565133387
149,0.6392400677,0.2630429645,0.5826115884,1.165223177,74.76925114,4.814813503,-0.2627070351
150,0.6303985117,0.292174929,0.5586019106,1.117203821,75.21790243,4.786094645,-0.2551436554
151,0.6478709384,0.2928007632,0.5779311948,1.15586239,73.63263596,4.889136391,-0.2817949811
152,0.6317786654,0.2893581479,0.5616192164,1.123238433,75.12773175,4.791839067,-0.2566650271
153,0.6373873485,0.2765229778,0.5742801362,1.148560272,74.778245,4.814234408,-0.2625555731
154,0.6534381153,0.2707077238,0.5947257341,1.189451468,73.42779202,4.902775776,-0.2852234878
155,0.6317639478,0.3097213164,0.5506345357,1.101269071,74.84636829,4.809852612,-0.2614081249
156,0.6631821599,0.2853084027,0.598673277,1.197346554,72.40867612,4.971779893,-0.3022255487
157,0.6513009108,0.340774785,0.5550364152,1.11007283,72.57603308,4.9603152,-0.2994399265
158,0.6338866152,0.301901506,0.5573757455,1.114751491,74.76395434,4.815154618,-0.2627962336
159,0.6182866008,0.3173278873,0.5306423774,1.061284755,76.00261088,4.736679383,-0.2418776805
160,0.5869463853,0.2614858802,0.5254818681,1.050963736,79.80454704,4.511021156,-0.1770066333
161,0.5939258423,0.2557572453,0.5360374406,1.072074881,79.14913277,4.548375799,-0.1882533159
162,0.5878435868,0.250764206,0.5316741441,1.063348288,79.81077244,4.510669287,-0.1768996941
163,0.5991398741,0.2531106437,0.5430502654,1.086100531,78.65369894,4.577025681,-0.1967385206
164,0.5689847584,0.2939995678,0.4871425965,0.9742851931,81.39192077,4.423043425,-0.1496747657
165,0.6791854914,0.3312599203,0.5929247819,1.185849564,70.38611568,5.114645076,-0.3356798459
166,0.6019280074,0.3078230425,0.5172642464,1.034528493,77.74912742,4.630277045,-0.2121925547
167,0.6460313204,0.321139446,0.5605585814,1.121117163,73.37684554,4.906179836,-0.2860756229
168,0.5523509906,0.2861781407,0.4724337928,0.9448675855,83.34864506,4.319206386,-0.1158274769
169,0.6243723251,0.3164867367,0.5382164488,1.076432898,75.43530456,4.772301273,-0.2514730265
170,0.5963527877,0.2932337815,0.51927892,1.03855784,78.50125479,4.585913957,-0.1993464739
171,0.6345120113,0.271669737,0.57341176,1.14682352,75.09697478,4.793801629,-0.2571838175
172,0.6539196141,0.3091670895,0.5762174698,1.15243494,72.86882792,4.940384116,-0.294560286
173,0.6403235011,0.2759142694,0.5778282634,1.155656527,74.52134292,4.830830818,-0.2668794012
174,0.6423701516,0.3171924753,0.5585949742,1.117189948,73.76665696,4.880253692,-0.2795498976
175,0.608218797,0.2690534888,0.5454725705,1.090945141,77.59998174,4.63917635,-0.2147356385
176,0.6354894609,0.31183466,0.5537201457,1.107440291,74.47245932,4.834001768,-0.2677015388
177,0.618827045,0.3010022337,0.5406889742,1.081377948,76.18591332,4.725282986,-0.2387722124
178,0.6161631928,0.2883251512,0.5445417223,1.089083445,76.60707517,4.699304852,-0.2316277786
179,0.5962019795,0.2554725876,0.5386933797,1.077386759,78.92362358,4.561371915,-0.1921173541
180,0.6066011667,0.3012504801,0.5265103262,1.053020652,77.37140034,4.652882052,-0.2186303511
181,0.6574196596,0.2881845334,0.5908894004,1.181778801,72.86286567,4.940788379,-0.2946597285
182,0.6202910889,0.3078148407,0.5385267485,1.077053497,75.950805,4.739910262,-0.2427549165
183,0.6186545035,0.2710121375,0.5561347103,1.112269421,76.57627105,4.701195227,-0.2321507571
184,0.6211850557,0.2939441859,0.5472364106,1.094472821,76.05624817,4.733338925,-0.2409692245
185,0.6667251315,0.3369354903,0.5753232799,1.15064656,71.31910428,5.047735857,-0.3202971419
186,0.6412238698,0.2414672596,0.59402156,1.18804312,74.82012549,4.811539644,-0.2618501945
187,0.6340267048,0.252145906,0.5817321588,1.163464318,75.3575821,4.777223339,-0.2527857152
188,0.5601732036,0.2376928778,0.5072436434,1.014487287,82.83177283,4.346158337,-0.1247830466
189,0.6735340241,0.2875660633,0.6090598007,1.218119601,71.51188533,5.03412822,-0.3171079311
190,0.6894004364,0.31257535,0.6144669334,1.228933867,69.86629235,5.152699362,-0.3442121131
191,0.6216439269,0.2876692823,0.5510785387,1.102157077,76.09382598,4.731001437,-0.2403326426
192,0.6041933027,0.3343352155,0.5032588903,1.006517781,77.12294883,4.667871308,-0.2228596744
193,0.6441082577,0.3335148278,0.5510383901,1.10207678,73.34236257,4.908486547,-0.2866522597
194,0.6245731781,0.2874209037,0.5545095841,1.109019168,75.82144771,4.747996917,-0.2449444731
195,0.6304997532,0.3183067937,0.544252445,1.08850489,74.83335541,4.810689004,-0.2616273385
196,0.610521361,0.2543277288,0.55502589,1.11005178,77.53050061,4.643333877,-0.2159198656
197,0.6338444544,0.2911169081,0.5630361784,1.126072357,74.91518073,4.805434579,-0.2602486939
198,0.6413607827,0.2950820964,0.5694472846,1.138894569,74.18078218,4.853008952,-0.2726029733
199,0.6348729311,0.2687389568,0.5751895442,1.150379088,75.09836885,4.79371264,-0.2571603048
200,0.6229347609,0.3147022749,0.5375966839,1.075193368,75.59836539,4.762007725,-0.2487175201
201,0.5795932327,0.3015737128,0.4949561709,0.9899123418,80.15116252,4.491513144,-0.1710493741
202,0.6462897668,0.2330805352,0.6027967541,1.205593508,74.45410281,4.835193581,-0.2680102133
203,0.5934757549,0.2688252924,0.5290996445,1.058199289,79.06607461,4.553153825,-0.1896768371
204,0.6239545699,0.2556301183,0.5691858641,1.138371728,76.24616205,4.721549129,-0.237750957
205,0.6236832618,0.2955326403,0.5492187812,1.098437562,75.79930444,4.749383951,-0.2453191547
206,0.6092238094,0.3014728242,0.5294032359,1.058806472,77.10985973,4.668663661,-0.2230823712
207,0.6538347736,0.2333514035,0.6107757639,1.221551528,73.79540243,4.878352691,-0.2790681618
208,0.621145516,0.2556530485,0.5660947543,1.132189509,76.50818943,4.705378636,-0.2333063782
209,0.6134092021,0.2971895636,0.5366089941,1.073217988,76.75847752,4.690035702,-0.2290563665
210,0.5867348988,0.2725007331,0.5196163892,1.039232778,79.71840958,4.515895411,-0.178486076
211,0.5679806554,0.2060953259,0.5292700081,1.058540016,82.18926243,4.380134209,-0.1359012421
212,0.6262140578,0.2926308184,0.5536345819,1.107269164,75.60050041,4.761873242,-0.2486814278
213,0.6029793797,0.2534312359,0.5471350299,1.09427006,78.2720965,4.599340201,-0.2032641607
214,0.6090489406,0.2918540073,0.5345669747,1.069133949,77.25199284,4.660073958,-0.2206635109
215,0.6042720076,0.3205420535,0.512247451,1.024494902,77.33143619,4.655286617,-0.2193109295
216,0.6186842046,0.2918469067,0.5455231691,1.091046338,76.32122422,4.71690547,-0.2364782364
217,0.5685578172,0.2546228474,0.5083553847,1.016710769,81.79968404,4.400994994,-0.1426343918
218,0.5959393707,0.2824885262,0.5247322803,1.049464561,78.6693567,4.576114705,-0.1964705749
219,0.6584488657,0.2614525189,0.6043157197,1.208631439,73.10436132,4.924466796,-0.2906293607
220,0.5599929669,0.2709585872,0.4900750626,0.9801501253,82.60661271,4.358004622,-0.1286811434
221,0.5862032136,0.2616952656,0.5245472292,1.049094458,79.87902695,4.506815039,-0.1757270905
222,0.6252074741,0.3352937387,0.5276954562,1.055390912,75.05179771,4.796687235,-0.2579457033
223,0.6446319614,0.2511698104,0.5936868636,1.187373727,74.4188015,4.837487204,-0.2686037462
224,0.6243311686,0.1760337251,0.5990004472,1.198000894,76.86392422,4.68360162,-0.2272645178
225,0.607258447,0.2704493195,0.5437094693,1.087418939,77.67837485,4.634494487,-0.2133991375
226,0.5855478512,0.2864573348,0.5106941173,1.021388235,79.69376233,4.517292063,-0.1789093276
227,0.6308626893,0.2783687896,0.5661259133,1.132251827,75.35044532,4.777675812,-0.2529062281
228,0.6219861153,0.3623520053,0.5055370925,1.011074185,74.85116605,4.809544313,-0.261327299
229,0.6231737531,0.2901425782,0.5515095746,1.103019149,75.91799264,4.741958889,-0.2433104301
230,0.6390685656,0.2369520206,0.5935169512,1.187033902,75.05619608,4.796406144,-0.2578715344
231,0.6552643774,0.3455237194,0.5567627534,1.113525507,72.14269608,4.990110151,-0.3066474166
232,0.6573448056,0.2694069341,0.5996016155,1.199203231,73.10618565,4.924343909,-0.2905988944
233,0.6086620155,0.2936264514,0.5331537828,1.066307566,77.26747615,4.659140145,-0.2203999294
234,0.6191854786,0.2892139621,0.5474905853,1.094981171,76.30722721,4.71777069,-0.2367155943
235,0.6225941966,0.3114318039,0.5391045958,1.078209192,75.67929479,4.756915362,-0.2473491737
236,0.6090908934,0.2738155068,0.5440742456,1.088148491,77.46252925,4.647408282,-0.2170780534
237,0.6152790227,0.3062938114,0.5336219419,1.067243884,76.45361616,4.708737377,-0.2342324701
238,0.571167678,0.2454353287,0.5157460768,1.031492154,81.59198062,4.412198322,-0.1462214902
239,0.6504297873,0.3063923954,0.5737443753,1.147488751,73.2150775,4.917019995,-0.2887798663
240,0.6204475173,0.3036073451,0.5410893658,1.082178732,75.99537528,4.737130367,-0.2420002138
241,0.6214695271,0.3098941,0.5386928809,1.077385762,75.80858507,4.748802523,-0.2451621237
242,0.6083223631,0.2634573074,0.5483122693,1.096624539,77.6496656,4.636207989,-0.2138886395
243,0.6254366648,0.2988135904,0.549437403,1.098874806,75.59026877,4.762517793,-0.2488543897
244,0.6765960327,0.3048495874,0.6040272515,1.208054503,71.01705292,5.069205003,-0.3252867257
245,0.5746605163,0.2434875129,0.5205271752,1.04105435,81.23732168,4.431460719,-0.1523420855
246,0.6479285698,0.2788791046,0.5848400436,1.169680087,73.80906252,4.877449837,-0.2788392121
247,0.617914506,0.287349461,0.5470362182,1.094072436,76.45182536,4.708847674,-0.2342628558
248,0.6435285231,0.3209005429,0.5578098257,1.115619651,73.60410254,4.891031717,-0.2822727666
249,0.597838531,0.2855030874,0.5252607888,1.050521578,78.44288435,4.5893264,-0.2003446792
250,0.632260832,0.2731936117,0.5701920818,1.140384164,75.28433199,4.78187148,-0.2540224426
251,0.6209417336,0.3102316894,0.5378893338,1.075778668,75.85390082,4.745965548,-0.2443952749
252,0.6656023054,0.2459026078,0.6185130042,1.237026008,72.66782609,4.954049397,-0.2979109642
253,0.6270273443,0.2573767921,0.5717696017,1.143539203,75.94292557,4.74040205,-0.2428883227
254,0.5971859682,0.2619650374,0.5366613456,1.073322691,78.76206755,4.570728159,-0.1948837462
255,0.6535559036,0.272505197,0.5940338684,1.188067737,73.39591375,4.904905213,-0.2857567128
256,0.626762182,0.3254079076,0.5356682989,1.071336598,75.06998556,4.7955251,-0.2576389948
257,0.6343119062,0.3003891625,0.5586751698,1.11735034,74.74625216,4.816294992,-0.2630943227
258,0.6695796112,0.3058840998,0.5956272099,1.19125442,71.58284823,5.02913769,-0.3159330735
259,0.6223983605,0.3052018919,0.542431124,1.084862248,75.7877363,4.750108891,-0.2455148823
260,0.6174632739,0.3246269158,0.5252411448,1.05048229,75.96882757,4.738785782,-0.2424497603
261,0.5855236403,0.269621895,0.5197518323,1.039503665,79.87264627,4.50717507,-0.1758367204
262,0.6201139156,0.2205896106,0.579552838,1.159105676,76.93047417,4.679549995,-0.2261332424
263,0.6202849114,0.3061594712,0.5394624634,1.078924927,75.97497721,4.738402211,-0.2423456298
264,0.6106517438,0.2949976426,0.5346699384,1.069339877,77.05522866,4.671973677,-0.2240117332
265,0.5789337283,0.2556733805,0.5194183134,1.038836627,80.68858617,4.46159757,-0.1618004083
266,0.6499109794,0.264742947,0.5935448199,1.18708964,73.80502338,4.877716767,-0.2789069117
267,0.5868339657,0.2256089333,0.5417330638,1.083466128,80.11780363,4.493383289,-0.1716229871
268,0.6292501525,0.3038190383,0.5510442327,1.102088465,75.16466792,4.789484341,-0.2560419117
269,0.6108507582,0.2278354062,0.5667712735,1.133542547,77.74222463,4.630688171,-0.2123102861
270,0.5941738489,0.2723541888,0.5280774172,1.056154834,78.95873929,4.559343313,-0.1915158501
271,0.6056884009,0.2606512608,0.546735182,1.093470364,77.93521473,4.61922125,-0.209017565
272,0.6017279059,0.3484449292,0.4905737499,0.9811474998,77.13106667,4.667380027,-0.2227215525
273,0.6015018864,0.2672873499,0.5388524769,1.077704954,78.2782303,4.598979801,-0.2031593393
274,0.6229629078,0.2888853728,0.5519311786,1.103862357,75.95398762,4.73971165,-0.2427010305
275,0.5982145004,0.2784571926,0.5294546065,1.058909213,78.48526233,4.586848401,-0.1996199849
276,0.583926167,0.3051423533,0.4978533044,0.9957066087,79.64492041,4.520062273,-0.1797479609
277,0.6833910783,0.2331837423,0.6423773877,1.284754775,71.33276725,5.046769022,-0.320071232
278,0.6426271914,0.2632790842,0.5862199509,1.172439902,74.46401848,4.834549724,-0.2678434795
279,0.6487081302,0.3282142903,0.5595512647,1.119102529,73.02339038,4.929927221,-0.2919812793
280,0.572301898,0.2872827648,0.4949728028,0.9899456055,81.09787703,4.439080444,-0.1547469929
281,0.6179049546,0.3060008399,0.536814697,1.073629394,76.20481197,4.724111125,-0.2384518964
282,0.5736243092,0.2410263021,0.5205297012,1.041059402,81.36533828,4.424488457,-0.1501334753
283,0.6618459115,0.195915953,0.632184269,1.264368538,73.43515671,4.902284085,-0.2851002866
284,0.615973057,0.3335483833,0.5178496721,1.035699344,75.96788144,4.738844801,-0.2424657806
285,0.6428122018,0.2482345315,0.5929478427,1.185895685,74.61055552,4.825054544,-0.265378499
286,0.6354212427,0.3467245545,0.532486844,1.064973688,73.89347198,4.871878264,-0.2774241183
287,0.6026683797,0.2988230819,0.5233678836,1.046735767,77.79445347,4.627579267,-0.2114194144
288,0.5794447661,0.2749940169,0.5100338495,1.020067699,80.45565655,4.474514477,-0.1658108815
289,0.5907742173,0.2565462221,0.5321637076,1.064327415,79.4600905,4.530576265,-0.1829203696
290,0.6218896793,0.2844640711,0.5530162434,1.106032487,76.1108284,4.729944577,-0.2400445814
291,0.6048828036,0.297921317,0.5264276731,1.052855346,77.58540624,4.640047884,-0.2149840876
292,0.6431085708,0.2995773554,0.5690712099,1.13814242,73.96185517,4.867373854,-0.2762772575
293,0.6116704656,0.3301662686,0.5149087236,1.029817447,76.44508155,4.709263078,-0.2343772806
294,0.6423255169,0.282288808,0.5769706219,1.153941244,74.2629228,4.847641143,-0.2712233656
295,0.6384173815,0.2908856007,0.5682977391,1.136595478,74.50244897,4.832055925,-0.2671971877
296,0.6409438925,0.2556086855,0.5877697451,1.17553949,74.69877868,4.819355903,-0.2638936104
297,0.584079528,0.2899111112,0.5070507298,1.01410146,79.80918692,4.510758898,-0.1769269302
298,0.6880595642,0.2921874164,0.6229385826,1.245877165,70.26889123,5.123177465,-0.3376063806
299,0.6287452594,0.3238076466,0.5389519545,1.077903909,74.90988982,4.805773989,-0.2603378546
300,0.5932472325,0.2333257281,0.545436874,1.090873748,79.41354535,4.533231685,-0.1837189687
301,0.5949493079,0.2819942502,0.523873956,1.047747912,78.77528655,4.569961161,-0.1946574496
302,0.579755818,0.2511558417,0.5225299529,1.045059906,80.64135734,4.464210572,-0.1626137906
303,0.6291481891,0.2427937257,0.5804124832,1.160824966,75.89648032,4.743302963,-0.2436745906
304,0.67577637,0.2910661182,0.6098804942,1.219760988,71.27972722,5.050524378,-0.3209481189
305,0.5981142439,0.234755578,0.5501185939,1.100237188,78.91888893,4.561645569,-0.1921984494
306,0.6430108715,0.2364810239,0.5979462403,1.195892481,74.71039528,4.818606549,-0.2636980441
307,0.5802732041,0.279068918,0.5087607791,1.017521558,80.32703811,4.481679002,-0.1680242034
308,0.5681835337,0.2625868626,0.5038657237,1.007731447,81.77500717,4.402323062,-0.1430606676
309,0.6531254773,0.3118469076,0.573867925,1.14773585,72.8974404,4.938444999,-0.2940830234
310,0.6301568152,0.3154595777,0.5455115641,1.091023128,74.9090765,4.805826167,-0.2603515602
311,0.6446205098,0.2234028463,0.6046707947,1.209341589,74.68973975,4.81993914,-0.264045774
312,0.6040968937,0.3034940438,0.5223259733,1.044651947,77.5903484,4.639752333,-0.2148998467
313,0.6755089926,0.3643946847,0.5687960204,1.137592041,70.0633942,5.138203824,-0.340980223
314,0.6018447722,0.3213296023,0.508885465,1.01777093,77.56441241,4.641303773,-0.215341917
315,0.5965317761,0.2730179985,0.5303879075,1.060775815,78.71369205,4.573537216,-0.1957117998
316,0.5986339375,0.223349828,0.555407459,1.110814918,78.96001344,4.559269741,-0.1914940237
317,0.6169001778,0.2900232254,0.544474387,1.088948774,76.51501556,4.704958855,-0.2331905259
318,0.6978302702,0.3339627827,0.6127282805,1.225456561,68.85647528,5.228266456,-0.3607054219
319,0.6147224664,0.2711812411,0.5516742202,1.10334844,76.94876872,4.678437433,-0.2258222017
320,0.6486228691,0.2900085763,0.5801781209,1.160356242,73.60400626,4.891038114,-0.2822743785
321,0.6690454917,0.3358205973,0.5786591366,1.157318273,71.1440972,5.060152763,-0.323189176
322,0.6182958695,0.3133748453,0.532997175,1.06599435,76.06087517,4.733050983,-0.2408908471
323,0.5865414168,0.2949010308,0.5070150054,1.014030011,79.49331857,4.528682491,-0.1823501845
324,0.6658182206,0.3064021348,0.5911274267,1.182254853,71.8909213,5.007586403,-0.3108270379
325,0.511136036,0.2496059478,0.44604587,0.8920917401,88.55392407,4.065319564,-0.02523610681
326,0.6319505203,0.2592385144,0.5763305065,1.152661013,75.47090697,4.770050002,-0.2508715672
327,0.6733854622,0.3095036205,0.5980430499,1.1960861,71.21223362,5.055311169,-0.3220635623
328,0.6040237098,0.3046371192,0.521575371,1.043150742,77.5823071,4.640233237,-0.2150369126
329,0.5912087231,0.2347898571,0.54258776,1.08517552,79.60569374,4.522289589,-0.1804214024
330,0.6056418206,0.2808366351,0.5365937003,1.073187401,77.71981,4.632023676,-0.2126925602
331,0.6179630431,0.2459447886,0.5669122362,1.133824472,76.90443785,4.681134276,-0.2265758673
332,0.6534403357,0.3425445768,0.5564597787,1.112919557,72.35652491,4.97536332,-0.303093069
333,0.6341795361,0.2919383462,0.5629881757,1.125976351,74.87364843,4.808100147,-0.2609485228
334,0.603851654,0.2827277345,0.5335745948,1.06714919,77.87450733,4.622822183,-0.2100535882
335,0.7092283017,0.3061510339,0.6397470816,1.279494163,68.42237911,5.261436458,-0.367761364
336,0.6331831619,0.2906742892,0.5625205543,1.125041109,74.98156642,4.801180039,-0.2591297958
337,0.5427292321,0.2713261954,0.4700394824,0.9400789649,84.58511503,4.256067984,-0.09436694888
338,0.5830572031,0.2996909389,0.5001410233,1.000282047,79.80375868,4.511065719,-0.1770201755
339,0.6631245254,0.3522059382,0.561858624,1.123717248,71.34067989,5.046209267,-0.3199403924
340,0.6094075761,0.3027033559,0.5289123482,1.057824696,77.07524868,4.670760149,-0.2236711842
341,0.6144526967,0.2420850517,0.5647538793,1.129507759,77.27303348,4.658805068,-0.2203053198
342,0.5967881784,0.2487014686,0.5424976584,1.084995317,78.92824276,4.561104966,-0.1920382353
343,0.6069355026,0.2742529657,0.5414388378,1.082877676,77.66788533,4.635120404,-0.2135779934
344,0.6790641012,0.377420219,0.5645192926,1.129038585,69.4943957,5.180273839,-0.3502989987
345,0.5907251889,0.2681536712,0.5263552578,1.052710516,79.35251875,4.536717998,-0.1847658499
346,0.592490418,0.2398521245,0.5417710345,1.083542069,79.43523475,4.531993908,-0.1833468476
347,0.5832449892,0.2739203304,0.5149197705,1.029839541,80.06687106,4.496241645,-0.1724986707
348,0.6099746454,0.2309562736,0.5645602427,1.129120485,77.79933848,4.627288702,-0.2113360814
349,0.5836853913,0.2457228927,0.529442061,1.058884122,80.28008139,4.484300386,-0.1688320446
350,0.6548491088,0.2466997498,0.6066024965,1.213204993,73.57440148,4.893006165,-0.2827700295
351,0.6406754369,0.2194700068,0.6019118968,1.203823794,75.07256638,4.795360241,-0.2575954713
352,0.6022943062,0.2347241601,0.554673778,1.109347556,78.50904888,4.585458685,-0.1992131698
353,0.6628474532,0.2921627818,0.5949854243,1.189970849,72.34522365,4.976140536,-0.3032810291
354,0.6039480199,0.2184937897,0.5630396741,1.126079348,78.480312,4.587137727,-0.1997046448
355,0.6887620935,0.2780980886,0.6301227457,1.260245491,70.39866008,5.113733693,-0.3354736006
356,0.6027635893,0.2861117466,0.530531821,1.061063642,77.94256939,4.61878538,-0.2088920356
357,0.6390669793,0.2257054181,0.5978826543,1.195765309,75.16066516,4.78973941,-0.2561094437
358,0.6165351716,0.2477910875,0.5645486646,1.129097329,77.0212682,4.674033659,-0.2245893526
359,0.6049101116,0.2838472813,0.5341787753,1.068357551,77.75669282,4.629826539,-0.2120635187
360,0.6615403933,0.3081609225,0.585382386,1.170764772,72.22751356,4.984250215,-0.3052380551
361,0.5952869437,0.2992872115,0.5145811018,1.029162204,78.5348773,4.583950627,-0.1987713942
362,0.6169153814,0.3088086746,0.5340615978,1.068123196,76.26006736,4.720688198,-0.2375152154
363,0.5978461347,0.2556857895,0.5404116744,1.080823349,78.75760485,4.570987153,-0.194960141
364,0.6285557823,0.2551986778,0.5744179717,1.148835943,75.82509988,4.747768227,-0.2448826721
365,0.6300898712,0.2609609729,0.5735090378,1.147018076,75.62238825,4.760494985,-0.2483113956
366,0.5899254975,0.228609885,0.5438286615,1.087657323,79.78348142,4.512212222,-0.17736848
367,0.5785422185,0.2247154443,0.5331173114,1.066234623,80.971316,4.446018884,-0.1569289121
368,0.6160049862,0.3305964398,0.5197770071,1.039554014,76.01378489,4.735983092,-0.2416884434
369,0.6380092795,0.3322921546,0.5446446224,1.089289245,73.91434896,4.87050221,-0.2770740303
370,0.6266202816,0.2547580445,0.5724956909,1.144991382,76.00812516,4.736335744,-0.2417842948
371,0.6226640269,0.3254193508,0.5308603738,1.061720748,75.45745229,4.770900541,-0.251098879
372,0.6140283097,0.3060988508,0.5322915166,1.064583033,76.57748737,4.701120556,-0.2321301083
373,0.5868059748,0.2979750928,0.5055216079,1.011043216,79.42897171,4.53235126,-0.1834543042
374,0.5649557989,0.2553140404,0.5039740028,1.007948006,82.18446628,4.380389827,-0.1359841737
375,0.5897389056,0.2743556962,0.5220353711,1.044070742,79.38985091,4.534584659,-0.1841254599
376,0.5909432773,0.2975329321,0.5105762542,1.021152508,79.00346169,4.556762353,-0.1907496871
377,0.6521327994,0.2919344547,0.5831393163,1.166278633,73.27052778,4.913298852,-0.2878531736
378,0.6087360771,0.2825727617,0.5391773789,1.078354758,77.39603387,4.651401138,-0.2182107958
379,0.6357755498,0.3237727393,0.5471578959,1.094315792,74.26008233,4.847826567,-0.2712710825
380,0.6317479478,0.3266231018,0.5407613327,1.081522665,74.58473812,4.82672473,-0.2658129142
381,0.5808601531,0.3370261672,0.473087603,0.946175206,79.53314971,4.526414474,-0.1816666117
382,0.6340654924,0.2745501323,0.5715428886,1.143085777,75.10344108,4.793388889,-0.2570747539
383,0.5715839641,0.2100960657,0.5315711347,1.063142269,81.78863245,4.401589673,-0.1428253036
384,0.56569206,0.2907270825,0.4852682457,0.9705364914,81.79082952,4.401471438,-0.1427873506
385,0.6415890027,0.342950436,0.5422374451,1.08447489,73.40112128,4.904557229,-0.2856696129
386,0.5850213482,0.2963598966,0.504401417,1.008802834,79.63571896,4.520584541,-0.1799059386
387,0.7166131546,0.2717379225,0.6630934435,1.326186887,68.32555418,5.2688925,-0.3693323231
388,0.6024131192,0.2528810578,0.5467657056,1.093531411,78.33297862,4.595765492,-0.2022236354
389,0.5812075158,0.2852687955,0.5063831462,1.012766292,80.16323977,4.490836461,-0.170841689
390,0.6348413538,0.252580743,0.582431552,1.164863104,75.27924839,4.782194399,-0.2541082568
391,0.5978294933,0.3172229705,0.5067244715,1.013448943,78.03327131,4.613416738,-0.2073436514
392,0.6571137255,0.2401299944,0.6116666036,1.223333207,73.44709252,4.90148742,-0.284900607
393,0.5851041928,0.2125884653,0.5451174744,1.090234949,80.38495949,4.478449728,-0.1670275712
394,0.6210398396,0.3004656153,0.5435171537,1.087034307,75.98249059,4.737933663,-0.2422184036
395,0.6157816728,0.2127189114,0.5778734579,1.155746916,77.39839024,4.651259527,-0.2181706603
396,0.646682908,0.2891110799,0.5784579215,1.156915843,73.7871017,4.878901484,-0.2792072782
397,0.6215210973,0.2838656443,0.552909369,1.105818738,76.15301044,4.727324605,-0.2393298263
398,0.6334555619,0.2903574253,0.5629906877,1.125981375,74.96078695,4.802510948,-0.259480061
399,0.7064970307,0.3237681105,0.6279428835,1.255885767,68.35916194,5.266302128,-0.3687871653
400,0.5561061838,0.2884294733,0.4754603312,0.9509206624,82.89615852,4.342782662,-0.1236680088
401,0.60246722,0.3202092345,0.5103261676,1.020652335,77.51817603,4.644072119,-0.2161298912
402,0.5861356806,0.280946822,0.5144160955,1.028832191,79.69247574,4.517364992,-0.1789314205
403,0.6350934476,0.3434772053,0.5341976195,1.068395239,73.98365021,4.865939961,-0.275911648
404,0.5836172561,0.239946294,0.5320102232,1.064020446,80.33443735,4.481266215,-0.1678968969
405,0.6897256254,0.2235711642,0.6524855346,1.304971069,70.9174037,5.07632797,-0.3269308538
406,0.6121850371,0.3027284381,0.5320958677,1.064191735,76.80320889,4.687304153,-0.2282963438
407,0.5991582652,0.2635907753,0.5380618273,1.076123655,78.54901725,4.583125449,-0.1985295238
408,0.5825171929,0.2879758663,0.5063557844,1.012711569,79.99538069,4.500259851,-0.1737275744
409,0.6277002056,0.32481624,0.537123783,1.074247566,74.99147454,4.800545691,-0.2589627694
410,0.6338384431,0.2679471213,0.5744175416,1.148835083,75.20153741,4.787136173,-0.2554198153
411,0.5549129167,0.2374865271,0.5015261654,1.003052331,83.41129753,4.315962114,-0.1147412759
412,0.6056153363,0.2191683366,0.5645663608,1.129132722,78.31422178,4.596866212,-0.2025442295
413,0.6200582873,0.3355311422,0.5214318098,1.04286362,75.53905728,4.765746529,-0.2497199809
414,0.6054340564,0.2463336621,0.5530552627,1.106110525,78.09966543,4.609494779,-0.2062098993
415,0.5868019094,0.3110588096,0.4975730075,0.995146015,79.26452795,4.541754165,-0.1862749193
416,0.6009507494,0.2573667383,0.5430507943,1.086101589,78.43346587,4.589877497,-0.2005057271
417,0.645925998,0.243852941,0.5981271922,1.196254384,74.38042661,4.839982996,-0.2692488407
418,0.559462942,0.2691424755,0.4904702961,0.9809405922,82.68068198,4.354100515,-0.1273990315
419,0.6473920612,0.3261007309,0.5592627238,1.118525448,73.17511207,4.919705482,-0.2894476067
420,0.5781478803,0.2738748249,0.5091635806,1.018327161,80.60399918,4.466279634,-0.1632571002
421,0.572517516,0.2860025206,0.4959625634,0.9919251268,81.08752459,4.439647181,-0.154925498
422,0.6320093301,0.2840648415,0.564573254,1.129146508,75.17447488,4.788859524,-0.2558764498
423,0.6070451762,0.2794314474,0.538908074,1.077816148,77.59825349,4.639279672,-0.2147650984
424,0.6323364401,0.2923368305,0.5607036214,1.121407243,75.03725683,4.797616747,-0.258190893
425,0.6366465409,0.3420980297,0.5369243486,1.073848697,73.86616272,4.873679459,-0.2778820141
426,0.6699431147,0.2918347299,0.6030391922,1.206078384,71.75246173,5.017249462,-0.3131230021
427,0.6267269887,0.3111082647,0.5440573186,1.088114637,75.29448708,4.781226541,-0.2538510125
428,0.6605784074,0.3211801246,0.5772409895,1.154481979,72.10718424,4.992567714,-0.3072372962
429,0.5899693138,0.2461604247,0.5361612039,1.072322408,79.63517445,4.52061545,-0.179915287
430,0.6450101148,0.2615362554,0.5896073569,1.179214714,74.27236468,4.847024887,-0.2710647471
431,0.5914105928,0.3006292874,0.5093019938,1.018603988,78.91674745,4.561769354,-0.1922351283
432,0.6039085893,0.2857982231,0.5320009022,1.064001804,77.83262829,4.625309564,-0.2107681521
433,0.6296002764,0.2953256933,0.5560388862,1.112077772,75.24964477,4.78407574,-0.2546079439
434,0.6298753866,0.2699917348,0.5690759754,1.138151951,75.54059153,4.765649735,-0.2496940514
435,0.6469738787,0.2590142544,0.5928632352,1.18572647,74.12738678,4.856504669,-0.2734994852
436,0.5948605583,0.2933584974,0.5174938414,1.034987683,78.65171368,4.577141211,-0.1967724927
437,0.6383659757,0.3042130935,0.5612178834,1.122435767,74.32272117,4.843740841,-0.2702186603
438,0.6017486584,0.2986931708,0.5223828458,1.044765692,77.88822771,4.622007852,-0.209819459
439,0.5891490368,0.2206277892,0.5462782864,1.092556573,79.92138991,4.504426167,-0.1749991749
440,0.5827429661,0.2676649369,0.517633892,1.035267784,80.18081937,4.489851847,-0.1705393698
441,0.6032042906,0.3093258381,0.5178541707,1.035708341,77.60023298,4.63916133,-0.2147313558
442,0.6759417714,0.2413233187,0.631395545,1.26279109,71.85693485,5.00995486,-0.3113907766
443,0.6379763357,0.316854491,0.5537301115,1.107460223,74.16896732,4.85378202,-0.272801366
444,0.6070249098,0.2952209678,0.5303996807,1.060799361,77.40814183,4.650673579,-0.2180045597
445,0.6159833047,0.3297315607,0.5203004224,1.040600845,76.03007335,4.734968469,-0.2414125745
446,0.5787897531,0.2668063912,0.5136262532,1.027252506,80.60355009,4.466304519,-0.1632648332
447,0.6115935136,0.2600836916,0.5535368996,1.107073799,77.36880531,4.653038114,-0.2186745469
448,0.6389406743,0.2993822771,0.5644603063,1.128920613,74.33927834,4.842662023,-0.2699404222
449,0.6556061003,0.3311364119,0.5658339292,1.131667858,72.36998838,4.97443772,-0.302869132
450,0.5806306743,0.2913478232,0.502243393,1.004486786,80.15796831,4.491131794,-0.1709323401
451,0.6551111702,0.2876101137,0.5886009411,1.177201882,73.06970483,4.92680244,-0.2912080686
452,0.6121538629,0.3329219655,0.5137074233,1.027414847,76.35223134,4.714989905,-0.2359523749
453,0.6747387911,0.3182277714,0.5949819507,1.189963901,70.96525041,5.072905372,-0.3261415466
454,0.6592259375,0.3588077994,0.5530242307,1.106048461,71.54291543,5.031944782,-0.3165942583
455,0.5977714744,0.2123363181,0.5587879952,1.11757599,79.12717888,4.549637749,-0.1886296189
456,0.643485164,0.3103467358,0.5637003281,1.127400656,73.77159691,4.879926897,-0.2794671156
457,0.6452316275,0.2692160743,0.5863843095,1.172768619,74.16437891,4.854082314,-0.2728784104
458,0.6087229934,0.2640173185,0.5484875005,1.096975001,77.60489418,4.638882687,-0.2146518995
459,0.6291564369,0.3126036392,0.5460007205,1.092001441,75.04530465,4.797102253,-0.258055192
460,0.6254729672,0.226607435,0.5829798479,1.165959696,76.38340349,4.713065713,-0.2354236452
461,0.5905967712,0.3212753816,0.4955670241,0.9911340483,78.72440739,4.572914702,-0.195528395
462,0.5791378469,0.3012979407,0.4945909386,0.9891818773,80.20337959,4.488588908,-0.1701513745
463,0.5979393957,0.2450509342,0.545418702,1.090837404,78.84694084,4.565808085,-0.1934306168
464,0.5842959943,0.2375881886,0.533810511,1.067621022,80.28374176,4.484095934,-0.1687690759
465,0.5876387296,0.2329599663,0.5394895093,1.078979019,79.98015079,4.501116795,-0.1739893382
466,0.5925532231,0.2998025694,0.5111142158,1.022228432,78.80906333,4.568002521,-0.1940791765
467,0.5802858079,0.3139177775,0.4880443093,0.9760886186,79.92302254,4.504334152,-0.1749711197
468,0.6314868205,0.3184577575,0.5453074923,1.090614985,74.73946554,4.81673233,-0.2632085968
469,0.5984450805,0.2511559824,0.5431916669,1.086383334,78.74097251,4.571952676,-0.1952448516
470,0.634359758,0.2591990481,0.5789889084,1.157977817,75.25210592,4.783919275,-0.2545664041
471,0.6544531415,0.278692085,0.5921483228,1.184296646,73.24179373,4.915226426,-0.2883334148
472,0.5920942931,0.2569683903,0.5334256258,1.066851252,79.32241992,4.538439452,-0.1852821035
473,0.58418099,0.2904662144,0.5068498864,1.013699773,79.79225426,4.511716122,-0.1772177907
474,0.6045289547,0.3440224065,0.4970954042,0.9941908085,76.92432697,4.679923948,-0.2262377507
475,0.6717739496,0.2414405927,0.6268864965,1.253772993,72.19925394,4.986201108,-0.3057077029
476,0.6176035289,0.2596093364,0.5603901421,1.120780284,76.80040725,4.687475143,-0.22834395
477,0.5707644496,0.2001319107,0.5345271511,1.069054302,81.93177547,4.393899656,-0.1403521565
478,0.6820710244,0.3593256839,0.5797464404,1.159492881,69.63342348,5.169931076,-0.3480252248
479,0.6216778354,0.2588892893,0.5652076317,1.130415263,76.42440238,4.710537326,-0.2347281317
480,0.6570279735,0.3573338272,0.551360403,1.102720806,71.76177618,5.016598239,-0.3129686052
481,0.6323269897,0.2223966758,0.5919266344,1.183853269,75.79481871,4.749665032,-0.2453950524
482,0.6537520083,0.304204407,0.5786634317,1.157326863,72.9568607,4.934422843,-0.2930916454
483,0.5542046239,0.2799780713,0.4782834356,0.9565668712,83.18689922,4.327604507,-0.1186310085
484,0.5887383102,0.1767878384,0.5615682133,1.123136427,80.23833306,4.486633586,-0.1695501857
485,0.679886818,0.2833897608,0.6180099746,1.236019949,71.04574878,5.067157517,-0.3248130856
486,0.6048073913,0.2945042405,0.528260573,1.056521146,77.6365926,4.636988667,-0.2141115206
487,0.6499977237,0.3034130999,0.5748369609,1.149673922,73.29655381,4.911554245,-0.2874181298
488,0.5986595138,0.3341218359,0.4967452187,0.9934904373,77.6906147,4.633764341,-0.2131904278
489,0.6093373538,0.2924465087,0.5345718383,1.069143677,77.21628082,4.662229211,-0.2212713961
490,0.5771465083,0.3021134083,0.4917576441,0.9835152883,80.40866412,4.477129473,-0.166619645
491,0.5744088621,0.207185479,0.5357422124,1.071484425,81.51272824,4.41648817,-0.1475896979
492,0.580709898,0.290901705,0.5025934576,1.005186915,80.15450721,4.491325722,-0.1709918583
493,0.6455656997,0.3417376772,0.5476955657,1.095391131,73.0662525,4.927035227,-0.2912657111
494,0.6069121851,0.2844571067,0.5361217724,1.072243545,77.55226034,4.642031043,-0.2155490297
495,0.6155253748,0.2909694446,0.5424096877,1.084819375,76.63486344,4.697600855,-0.2311559441
496,0.6008731597,0.195833797,0.5680648537,1.136129707,78.93898445,4.56048431,-0.1918542437
497,0.6672388651,0.3081430578,0.5918239256,1.183647851,71.74533389,5.017747921,-0.313241148
498,0.6166425965,0.312796375,0.5314193444,1.062838689,76.22857801,4.722638273,-0.2380490452
499,0.6442585338,0.2671015624,0.5862813435,1.172562687,74.27529467,4.846833683,-0.2710155232
500,0.5564275912,0.2049669078,0.5173009095,1.034601819,83.4264612,4.315177641,-0.114478364
501,0.6489316972,0.2746237961,0.587957582,1.175915164,73.77350457,4.87980071,-0.2794351472
502,0.5970702997,0.2900576962,0.5218807102,1.04376142,78.46678373,4.587928585,-0.1999359959
503,0.5841412829,0.2969597413,0.503026789,1.006053578,79.72143858,4.51572383,-0.1784340586
504,0.6302121864,0.3332944044,0.5348665627,1.069733125,74.61587196,4.824710756,-0.2652890356
505,0.6247507356,0.2899515861,0.5533909642,1.106781928,75.77236471,4.751072523,-0.2457749468
506,0.6255043493,0.2667081524,0.5657936482,1.131587296,75.98212613,4.73795639,-0.2422245752
507,0.6312629096,0.3152197323,0.5469272176,1.093854435,74.81014409,4.812181615,-0.2620183205
508,0.6461044646,0.3257964941,0.5579494812,1.115898962,73.29452534,4.911690175,-0.2874520392
509,0.652299757,0.2926320566,0.5829763738,1.165952748,73.2464855,4.914911583,-0.2882550047
510,0.6287533868,0.3562115079,0.5181159938,1.036231988,74.3312651,4.843184083,-0.2700750852
511,0.631770967,0.3222853182,0.5433845125,1.086769025,74.65278763,4.822324945,-0.2646677665
512,0.581700021,0.3102261156,0.4920718154,0.9841436309,79.81836041,4.510240478,-0.1767693462
513,0.6086743176,0.2440240848,0.5576169572,1.115233914,77.80752227,4.626802004,-0.2111964713
514,0.5919102968,0.176911799,0.5648539765,1.129707953,79.92536913,4.504201906,-0.1749307957
515,0.601685958,0.2542263384,0.545339308,1.090678616,78.39154089,4.592332233,-0.2012225427
516,0.6326735533,0.3119152724,0.550440449,1.100880898,74.72979721,4.817355505,-0.2633713871
517,0.5987720225,0.3106724207,0.5118696923,1.023739385,78.02927531,4.613652998,-0.2074118786
518,0.6328524853,0.32800299,0.5412174301,1.08243486,74.459763,4.834826026,-0.2679150371
519,0.5788269113,0.2505678588,0.5217818906,1.043563781,80.74325924,4.458576522,-0.1608586831
520,0.636486626,0.3040119363,0.5591886691,1.118377338,74.49633866,4.832452258,-0.2672999538
521,0.6785113623,0.3123886934,0.6023213204,1.204642641,70.74680813,5.088568792,-0.3297432387
522,0.5919786275,0.2848944554,0.5189160286,1.037832057,79.04558241,4.554334208,-0.1900279886
523,0.6124252395,0.2681710013,0.550589673,1.101179346,77.20259568,4.66305565,-0.2215043201
524,0.5925448383,0.2598794725,0.5325148309,1.065029662,79.24913951,4.542636074,-0.1865387908
525,0.6136757711,0.2580962316,0.5567623256,1.113524651,77.18975911,4.663831111,-0.2217227897
526,0.5949540818,0.3221619263,0.5001820195,1.000364039,78.25742817,4.600202287,-0.2035148201
527,0.5506346126,0.2508955126,0.490152954,0.9803059081,83.80568115,4.295651501,-0.1079007803
528,0.6041155571,0.2726941836,0.5390672394,1.078134479,77.96204079,4.617631816,-0.2085596808
529,0.6406809417,0.2736425164,0.5793028934,1.158605787,74.51679378,4.831125733,-0.266955918
530,0.5730463087,0.2680743137,0.5064762919,1.012952584,81.20271786,4.433349148,-0.1529389589
531,0.6157205563,0.2841816199,0.5462166331,1.092433266,76.70082826,4.693560789,-0.2300356691
532,0.582414356,0.1774586995,0.5547205531,1.109441106,80.86428938,4.45190334,-0.1587734598
533,0.628778032,0.3431934982,0.5268586493,1.053717299,74.57566629,4.827311882,-0.2659655481
534,0.6319117854,0.2801949756,0.5663949861,1.132789972,75.23172934,4.785215004,-0.2549103099
535,0.6143179603,0.3383411317,0.5127492905,1.025498581,76.04800339,4.733852093,-0.2411088803
536,0.601186856,0.3091256047,0.5156229207,1.031245841,77.80594341,4.626895893,-0.2112234059
537,0.5990790574,0.3268488516,0.5020612962,1.004122592,77.7622586,4.629495162,-0.2119685859
538,0.634861636,0.2514287795,0.5829518554,1.165903711,75.28944935,4.78154646,-0.2539360564
539,0.5769088878,0.2785321527,0.5052164929,1.010432986,80.68989539,4.461525179,-0.1617778592
540,0.6286694534,0.2242575381,0.5873106829,1.174621366,76.11097819,4.729935268,-0.2400420434
541,0.669018567,0.2485570341,0.6211322273,1.242264455,72.35382436,4.975549021,-0.303137985
542,0.6959383142,0.3335486687,0.6107990037,1.221598007,69.0109263,5.21656525,-0.3581899094
543,0.6337535138,0.2674259434,0.5745666898,1.14913338,75.21524619,4.786263666,-0.2551884808
544,0.6369547672,0.2670007392,0.5782922969,1.156584594,74.92991407,4.804489695,-0.2600004008
545,0.6947904488,0.2822878503,0.6348600927,1.269720185,69.86753643,5.152607611,-0.3441917266
546,0.595617926,0.3146361512,0.5057319508,1.011463902,78.29688642,4.597883983,-0.2028405083
547,0.6274979379,0.2508580728,0.5751729213,1.150345843,75.96746632,4.738870696,-0.2424728097
548,0.6411344431,0.3053418069,0.5637550488,1.127510098,74.05643609,4.861157504,-0.2746903837
549,0.6145939956,0.2681603783,0.55300614,1.10601228,76.9946636,4.675648716,-0.225041804
550,0.6109802637,0.2245313813,0.5682275437,1.136455087,77.75745435,4.629781196,-0.2120505297
551,0.6280825665,0.3530164546,0.5194873369,1.038974674,74.45687934,4.835013275,-0.2679635262
552,0.5931595277,0.2246936437,0.5489544533,1.097908907,79.4903606,4.528851012,-0.1824009451
553,0.6233123275,0.2404891844,0.575050615,1.15010123,76.45659583,4.708553867,-0.2341819113
554,0.6475402227,0.3298772438,0.5572157069,1.114431414,73.09875138,4.924844723,-0.290723045
555,0.5782139837,0.2308088484,0.5301496831,1.060299366,80.96163284,4.446550636,-0.1570958189
556,0.5891821468,0.2838590865,0.5162941227,1.032588245,79.34492213,4.537152351,-0.1848961515
557,0.6117392226,0.3569672672,0.4967889356,0.9935778712,75.96075603,4.739289323,-0.2425864297
558,0.6558498073,0.2812043392,0.5925057716,1.185011543,73.08920431,4.925488017,-0.2908824716
559,0.6075253862,0.2928290045,0.5322952836,1.064590567,77.38923594,4.65180972,-0.2183265813
560,0.6461462805,0.2715305155,0.5863243086,1.172648617,74.05606908,4.861181595,-0.2746965428
561,0.571690964,0.2199175742,0.5276995537,1.055399107,81.71621153,4.405490579,-0.1440762143
562,0.6362199399,0.2104275344,0.6004132449,1.20082649,75.54487563,4.765379478,-0.2496216474
563,0.5973866984,0.2341399222,0.5495901785,1.099180357,78.99584532,4.557201692,-0.1908801754
564,0.6035989166,0.2961436664,0.5259568243,1.051913649,77.73593235,4.631062999,-0.2124176021
565,0.631249356,0.2934908464,0.558872859,1.117745718,75.12190993,4.792210426,-0.2567632317
566,0.5782733853,0.2828417265,0.5043814687,1.008762937,80.50048651,4.472022662,-0.1650392311
567,0.6057896002,0.2249927421,0.5624582702,1.12491654,78.25102024,4.600578994,-0.2036243177
568,0.6327489714,0.2887129255,0.5630418346,1.126083669,75.0470405,4.796991295,-0.2580259217
569,0.6267252477,0.2856492105,0.5578432259,1.115686452,75.64291228,4.75920333,-0.2479643868
570,0.5938448702,0.3099207768,0.5065578367,1.013115673,78.54438889,4.583395518,-0.1986086954
571,0.5576186256,0.2667282038,0.489688265,0.97937653,82.90637921,4.342247285,-0.1234909915
572,0.5960861814,0.24627106,0.5428345057,1.085669011,79.0200989,4.555802954,-0.1904646366
573,0.6429294324,0.2688136549,0.5840355074,1.168071015,74.3733733,4.840442003,-0.2693673959
574,0.6097699683,0.2436794284,0.5589631029,1.117926206,77.70530872,4.632888099,-0.2129398576
575,0.635924493,0.2516112164,0.5840306127,1.168061225,75.19152547,4.787773592,-0.2555887565
576,0.6031842504,0.3217579154,0.510199063,1.020398126,77.42265141,4.649802008,-0.2177574038
577,0.6593490344,0.2809553053,0.5964941455,1.192988291,72.79164101,4.945622808,-0.2958474142
578,0.5974031116,0.275513432,0.5300781325,1.060156265,78.59917138,4.580200957,-0.1976715172
579,0.5830207734,0.2889320333,0.5063906618,1.012781324,79.93166287,4.50384725,-0.1748226419
580,0.5828016561,0.2366433153,0.5325952607,1.065190521,80.44434788,4.475143493,-0.1660055196
581,0.6074366369,0.2638902525,0.5471208299,1.09424166,77.73123077,4.63134311,-0.212497787
582,0.6035005237,0.283749295,0.5326342269,1.065268454,77.8973263,4.62146799,-0.2096641908
583,0.6049909382,0.218510592,0.5641517141,1.128303428,78.37950491,4.593037433,-0.201428309
584,0.5571078297,0.2924552082,0.4741719995,0.948343999,82.74443078,4.350745985,-0.1262953927
585,0.5488132097,0.270748894,0.4773792785,0.954758557,83.87878194,4.291907818,-0.1066322922
586,0.6343252738,0.2889836785,0.5646742304,1.129348461,74.89926677,4.806455597,-0.260516864
587,0.6433634867,0.303341537,0.5673627481,1.134725496,73.88548359,4.872405004,-0.2775580665
588,0.6680965736,0.2391993059,0.6238082427,1.247616485,72.52782008,4.963612578,-0.300242685
589,0.5924150299,0.2900812704,0.5165350174,1.033070035,78.94108286,4.560363083,-0.1918182997
590,0.608532778,0.3525641415,0.495994625,0.9919892501,76.36525669,4.714185686,-0.2357314526
591,0.6271199164,0.3377431256,0.5284022811,1.056804562,74.82871531,4.810987313,-0.261705502
592,0.6140931935,0.3019960164,0.5347044571,1.069408914,76.62779871,4.698033952,-0.2312759057
593,0.6475839247,0.2853055892,0.5813481403,1.162696281,73.75750279,4.880859389,-0.2797032946
594,0.6622723728,0.3552364349,0.5589380745,1.117876149,71.35385747,5.045277337,-0.3197224807
595,0.697026035,0.2575011132,0.647717894,1.295435788,69.99255957,5.143403845,-0.3421421689
596,0.5911776317,0.3008550285,0.5088980684,1.017796137,78.93804116,4.560538806,-0.1918704012
597,0.5592517013,0.2570334635,0.4966852766,0.9933705532,82.79812391,4.347924603,-0.1253657193
598,0.6415498724,0.3106390868,0.5613284213,1.122656843,73.94079569,4.868760157,-0.27663049
599,0.608095359,0.3187400491,0.5178655682,1.035731136,76.97675913,4.676736252,-0.2253462692
600,0.6081012125,0.2580577026,0.5506299182,1.101259836,77.7267881,4.631607825,-0.2125735546
601,0.5952662037,0.3039051486,0.5118432514,1.023686503,78.47784071,4.587282177,-0.1997469078
602,0.6393306681,0.3150943318,0.5562906302,1.11258126,74.07331493,4.860049808,-0.2744071126
603,0.6138798623,0.3059900572,0.5321828353,1.064365671,76.59341362,4.700143041,-0.2318597264
604,0.618426207,0.2630110158,0.5597107995,1.119421599,76.68633606,4.694447779,-0.2302818151
605,0.6745427447,0.307516221,0.6003679607,1.200735921,71.14648051,5.059983254,-0.3231498113
606,0.6088571509,0.2571853388,0.5518720247,1.103744049,77.66239647,4.635447995,-0.2136715806
607,0.5623213234,0.2913404297,0.4809636419,0.9619272837,82.16241564,4.38156543,-0.1363654449
608,0.582302734,0.2621089088,0.5199763399,1.03995268,80.27909328,4.484355581,-0.1688490427
609,0.6133473588,0.2078702442,0.5770484764,1.154096953,77.66416971,4.635342158,-0.2136413464
610,0.6224391796,0.2692775437,0.5611774557,1.122354911,76.23928052,4.721975307,-0.2378676168
611,0.6403271584,0.3285007491,0.5496418176,1.099283635,73.76797909,4.880166224,-0.279527742
612,0.6237602686,0.3088431576,0.5419342918,1.083868584,75.60676504,4.761478682,-0.2485755226
613,0.6040680071,0.300822647,0.5238357493,1.047671499,77.62865342,4.637462897,-0.21424687
614,0.63349113,0.3446496255,0.5315332985,1.063066597,74.10999386,4.857644445,-0.273791462
615,0.6021520083,0.2952011564,0.5248269413,1.049653883,77.89228763,4.621766942,-0.2097501767
616,0.6197359595,0.2372390979,0.5725297109,1.145059422,76.82020343,4.686267205,-0.2280075561
617,0.6551451615,0.2624976669,0.600258409,1.200516818,73.37630115,4.906216236,-0.2860847272
618,0.5684535418,0.2563009755,0.5073945596,1.014789119,81.79748263,4.401113438,-0.1426724208
619,0.6447779824,0.2589691544,0.5904859216,1.180971843,74.32153611,4.843818075,-0.2702385741
620,0.6191431964,0.2669177829,0.5586530182,1.117306036,76.57589698,4.701218193,-0.2321571075
621,0.5724492714,0.2759111058,0.501568769,1.003137538,81.19428595,4.433809545,-0.1530843906
622,0.6188444594,0.2881374963,0.5476725739,1.095345148,76.35330844,4.714923392,-0.2359341069
623,0.6055302934,0.2272372448,0.5612754857,1.122550971,78.25768449,4.60018722,-0.2035104402
624,0.6144411358,0.2989861941,0.5367915472,1.073583094,76.63473814,4.697608536,-0.2311580719
625,0.5820302368,0.2690599371,0.5161065266,1.032213053,80.24181841,4.486438707,-0.1694902353
626,0.6254101677,0.3047723367,0.5461242538,1.092248508,75.50978072,4.767594298,-0.250214732
627,0.6898554872,0.3330400367,0.6041398243,1.208279649,69.49817207,5.179992355,-0.3502372641
628,0.5913367531,0.2573474934,0.5324015619,1.064803124,79.3955383,4.53425983,-0.1840278925
629,0.5941125595,0.2461563733,0.5407187562,1.081437512,79.21818846,4.544410911,-0.1870694795
630,0.6092693863,0.2688535832,0.546742111,1.093484222,77.5000622,4.645157562,-0.2164385541
631,0.6153221199,0.2829964065,0.5463829656,1.092765931,76.75345752,4.69034245,-0.2291416518
632,0.5855247417,0.3058291652,0.4993072649,0.9986145299,79.46693336,4.530186139,-0.1828029529
633,0.6195155353,0.3270719137,0.5261401541,1.052280308,75.73190235,4.753610947,-0.2464594255
634,0.6394992249,0.2759469713,0.576899062,1.153798124,74.59494297,4.826064417,-0.2656412092
635,0.5962348528,0.2726646165,0.5302358028,1.060471606,78.74734519,4.571582688,-0.1951357667
636,0.6509392846,0.3174761457,0.5682700495,1.136540099,73.00144186,4.931409446,-0.2923476389
637,0.6633192328,0.2587775269,0.6107590328,1.221518066,72.72034202,4.950471766,-0.2970358817
638,0.6000879884,0.3033303758,0.5177801435,1.035560287,77.99491534,4.615685503,-0.2079984948
639,0.6191767144,0.326343726,0.5261934779,1.052386956,75.77622147,4.75083071,-0.2457096978
640,0.7044411054,0.3269483247,0.6239728071,1.247945614,68.46440943,5.258206461,-0.3670791059
641,0.5815851547,0.2624912306,0.5189794274,1.037958855,80.35036778,4.48037775,-0.1676227988
642,0.6216012787,0.2892260731,0.5502148928,1.100429786,76.07804884,4.731982556,-0.2405999258
643,0.6430933419,0.2496319447,0.5926659587,1.185331917,74.57110205,4.827607345,-0.266042339
644,0.6197170663,0.2973309299,0.5437311472,1.087462294,76.15071191,4.727467294,-0.2393687772
645,0.6090000178,0.250252598,0.5552068613,1.110413723,77.71710814,4.63218471,-0.2127386375
646,0.6453597632,0.2912837529,0.5758845364,1.151769073,73.87532611,4.873074935,-0.2777283781
647,0.7013060404,0.2804990479,0.6427678014,1.285535603,69.38206705,5.188660634,-0.3521346075
648,0.5813861835,0.2791135833,0.510005394,1.020010788,80.20909102,4.48826929,-0.1700531441
649,0.645454835,0.2716770366,0.5854942629,1.170988526,74.1154324,4.857287994,-0.2737001674
650,0.6136335526,0.2211177991,0.5724098669,1.144819734,77.53378556,4.643137149,-0.2158638846
651,0.6333944986,0.240025378,0.5861539122,1.172307824,75.53675685,4.765891667,-0.2497588588
652,0.6354236095,0.2639223562,0.5780208936,1.156041787,75.10336077,4.793394015,-0.2570761085
653,0.6288965817,0.2411415802,0.580828416,1.161656832,75.93555391,4.740862237,-0.2430131275
654,0.6327186986,0.2948114563,0.5598385095,1.119677019,74.96900203,4.80198469,-0.2593415891
655,0.5996089249,0.2510230858,0.5445349146,1.089069829,78.62696181,4.578582101,-0.19719603
656,0.6593411038,0.2818248083,0.5960750528,1.192150106,72.78117447,4.946334029,-0.2960219074
657,0.5992341806,0.2536767285,0.5428901551,1.08578031,78.63897452,4.577882687,-0.1969904812
658,0.5919610887,0.2685382995,0.5275463129,1.055092626,79.22273281,4.544150236,-0.1869915653
659,0.6522316799,0.272957888,0.5923682602,1.18473652,73.50545176,4.897595911,-0.2839241106
660,0.6591808386,0.3209336823,0.5757785595,1.151557119,72.2309381,4.984013907,-0.3051811375
661,0.6188811718,0.2381606284,0.5712209904,1.142441981,76.89175861,4.681906182,-0.2267914012
662,0.6025511602,0.2998880336,0.5226232563,1.045246513,77.79238041,4.627702586,-0.2114547781
663,0.6095231161,0.2897765303,0.5362350152,1.07247003,77.23162075,4.661303188,-0.2210102925
664,0.6941969182,0.3160248408,0.6180919521,1.236183904,69.43380661,5.184794232,-0.3512892778
665,0.6384104208,0.2729303572,0.5771281362,1.154256272,74.72923999,4.817391426,-0.263380769
666,0.6064561995,0.2688703085,0.5435971662,1.087194332,77.77389717,4.628802376,-0.211770066
667,0.594891737,0.3141698728,0.5051667742,1.010333548,78.37819881,4.593113971,-0.2014506375
668,0.6024722554,0.2242745481,0.5591723756,1.118344751,78.57795701,4.581437514,-0.1980344584
669,0.5740970865,0.3077463096,0.4846438627,0.9692877254,80.67421298,4.462392463,-0.1620479573
670,0.6561340892,0.3031145543,0.5819222542,1.163844508,72.76614048,4.947355976,-0.2962725297
671,0.6079643481,0.256973315,0.5509858109,1.101971622,77.7510028,4.630165362,-0.2121605685
672,0.6158200825,0.2107880167,0.5786214531,1.157242906,77.40969953,4.650579995,-0.2179780266
673,0.6116565192,0.3110535456,0.5266587028,1.053317406,76.73845249,4.691259575,-0.2293965632
674,0.597932655,0.3122511133,0.5099242121,1.019848424,78.09294548,4.609891429,-0.2063246624
675,0.6107791927,0.28178988,0.541890843,1.083781686,77.20637025,4.662827676,-0.2214400773
676,0.6854722159,0.2906828448,0.6207863099,1.24157262,70.49670347,5.106621761,-0.3338610939
677,0.5739376585,0.2877823012,0.4965740459,0.9931480917,80.91505705,4.44911013,-0.1578985743
678,0.592295622,0.2671040796,0.5286487629,1.057297526,79.20324619,4.545268248,-0.1873256612
679,0.5810413842,0.2997687011,0.4977427207,0.9954854414,80.01745934,4.499018126,-0.1733480761
680,0.5767505374,0.2772593466,0.5057355406,1.011471081,80.71944053,4.45989216,-0.1612689704
681,0.6604908034,0.3094590514,0.5835093803,1.167018761,72.29763813,4.979415778,-0.3040723316
682,0.6856364287,0.3283419338,0.6019043835,1.203808767,69.91413932,5.149173022,-0.3434279367
683,0.6086557238,0.2768931824,0.5420257887,1.084051577,77.47002231,4.646958775,-0.2169503915
684,0.6642444876,0.3116192396,0.586612469,1.173224938,71.94534935,5.003798067,-0.3099240035
685,0.6386881665,0.3095685388,0.5586500638,1.117300128,74.21514305,4.850762057,-0.2720259271
686,0.6272731827,0.331490528,0.5325276289,1.065055258,74.92159838,4.805022954,-0.2601405428
687,0.7239367836,0.2414074971,0.6825004667,1.365000933,68.12016362,5.284778851,-0.3726612339
688,0.6070488941,0.2767784472,0.5402796044,1.080559209,77.62830873,4.637483489,-0.2142527462
689,0.5966029297,0.3029421621,0.5139660516,1.027932103,78.35369196,4.594550569,-0.2018695753
690,0.5608527995,0.314753759,0.464204625,0.92840925,82.08278714,4.385815986,-0.1377421098
691,0.6113689795,0.2837025139,0.5415578572,1.083115714,77.12626773,4.66767044,-0.2228032052
692,0.6428518631,0.2791206723,0.5790942654,1.158188531,74.25577012,4.848108092,-0.2713435219
693,0.6281947424,0.3188554976,0.5412576152,1.08251523,75.03960314,4.797466736,-0.2581513303
694,0.6144936979,0.2795372707,0.5472306817,1.094461363,76.87438376,4.682964369,-0.2270867376
695,0.6058989362,0.2770090336,0.5388687374,1.077737475,77.73846067,4.630912381,-0.2123744815
696,0.5899421106,0.2281860045,0.5440246697,1.088049339,79.78508541,4.512121509,-0.177340929
697,0.6888618126,0.3303568113,0.6044790932,1.208958186,69.62274927,5.170723704,-0.3481998724
698,0.6204061372,0.2554964484,0.5653541721,1.130708344,76.57915146,4.701018399,-0.2321018575
699,0.6212894363,0.2732894949,0.5579546717,1.115909343,76.30136902,4.718132906,-0.2368149318
700,0.6022327402,0.2513136303,0.5472894413,1.094578883,78.36565941,4.593848922,-0.2016649996
701,0.5777573887,0.2810775098,0.5047762214,1.009552443,80.57365944,4.467961397,-0.1637795013
702,0.621710129,0.3054548828,0.5414986603,1.082997321,75.84940796,4.746246671,-0.2444713115
703,0.5974073035,0.3011243757,0.5159647242,1.031929448,78.29527999,4.59797832,-0.2028679627
704,0.6215635716,0.30726087,0.5403073489,1.080614698,75.83762897,4.746983851,-0.2446706504
705,0.628103358,0.322148174,0.5391979064,1.078395813,74.9964126,4.800229604,-0.2588795231
706,0.662632722,0.3092450886,0.5860457315,1.172091463,72.11819403,4.991805533,-0.3070544275
707,0.6060349322,0.2528891569,0.5507498646,1.101499729,77.97881643,4.616638421,-0.2082733202
708,0.6121918209,0.2326834159,0.5662484027,1.132496805,77.5728771,4.640797318,-0.215197644
709,0.6293769212,0.3082646824,0.5487150395,1.097430079,75.08893019,4.794315209,-0.2573194968
710,0.7024288866,0.257723437,0.6534408701,1.30688174,69.56966719,5.174668998,-0.3490682024
711,0.6496459729,0.3186433992,0.5661327356,1.132265471,73.09670033,4.924982911,-0.2907572961
712,0.6104073934,0.2711554123,0.5468746916,1.093749383,77.36446096,4.653299403,-0.2187485344
713,0.5899766641,0.2328807983,0.5420691819,1.084138364,79.74484278,4.514398517,-0.1780321186
714,0.6114760767,0.2506882087,0.5577261105,1.115452221,77.47473065,4.646676368,-0.216870172
715,0.6447913191,0.2898783768,0.5759569185,1.151913837,73.94460006,4.868509664,-0.2765666816
716,0.6511103455,0.3373314615,0.5569130696,1.113826139,72.6544724,4.954959937,-0.2981334392
717,0.6128702914,0.2948059982,0.5373075632,1.074615126,76.84188815,4.684944744,-0.2276390391
718,0.6140025702,0.2450382888,0.5629879157,1.125975831,77.28795703,4.657905498,-0.2200512466
719,0.7089828558,0.3395336573,0.6223934329,1.244786866,67.90561714,5.301476007,-0.3761334268
720,0.6449577975,0.2997366375,0.5710766224,1.142153245,73.79468352,4.878400216,-0.2790802106
721,0.649555841,0.3272929183,0.5610723092,1.122144618,72.96398009,4.933941371,-0.2929728431
722,0.6411688454,0.3235239502,0.553560965,1.10712193,73.77393086,4.879772513,-0.2794280035
723,0.6494690343,0.3249465266,0.5623342256,1.124668451,73.0105112,4.930796868,-0.2921962608
724,0.6373613434,0.3078600352,0.5580785615,1.116157123,74.3608491,4.841257252,-0.2695778984
725,0.6252651582,0.3015951184,0.5477197301,1.09543946,75.56801215,4.76392047,-0.2492306018
726,0.5689915014,0.2373943132,0.5171027642,1.034205528,81.88298206,4.396517945,-0.1411952817
727,0.6478331011,0.3070698315,0.5704347863,1.140869573,73.43379218,4.902375178,-0.2851231137
728,0.6569124666,0.2569526867,0.604573656,1.209147312,73.28668103,4.912215902,-0.2875831673
729,0.6196157356,0.235076368,0.573291166,1.146582332,76.8512191,4.684375918,-0.227480456
730,0.5964054405,0.2757057571,0.5288532736,1.057706547,78.69748536,4.574479074,-0.1959891819
731,0.603504737,0.2538907074,0.5475011199,1.09500224,78.2161425,4.602630461,-0.2042202579
732,0.6380793383,0.2713617887,0.5775015338,1.155003068,74.77768503,4.814270458,-0.2625650034
733,0.5923652599,0.2913682863,0.515752967,1.031505934,78.93103729,4.560943481,-0.1919903691
734,0.6761076563,0.3116120785,0.6000162293,1.200032459,70.95567063,5.073590269,-0.3262995985
735,0.5908039238,0.278429029,0.5210820973,1.042164195,79.2373977,4.543309226,-0.186740123
736,0.5634045314,0.2711316859,0.4938747563,0.9877495127,82.22593803,4.378180519,-0.1352670431
737,0.6667840432,0.4041120915,0.5303719241,1.060743848,69.8511986,5.153812779,-0.3444594387
738,0.6391043481,0.3159098012,0.5555676064,1.111135213,74.0812317,4.859530434,-0.2742742403
739,0.579568253,0.2180836769,0.5369719451,1.07394389,80.91140344,4.449311033,-0.1579615416
740,0.608555753,0.3372077141,0.5065876648,1.01317533,76.63704784,4.697466958,-0.2311188517
741,0.6281203307,0.3400907146,0.528084705,1.05616941,74.69318432,4.819716862,-0.263987788
742,0.6061878802,0.2809902309,0.537129627,1.074259254,77.66430877,4.635333858,-0.2136389755
743,0.6267053874,0.2149238898,0.5886997233,1.177399447,76.36890926,4.713960216,-0.2356694993
744,0.6129281049,0.299526149,0.5347569054,1.069513811,76.77412995,4.689079514,-0.2287904347
745,0.6095858281,0.2929802213,0.5345628791,1.069125758,77.18520436,4.664106327,-0.2218003056
746,0.5728055593,0.2960972586,0.490339293,0.980678586,80.9493849,4.447223416,-0.157306928
747,0.6444851319,0.3092328505,0.565452146,1.130904292,73.69894462,4.88473752,-0.2806843884
748,0.6143306961,0.2527759989,0.5599165103,1.119833021,77.18128993,4.664342878,-0.221866923
749,0.5605362655,0.2513233094,0.5010364249,1.00207285,82.69812577,4.35318209,-0.1270970548
750,0.5884604449,0.2487888302,0.5332821141,1.066564228,79.76533803,4.513238568,-0.1776801123
751,0.6063803544,0.3066994189,0.5230990352,1.04619807,77.31963202,4.655997327,-0.219511931
752,0.6385505969,0.2556482592,0.5851417199,1.17028344,74.9124584,4.80560921,-0.26029457
753,0.6319494205,0.2378625548,0.5854754265,1.170950853,75.68858258,4.756331638,-0.247192105
754,0.6063114067,0.3427522612,0.5001343912,1.000268782,76.76655331,4.689542314,-0.2289191626
755,0.6239576411,0.262871611,0.5658813074,1.131762615,76.16855404,4.726359907,-0.2390664147
756,0.622980156,0.2267997317,0.5802293998,1.1604588,76.61176196,4.699017367,-0.2315482024
757,0.6252125506,0.1976924534,0.5931344091,1.186268818,76.63783286,4.697418841,-0.2311055214
758,0.5997111819,0.2573013234,0.5417098214,1.083419643,78.55674599,4.582674543,-0.1983973151
759,0.6220598114,0.2787083097,0.5561295596,1.112259119,76.16503714,4.726578145,-0.2391260157
760,0.6423246847,0.3330965926,0.5492063917,1.098412783,73.50972034,4.897311517,-0.2838526751
761,0.5741507997,0.264036949,0.5098368664,1.019673733,81.12075268,4.437828646,-0.1543525346
762,0.6320012815,0.331654198,0.5379880228,1.075976046,74.47742129,4.833679708,-0.2676180959
763,0.6619550605,0.3569488899,0.5574692746,1.114938549,71.34689774,5.045769493,-0.3198375728
764,0.6114965511,0.2143329191,0.572703616,1.145407232,77.78995266,4.627847012,-0.211496192
765,0.5667841851,0.2786252322,0.4935709599,0.9871419197,81.78639348,4.401710171,-0.1428639804
766,0.630960586,0.2976585279,0.5563368241,1.112673648,75.09216388,4.794108751,-0.2572649583
767,0.6239255673,0.3610903417,0.5088191021,1.017638204,74.69099494,4.819858141,-0.2640246442
768,0.6108734993,0.2555742358,0.5548407359,1.109681472,77.48413419,4.646112443,-0.2167099523
769,0.5867924164,0.1899997137,0.5551805551,1.11036111,80.35750701,4.479979698,-0.1674999575
770,0.5925932186,0.2812352445,0.5216066142,1.043213228,79.02364062,4.55559877,-0.1904039533
771,0.6327979764,0.2949050795,0.5598788021,1.119757604,74.96045859,4.802531985,-0.2594855958
772,0.5637170725,0.2736223429,0.4928567249,0.9857134499,82.16988087,4.38116736,-0.136236368
773,0.5487384848,0.2809080106,0.4713858443,0.9427716887,83.81140843,4.295357956,-0.1078014035
774,0.6724549805,0.2700822913,0.6158337899,1.23166758,71.82352477,5.012285336,-0.3119448482
775,0.6529735736,0.3158473585,0.5715023482,1.143004696,72.84896281,4.941731304,-0.2948915974
776,0.5813619042,0.2188000634,0.5386169287,1.077233857,80.72281794,4.45970556,-0.1612107948
777,0.6611087185,0.3119913689,0.5828602949,1.16572059,72.20634791,4.985711235,-0.3055898148
778,0.6061374715,0.2884111002,0.5331244429,1.066248886,77.580767,4.640325353,-0.2150631637
779,0.6101323873,0.3268154703,0.5152214848,1.03044297,76.65068497,4.696631219,-0.2308872763
780,0.6278725615,0.3086650102,0.5467630794,1.093526159,75.22322552,4.785755962,-0.2550538237
781,0.6157779303,0.3299314363,0.5199304827,1.039860965,76.04677656,4.733928462,-0.2411296607
782,0.5731413799,0.3037161955,0.486052995,0.97210599,80.82669305,4.453974132,-0.1594212817
783,0.6250482733,0.2927872295,0.5522327247,1.104465449,75.70750305,4.755142958,-0.2468721152
784,0.564918523,0.2934285171,0.4827345472,0.9654690944,81.8500249,4.398288216,-0.1417647067
785,0.5748633353,0.2415568954,0.521649423,1.043298846,81.23086737,4.431812828,-0.1524534187
786,0.556519419,0.2743232337,0.4842113455,0.9684226911,82.96967191,4.338934839,-0.1223947059
787,0.6247931163,0.2942237645,0.5511794759,1.102358952,75.71244085,4.754832838,-0.2467886009
788,0.6496054231,0.3090834167,0.5713620982,1.142724196,73.24754198,4.914840693,-0.2882373482
789,0.6382959403,0.3010464598,0.5628434387,1.125686877,74.37422282,4.840386714,-0.2693531171
790,0.5978529203,0.2401860373,0.547484047,1.094968094,78.89838615,4.562830973,-0.1925496066
791,0.58647463,0.2920681654,0.5085751453,1.017150291,79.53336955,4.526401962,-0.1816628386
792,0.6892054861,0.3103646901,0.6153681509,1.230736302,69.91548475,5.149073932,-0.3434058825
793,0.6419677023,0.2766146154,0.579315877,1.158631754,74.36563328,4.840945799,-0.269497489
794,0.6233687319,0.2930198269,0.5502071945,1.100414389,75.86218783,4.74544711,-0.2442550228
795,0.6303741177,0.2658088873,0.5715917807,1.143183561,75.54249057,4.765529933,-0.2496619566
796,0.61693451,0.3085715072,0.5342207545,1.068441509,76.26161715,4.720592264,-0.2374889405
797,0.6221132198,0.2149179871,0.5838108573,1.167621715,76.79132513,4.688029532,-0.2284982722
798,0.6646397919,0.3167970164,0.5842822121,1.168564424,71.83152463,5.011727119,-0.3118121884
799,0.6439628717,0.2936554564,0.5731096344,1.146219269,73.96752179,4.867000966,-0.2761822043
800,0.6563822888,0.1908859485,0.6280129487,1.256025897,73.93612857,4.869067491,-0.276708767
801,0.6496117438,0.2655737143,0.5928456966,1.185691393,73.82158605,4.876622398,-0.2786292979
802,0.6022593532,0.3101114221,0.5162821267,1.032564253,77.68425589,4.634143635,-0.2132988572
803,0.5476278971,0.2311620138,0.496447819,0.992895638,84.26066608,4.272456138,-0.1000028383
804,0.5846449196,0.2235024233,0.5402373078,1.080474616,80.35511511,4.480113052,-0.167541114
805,0.6092694848,0.2478062368,0.5565980364,1.113196073,77.71461249,4.632333463,-0.2127811974
806,0.6355884556,0.3205863884,0.548814224,1.097628448,74.32825977,4.843379908,-0.2701255884
807,0.6169237411,0.2795073673,0.5499732121,1.099946424,76.64212229,4.69715594,-0.2310326827
808,0.6075812043,0.3058792363,0.5249693445,1.049938689,77.21195535,4.662490392,-0.2213450179
809,0.6264754719,0.2504968703,0.5742149727,1.148429945,76.06543511,4.732767248,-0.240813604
810,0.5869893814,0.2690822353,0.5216812097,1.043362419,79.7264764,4.515438488,-0.1783475425
811,0.677181427,0.2449049072,0.6313448119,1.262689624,71.71821558,5.019645248,-0.313690597
812,0.631917375,0.3087800007,0.5513388069,1.102677614,74.84606343,4.809872203,-0.2614132607
813,0.6304247376,0.3135867478,0.5468991693,1.093798339,74.91263452,4.805597912,-0.2602916022
814,0.5962302238,0.2635424898,0.5348231819,1.069646364,78.84200046,4.566094187,-0.1935152135
815,0.6464803843,0.3059317502,0.569510888,1.139021776,73.57031077,4.893278229,-0.2828385112
816,0.622276991,0.2722311022,0.5595702641,1.119140528,76.2207623,4.723122534,-0.2381815316
817,0.5919968775,0.2427186184,0.5399518268,1.079903654,79.46039072,4.530559147,-0.1829152181
818,0.6230538673,0.2910199609,0.5509115209,1.101823042,75.91793236,4.741962654,-0.2433114505
819,0.5800635369,0.2542382525,0.5213795334,1.042759067,80.58289937,4.467449084,-0.1636204096
820,0.6548907267,0.2863141596,0.5889873224,1.177974645,73.10589284,4.924363632,-0.2906037843
821,0.6108787128,0.2426921605,0.5606008536,1.121201707,77.60812029,4.638689852,-0.2145969054
822,0.6050555906,0.2665690977,0.5431695719,1.086339144,77.93562454,4.61919696,-0.2090105705
823,0.6461636405,0.3261649504,0.5578027209,1.115605442,73.28316979,4.912451263,-0.2876418607
824,0.5878014126,0.2797672696,0.5169533591,1.033906718,79.53227149,4.526464456,-0.1816816844
825,0.6665390618,0.2988111914,0.5958071775,1.191614355,71.9404519,5.004138707,-0.3100052702
826,0.6091637179,0.2815480833,0.5401954387,1.080390877,77.36642121,4.653181501,-0.21871515
827,0.625956657,0.3080984591,0.5448826259,1.089765252,75.41078869,4.773852737,-0.2518871358
828,0.5879638761,0.3309538634,0.4859743408,0.9719486815,78.85945941,4.565083285,-0.1932162484
829,0.5790467584,0.2808143827,0.5063975029,1.012795006,80.43911708,4.475434503,-0.1660955469
830,0.6830965338,0.2143144251,0.6486063534,1.297212707,71.53176518,5.032729153,-0.3167788504
831,0.6537694485,0.2799960147,0.5907763736,1.181552747,73.28460089,4.912355333,-0.2876179388
832,0.6072245784,0.2709255223,0.5434344946,1.086868989,77.67646991,4.634608144,-0.213431619
833,0.5499399314,0.2911762839,0.4665300631,0.9330601263,83.5873626,4.306871144,-0.1116881191
834,0.614186392,0.3081218238,0.5313058119,1.062611624,76.53368464,4.703811161,-0.2328736597
835,0.6087010367,0.242120598,0.5584752171,1.116950434,77.82251163,4.625910838,-0.2109407514
836,0.6130450841,0.279721632,0.5455090134,1.091018027,77.01160799,4.674619962,-0.2247536447
837,0.6672563897,0.3416523053,0.5731533755,1.146306751,71.18980911,5.056903572,-0.3224340655
838,0.6135980483,0.2982061149,0.5362608301,1.07252166,76.72672927,4.691976361,-0.2295957109
839,0.6093225035,0.2150734277,0.5701029152,1.14020583,77.99088489,4.615924034,-0.2080673004
840,0.6573416905,0.3092752578,0.5800404408,1.160080882,72.5708225,4.96067135,-0.2995266941
841,0.6485925171,0.2728835152,0.5883934402,1.17678688,73.8244138,4.876435605,-0.2785818984
842,0.6492164507,0.3624174206,0.5386423796,1.077284759,72.3406239,4.976456942,-0.3033575277
843,0.6646155801,0.282631699,0.6015257202,1.20305144,72.32226054,4.977720515,-0.3036629102
844,0.5794189757,0.2337053318,0.5301963479,1.060392696,80.81545079,4.454593725,-0.1596149837
845,0.5960667397,0.3192765564,0.5033468374,1.006693675,78.18463023,4.604485549,-0.2047586288
846,0.627957613,0.2667322965,0.568493312,1.136986624,75.75455837,4.752189277,-0.2460761817
847,0.5676484157,0.2482805531,0.5104718315,1.020943663,81.94689018,4.393089222,-0.1400909614
848,0.6056680515,0.2488383175,0.552189533,1.104379066,78.05339311,4.612227421,-0.207000079
849,0.5930669168,0.2942020833,0.5149499995,1.029899999,78.82510703,4.567072771,-0.1938044778
850,0.5980073651,0.2167302066,0.5573516181,1.114703236,79.0718708,4.552820066,-0.1895775101
851,0.6465439439,0.2657947699,0.5893829075,1.178765815,74.08840734,4.859059776,-0.2741538023
852,0.6136707983,0.3152230831,0.5265227978,1.053045596,76.48097646,4.707052873,-0.2337682005
853,0.6025590063,0.3300021691,0.5041586302,1.00831726,77.35838366,4.653664968,-0.2188520332
854,0.6367846127,0.3098204604,0.5563325672,1.112665134,74.38435174,4.839727599,-0.2691828635
855,0.655685107,0.2621837545,0.6009847239,1.201969448,73.33333821,4.909090583,-0.2868031512
856,0.6088613538,0.2891707876,0.5358100445,1.071620089,77.30385291,4.6569477,-0.2197806031
857,0.6288272149,0.3152528496,0.544094943,1.088189886,75.035979,4.797698448,-0.2582124391
858,0.6463309398,0.2885479409,0.578345718,1.156691436,73.82570031,4.876350627,-0.2785603334
859,0.6474547566,0.3182069835,0.5638634387,1.127726877,73.29715461,4.911513986,-0.2874080863
860,0.6381065724,0.307087627,0.5593542591,1.118708518,74.30449924,4.844928688,-0.2705248483
861,0.6496120218,0.2976310389,0.5774179973,1.154835995,73.41275909,4.903779731,-0.2854749533
862,0.6391896674,0.3278555679,0.5487022485,1.097404497,73.88181622,4.872646863,-0.2776195588
863,0.5521055401,0.2169984531,0.507673319,1.015346638,83.83686133,4.294053884,-0.1073597448
864,0.6095793676,0.2691096781,0.5469615951,1.09392319,77.46720099,4.647128015,-0.2169984598
865,0.5542182066,0.2363701167,0.5012853364,1.002570673,83.49508382,4.311631099,-0.1132884653
866,0.6742172642,0.3660511636,0.5661938405,1.132387681,70.13493602,5.132962549,-0.3398061476
867,0.6587806399,0.3094668384,0.581568747,1.163137494,72.44409916,4.969348838,-0.3016361538
868,0.6303077287,0.2874783341,0.5609314042,1.121862808,75.28755471,4.781666789,-0.25396804
869,0.6295044895,0.2623908426,0.5722123278,1.144424656,75.66044189,4.75810068,-0.2476679809
870,0.6243412221,0.2667326731,0.5644959191,1.128991838,76.09011635,4.731232087,-0.2403954897
871,0.5751408941,0.2936844601,0.4945063053,0.9890126107,80.72160599,4.459772518,-0.1612316706
872,0.5946397445,0.3086188033,0.5082822641,1.016564528,78.47995139,4.587158805,-0.1997108119
873,0.6186967314,0.3219004976,0.528361349,1.056722698,75.89281422,4.743532095,-0.2437366469
874,0.6318650593,0.3230777645,0.5430232143,1.086046429,74.63139359,4.823707326,-0.265027829
875,0.6764308043,0.264154528,0.6227206583,1.245441317,71.56628667,5.030301512,-0.3162073092
876,0.5948383039,0.2161713572,0.5541683428,1.108336686,79.38773161,4.534705712,-0.1841618162
877,0.6543625838,0.3554402041,0.549411187,1.098822374,72.03057915,4.997877349,-0.308509365
878,0.5936894659,0.243872901,0.5412884536,1.082576907,79.28061695,4.540832474,-0.1859990208
879,0.6240701134,0.2977757059,0.5484461098,1.09689222,75.73273481,4.753558694,-0.2464453444
880,0.6595667724,0.3213000895,0.5760161281,1.152032256,72.1919045,4.986708725,-0.3058298313
881,0.6829617841,0.258575101,0.6321200168,1.264240034,71.09888501,5.063370543,-0.3239358292
882,0.6504390289,0.2686976467,0.5923449206,1.184689841,73.7127295,4.883824035,-0.2804534604
883,0.5716761798,0.2835208834,0.4964167233,0.9928334466,81.20402569,4.433277746,-0.1529164015
884,0.6151984321,0.3272673643,0.520927234,1.041854468,76.14637256,4.727736698,-0.2394423108
885,0.60397608,0.2738652863,0.5383167377,1.076633475,77.9629018,4.61758082,-0.2085449838
886,0.6057340065,0.2962857362,0.5283260822,1.056652164,77.52205903,4.643839502,-0.2160637212
887,0.5974413379,0.2638346422,0.5360293218,1.072058644,78.71779071,4.573299082,-0.1956416475
888,0.6269437023,0.2683438545,0.5666127263,1.133225453,75.83009733,4.747455333,-0.2447981048
889,0.6413122721,0.3179755765,0.55693174,1.11386348,73.84955331,4.874775593,-0.2781604742
890,0.6141601175,0.300360584,0.5357015676,1.071403135,76.64347421,4.697073087,-0.2310097255
891,0.5696566249,0.3052996162,0.4809374331,0.9618748663,81.19352876,4.433850893,-0.1530974502
892,0.6210460933,0.2849205608,0.5518319708,1.103663942,76.18479219,4.725352523,-0.2387912138
893,0.5750735473,0.2799277018,0.5023445695,1.004689139,80.87253244,4.451449573,-0.1586314146
894,0.6198605007,0.2632846887,0.5611668318,1.122333664,76.54800746,4.702931035,-0.2326305446
895,0.5974989706,0.2821164095,0.5267023366,1.053404673,78.51606468,4.585048951,-0.1990931738
896,0.6033451511,0.2814108536,0.5336977636,1.067395527,77.93998544,4.618938507,-0.2089361389
897,0.5733122558,0.2926414976,0.4929988809,0.9859977618,80.93158098,4.448201748,-0.1576137885
898,0.5599546406,0.2712595864,0.4898647122,0.9797294244,82.60841039,4.357909785,-0.1286500287
899,0.631646318,0.2764123335,0.5679553617,1.135910723,75.30219247,4.780737296,-0.2537209311
900,0.5789299104,0.2914145191,0.5002373629,1.000474726,80.33865364,4.481031032,-0.167824353
901,0.6095650621,0.293107704,0.5344693057,1.068938611,77.18561534,4.664081492,-0.2217933113
902,0.6665987006,0.3374560818,0.5748714818,1.149742964,71.32051891,5.047635736,-0.3202737526
903,0.5748255744,0.2577863895,0.5137807104,1.027561421,81.10342563,4.43877675,-0.1546513173
904,0.650729777,0.3224109511,0.565243683,1.130487366,72.94097743,4.935497339,-0.2933566754
905,0.633277482,0.2352032594,0.587979418,1.175958836,75.59333452,4.762324646,-0.2488025653
906,0.6195141344,0.2632470112,0.5608019025,1.121603805,76.58106137,4.700901157,-0.2320694336
907,0.5907620221,0.2354148754,0.5418298655,1.083659731,79.64549107,4.520029887,-0.1797381632
908,0.5914254896,0.2827767257,0.5194433878,1.038886776,79.12605155,4.549702569,-0.1886489412
909,0.5856828793,0.2965130956,0.5050786269,1.010157254,79.56432011,4.524641189,-0.1811316111
910,0.630336549,0.2513268152,0.5780648726,1.156129745,75.70211488,4.75548141,-0.2469632447
911,0.6406487806,0.2490192072,0.5902713736,1.180542747,74.79478644,4.813169703,-0.2622769881
912,0.6156271135,0.3134554667,0.5298513125,1.059702625,76.31705552,4.717163124,-0.2365489298
913,0.639314636,0.324879548,0.5506146412,1.101229282,73.91955363,4.870159279,-0.276986747
914,0.6265409108,0.2924859285,0.5540807654,1.108161531,75.57189423,4.763675751,-0.2491649843
915,0.6106077026,0.2784759787,0.54340859,1.08681718,77.26194091,4.659473937,-0.2204941608
916,0.6124618888,0.3074966441,0.5296747861,1.059349572,76.71027058,4.692983056,-0.229875286
917,0.6364397004,0.2610030482,0.5804592156,1.160918431,75.04403862,4.797183182,-0.2580765398
918,0.6121320007,0.2825205142,0.5430356759,1.086071352,77.06653918,4.671288004,-0.2238193399
919,0.583584614,0.2165092119,0.5419361243,1.083872249,80.51213639,4.471375573,-0.1648386872
920,0.5890439945,0.2312339526,0.5417598053,1.083519611,79.85175675,4.508354163,-0.176195619
921,0.6319426882,0.294724063,0.5590074131,1.118014826,75.04151359,4.7973446,-0.2581191168
922,0.6304648474,0.3006992048,0.5541352832,1.108270566,75.09595174,4.793866935,-0.2572010722
923,0.6486756805,0.2833830541,0.5835016565,1.167003313,73.68622302,4.885580849,-0.2808974896
924,0.5726729817,0.2937716437,0.4915816976,0.9831633952,80.98914728,4.44504001,-0.1566215459
925,0.6519670448,0.3095967756,0.5737689988,1.147537998,73.03267722,4.929300331,-0.2918262526
926,0.6284294339,0.3041183816,0.5499414181,1.099882836,75.23674414,4.784896052,-0.2548256756
927,0.5936124737,0.3063968173,0.5084257657,1.016851531,78.61525324,4.579264013,-0.1973963664
928,0.6469492175,0.274227949,0.5859541978,1.171908396,73.95269994,4.867976427,-0.2764308236
929,0.6070095669,0.2630605133,0.5470464155,1.094092831,77.78149105,4.628350461,-0.2116405319
930,0.5735324136,0.2836618613,0.4984730463,0.9969460927,81.00122726,4.444377106,-0.156413309
931,0.6696093089,0.3195681419,0.5884325189,1.176865038,71.36963738,5.04416182,-0.3194615132
932,0.6140883124,0.2710232627,0.5510452308,1.102090462,77.01128959,4.674639289,-0.2247590596
933,0.654938086,0.3270785933,0.5674182674,1.134836535,72.49654631,4.965753795,-0.3007632874
934,0.6524392835,0.2922619014,0.5833180948,1.16663619,73.23935494,4.915390098,-0.2883741717
935,0.642240683,0.2040334224,0.6089691761,1.217938352,75.06144038,4.796071034,-0.2577830986
936,0.5782378639,0.2928533757,0.4985939506,0.9971879012,80.3968526,4.477787231,-0.1668229097
937,0.6567353359,0.2454942377,0.6091255049,1.21825101,73.42478695,4.902976432,-0.2852737569
938,0.5623420528,0.2769542662,0.4894128306,0.9788256611,82.29340395,4.374591191,-0.1341002693
939,0.6550504686,0.2378691543,0.6103354666,1.220670933,73.64669592,4.888203001,-0.2815595246
940,0.5869143387,0.3218857699,0.4907728518,0.9815457037,79.10444822,4.550945087,-0.189019207
941,0.5462082922,0.2378587444,0.4916977895,0.983395579,84.38475283,4.266173543,-0.09784773952
942,0.6343181912,0.2546576316,0.5809552981,1.161910596,75.30472461,4.780576542,-0.2536781827
943,0.6227007301,0.2494541006,0.570551357,1.141102714,76.42606353,4.71043494,-0.2346999491
944,0.6073726108,0.296271431,0.5302119647,1.060423929,77.36037455,4.653545204,-0.2188181279
945,0.653926524,0.2977057767,0.5822294817,1.164458963,73.03470127,4.929163723,-0.2917924638
946,0.6147224659,0.2793902228,0.5475626115,1.095125223,76.85415929,4.684196709,-0.227430485
947,0.5987885479,0.3376237561,0.4945279814,0.9890559628,77.62003865,4.637977592,-0.2143937322
948,0.6020214842,0.3113285505,0.5152711918,1.030542384,77.6912346,4.633727367,-0.2131798571
949,0.5967074658,0.2686049548,0.5328331615,1.065666323,78.74248087,4.571865098,-0.1952190323
950,0.6701774509,0.2933524673,0.6025629806,1.205125961,71.71207228,5.020075261,-0.313792404
951,0.6370987962,0.2737732312,0.575276537,1.150553074,74.83750559,4.810422223,-0.2615574265
952,0.5843818949,0.2637355096,0.5214842088,1.042968418,80.04790863,4.497306753,-0.172824657
953,0.6223002933,0.2939633065,0.5484917771,1.096983554,75.95051309,4.739928479,-0.2427598589
954,0.627496458,0.3071285069,0.5471963862,1.094392772,75.28065156,4.782105263,-0.2540845706
955,0.6014480858,0.2858425735,0.529182221,1.058364442,78.07682013,4.610843518,-0.2066000391
956,0.6278674129,0.3177876642,0.5415057605,1.083011521,75.08676529,4.794453438,-0.2573560088
957,0.6277931773,0.2744644767,0.5646180342,1.129236068,75.68047365,4.756841265,-0.2473292381
958,0.5825940352,0.2884283174,0.5061866411,1.012373282,79.98227757,4.500997108,-0.1739527849
959,0.5787057675,0.2702735535,0.5117153229,1.023430646,80.57968239,4.467627438,-0.1636757994
960,0.5795064083,0.3016836691,0.4947874706,0.9895749411,80.15918327,4.491063722,-0.170911447
961,0.5959209755,0.2527319091,0.5396743381,1.079348676,78.97752143,4.558259027,-0.1911940976
962,0.625918525,0.3092254229,0.5441999979,1.088399996,75.39797703,4.774663912,-0.2521035254
963,0.6790679979,0.2907368371,0.6136818697,1.227363739,71.01454704,5.06938388,-0.3253280827
964,0.6547546219,0.2109212501,0.619851467,1.239702934,73.91769121,4.870281987,-0.2770179804
965,0.5929289332,0.2577584491,0.5339712555,1.067942511,79.23062268,4.543697725,-0.1868562881
966,0.604290035,0.2214532601,0.5622498554,1.124499711,78.42414247,4.590423161,-0.2006651439
967,0.583018358,0.2530631695,0.5252327465,1.050465493,80.28614473,4.483961725,-0.1687277375
968,0.6759035913,0.2727571163,0.6184247895,1.236849579,71.50636382,5.034516941,-0.3171993245
969,0.6433746161,0.2240541367,0.6031008543,1.206201709,74.7936284,4.813244226,-0.2622964921
970,0.6300175586,0.3211683573,0.5420083121,1.084016624,74.83330616,4.81069217,-0.2616281681
971,0.6570797024,0.3201792751,0.5737934882,1.147586976,72.42398004,4.970729306,-0.3019709248
972,0.6342437263,0.2945392944,0.5617042891,1.123408578,74.83292663,4.810716568,-0.2616345615
973,0.623338085,0.3404540282,0.5221507664,1.044301533,75.13927654,4.791102824,-0.2564702772
974,0.6139046459,0.3059656372,0.5322254627,1.064450925,76.59134897,4.700269741,-0.2318947793
975,0.711004243,0.3403346919,0.6242590256,1.248518051,67.73931414,5.314491364,-0.3788212273
976,0.6124579078,0.3287835105,0.5167263222,1.033452644,76.39000346,4.712658512,-0.23531169
977,0.6127282009,0.2285333073,0.5685141825,1.137028365,77.55771747,4.64170442,-0.2154560229
978,0.655048985,0.3079476211,0.5781500111,1.156300022,72.78898116,4.945803531,-0.295891759
979,0.6026469257,0.2784695083,0.5344511671,1.068902334,78.04285936,4.612849952,-0.2071799422
980,0.5977723989,0.2950876944,0.5198606482,1.039721296,78.33446952,4.595678023,-0.2021981517
981,0.6175524895,0.2994601342,0.540087683,1.080175366,76.32885336,4.716434011,-0.2363488573
982,0.6326962884,0.3284087078,0.5407886038,1.081577208,74.46747602,4.834325255,-0.2677853383
983,0.6242124994,0.2552180649,0.5696533892,1.139306778,76.22647274,4.722768706,-0.2380847328
984,0.6565035344,0.2677866678,0.5994056983,1.198811397,73.19775385,4.918183702,-0.2890693263
985,0.6425155516,0.2830000117,0.5768337953,1.153667591,74.23690986,4.849339778,-0.2716603312
986,0.6042781552,0.2770401581,0.537029645,1.07405929,77.89766328,4.621447998,-0.2096584401
987,0.616481097,0.3241320761,0.5243923533,1.048784707,76.07169519,4.73237778,-0.2407075589
988,0.6030062573,0.2344761063,0.5555515295,1.111103059,78.44174944,4.589392799,-0.2003640854
989,0.6068174851,0.2590999099,0.5487209645,1.097441929,77.84092653,4.624816482,-0.2106265719
990,0.6512353067,0.2679655034,0.5935502621,1.187100524,73.65188642,4.887858512,-0.2814725971
991,0.6063352715,0.3138927422,0.5187618026,1.037523605,77.2228272,4.661833982,-0.221159971
992,0.6457287527,0.3108577284,0.5659797654,1.131959531,73.56379258,4.893711803,-0.282947628
993,0.582811702,0.2722658737,0.5153064855,1.030612971,80.12869328,4.492772629,-0.1714357436
994,0.5855800212,0.2726859564,0.5182145602,1.03642912,79.83615512,4.509235189,-0.1764636522
995,0.5919267389,0.2846692879,0.518980405,1.03796081,79.05344572,4.553881197,-0.1898932469
996,0.5847671759,0.3323224782,0.4811594544,0.9623189087,79.18086214,4.546553173,-0.1877094064
997,0.5979102652,0.2439114685,0.545897317,1.091794634,78.85999416,4.565052329,-0.193207091
998,0.6764079118,0.289358039,0.6113915181,1.222783036,71.25099086,5.052561314,-0.3214230893
999,0.60793061,0.2846945583,0.5371486155,1.074297231,77.44951612,4.648189144,-0.217299754
1000,0.5788010054,0.2914901738,0.5000440805,1.000088161,80.35160832,4.480308578,-0.1676014536
1001,0.6336555134,0.2575940469,0.5789340348,1.15786807,75.33344957,4.778753689,-0.2531932056
1002,0.6276012536,0.3016515479,0.550354138,1.100708276,75.34865129,4.777789567,-0.2529365217
1003,0.5870804501,0.3087175258,0.4993565302,0.9987130603,79.2657651,4.54168328,-0.1862537049
1004,0.6088298905,0.2604879553,0.5502907056,1.100581411,77.63133095,4.637302949,-0.2142012231
1005,0.6264898567,0.3001873994,0.5498882302,1.09977646,75.47277729,4.769931795,-0.2508399679
1006,0.6526610199,0.2717092159,0.593414281,1.186828562,73.48321712,4.899077832,-0.2842961866
1007,0.5674011904,0.2862296808,0.4899149729,0.9798299459,81.64581454,4.409289099,-0.1452919453
1008,0.5983401734,0.2680993242,0.5349146805,1.069829361,78.5842279,4.581071923,-0.1979271772
1009,0.6208739653,0.3031492819,0.5418348398,1.08366968,75.96119176,4.739262137,-0.2425790521
1010,0.6449791654,0.308500459,0.5664146808,1.132829362,73.66581759,4.886934154,-0.2812392745
1011,0.6594775767,0.2709366693,0.6012520232,1.202504046,72.90510159,4.937926046,-0.2939552207
1012,0.6174519343,0.2910014558,0.5445778584,1.089155717,76.44974306,4.708975931,-0.2342981873
1013,0.6197422269,0.2743198352,0.5557239025,1.111447805,76.43539415,4.709859928,-0.2345416447
1014,0.6258777035,0.3223528194,0.5364807169,1.072961434,75.20213837,4.787097918,-0.2554096744
1015,0.6396969934,0.2763451492,0.5769277267,1.153855453,74.57232301,4.827528304,-0.2660217972
1016,0.6068635885,0.2983521259,0.5284594819,1.056918964,77.38361087,4.652147864,-0.2184223879
1017,0.6138135187,0.2897577532,0.5411168822,1.082233764,76.81513399,4.686576476,-0.2280937029
1018,0.5709360593,0.2508125039,0.512894796,1.025789592,81.57482701,4.413126122,-0.1465176527
1019,0.622920958,0.263702265,0.5643506316,1.128701263,76.25624575,4.720924778,-0.237580006
1020,0.6028053868,0.3108637147,0.5164669256,1.032933851,77.61886779,4.638047555,-0.2144136924
1021,0.6420794705,0.2797131408,0.5779503485,1.155900697,74.31731751,4.844093033,-0.2703094624
1022,0.5665993156,0.2738721748,0.4960129195,0.9920258391,81.84999811,4.398289656,-0.1417651695
1023,0.5767343316,0.2373248914,0.5256418791,1.051283758,81.06710983,4.440765198,-0.155277491
1024,0.6364375881,0.3296102667,0.5444353733,1.088870747,74.10327966,4.858084577,-0.2739041674
1025,0.6154875782,0.3377050674,0.5145680192,1.029136038,75.944585,4.740298469,-0.2428602273
1026,0.6027508891,0.2103139188,0.5648687368,1.129737474,78.65740947,4.576809768,-0.1966750251
1027,0.6344209919,0.3049730423,0.5563105593,1.112621119,74.67119556,4.821136146,-0.2643579307
1028,0.5985325542,0.2734618964,0.532409438,1.064818876,78.50813359,4.585512144,-0.1992288242
1029,0.6123679794,0.3247382998,0.5191720128,1.038344026,76.46323742,4.708144883,-0.2340692155
1030,0.643663861,0.3588377401,0.5343581591,1.068716318,72.90850945,4.937695239,-0.2938983696
1031,0.6275405536,0.3368304858,0.5294831161,1.058966232,74.80506213,4.812508535,-0.2621039176
1032,0.6331964845,0.3050200005,0.5548879052,1.10977581,74.78287744,4.813936189,-0.2624775574
1033,0.606584802,0.2647374178,0.5457648043,1.091529609,77.80535636,4.626930803,-0.2112334207
1034,0.6100684794,0.1903651053,0.5796073466,1.159214693,78.09610767,4.609704769,-0.2062706589
1035,0.6116766921,0.3255443034,0.517850637,1.035701274,76.51847198,4.704746327,-0.2331318626
1036,0.6009248714,0.2865938286,0.5281805359,1.056361072,78.12019243,4.60828358,-0.2058593222
1037,0.5874784518,0.2665738533,0.5235162959,1.047032592,79.70085858,4.516889861,-0.1787874716
1038,0.6243746296,0.2260162136,0.5820312271,1.164062454,76.48973008,4.70651419,-0.2336196515
1039,0.672854932,0.3344772573,0.5838310747,1.167662149,70.85058072,5.081115727,-0.3280328231
1040,0.6440070483,0.2732220518,0.5831764644,1.166352929,74.22522085,4.850103454,-0.2718566649
1041,0.6255606781,0.2011334097,0.5923440837,1.184688167,76.58078928,4.70091786,-0.2320740529
1042,0.5865786404,0.2648202549,0.5233973003,1.046794601,79.81055487,4.510681583,-0.1769034314
1043,0.6356629942,0.278453214,0.5714291293,1.142858259,74.91083946,4.805713066,-0.2603218517
1044,0.666733923,0.3106037601,0.5899656162,1.179931232,71.75064474,5.017376517,-0.3131531197
1045,0.6336656945,0.2800985933,0.5683986193,1.136797239,75.07241812,4.795369711,-0.2575979715
1046,0.5879347744,0.2694795683,0.5225400092,1.045080018,79.62511424,4.521186606,-0.1800880028
1047,0.6445602381,0.2654515896,0.5873613488,1.174722698,74.26763376,4.847333647,-0.2711442249
1048,0.622015454,0.199214972,0.5892508973,1.178501795,76.92027177,4.680170672,-0.2263066917
1049,0.5912767043,0.2415554084,0.5396842834,1.079368567,79.54274798,4.52586828,-0.1815018752
1050,0.5916381164,0.2620448957,0.5304414514,1.060882903,79.3200558,4.53857472,-0.1853226506
1051,0.5898153247,0.2745388194,0.5220254342,1.044050868,79.38009573,4.535141923,-0.1842928064
1052,0.6468367043,0.2164540228,0.6095452223,1.219090445,74.55623783,4.828569822,-0.2662924102
1053,0.7001411262,0.3325583744,0.6161189205,1.232237841,68.70138303,5.240069182,-0.3632287408
1054,0.6276132172,0.282661619,0.5603577068,1.120715414,75.59779901,4.762043402,-0.2487270946
1055,0.6438993453,0.3019765664,0.5686972131,1.137394426,73.85719605,4.874271151,-0.278032345
1056,0.6502267013,0.3125491117,0.5701822654,1.140364531,73.14047304,4.922035435,-0.2900262397
1057,0.6425996252,0.3303947101,0.5511566146,1.102313229,73.53113681,4.895885139,-0.2834942419
1058,0.5706947317,0.2698120889,0.5028855869,1.005771174,81.44030584,4.42041562,-0.1488397464
1059,0.6713781109,0.3398414509,0.5790132607,1.158026521,70.87815617,5.079138898,-0.3275781339
1060,0.6254571836,0.3245627812,0.5346547387,1.069309477,75.20653004,4.786818376,-0.2553355667
1061,0.6654891954,0.275183219,0.6059290925,1.211858185,72.34298543,4.976294493,-0.3033182532
1062,0.5903260226,0.2710177798,0.5244370086,1.048874017,79.36421104,4.536049628,-0.1845652907
1063,0.6582265458,0.3123540988,0.579393737,1.158787474,72.44784182,4.969092122,-0.3015738739
1064,0.5897160902,0.2083958839,0.5516667677,1.103333535,79.95051687,4.502785149,-0.1744986356
1065,0.6277233929,0.268723063,0.5672958429,1.134591686,75.75361797,4.75224827,-0.2460920899
1066,0.631719451,0.2867860168,0.5628705405,1.125741081,75.16645028,4.789370772,-0.2560118405
1067,0.5788114711,0.3198678326,0.4823974385,0.964794877,80.00425809,4.499760495,-0.1735749886
1068,0.5837053282,0.3203268255,0.4879576161,0.9759152321,79.46886325,4.530076124,-0.1827698374
1069,0.587960383,0.2650831365,0.5248126739,1.049625348,79.66589068,4.518872468,-0.1793879099
1070,0.5521882504,0.302210099,0.462148158,0.9242963161,83.22395607,4.32567757,-0.117988787
1071,0.5776911523,0.2462910725,0.5225588723,1.045117745,80.89714604,4.450095184,-0.1582072511
1072,0.6549895844,0.3208874537,0.5710013991,1.142002798,72.59357111,4.959116826,-0.2991478611
1073,0.6498265847,0.2812166065,0.5858257508,1.171651502,73.61289926,4.89044724,-0.2821254749
1074,0.6359992303,0.333276181,0.5416844174,1.083368835,74.08120228,4.859532364,-0.2742747341
1075,0.6244711941,0.3121026367,0.5408846609,1.081769322,75.49185981,4.768726071,-0.2505175492
1076,0.6367814512,0.1592742688,0.6165406101,1.23308122,75.84526295,4.746506057,-0.2445414596
1077,0.6568439025,0.2353980252,0.6132142219,1.226428444,73.51704505,4.896823583,-0.2837300906
1078,0.5641799346,0.2950760039,0.4808629229,0.9617258457,81.91610898,4.394739991,-0.1406228766
1079,0.5999818679,0.2520819236,0.5444565599,1.08891312,78.58012636,4.581311035,-0.1979973458
1080,0.5683606121,0.3125336161,0.4747173097,0.9494346194,81.25379611,4.430562229,-0.1520579024
1081,0.5981032501,0.2616081847,0.5378556083,1.075711217,78.67405095,4.575841661,-0.1963902409
1082,0.6125251195,0.2787488504,0.5454228638,1.090845728,77.07320213,4.670884173,-0.2237059981
1083,0.5916325484,0.2617207217,0.5305952658,1.061190532,79.32376765,4.538362343,-0.1852589883
1084,0.6171387627,0.2962077897,0.5414066843,1.082813369,76.41197868,4.711303204,-0.2349389026
1085,0.6534973094,0.2959331245,0.5826511128,1.165302226,73.09677798,4.924977679,-0.2907559994
1086,0.6438470568,0.2912458413,0.5742080569,1.148416114,74.01037116,4.864183146,-0.2754633525
1087,0.6533286694,0.3662670568,0.5410053542,1.082010708,71.89899114,5.007024359,-0.3106931662
1088,0.5714682113,0.2615944481,0.5080789911,1.016157982,81.42908632,4.421024676,-0.14903338
1089,0.6100061998,0.3290707043,0.5136341455,1.027268291,76.6271686,4.698072584,-0.2312866051
1090,0.5910016071,0.2387187387,0.540644304,1.081288608,79.59424838,4.522939878,-0.18061788
1091,0.6143361416,0.193256104,0.5831474712,1.166294942,77.67541107,4.63467132,-0.2134496733
1092,0.620842793,0.2761959829,0.5560229785,1.112045957,76.30953417,4.717628065,-0.2366764745
1093,0.6614661781,0.2926159501,0.5932229012,1.186445802,72.45652073,4.968496919,-0.301429447
1094,0.6244569101,0.299359857,0.5480238211,1.096047642,75.67478142,4.757199073,-0.2474254985
1095,0.5610983588,0.2922496205,0.4789796734,0.9579593468,82.29168594,4.374682519,-0.1341299832
1096,0.5856122352,0.280208953,0.5142223573,1.028444715,79.75484019,4.513832629,-0.1778604158
1097,0.6267048439,0.250059918,0.5746555479,1.149311096,76.04870579,4.73380837,-0.2410969827
1098,0.6415181356,0.3467789952,0.5397127447,1.079425489,73.33663331,4.908870012,-0.2867480564
1099,0.6506510618,0.2570423555,0.5977257161,1.195451432,73.82727982,4.876246299,-0.2785338568
1100,0.5858941015,0.2598914038,0.5250984254,1.050196851,79.92775109,4.504067675,-0.1748898634
1101,0.603013583,0.3202262279,0.5109604135,1.021920827,77.46279121,4.647392566,-0.2170735904
1102,0.6301151077,0.309961055,0.5486065925,1.097213185,74.99548309,4.8002891,-0.2588951931
1103,0.6077045833,0.3067920032,0.5245793813,1.049158763,77.18718944,4.663986376,-0.2217665222
1104,0.6706975128,0.2843818768,0.6074225069,1.214845014,71.78937757,5.014669471,-0.3125110346
1105,0.5863159831,0.2467707451,0.5318558371,1.063711674,80.00147336,4.499917125,-0.1736228532
1106,0.6205952546,0.2818318204,0.5529098435,1.105819687,76.26542037,4.720356857,-0.2374244604
1107,0.6622241042,0.2712004112,0.6041449338,1.208289868,72.66796926,4.954039636,-0.2979085788
1108,0.6140882544,0.2447082717,0.5632248627,1.126449725,77.28294498,4.658207579,-0.2201365784
1109,0.5643295623,0.3053184551,0.4746035144,0.9492070288,81.79095939,4.401464449,-0.1427851071
1110,0.5921507856,0.2574481414,0.5332569806,1.066513961,79.31217966,4.539025425,-0.1854577321
1111,0.5901082448,0.3037291705,0.5059410357,1.011882071,79.01279351,4.556224176,-0.1905898042
1112,0.6927862614,0.2813584471,0.633079954,1.266159908,70.03752609,5.140101601,-0.3414046147
1113,0.7074367988,0.3290519258,0.6262520694,1.252504139,68.20127244,5.278493892,-0.3713472154
1114,0.6383027671,0.3102040974,0.5578564693,1.115712939,74.24061716,4.84909762,-0.2715980592
1115,0.6591088614,0.3355398752,0.5673072213,1.134614443,71.99130363,5.000603987,-0.3091613424
1116,0.6058400479,0.2720986361,0.541298897,1.082597794,77.79906973,4.627304687,-0.2113406661
1117,0.6346483795,0.3341275642,0.5395714377,1.079142875,74.19063702,4.852364321,-0.2724374841
1118,0.5682921894,0.2906981979,0.4883140078,0.9766280156,81.50264031,4.417034818,-0.1477638351
1119,0.6107259851,0.2270678759,0.5669448021,1.133889604,77.7605736,4.629595479,-0.2119973262
1120,0.6118790972,0.2828777228,0.5425644879,1.085128976,77.08673862,4.670063962,-0.2234757231
1121,0.6312399855,0.3371762651,0.5336441563,1.067288313,74.45302274,4.835263724,-0.2680283744
1122,0.6337816572,0.3254324322,0.5438500907,1.087700181,74.41627238,4.837651611,-0.2686462652
1123,0.6351851124,0.2988311126,0.5604998601,1.12099972,74.6881395,4.820042411,-0.2640727124
1124,0.6341072375,0.2856407573,0.5661283833,1.132256767,74.96239213,4.802408111,-0.2594530048
1125,0.6445290663,0.3157297449,0.5619007435,1.123801487,73.59612122,4.891562137,-0.2824063994
1126,0.6612263106,0.3304539543,0.5727306679,1.145461336,71.89792152,5.007098848,-0.3107109107
1127,0.6375882558,0.2775962092,0.5739853034,1.147970607,74.7469869,4.81624765,-0.2630819509
1128,0.6617850604,0.3451351001,0.5646602773,1.129320555,71.58885553,5.028715676,-0.3158335947
1129,0.6350808187,0.2724542471,0.5736691812,1.147338362,75.03602672,4.797695397,-0.2582116344
1130,0.567622885,0.2922464607,0.4866084111,0.9732168223,81.56086398,4.413881639,-0.1467587192
1131,0.615367242,0.2826033665,0.5466371555,1.093274311,76.75388518,4.690316316,-0.2291343863
1132,0.6302111191,0.2505835345,0.5782507647,1.156501529,75.72123524,4.754280604,-0.2466398545
1133,0.6111020626,0.3417276299,0.5066240795,1.013248159,76.30596821,4.717848531,-0.2367369434
1134,0.5717641315,0.2107301608,0.5315138958,1.063027792,81.76600889,4.402807535,-0.1432161001
1135,0.5894318637,0.2608280726,0.5285817235,1.057163447,79.55627598,4.525098687,-0.1812696837
1136,0.6357307716,0.2720914629,0.5745605711,1.149121142,74.98134012,4.80119453,-0.2591336106
1137,0.6233081036,0.2892027147,0.552154672,1.104309344,75.91744169,4.741993302,-0.243319757
1138,0.6229036319,0.2493419954,0.5708217794,1.141643559,76.40828675,4.711530847,-0.2350015348
1139,0.6075069315,0.2566567278,0.5506287278,1.101257456,77.79855591,4.627335248,-0.2113494312
1140,0.5708523178,0.2411086309,0.517435017,1.034870034,81.65807049,4.408627315,-0.1450803052
1141,0.592686392,0.2965260473,0.5131758592,1.026351718,78.83593115,4.566445715,-0.1936191395
1142,0.6065091178,0.2540507271,0.5507372677,1.101474535,77.92133957,4.620043777,-0.2092543772
1143,0.6595486312,0.3063490143,0.5840844788,1.168168958,72.42479068,4.970673668,-0.3019574368
1144,0.6861969228,0.2657892846,0.6326312299,1.26526246,70.75472234,5.087999614,-0.3296128319
1145,0.6247869309,0.2625163611,0.5669602007,1.133920401,76.09521554,4.730915044,-0.2403091009
1146,0.6072995462,0.3252331143,0.5128705101,1.02574102,76.95681328,4.67794838,-0.2256854222
1147,0.6307611033,0.2526047112,0.5779709589,1.155941918,75.65006006,4.758753657,-0.2478435288
1148,0.5976909176,0.2895340526,0.5228809285,1.045761857,78.41026345,4.59123569,-0.2009024456
1149,0.612649551,0.2632296001,0.5532175431,1.106435086,77.23432362,4.661140062,-0.2209642848
1150,0.6171002556,0.2442388037,0.5667099189,1.133419838,77.00216628,4.675193146,-0.2249142145
1151,0.6268928471,0.2724695858,0.5645838879,1.129167776,75.78731992,4.750134988,-0.2455219269
1152,0.6834266789,0.2421760769,0.6390796298,1.27815926,71.23925062,5.053393977,-0.3216171151
1153,0.6762995343,0.2790383657,0.6160508506,1.232101701,71.39523456,5.042353347,-0.3190381365
1154,0.6151045968,0.2739910341,0.5507109753,1.101421951,76.88034086,4.682601508,-0.2269854816
1155,0.5770394897,0.2384975373,0.5254459985,1.050891997,81.02637173,4.442997907,-0.1559798417
1156,0.5947689504,0.2981887062,0.5146198596,1.029239719,78.60165414,4.580056285,-0.1976290398
1157,0.5956664513,0.3205397488,0.5020685119,1.004137024,78.20755124,4.603136069,-0.2043670412
1158,0.6419505954,0.2853293803,0.5750545293,1.150109059,74.25752999,4.847993194,-0.2713139587
1159,0.6320028223,0.294782284,0.5590446963,1.118089393,75.03519587,4.797748521,-0.2582256437
1160,0.649462865,0.2843603642,0.5839017009,1.167803402,73.60447943,4.891006672,-0.282266456
1161,0.6470593402,0.3695890327,0.5311212071,1.062242414,72.37998592,4.973750622,-0.3027028328
1162,0.5876732706,0.2536102999,0.5301336518,1.060267304,79.80274563,4.511122984,-0.1770375772
1163,0.6157546051,0.2800185909,0.5484006952,1.09680139,76.74777166,4.690689934,-0.2292382473
1164,0.6133018372,0.2622814502,0.5543893798,1.10877876,77.18182342,4.664310638,-0.221857844
1165,0.571178653,0.245512033,0.5157217227,1.031443445,81.59022616,4.412293199,-0.1462517821
1166,0.6155491193,0.2852401421,0.5454711538,1.090942308,76.70429747,4.693348507,-0.2299767433
1167,0.6701535874,0.3226422864,0.5873736339,1.174747268,71.27455125,5.050891148,-0.3210336762
1168,0.6069424947,0.2996712429,0.5278033138,1.055606628,77.35852963,4.653656187,-0.2188495475
1169,0.6076661684,0.2494950615,0.5540851798,1.10817036,77.85328557,4.624082302,-0.2104156999
1170,0.6125605703,0.2665544117,0.5515244309,1.103048862,77.20719429,4.66277791,-0.2214260522
1171,0.6148870706,0.3231068619,0.5231520481,1.046304096,76.24259974,4.721769735,-0.2378113478
1172,0.5887055831,0.3045802153,0.5037907859,1.007581572,79.14831978,4.548422519,-0.1882672516
1173,0.6258372561,0.2532001088,0.5723303033,1.144660607,76.09671346,4.730821919,-0.2402837232
1174,0.7115284861,0.2726308624,0.6572253795,1.314450759,68.69763,5.240355453,-0.3632897689
1175,0.6376082785,0.2725569268,0.5764174169,1.152834834,74.8060012,4.812448122,-0.2620881008
1176,0.6253912921,0.3070044204,0.5448509467,1.089701893,75.4796743,4.769495938,-0.2507234391
1177,0.5486086349,0.2482351654,0.4892348484,0.9784696969,84.05203969,4.283060843,-0.1036251319
1178,0.6204958478,0.312604353,0.5359977757,1.071995551,75.86161977,4.745482644,-0.2442646369
1179,0.6030398479,0.2393760198,0.5534945161,1.106989032,78.39593236,4.592074986,-0.2011474642
1180,0.5588129642,0.2438817566,0.5027858568,1.005571714,82.93965594,4.340505105,-0.1229146277
1181,0.6695969364,0.3663870742,0.5604646011,1.120929202,70.51007159,5.105653588,-0.3336411543
1182,0.580651264,0.2900408725,0.5030230439,1.006046088,80.17028103,4.490442037,-0.1707206013
1183,0.6059356752,0.2504763783,0.5517423551,1.10348471,78.01176582,4.614688518,-0.2077108215
1184,0.6009635709,0.3593789697,0.4816679039,0.9633358078,77.00503515,4.675018969,-0.2248654259
1185,0.636117502,0.3214952958,0.5488954829,1.097790966,74.26538114,4.847480677,-0.2711820675
1186,0.6294287641,0.2981944313,0.5543109689,1.108621938,75.22654514,4.785544774,-0.2549978011
1187,0.6151488251,0.2642397769,0.555504651,1.111009302,76.9843605,4.676274475,-0.2252170108
1188,0.6474476229,0.3106620667,0.5680470972,1.136094194,73.41424511,4.90368047,-0.2854500965
1189,0.6522525182,0.2929780945,0.5827496749,1.16549935,73.24588886,4.914951619,-0.288264976
1190,0.6450094697,0.290895616,0.575688246,1.151376492,73.91163698,4.87068092,-0.2771195098
1191,0.6342675295,0.3614908565,0.5211714303,1.042342861,73.710725,4.883956846,-0.2804870414
1192,0.5928867705,0.2807017799,0.5222271856,1.044454371,78.9995728,4.556986667,-0.1908163143
1193,0.6494510123,0.2595229653,0.5953439745,1.190687949,73.90449455,4.871151643,-0.2772392845
1194,0.631093883,0.2518632843,0.5786573902,1.15731478,75.62735762,4.760182179,-0.2482273792
1195,0.6480665769,0.3141630491,0.5668261344,1.133652269,73.30609305,4.91091511,-0.2872586597
1196,0.6220405219,0.3205534649,0.533085253,1.066170506,75.59381093,4.762294632,-0.2487945117
1197,0.6285026568,0.2659306141,0.5694703663,1.138940733,75.71328259,4.754779976,-0.246774364
1198,0.5858750044,0.3184404851,0.4917775699,0.9835551397,79.2631991,4.541830308,-0.1862977061
1199,0.6091519446,0.2365844361,0.5613322512,1.122664502,77.82908509,4.625520133,-0.210828603
1200,0.6292609831,0.2932373738,0.5567595778,1.113519156,75.30902746,4.7803034,-0.2536055398
1201,0.5880009569,0.1850019169,0.5581392443,1.116278489,80.26602805,4.485085518,-0.1690737956
1202,0.6418079399,0.3732193255,0.5221348167,1.044269633,72.77099384,4.94702602,-0.2961916246
1203,0.6589328996,0.3317027394,0.5693556524,1.138711305,72.073058,4.994931671,-0.3078040488
1204,0.5897497147,0.2287280448,0.5435882702,1.08717654,79.80022883,4.511265259,-0.1770808095
1205,0.6672405637,0.3829555904,0.5464018537,1.092803707,70.33999639,5.117998557,-0.3364379653
1206,0.6076700003,0.2366849874,0.5596812004,1.119362401,77.97072512,4.617117507,-0.2084114414
1207,0.6236530299,0.3009682864,0.5462244889,1.092448978,75.72834787,4.753834068,-0.2465195487
1208,0.6180905795,0.30943292,0.535058158,1.070116316,76.13810168,4.728250272,-0.2395824632
1209,0.6047918896,0.2784730282,0.5368668385,1.073733677,77.83074236,4.62542164,-0.2108003283
1210,0.6127738212,0.2714614501,0.5493636655,1.098727331,77.13263876,4.667284898,-0.2226948033
1211,0.6286750949,0.2407979058,0.5807312146,1.161462429,75.95915353,4.739389307,-0.242613563
1212,0.6397305762,0.2525798658,0.5877572811,1.175514562,74.83948877,4.810294751,-0.2615240184
1213,0.6471921237,0.3148704373,0.5654328012,1.130865602,73.37256915,4.906465784,-0.2861471398
1214,0.6664821294,0.2638466406,0.6120321716,1.224064343,72.39571429,4.972670047,-0.3024411884
1215,0.6225435967,0.2543931998,0.5681941831,1.136388366,76.39048457,4.712628831,-0.2353035289
1216,0.5482402265,0.318867258,0.4459719921,0.8919439842,83.53104223,4.30977503,-0.1126648908
1217,0.5871057184,0.2535997535,0.5295094801,1.05901896,79.86087276,4.507839541,-0.1760390016
1218,0.5569699836,0.3196657349,0.4561023795,0.912204759,82.47918899,4.364737389,-0.1308862968
1219,0.6229948135,0.2579211503,0.5670971856,1.134194371,76.31152601,4.717504928,-0.2366426978
1220,0.5917558085,0.1822877931,0.5629796598,1.12595932,79.9105565,4.505036828,-0.1751853326
1221,0.5875317913,0.2304215755,0.5404623052,1.08092461,80.01074263,4.499395808,-0.1734635289
1222,0.5741465615,0.3099281944,0.4833102403,0.9666204805,80.64237704,4.464154123,-0.1625962302
1223,0.6028088057,0.305531408,0.5196431612,1.039286322,77.69179825,4.63369375,-0.2131702457
1224,0.6021990607,0.2638369017,0.5413259628,1.082651926,78.245156,4.600923794,-0.2037245225
1225,0.6386069857,0.3189799619,0.5532365372,1.106473074,74.07841956,4.859714909,-0.2743214388
1226,0.6651622496,0.1996385461,0.634496075,1.26899215,73.12760168,4.922901774,-0.2902412244
1227,0.6601979193,0.3414039564,0.5650704657,1.130140931,71.7930847,5.014410532,-0.312449573
1228,0.5941474197,0.2921331549,0.5173677378,1.034735476,78.73931388,4.572048984,-0.1952732429
1229,0.5891587504,0.2460932932,0.535300032,1.070600064,79.71787113,4.515925914,-0.1784953229
1230,0.6608966122,0.2624848898,0.6065360786,1.213072157,72.88365083,4.939379352,-0.2943130458
1231,0.6789189058,0.3410091541,0.5870635719,1.174127144,70.23672878,5.125523444,-0.3381347102
1232,0.6060847924,0.3221009699,0.5134099149,1.02681983,77.12627773,4.667669834,-0.222803035
1233,0.6471790463,0.245233736,0.5989166325,1.197833265,74.25631343,4.84807262,-0.2713343951
1234,0.5915371437,0.2003422229,0.5565781042,1.113156208,79.82273808,4.509993126,-0.1766941441
1235,0.6613524623,0.1925412127,0.6327044814,1.265408963,73.50237491,4.897800928,-0.2839756015
1236,0.5771630996,0.2881423753,0.5000912068,1.000182414,80.56346268,4.468526898,-0.1639550626
1237,0.6282618961,0.2498481125,0.5764450805,1.152890161,75.90747864,4.742615701,-0.2434884154
1238,0.5817158105,0.2752492295,0.5124755076,1.024951015,80.21374534,4.488008863,-0.1699730934
1239,0.5882923238,0.3046566964,0.5032615181,1.006523036,79.19059818,4.5459942,-0.1875424982
1240,0.6047296637,0.2448348601,0.5529501401,1.10590028,78.18206397,4.604636687,-0.2048024691
1241,0.6169312913,0.2933725158,0.5427124333,1.085424867,76.46901096,4.70778941,-0.2339712464
1242,0.6295412217,0.3098774532,0.5479946294,1.095989259,75.05001351,4.796801268,-0.2579757895
1243,0.6168094607,0.3067573419,0.5351204014,1.070240803,76.29943219,4.718252675,-0.2368477743
1244,0.634835545,0.3376030024,0.5376247594,1.075249519,74.11284219,4.857457754,-0.2737436485
1245,0.5982981189,0.2889785646,0.523881693,1.047763386,78.35559702,4.594438862,-0.2018370101
1246,0.6319950575,0.265592098,0.5734793721,1.146958744,75.39648542,4.774758372,-0.252128718
1247,0.6598037132,0.2550552279,0.6085127531,1.217025506,73.06030204,4.927436514,-0.2913650617
1248,0.6246698112,0.257847473,0.5689701694,1.137940339,76.1563314,4.72711846,-0.2392735488
1249,0.5979663975,0.2846953632,0.5258444283,1.051688857,78.43937505,4.589531721,-0.2004046858
1250,0.6220327805,0.3313536582,0.5264309386,1.052861877,75.42040769,4.773243888,-0.2517246623
1251,0.5781768608,0.2743286766,0.5089521191,1.017904238,80.59649311,4.466695586,-0.1633863468
1252,0.6433815658,0.2488506175,0.5933070111,1.186614022,74.55370659,4.82873376,-0.2663349931
1253,0.6326059444,0.28646746,0.5640271937,1.128054387,75.08916213,4.794300399,-0.2573155848
1254,0.6141976548,0.3038589126,0.5337682272,1.067536454,76.5921554,4.700220252,-0.231881088
1255,0.6091952412,0.2990122268,0.5307641002,1.0615282,77.14538128,4.666513977,-0.2224779837
1256,0.6086054596,0.2270883216,0.5646516623,1.129303325,77.96309446,4.617569409,-0.2085416952
1257,0.6566071151,0.3057218425,0.5810912654,1.162182531,72.68713633,4.952733292,-0.2975892232
1258,0.6717289319,0.2446911447,0.6255765355,1.251153071,72.1693585,4.988266593,-0.3062044554
1259,0.643271062,0.2998688806,0.569101321,1.138202642,73.94322396,4.868600268,-0.2765897623
1260,0.6216304101,0.2665522623,0.5615819247,1.123163849,76.34570937,4.715392692,-0.2360629893
1261,0.6900295372,0.2879542309,0.6270750538,1.254150108,70.16928137,5.130450148,-0.3392423166
1262,0.6252871014,0.2548974584,0.5709739442,1.141947888,76.13005456,4.728750059,-0.2397188192
1263,0.5853608336,0.2948361027,0.5056866402,1.01137328,79.61792902,4.521594626,-0.1802113568
1264,0.6067371951,0.2516313249,0.5520975459,1.104195092,77.92276603,4.619959202,-0.2092300318
1265,0.6194073089,0.2407952308,0.5706864912,1.141372982,76.81788181,4.686408835,-0.2280470085
1266,0.6043462779,0.2554292267,0.5477137334,1.095427467,78.11872773,4.608369983,-0.2058843385
1267,0.638008853,0.2501210653,0.5869367506,1.173873501,75.0194865,4.798753188,-0.2584905153
1268,0.6718293152,0.260996381,0.6190601892,1.238120378,71.98244004,5.001219739,-0.3093084588
1269,0.6517198585,0.3272214418,0.5636176913,1.127235383,72.77496031,4.946756391,-0.2961255024
1270,0.6124796343,0.2471123868,0.5604166046,1.120833209,77.41330669,4.650363296,-0.2179165832
1271,0.6233580446,0.299193907,0.5468621927,1.093724385,75.78052059,4.750561189,-0.2456369636
1272,0.66519005,0.3522565187,0.5642633673,1.128526735,71.16480278,5.058680499,-0.3228471681
1273,0.6141592835,0.2961832998,0.538021448,1.076042896,76.69911804,4.693665445,-0.2300647173
1274,0.6162412958,0.3022105902,0.5370494333,1.074098867,76.41739688,4.71096916,-0.234846983
1275,0.6229256762,0.3225305934,0.5329262748,1.06585255,75.47860901,4.769563254,-0.2507414379
1276,0.6298369805,0.3018439041,0.5527973223,1.105594645,75.13808289,4.791178936,-0.2564904135
1277,0.5918052159,0.2823649232,0.5200994748,1.04019895,79.09171039,4.551678023,-0.1892375118
1278,0.6062046312,0.1862819865,0.5768735359,1.153747072,78.48876474,4.586643722,-0.1995600863
1279,0.627952337,0.2681414542,0.5678241789,1.135648358,75.73908381,4.753160217,-0.2463379499
1280,0.6536916421,0.339841056,0.5584091865,1.116818373,72.38369328,4.973495876,-0.3026411623
1281,0.607105408,0.2772985159,0.5400763923,1.080152785,77.61685228,4.638167994,-0.2144480515
1282,0.6585824554,0.2716889245,0.5999299783,1.199859957,72.97259231,4.933359068,-0.2928291239
1283,0.6433097991,0.3133347314,0.5618441453,1.123688291,73.74202379,4.881883918,-0.2799626609
1284,0.6001324591,0.3492471216,0.4880424331,0.9760848662,77.28057742,4.658350287,-0.2201768862
1285,0.6303992786,0.3057472643,0.5512910854,1.102582171,75.03052515,4.798047185,-0.2583043975
1286,0.5746743119,0.2545645775,0.5152159165,1.030431833,81.14669081,4.436410116,-0.1539052383
1287,0.5720465973,0.2559277899,0.5116036315,1.023207263,81.41483244,4.421798697,-0.1492793742
1288,0.6494397606,0.2819493521,0.5850440713,1.170088143,73.63748491,4.888814446,-0.2817137796
1289,0.6393295542,0.2797145997,0.5748930523,1.149786105,74.56384618,4.828077124,-0.2661644118
1290,0.6398975457,0.3031842425,0.5635141383,1.127028277,74.19901713,4.85181629,-0.2722967533
1291,0.6231022619,0.2447270186,0.5730315132,1.146063026,76.43537856,4.709860889,-0.2345419093
1292,0.6538402512,0.2708300443,0.5951118897,1.190223779,73.39146662,4.905202424,-0.2858310925
1293,0.5850860026,0.2668312009,0.5206983202,1.04139664,79.94531947,4.503077884,-0.174587955
1294,0.6316126248,0.2883031449,0.5619749144,1.123949829,75.15671023,4.789991458,-0.2561761675
1295,0.6208134502,0.2508559272,0.567873792,1.135747584,76.58828372,4.700457857,-0.2319468192
1296,0.6416382896,0.2679471266,0.5830128918,1.166025784,74.49854809,4.832308941,-0.267262795
1297,0.6371934549,0.2992473162,0.562553591,1.125107182,74.49947219,4.832249,-0.2672472531
1298,0.6208245526,0.359600619,0.5060736309,1.012147262,75.01889881,4.798790781,-0.2585004238
1299,0.5978890028,0.2257669727,0.5536249035,1.107249807,79.01421338,4.556142301,-0.1905654769
1300,0.6660479021,0.2945528161,0.5973763022,1.194752604,72.04160976,4.997112102,-0.3083262297
1301,0.6313972711,0.2731282655,0.569265724,1.138531448,75.36419898,4.776803905,-0.2526739779
1302,0.651451119,0.2185107963,0.6137113266,1.227422653,74.13728612,4.855856194,-0.2733332926
1303,0.611275317,0.2917295408,0.5371697946,1.074339589,77.03624856,4.673124752,-0.2243345675
1304,0.5945721978,0.3065386969,0.5094606223,1.018921245,78.51456224,4.58513669,-0.1991188713
1305,0.6263339715,0.2319560761,0.5817994695,1.163598939,76.25661405,4.720901977,-0.237573762
1306,0.6340036015,0.2626520712,0.5770393887,1.154078777,75.24639964,4.784282061,-0.254662715
1307,0.6286210242,0.2842985885,0.5606591698,1.12131834,75.48390205,4.769228805,-0.2506520071
1308,0.5807561954,0.2861899858,0.5053444869,1.010688974,80.20114401,4.488714026,-0.1701898237
1309,0.6481556452,0.2793026089,0.5848895563,1.169779113,73.78377568,4.879121415,-0.2792630191
1310,0.5812561077,0.3056183579,0.4944250014,0.9888500029,79.92379603,4.50429056,-0.1749578281
1311,0.5978072946,0.3106226218,0.510771131,1.021542262,78.12822886,4.607809562,-0.2057220622
1312,0.5754596188,0.2329152716,0.5262169222,1.052433844,81.23285064,4.431704627,-0.1524192087
1313,0.6432973365,0.2611023234,0.5879260497,1.175852099,74.42897386,4.836826055,-0.2684327254
1314,0.6099975431,0.2371753919,0.5620007439,1.124001488,77.74272938,4.630658106,-0.2123016773
1315,0.5677755789,0.2562497094,0.5066608278,1.013321656,81.87111784,4.397155059,-0.1414002738
1316,0.6849726524,0.3124729384,0.6095475349,1.21909507,70.22189445,5.126606207,-0.3383783565
1317,0.6266783835,0.3544106679,0.5168354427,1.033670885,74.56233527,4.828174958,-0.2661898308
1318,0.616874907,0.3005297227,0.5387174924,1.077434985,76.37938696,4.713313557,-0.2354917758
1319,0.6566592308,0.344822919,0.5588367381,1.117673476,72.03484961,4.997581059,-0.3084384662
1320,0.6360966039,0.3181725444,0.5508040682,1.101608136,74.31977957,4.843932558,-0.2702680907
1321,0.6294562041,0.3093003074,0.5482229772,1.096445954,75.06640511,4.795753833,-0.2576993753
1322,0.6914035045,0.3607982435,0.5897994858,1.179598972,68.86161146,5.227876496,-0.3606218121
1323,0.637096276,0.294882932,0.5647439431,1.129487886,74.56838923,4.827782975,-0.26608798
1324,0.6423893932,0.2750149945,0.5805436119,1.161087224,74.34751122,4.84212577,-0.2698020628
1325,0.6502382314,0.2927725146,0.5805979781,1.161195956,73.4248373,4.902973071,-0.2852729148
1326,0.6149511205,0.3276705228,0.5203815035,1.040763007,76.16398142,4.726643661,-0.239143907
1327,0.6195447472,0.2105993769,0.5826522086,1.165304417,77.06351672,4.671471214,-0.2238707531
1328,0.6581903471,0.3073748843,0.5820096336,1.164019267,72.52618609,4.963724406,-0.3002698875
1329,0.6123198337,0.2406540215,0.5630463753,1.126092751,77.48921455,4.645807834,-0.2166233896
1330,0.6487691251,0.2995977945,0.5754498581,1.150899716,73.45924203,4.900676757,-0.2846973396
1331,0.5967183528,0.2801239793,0.5268807728,1.053761546,78.61724371,4.579148073,-0.1973623095
1332,0.5929917902,0.3077606895,0.5068753508,1.013750702,78.66135536,4.576580181,-0.1966075008
1333,0.6129464772,0.2926656511,0.5385630887,1.077126177,76.8620769,4.683714187,-0.2272959158
1334,0.6413607844,0.3080692534,0.5625273245,1.125054649,73.99609041,4.865121901,-0.2757029471
1335,0.5954641363,0.223555739,0.5519061235,1.103812247,79.27055433,4.541408888,-0.186171579
1336,0.6278548755,0.2681190795,0.5677269624,1.135453925,75.7483443,4.752579127,-0.2461813012
1337,0.6530859979,0.3327680098,0.5619490834,1.123898167,72.56127921,4.961323779,-0.2996856045
1338,0.652380915,0.3188573342,0.5691492412,1.138298482,72.8533219,4.941435621,-0.2948188992
1339,0.6801092635,0.3219504902,0.5990797043,1.198159409,70.46572855,5.1088665,-0.3343706402
1340,0.6297344912,0.2736228632,0.5671825616,1.134365123,75.51115966,4.767507235,-0.2501914304
1341,0.6417527449,0.2879942875,0.5735031612,1.147006322,74.24056411,4.849101086,-0.2715989504
1342,0.616138737,0.2814945479,0.5480764205,1.096152841,76.69335012,4.694018444,-0.2301626851
1343,0.6132179004,0.298504627,0.5356595757,1.071319151,76.7596173,4.689966061,-0.2290370025
1344,0.6062591032,0.2803318555,0.5375538586,1.075107717,77.66496184,4.63529488,-0.2136278403
1345,0.5833179411,0.2905104636,0.5058295078,1.011659016,79.88266968,4.506609524,-0.1756645018
1346,0.5706413537,0.2293912845,0.5225047303,1.045009461,81.76375021,4.40292916,-0.143255115
1347,0.6090043542,0.3101849445,0.524091217,1.048182434,77.01138523,4.674633484,-0.2247574331
1348,0.5995243401,0.2624961098,0.5390039209,1.078007842,78.5236988,4.58460319,-0.1989625988
1349,0.5874074334,0.2488730892,0.5320805186,1.064161037,79.87187272,4.507218721,-0.1758500109
1350,0.6458102733,0.3090965469,0.5670363602,1.13407272,73.58298139,4.892435631,-0.2826263901
1351,0.6475323452,0.328439073,0.5580554752,1.11611095,73.12369687,4.923164657,-0.2903064417
1352,0.6710774822,0.2797432578,0.6099907351,1.21998147,71.81778248,5.012686101,-0.3120400675
1353,0.6388311993,0.1692975225,0.6159899756,1.231979951,75.60471597,4.76160773,-0.248610163
1354,0.6229957533,0.2445177916,0.5730050247,1.146010049,76.44731615,4.709125423,-0.2343393656
1355,0.5864879666,0.2374603557,0.5362655261,1.072531052,80.06114198,4.49656339,-0.1725971621
1356,0.6540595861,0.2851823028,0.5886127729,1.177225546,73.19275042,4.918519907,-0.2891529233
1357,0.61372138,0.2847795414,0.543649285,1.08729857,76.88572604,4.682273532,-0.2268939448
1358,0.5636515706,0.1955809499,0.5286314265,1.057262853,82.70172264,4.352992761,-0.1270347865
1359,0.5971378202,0.3212191808,0.5033803871,1.006760774,78.04609817,4.612658524,-0.2071246404
1360,0.6011731177,0.3115305945,0.5141573749,1.02831475,77.77398825,4.628796955,-0.2117685125
1361,0.6156239278,0.2674131358,0.5545115286,1.109023057,76.90451426,4.681129625,-0.2265745684
1362,0.592301443,0.3123010961,0.5032782777,1.006556555,78.67196906,4.575962751,-0.196425869
1363,0.5809403355,0.2727715922,0.5129203953,1.025840791,80.31990795,4.48207685,-0.1681468775
1364,0.6122283456,0.2869355139,0.5408248867,1.081649773,77.0035924,4.67510656,-0.2248899617
1365,0.6343999725,0.2397812432,0.5873400042,1.174680008,75.44817974,4.771486883,-0.2512555273
1366,0.6127184943,0.2819650456,0.5439849873,1.087969975,77.01648814,4.674323754,-0.2246706483
1367,0.576506338,0.2527186705,0.5181629389,1.036325878,80.96865488,4.446165007,-0.1569747818
1368,0.6444740649,0.3011935399,0.5697624697,1.139524939,73.81710888,4.876918176,-0.2787043438
1369,0.6117319334,0.3053321265,0.530083249,1.060166498,76.81167449,4.686787554,-0.2281524907
1370,0.5757705736,0.2467525928,0.520216216,1.040432432,81.09483266,4.439247091,-0.1547994869
1371,0.5687995812,0.2564618346,0.5077009858,1.015401972,81.75886203,4.403192401,-0.1433395493
1372,0.5985556627,0.2514634481,0.5431712581,1.086342516,78.72713063,4.572756521,-0.1954817827
1373,0.6597829133,0.2682613791,0.6027846425,1.205569285,72.91105258,4.937523013,-0.2938559436
1374,0.6105435594,0.2770296432,0.544075376,1.088150752,77.28489227,4.658090209,-0.2201034252
1375,0.6424440246,0.2821710153,0.5771601536,1.154320307,74.25383225,4.848234618,-0.2713760751
1376,0.6014348886,0.2436091897,0.5498895234,1.099779047,78.51524526,4.585096803,-0.199107189
1377,0.6527113989,0.3153103007,0.5714994178,1.142998836,72.88021997,4.939611875,-0.2943702729
1378,0.6175697962,0.2455572996,0.5666516265,1.133303253,76.94523498,4.678652292,-0.2258822835
1379,0.6436471149,0.2640708531,0.5869822766,1.173964553,74.36440014,4.841026073,-0.2695182151
1380,0.6620804487,0.3414931948,0.5672150549,1.13443011,71.63063808,5.025782398,-0.3151415942
1381,0.6143399807,0.2840321136,0.5447378915,1.089475783,76.83524829,4.685349602,-0.2277518825
1382,0.6326274155,0.2561329827,0.5784577271,1.156915454,75.44262997,4.771837887,-0.2513492807
1383,0.5823025441,0.341737397,0.4714783181,0.9429566362,79.30123204,4.539652043,-0.1856454862
1384,0.6520010721,0.2937122132,0.5820983885,1.164196777,73.25779215,4.914153012,-0.288066037
1385,0.6052918076,0.2612018311,0.5460327607,1.092065521,77.9683465,4.617258364,-0.2084520443
1386,0.6356720231,0.2860332932,0.567682901,1.135365802,74.81476793,4.811884204,-0.2619404379
1387,0.6358296893,0.2990232579,0.5611278687,1.122255737,74.62666978,4.824012663,-0.265107326
1388,0.6404175755,0.2830414765,0.5744755814,1.148951163,74.42422479,4.837134696,-0.2685125692
1389,0.601284568,0.2734385732,0.535513285,1.07102657,78.23398095,4.601580996,-0.2039154697
1390,0.6068543133,0.3436726454,0.5001612443,1.000322489,76.69576352,4.693870737,-0.230121694
1391,0.6473146724,0.2352712281,0.6030453833,1.206090767,74.3433428,4.842397267,-0.2698721168
1392,0.6517693232,0.2332685178,0.6085959655,1.217191931,73.97467426,4.866530385,-0.2760622233
1393,0.6521353136,0.2834532988,0.587311412,1.174622824,73.38250115,4.905801715,-0.2859810378
1394,0.6852180255,0.2345815961,0.6438130297,1.287626059,71.17193924,5.058173261,-0.3227292806
1395,0.6005168795,0.2856773939,0.5282129771,1.056425954,78.17182798,4.605239628,-0.2049773308
1396,0.6646063496,0.3329932777,0.5751669992,1.150333998,71.56691001,5.030257698,-0.3161969879
1397,0.5577363579,0.2600586736,0.4933957147,0.9867914294,82.94412554,4.340271209,-0.1228372097
1398,0.6202256584,0.3339792749,0.5226257851,1.04525157,75.54937079,4.765095939,-0.2495456749
1399,0.6086907854,0.2871062445,0.5367256995,1.073451399,77.34591608,4.654415103,-0.2190643533
1400,0.6859947783,0.3114006344,0.6112433892,1.222486778,70.15622517,5.131404934,-0.3394566683
1401,0.5981176476,0.2900372541,0.5230899651,1.04617993,78.36114077,4.594113823,-0.2017422439
1402,0.628460762,0.2808490777,0.5622159059,1.124431812,75.54165441,4.765582682,-0.2496760883
1403,0.6403250051,0.2962486044,0.5676732128,1.135346426,74.25788113,4.84797027,-0.27130806
1404,0.6201988395,0.2695433239,0.558563333,1.117126666,76.44692034,4.709149805,-0.2343460815
1405,0.6485722876,0.2958358565,0.5771716888,1.154343378,73.52921117,4.896013357,-0.2835264718
1406,0.627946986,0.249751163,0.5761438829,1.152287766,75.93741696,4.740745925,-0.2429815857
1407,0.6064743181,0.2642414669,0.5458823552,1.09176471,77.82134417,4.625980235,-0.210960669
1408,0.6267956682,0.2886901631,0.5563549221,1.112709844,75.59757066,4.762057786,-0.2487309548
1409,0.6931443875,0.3387666039,0.6047200427,1.209440085,69.13895599,5.206905352,-0.3561027417
1410,0.613331229,0.2114180311,0.5757409249,1.15148185,77.63889349,4.636851246,-0.2140722936
1411,0.5535379595,0.2352188217,0.5010752224,1.002150445,83.57745204,4.30738185,-0.1118600071
1412,0.5826952239,0.3224180717,0.4853661617,0.9707323235,79.54834878,4.525549625,-0.1814057456
1413,0.5885657186,0.2586712328,0.5286764591,1.057352918,79.6650885,4.51891797,-0.1794016833
1414,0.575632723,0.2903960895,0.4970142282,0.9940284564,80.70406076,4.460742082,-0.1615338787
1415,0.6598995499,0.2992570578,0.5881433747,1.176286749,72.49764992,4.965678203,-0.3007449174
1416,0.6308844895,0.2585948805,0.5754510638,1.150902128,75.57529438,4.763461432,-0.2491075117
1417,0.5930303312,0.271567992,0.5271961679,1.054392336,79.08292021,4.552183949,-0.1893881551
1418,0.5594401589,0.2843319356,0.4817973037,0.9635946074,82.55337218,4.360815197,-0.1296025847
1419,0.6186317513,0.2625733587,0.560143263,1.120286526,76.67162036,4.695348791,-0.2305317421
1420,0.6267968707,0.2737964341,0.5638349313,1.127669863,75.78069611,4.750550186,-0.245633994
1421,0.6245458111,0.2252697837,0.5825040727,1.165008145,76.48041422,4.707087477,-0.2337777416
1422,0.6238997577,0.2785141285,0.558283788,1.116567576,75.99467376,4.737174096,-0.2420120937
1423,0.5985349086,0.2748736887,0.5316845795,1.063369159,78.49259246,4.586420052,-0.1994946232
1424,0.6341557644,0.299749809,0.5588412884,1.117682577,74.76947856,4.814798859,-0.2627032054
1425,0.6162117167,0.2530115227,0.5618736951,1.12374739,77.00018237,4.675313602,-0.2249479529
1426,0.5875806983,0.2474190832,0.532949223,1.065898446,79.86682991,4.507503308,-0.1759366525
1427,0.6064738685,0.2812835272,0.5372989209,1.074597842,77.63278591,4.637216039,-0.2141764186
1428,0.5873119948,0.2286095578,0.5409926518,1.081985304,80.04686759,4.497365241,-0.172842553
1429,0.6936795169,0.3354317627,0.6071876191,1.214375238,69.15529071,5.205675463,-0.3558363215
1430,0.6050428399,0.2661369139,0.5433672618,1.086734524,77.94144129,4.618852231,-0.2089112902
1431,0.597547917,0.327181821,0.5000155688,1.000031138,77.91430146,4.620461113,-0.2093744944
1432,0.6520608416,0.2719413436,0.5926476582,1.185295316,73.53261464,4.895786744,-0.283469507
1433,0.5680070723,0.2830363884,0.4924656709,0.9849313419,81.61013046,4.411217063,-0.1459081131
1434,0.5811287751,0.2667725378,0.5162780901,1.03255618,80.35806212,4.47994875,-0.1674904058
1435,0.68343444,0.3222201167,0.6027079145,1.205415829,70.19205332,5.12878571,-0.3388684131
1436,0.6028221371,0.2839931545,0.5317352887,1.063470577,77.96178781,4.6176468,-0.2085639992
1437,0.6318334269,0.3024376526,0.5547476414,1.109495283,74.94515438,4.803512688,-0.259743546
1438,0.6174523232,0.2855478633,0.5474575684,1.094915137,76.51836362,4.70475299,-0.2331337019
1439,0.691160715,0.259270151,0.6406887877,1.281377575,70.43460126,5.111124271,-0.3348825946
1440,0.6265229182,0.294616041,0.5529306967,1.105861393,75.54533153,4.76535072,-0.2496139425
1441,0.6249320624,0.2877639993,0.5547359402,1.10947188,75.78346929,4.750376347,-0.2455870755
1442,0.6155411526,0.2916458766,0.5420641966,1.084128393,76.62470775,4.698223466,-0.2313283903
1443,0.6288906522,0.3008199324,0.5522778473,1.104555695,75.240218,4.784675132,-0.2547670464
1444,0.6238095666,0.3030377321,0.5452582033,1.090516407,75.68482548,4.75656775,-0.2472556434
1445,0.6093987115,0.3139242865,0.5223201431,1.044640286,76.91882741,4.680258554,-0.2263312463
1446,0.5931273402,0.3221035529,0.4980455229,0.9960910458,78.44791984,4.589031815,-0.2002585744
1447,0.6197793852,0.3229628553,0.5289815502,1.0579631,75.77215458,4.751085699,-0.2457785018
1448,0.652020751,0.2789284362,0.5893470855,1.178694171,73.4500959,4.901286998,-0.2848503601
1449,0.6369614081,0.3307540148,0.5443543121,1.088708624,74.03611364,4.862491861,-0.275031416
1450,0.5983049389,0.2925420284,0.521908001,1.043816002,78.31191159,4.597001819,-0.202583714
1451,0.5812314347,0.2467759844,0.5262429042,1.052485808,80.52466636,4.470679809,-0.1646229856
1452,0.6337601652,0.3184281915,0.547955686,1.095911372,74.53006642,4.830265385,-0.2667326665
1453,0.5943912579,0.2936003704,0.5168169792,1.033633958,78.69672247,4.57452342,-0.1960022386
1454,0.6827122554,0.3030858448,0.6117474923,1.223494985,70.54454698,5.103158435,-0.3330738626
1455,0.593585376,0.2492134431,0.5387357965,1.077471593,79.24369608,4.542948119,-0.1866321282
1456,0.59676806,0.22113396,0.5542850253,1.108570051,79.16044919,4.547725584,-0.1880593347
1457,0.6407187856,0.2774412586,0.5775352026,1.155070405,74.4672211,4.834341804,-0.267789625
1458,0.6080514703,0.2359494563,0.5604056073,1.120811215,77.94046981,4.618909802,-0.2089278717
1459,0.5801731159,0.2941204613,0.5000939898,1.00018798,80.17556967,4.490145832,-0.1706296515
1460,0.6245090529,0.2876767457,0.5543046519,1.108609304,75.82419975,4.747824589,-0.2448979039
1461,0.5980296604,0.321806738,0.504063387,1.008126774,77.94590625,4.61858765,-0.2088350809
1462,0.5793126122,0.2376931167,0.5283039702,1.05660794,80.79613947,4.455658431,-0.1599476996
1463,0.6110076268,0.3175049432,0.5220353733,1.044070747,76.70765203,4.693143259,-0.2299197641
1464,0.5932517807,0.2554769899,0.5354243018,1.070848604,79.21961649,4.544328993,-0.1870449957
1465,0.6308604212,0.3267655728,0.5396379633,1.079275927,74.66477745,4.821550566,-0.2644659613
1466,0.6098205472,0.2910694858,0.5358727967,1.071745593,77.18639824,4.664034185,-0.2217799875
1467,0.5997038312,0.3006582716,0.5188923674,1.037784735,78.06861273,4.611328259,-0.2067401926
1468,0.5944125526,0.2488538097,0.5398129899,1.07962598,79.16401141,4.547520945,-0.1879982712
1469,0.5601337827,0.2390923878,0.5065418884,1.013083777,82.82686305,4.346415966,-0.1248680682
1470,0.5952314,0.2496663139,0.5403398479,1.080679696,79.07471026,4.55265658,-0.1895288506
1471,0.5872907226,0.26579894,0.5236996433,1.047399287,79.72774636,4.515366562,-0.1783257327
1472,0.628066994,0.3137393615,0.5440916853,1.088183371,75.12984674,4.791704171,-0.2566293499
1473,0.609533336,0.2690130969,0.5469578058,1.093915612,77.47271875,4.646797038,-0.2169044505
1474,0.6669932579,0.2674104663,0.6110414458,1.222082892,72.31091,4.978501861,-0.3038516539
1475,0.6534918468,0.250959965,0.6033827059,1.206765412,73.64664081,4.888206659,-0.2815604475
1476,0.6271505824,0.2912985282,0.5553944728,1.110788946,75.53064922,4.766277051,-0.2498620773
1477,0.5881473664,0.2707339233,0.5221306995,1.044261399,79.59061492,4.523146358,-0.1806802524
1478,0.5701718051,0.2693777288,0.5025251502,1.0050503,81.50078063,4.417135606,-0.1477959363
1479,0.6577586561,0.2807707504,0.5948228605,1.189645721,72.93035968,4.936215886,-0.2935338318
1480,0.6165745368,0.2396391389,0.5680996767,1.136199353,77.09502044,4.669562288,-0.2233348315
1481,0.6615176271,0.2868499176,0.5960895032,1.192179006,72.52979397,4.963477494,-0.3002098233
1482,0.604662423,0.2709596045,0.5405529932,1.081105986,77.92714848,4.619699386,-0.209155236
1483,0.5942139183,0.2548487069,0.5367888946,1.073577789,79.12872477,4.549548866,-0.1886031224
1484,0.6284103056,0.2416493327,0.5800906069,1.160181214,75.9752042,4.738388054,-0.2423417863
1485,0.6343557271,0.3086856557,0.5541844048,1.10836881,74.62312617,4.824241739,-0.2651669601
1486,0.6466659735,0.3322102108,0.5548092079,1.109618416,73.13659978,4.922296102,-0.2900909345
1487,0.6319352504,0.2616871698,0.5752060378,1.150412076,75.44551044,4.771655701,-0.2513006206
1488,0.6016055694,0.2544082924,0.545165738,1.090331476,78.39770002,4.591971447,-0.2011172433
1489,0.5905516045,0.3489144456,0.4764555669,0.9529111338,78.29054579,4.598256359,-0.2029488714
1490,0.6325410669,0.3406166936,0.5329995022,1.065999004,74.27123243,4.847098779,-0.2710837687
1491,0.592182848,0.3086317117,0.5053978551,1.01079571,78.73357304,4.572382354,-0.1953715096
1492,0.6000764956,0.2859798395,0.5275484167,1.055096833,78.21236416,4.602852808,-0.204284812
1493,0.6180020421,0.2987741477,0.5409810835,1.081962167,76.29504646,4.718523898,-0.236922141
1494,0.5659125161,0.2204154636,0.5212235598,1.04244712,82.32323411,4.37300604,-0.1335843191
1495,0.6401673612,0.2881254517,0.5716624655,1.143324931,74.38110647,4.839938757,-0.269237413
1496,0.6293266728,0.305096573,0.5504254193,1.100850839,75.13936014,4.791097493,-0.256468867
1497,0.6193736891,0.2906156845,0.546960959,1.093921918,76.27142231,4.719985403,-0.2373227008
1498,0.5924731461,0.2602654777,0.5322464748,1.06449295,79.25267261,4.542433563,-0.1864782086
1499,0.6206442774,0.2861389741,0.5507484059,1.101496812,76.20760052,4.723938263,-0.2384046306
1500,0.6193333917,0.2601662841,0.5620385704,1.124077141,76.63112686,4.697829913,-0.2312193931
1501,0.5485732062,0.2540136473,0.4862197339,0.9724394677,84.0199533,4.284696502,-0.1041821139
1502,0.6088486806,0.2534786946,0.5535749879,1.107149976,77.70021251,4.633191962,-0.2130267625
1503,0.6220162115,0.2871017543,0.5517941192,1.103588238,76.06586479,4.732740514,-0.2408063253
1504,0.6532366404,0.2525291922,0.6024509237,1.204901847,73.65190107,4.88785754,-0.2814723518
1505,0.653650009,0.285153709,0.5881714856,1.176342971,73.22867132,4.916107223,-0.2885527095
1506,0.6514870444,0.2975797918,0.5795529626,1.159105925,73.2491184,4.914734919,-0.288211002
1507,0.6090439921,0.283937269,0.5388081398,1.07761628,77.34970565,4.654187071,-0.218999819
1508,0.6265151059,0.3422854717,0.5247493057,1.049498611,74.80508956,4.812506771,-0.2621034556
1509,0.6204995231,0.297483595,0.5445394099,1.08907882,76.07424672,4.732219056,-0.2406643354
1510,0.560784442,0.2814633634,0.4850335716,0.9700671431,82.42763657,4.367467211,-0.1317782629
1511,0.6108398291,0.2892885958,0.5379938709,1.075987742,77.10928445,4.668698492,-0.2230921587
1512,0.6347994446,0.3189897448,0.5488313744,1.097662749,74.42577773,4.837033766,-0.2684864605
1513,0.6012718061,0.2977448081,0.522375166,1.044750332,77.9482195,4.618450585,-0.2087955971
1514,0.5826640986,0.2769365056,0.512643759,1.025287518,80.097094,4.494545083,-0.1719790641
1515,0.5934536038,0.2212864659,0.5506536841,1.101307368,79.48696828,4.529044293,-0.1824591587
1516,0.576476886,0.2560004427,0.5165165761,1.033033152,80.94401821,4.447518272,-0.1573994274
1517,0.6330518497,0.2899530838,0.5627449277,1.125489855,75.0030783,4.799802997,-0.258767149
1518,0.6418001706,0.2876193342,0.5737443486,1.147488697,74.24122928,4.849057639,-0.2715877773
1519,0.594395257,0.2336321448,0.5465544277,1.093108855,79.29664061,4.539914897,-0.185724228
1520,0.6249470941,0.3195418104,0.5370771842,1.074154368,75.3340101,4.778718132,-0.2531837412
1521,0.6795186142,0.3174848317,0.6007902535,1.201580507,70.58524667,5.100215937,-0.3324039952
1522,0.6720079498,0.3621756531,0.5660596089,1.132119218,70.39731196,5.113831622,-0.3354957661
1523,0.62306521,0.2017084409,0.589511629,1.179023258,76.80538462,4.687171372,-0.2282593729
1524,0.6156241318,0.2942993656,0.540722623,1.081445246,76.58247675,4.700814276,-0.2320454049
1525,0.6679351822,0.2755795759,0.608435128,1.216870256,72.13256189,4.990811231,-0.3068157655
1526,0.6367833446,0.1869790231,0.6087132929,1.217426586,75.67048772,4.757469006,-0.2474981068
1527,0.6442037543,0.2603709275,0.5892414251,1.17848285,74.35677271,4.84152266,-0.2696464102
1528,0.6594073474,0.3008607821,0.5867715396,1.173543079,72.51690384,4.964359769,-0.3004244136
1529,0.6171027984,0.3098603562,0.5336688331,1.067337666,76.22691361,4.722741391,-0.2380772592
1530,0.6154720823,0.3034118573,0.5354877486,1.070975497,76.47504994,4.707417652,-0.2338687706
1531,0.5970743956,0.2446208808,0.5446636197,1.089327239,78.93656423,4.560624135,-0.1918956995
1532,0.6554062393,0.2886060022,0.5884419376,1.176883875,73.03094092,4.929417524,-0.2918552375
1533,0.6233185494,0.3262180181,0.5311382293,1.062276459,75.38233635,4.775654582,-0.2523676803
1534,0.6432865791,0.3287826835,0.552919135,1.10583827,73.49661686,4.898184643,-0.2840719596
1535,0.6711807284,0.3031167042,0.5988353979,1.197670796,71.4900151,5.035668261,-0.3174699154
1536,0.6477794524,0.3006031967,0.5738082755,1.147616551,73.53227541,4.89580933,-0.2834751849
1537,0.6085491166,0.2187091806,0.5678893569,1.135778714,78.03635679,4.613234328,-0.2072909697
1538,0.6230178654,0.2825569229,0.5552592601,1.11051852,76.02821744,4.735084053,-0.241444008
1539,0.6424247649,0.3539266623,0.5361394373,1.072278875,73.11781149,4.923560931,-0.2904047357
1540,0.601398288,0.3184637378,0.5101575722,1.020315144,77.65202429,4.636067164,-0.2138484251
1541,0.6031881461,0.3049475552,0.5204257182,1.040851436,77.66166776,4.63549149,-0.2136840054
1542,0.6586602645,0.2839637496,0.5943045792,1.188609158,72.81184737,4.944250325,-0.2955105154
1543,0.6209172238,0.2609582099,0.5634172624,1.126834525,76.47368803,4.707501485,-0.2338918811
1544,0.6152437456,0.2891041889,0.5430871334,1.086174267,76.68556206,4.694495161,-0.2302949609
1545,0.5873843715,0.2700262534,0.5216380185,1.043276037,79.67632225,4.518280837,-0.1792087949
1546,0.6087953078,0.3080831475,0.5250871365,1.050174273,77.06157047,4.671589195,-0.2239038593
1547,0.6936658618,0.2926320831,0.6289187482,1.257837496,69.81803326,5.156260971,-0.3450028008
1548,0.6572928395,0.2944273587,0.5876618137,1.175323627,72.78913197,4.945793283,-0.2958892447
1549,0.6284657866,0.2941363538,0.555385497,1.110770994,75.37081259,4.776384752,-0.2525622924
1550,0.6639203069,0.3441285331,0.5677726011,1.135545202,71.42596675,5.040183793,-0.3185297429
1551,0.6314668246,0.3059873549,0.5523785742,1.104757148,74.92831621,4.804592151,-0.2600273295
1552,0.6044940933,0.2407458155,0.554485853,1.108971706,78.24208786,4.601104212,-0.2037769484
1553,0.6362457439,0.2936276419,0.5644390619,1.128878124,74.66264641,4.821688185,-0.2645018305
1554,0.5985190875,0.2310367899,0.5521296042,1.104259208,78.90983541,4.562168938,-0.1923535147
1555,0.6061200476,0.2950083073,0.5294823989,1.058964798,77.50019697,4.645149484,-0.2164362576
1556,0.5706410226,0.2820643025,0.4960553456,0.9921106912,81.33114723,4.426348481,-0.1507234312
1557,0.5808001836,0.2461171437,0.5260752844,1.052150569,80.5748089,4.467897658,-0.1637597104
1558,0.6205494731,0.2698352056,0.5588117844,1.117623569,76.41057299,4.711389876,-0.2349627498
1559,0.6229383733,0.2520730732,0.5696590057,1.139318011,76.37746396,4.713432227,-0.2355243945
1560,0.6034796862,0.2867794547,0.5309851937,1.061970387,77.86344706,4.623478841,-0.2102423157
1561,0.5652794158,0.243336522,0.5102236323,1.020447265,82.23870715,4.377500723,-0.1350462248
1562,0.6006726299,0.2669356745,0.5381012489,1.076202498,78.36411293,4.593939579,-0.2016914361
1563,0.6109807935,0.2524242609,0.5563987082,1.112797416,77.50521139,4.644848954,-0.2163508132
1564,0.6711482017,0.3223628455,0.5886612817,1.177322563,71.19622659,5.056447753,-0.3223280393
1565,0.5867493689,0.2380262959,0.5363005727,1.072601145,80.02999261,4.498313548,-0.1731326368
1566,0.6713858545,0.3277307803,0.5859620305,1.171924061,71.0878073,5.064159575,-0.3241187404
1567,0.6366360059,0.2660210066,0.5783927974,1.156785595,74.9699181,4.801926014,-0.2593261476
1568,0.610383776,0.2727074843,0.5460759855,1.092151971,77.34945453,4.654202181,-0.2190040953
1569,0.5977601666,0.2826193956,0.5267290518,1.053458104,78.48402169,4.586920908,-0.1996412024
1570,0.5919201366,0.2718415046,0.5258057098,1.05161142,79.19299305,4.545856725,-0.1875014414
1571,0.6187479533,0.2630597036,0.5600434109,1.120086822,76.6554015,4.69634224,-0.2308071808
1572,0.6292531388,0.2001033603,0.5965887679,1.193177536,76.25224995,4.721172165,-0.2376477485
1573,0.6483477522,0.2527883898,0.5970367139,1.194073428,74.0747563,4.859955239,-0.2743829215
1574,0.6376529314,0.3161957564,0.5537341461,1.107468292,74.20859448,4.851190115,-0.2721359094
1575,0.6057813397,0.3095988806,0.5206914294,1.041382859,77.3389459,4.654834583,-0.2191830495
1576,0.6210952336,0.2770719823,0.5558690546,1.111738109,76.27538558,4.719740153,-0.2372555042
1577,0.6377760207,0.2736150745,0.5761015913,1.152203183,74.77824506,4.814234404,-0.262555572
1578,0.6146675993,0.2351069573,0.567926911,1.135853822,77.31647629,4.656187365,-0.2195656653
1579,0.6359083341,0.2112116027,0.5998075261,1.199615052,75.56639806,4.764022228,-0.2492578841
1580,0.6769200622,0.2765851518,0.6178360821,1.235672164,71.37534986,5.043758114,-0.3193670345
1581,0.6044535703,0.2744635471,0.5385479365,1.077095873,77.90921109,4.620763,-0.209461368
1582,0.5912917751,0.3217483237,0.496088681,0.992177362,78.6447399,4.577547086,-0.196891827
1583,0.5939144912,0.28779627,0.5195264477,1.039052895,78.81428328,4.567699978,-0.1939898027
1584,0.5993118538,0.326789984,0.5023773527,1.004754705,77.73933957,4.630860025,-0.2123594916
1585,0.5900340842,0.2707099379,0.5242674414,1.048534883,79.39722981,4.53416323,-0.1839988743
1586,0.6544739551,0.3165661835,0.5728193515,1.145638703,72.70703949,4.951377508,-0.2972575677
1587,0.6333777449,0.3488113229,0.5286757311,1.057351462,74.04286586,4.862048434,-0.2749181104
1588,0.6237303756,0.295342371,0.5493746129,1.098749226,75.79740914,4.749502709,-0.2453512231
1589,0.651704112,0.2624825821,0.5965074548,1.19301491,73.67458465,4.886352623,-0.2810924332
1590,0.6006817941,0.247465806,0.5473383712,1.094676742,78.55415369,4.582825772,-0.1984416597
1591,0.6634496612,0.3466631217,0.5656767036,1.131353407,71.41872543,5.040694829,-0.3186495422
1592,0.6435485017,0.3057514549,0.5662779546,1.132555909,73.83399472,4.875802824,-0.2784212957
1593,0.6327045391,0.3113025181,0.5508228173,1.101645635,74.7361072,4.816948775,-0.2632651436
1594,0.6441513859,0.3190895295,0.5595649025,1.119129805,73.57718925,4.892820773,-0.2827233592
1595,0.6067415816,0.2999950704,0.5273881916,1.054776383,77.37412257,4.652718351,-0.2185839883
1596,0.6407298579,0.3100338661,0.5607260942,1.121452188,74.02368941,4.863307988,-0.2752398908
1597,0.6335639555,0.3378607398,0.5359602656,1.071920531,74.22555749,4.850081456,-0.2718510107
1598,0.5662679667,0.2229010715,0.5205521322,1.041104264,82.26995269,4.37583818,-0.1345058629
1599,0.641394203,0.3332856069,0.5480029452,1.09600589,73.59033181,4.89194696,-0.2825033291
1600,0.599482493,0.288367022,0.5255699003,1.051139801,78.24367158,4.601011081,-0.2037498871
1601,0.5691106192,0.2887985759,0.490389926,0.9807798519,81.43171215,4.420882117,-0.1489880623
1602,0.6112066471,0.2636016664,0.5514414991,1.102882998,77.36915009,4.65301738,-0.2186686751
1603,0.5835062856,0.2787485054,0.5126196017,1.025239203,79.99014468,4.50055443,-0.1738175696
1604,0.6384128449,0.2933229591,0.5670384486,1.134076897,74.47023451,4.834146184,-0.2677389516
1605,0.6272324776,0.2483555039,0.5759688573,1.151937715,76.01728855,4.735764809,-0.2416291056
1606,0.5644304803,0.2470512631,0.5074913206,1.014982641,82.30374217,4.374041696,-0.1339214609
1607,0.5901729986,0.2816679736,0.5186205944,1.037241189,79.2669587,4.541614891,-0.1862332372
1608,0.5927526987,0.3309165403,0.4917824775,0.983564955,78.35447116,4.594504879,-0.2018562557
1609,0.6468812508,0.3478891668,0.5453700397,1.090740079,72.83498791,4.942679478,-0.2951246502
1610,0.6020072881,0.2490276682,0.5480857556,1.096171511,78.40933661,4.591289961,-0.2009182922
1611,0.6638570425,0.2327788125,0.6217074854,1.243414971,72.94682377,4.935101782,-0.2932591254
1612,0.6619256853,0.2794924095,0.6000246711,1.200049342,72.5904987,4.959326722,-0.2991990288
1613,0.6162833219,0.2443529683,0.5657709429,1.131541886,77.07822771,4.670579627,-0.2236205073
1614,0.5918470767,0.2756938578,0.5237135276,1.047427055,79.15996966,4.547753133,-0.1880675548
1615,0.6535755185,0.3006527878,0.5803178953,1.160635791,73.02348131,4.929921082,-0.2919797614
1616,0.6547523095,0.310899713,0.5762308177,1.152461635,72.77030171,4.947073072,-0.2962031626
1617,0.6799274376,0.3150523817,0.6025307604,1.205061521,70.59012395,5.099863548,-0.3323237098
1618,0.6716934918,0.2995407286,0.6012050389,1.202410078,71.49899254,5.03503598,-0.3173213311
1619,0.634314057,0.3280752008,0.5428821102,1.08576422,74.32376677,4.843672699,-0.2702010901
1620,0.6042803073,0.2639844609,0.5435686656,1.087137331,78.03877209,4.613091549,-0.2072497302
1621,0.6098061291,0.3248589981,0.5160718424,1.032143685,76.71374341,4.692770604,-0.2298162964
1622,0.6348002687,0.2876085879,0.5659087217,1.131817443,74.87381522,4.808089436,-0.2609457126
1623,0.7039974359,0.3006327059,0.6365786408,1.273157282,68.90179126,5.224827881,-0.3599676407
1624,0.608888737,0.2409317323,0.5591935214,1.118387043,77.81531264,4.626338799,-0.2110635687
1625,0.5928203658,0.27055993,0.5274782559,1.054956512,79.11469711,4.550355537,-0.1888435517
1626,0.5955404115,0.3136832437,0.506232362,1.012464724,78.31815773,4.596635192,-0.2024769575
1627,0.6238346291,0.2666255726,0.563986213,1.127972426,76.13856879,4.728221265,-0.2395745481
1628,0.6639482034,0.3046975067,0.5899039297,1.179807859,72.07419524,4.994852857,-0.3077851639
1629,0.6184917265,0.241509209,0.5693903035,1.138780607,76.89706553,4.681583068,-0.2267011904
1630,0.5828652858,0.2891206354,0.5061039415,1.012207883,79.94597173,4.503041144,-0.1745767457
1631,0.6384244491,0.3690449754,0.520952573,1.041905146,73.16967344,4.920071159,-0.2895384641
1632,0.6455920762,0.2252761893,0.6050122043,1.210024409,74.58758914,4.826540235,-0.2657649443
1633,0.6312930059,0.2812506429,0.5651804448,1.13036089,75.27548021,4.782433788,-0.2541718645
1634,0.6364878611,0.3497266004,0.5317970499,1.0635941,73.73886945,4.882092751,-0.2800155126
1635,0.6039658669,0.2977453305,0.5254735831,1.050947166,77.67887192,4.63446483,-0.2133906617
1636,0.6349915116,0.2433104081,0.5865272927,1.173054585,75.36018583,4.777058284,-0.2527417472
1637,0.5616179012,0.290529177,0.4806323587,0.9612647174,82.24959344,4.376921331,-0.1348579613
1638,0.6488934812,0.324895374,0.5616989816,1.123397963,73.06213552,4.927312861,-0.2913344497
1639,0.6664896775,0.3373552472,0.5748042514,1.149608503,71.33148743,5.04685957,-0.320092394
1640,0.6393691288,0.3219513951,0.5523949512,1.104789902,73.96203655,4.867361917,-0.2762742149
1641,0.639757596,0.3253931979,0.5508257877,1.101651575,73.87099822,4.873360435,-0.2778009417
1642,0.6328452667,0.2929229115,0.5609717457,1.121943491,74.98273347,4.801105312,-0.2591101226
1643,0.6279575706,0.2829373184,0.5606043028,1.121208606,75.56242129,4.764272953,-0.2493251005
1644,0.6371563546,0.3290452145,0.5456165934,1.091233187,74.04705452,4.8617734,-0.2748478208
1645,0.631627907,0.2280728189,0.5890132445,1.178026489,75.80817798,4.748828024,-0.2451690119
1646,0.6813257298,0.3657520469,0.5748305752,1.14966115,69.56260409,5.175194412,-0.3491837198
1647,0.6470692613,0.2397810983,0.6010022079,1.202004416,74.32080684,4.843865605,-0.2702508286
1648,0.6353072975,0.3091685226,0.5550046728,1.110009346,74.52886386,4.830343324,-0.2667528947
1649,0.6097145323,0.2985531365,0.5316181294,1.063236259,77.10051147,4.669229725,-0.2232414145
1650,0.6770985835,0.2545526067,0.627427655,1.25485531,71.62096121,5.026461443,-0.3153018771
1651,0.6167458861,0.2859956139,0.5464265704,1.092853141,76.58032384,4.700946431,-0.2320819545
1652,0.6040815005,0.310002283,0.518471835,1.03694367,77.50294715,4.644984652,-0.2163893954
1653,0.6224186454,0.3095089084,0.5400085238,1.080017048,75.72406053,4.75410322,-0.2465920669
1654,0.6583483348,0.310311118,0.5806285732,1.161257146,72.46849717,4.967675805,-0.3012301344
1655,0.6020526329,0.2429462815,0.5508579463,1.101715893,78.46064802,4.588287366,-0.2000409209
1656,0.6789886929,0.3404422517,0.587473164,1.174946328,70.24125523,5.125193148,-0.338060361
1657,0.609024864,0.3315826358,0.510846592,1.021693184,76.68382679,4.694601392,-0.2303244329
1658,0.5524552625,0.2757642896,0.4787075033,0.9574150065,83.42144105,4.31543732,-0.1145654056
1659,0.6101980459,0.2648189466,0.5497386477,1.099477295,77.45356325,4.647946265,-0.2172308055
1660,0.6478082756,0.2617994809,0.5925509207,1.185101841,74.02284691,4.863363341,-0.2752540272
1661,0.6365209091,0.2804817149,0.5713920504,1.142784101,74.80792987,4.812324049,-0.2620556155
1662,0.6363451106,0.2338416925,0.5918219012,1.183643802,75.32957511,4.778999477,-0.2532586237
1663,0.6228517356,0.2835155004,0.554583849,1.109167698,76.03200506,4.73484817,-0.2413798568
1664,0.6718660823,0.3076253652,0.5973028271,1.194605654,71.36645188,5.04438697,-0.3195141968
1665,0.6328226978,0.2987294673,0.5578756781,1.115751356,74.90592067,4.806028639,-0.2604047399
1666,0.6185434977,0.3197946152,0.5294595949,1.05891919,75.94021533,4.74057123,-0.2429342084
1667,0.6123166766,0.2081123474,0.5758654038,1.151730808,77.75958965,4.629654061,-0.212014109
1668,0.6560992406,0.3207473271,0.5723524838,1.144704968,72.49962043,4.965543238,-0.3007121176
1669,0.6085830871,0.3089820114,0.5243123979,1.048624796,77.06991281,4.671083525,-0.2237619523
1670,0.6354389836,0.2689374161,0.5757216065,1.151443213,75.04471244,4.797140109,-0.2580651778
1671,0.6096089775,0.2634615718,0.549737306,1.099474612,77.5249094,4.643668761,-0.2160151478
1672,0.6823426216,0.3135425765,0.60603837,1.21207674,70.41754629,5.112362173,-0.3351630578
1673,0.6379080071,0.2503187643,0.5867428242,1.173485648,75.0264833,4.798305667,-0.2583725465
1674,0.6448506153,0.3275909128,0.5554426251,1.11088525,73.3765393,4.906200312,-0.2860807444
1675,0.6559421194,0.3251366074,0.5696896089,1.139379218,72.44168962,4.969514128,-0.3016762492
1676,0.6170729104,0.3140496078,0.5311796501,1.0623593,76.16859668,4.726357261,-0.2390656919
1677,0.6150459267,0.2428271292,0.5650809475,1.130161895,77.20981077,4.662619898,-0.2213815192
1678,0.5696153917,0.3116560032,0.4767936976,0.9535873953,81.12371882,4.437666384,-0.1543013858
1679,0.6277820371,0.2469980729,0.5771501002,1.1543002,75.98031787,4.738069149,-0.2422551954
1680,0.6131149187,0.2690790587,0.5509141164,1.101828233,77.12631527,4.667667562,-0.2228023962
1681,0.6429956056,0.2970435836,0.5702705133,1.140541027,74.00734276,4.864382189,-0.2755141627
1682,0.6298367781,0.2942079345,0.5568986068,1.113797214,75.24276493,4.784513173,-0.2547240607
1683,0.5750622123,0.2346085881,0.525028912,1.050057824,81.26206049,4.430111639,-0.1519153374
1684,0.6505807438,0.2943189077,0.5801996939,1.160399388,73.37367908,4.906391563,-0.2861285779
1685,0.650267607,0.3168646818,0.5678421737,1.135684347,73.07004627,4.926779417,-0.2912023676
1686,0.5961446244,0.2274778002,0.5510374431,1.102074886,79.17267345,4.547023415,-0.1878497836
1687,0.6081365201,0.3208065319,0.5166364255,1.033272851,76.94156647,4.678875366,-0.2259446558
1688,0.5938009025,0.3194453793,0.5005538547,1.001107709,78.41641478,4.590875533,-0.2007972725
1689,0.6402458036,0.3021184635,0.5644812867,1.128962573,74.18284268,4.852874155,-0.2725683726
1690,0.6353849917,0.2667512446,0.5766782995,1.153356599,75.07477856,4.795218939,-0.2575581642
1691,0.6224921391,0.2410902131,0.5739093764,1.147818753,76.52709286,4.704216331,-0.2329855433
1692,0.6315313333,0.3190825719,0.5449937039,1.089987408,74.72558861,4.817626822,-0.263442247
1693,0.6267147093,0.2615099825,0.569547062,1.139094124,75.92735157,4.741374387,-0.2431519915
1694,0.5950366023,0.3046320664,0.5111436806,1.022287361,78.49190576,4.586460177,-0.1995063675
1695,0.6663571394,0.3611935731,0.5599741422,1.119948284,70.88872612,5.078381567,-0.3274038269
1696,0.588023551,0.2546204851,0.5300378336,1.060075667,79.75782541,4.513663683,-0.1778091444
1697,0.6258260222,0.2439866556,0.576306101,1.152612202,76.19026274,4.725013237,-0.2386984957
1698,0.6059567441,0.231129999,0.5601450699,1.12029014,78.18400828,4.604522177,-0.2047692537
1699,0.6083535028,0.2423792641,0.5579841186,1.115968237,77.85361664,4.624062639,-0.210410051
1700,0.599712619,0.2536573879,0.5434272307,1.086854461,78.59178612,4.580631358,-0.1977978693
1701,0.5931138938,0.2374842346,0.5434936332,1.086987266,79.39266442,4.534423962,-0.1840771943
1702,0.6118429394,0.2440641176,0.5610565827,1.122113165,77.50306298,4.64497771,-0.2163874218
1703,0.6256835957,0.283845155,0.5575947363,1.115189473,75.76265191,4.751681613,-0.2459392639
1704,0.6423240394,0.262346234,0.5863059143,1.172611829,74.50152894,4.832115597,-0.2672126615
1705,0.6661523278,0.2364009223,0.6227949323,1.245589865,72.71845965,4.950599912,-0.2970672521
1706,0.6374551723,0.3393144704,0.5396432033,1.079286407,73.84228111,4.875255675,-0.2782823867
1707,0.5901552081,0.3169476474,0.4978226175,0.9956452349,78.83193992,4.566676913,-0.193687481
1708,0.5925072154,0.3014295983,0.5101029284,1.020205857,78.79333128,4.568914579,-0.1943485243
1709,0.6597905267,0.3073765171,0.5838177934,1.167635587,72.38879897,4.973145087,-0.3025562288
1710,0.6610786095,0.3618782707,0.5532350722,1.106470144,71.32182144,5.047543553,-0.3202522167
1711,0.6162545213,0.3151275529,0.5295887653,1.059177531,76.23161853,4.722449909,-0.2379975034
1712,0.6598212185,0.2784022216,0.5982108686,1.196421737,72.7836707,4.946164387,-0.2959802923
1713,0.6741574411,0.2448398129,0.6281255618,1.256251124,71.96717767,5.002280368,-0.3095617637
1714,0.6202426986,0.3243603677,0.5286694214,1.057338843,75.70561154,4.755261766,-0.2469041063
1715,0.6220348649,0.3005109529,0.5446288096,1.089257619,75.88752488,4.743862718,-0.2438261781
1716,0.5667483116,0.3041545789,0.4782192393,0.9564384787,81.53125741,4.415484459,-0.1472698367
1717,0.5600117087,0.2692988978,0.4910104047,0.9820208093,82.61813225,4.357396981,-0.1284817586
1718,0.6154978024,0.2554141633,0.5600010267,1.120002053,77.04361014,4.672678232,-0.2242093567
1719,0.6224320759,0.2712475534,0.5602200049,1.12044001,76.21751186,4.723323961,-0.2382366293
1720,0.6085227853,0.2522297675,0.5537870752,1.10757415,77.74397115,4.630584143,-0.2122804984
1721,0.6126010847,0.3007929154,0.5336700394,1.067340079,76.78891731,4.688176531,-0.2285391846
1722,0.6046643338,0.2345109333,0.5573361452,1.11467229,78.28026765,4.598860106,-0.2031245222
1723,0.6158244322,0.2392535603,0.5674482048,1.13489641,77.16940739,4.665061093,-0.2220691389
1724,0.5604723549,0.1642877191,0.5358533437,1.071706687,83.17547744,4.32819878,-0.1188289462
1725,0.6205243855,0.2611229329,0.5629079205,1.125815841,76.50882751,4.705339393,-0.233295549
1726,0.6431151716,0.325854752,0.5544509036,1.108901807,73.56069841,4.893917646,-0.2829994242
1727,0.6890548167,0.2622078413,0.637215496,1.274430992,70.56820476,5.101447617,-0.3326845047
1728,0.6063090833,0.3303184089,0.5084293984,1.016858797,76.97533835,4.676822573,-0.2253704286
1729,0.629959632,0.2616972085,0.5730302863,1.146060573,75.62627113,4.760250566,-0.2482457485
1730,0.597275783,0.3292375509,0.4983382346,0.9966764691,77.91056385,4.62068277,-0.2094382816
1731,0.5597415952,0.2648786298,0.4931023878,0.9862047757,82.68367813,4.353942739,-0.1273471648
1732,0.5869923114,0.3012664596,0.5037841739,1.007568348,79.36930985,4.535758226,-0.1844778278
1733,0.5954886515,0.2402565687,0.544870182,1.089740364,79.13232057,4.549342133,-0.1885414897
1734,0.6561952741,0.3041526243,0.5814494122,1.162898824,72.74574039,4.948743364,-0.2966125744
1735,0.628097491,0.241541614,0.5797966083,1.159593217,76.00493777,4.736534369,-0.2418382742
1736,0.6072753062,0.2570694615,0.5501805063,1.100361013,77.81690812,4.626243945,-0.2110363494
1737,0.60964056,0.3088970673,0.525589397,1.051178794,76.96691267,4.677334552,-0.2255136987
1738,0.6419846723,0.3058198991,0.5644630269,1.128926054,73.97307087,4.866635868,-0.2760891202
1739,0.5928114317,0.2539786754,0.5356493499,1.0712987,79.27796231,4.540984525,-0.1860445442
1740,0.6362121674,0.2921123406,0.5651869624,1.130373925,74.68601708,4.820179387,-0.2641084404
1741,0.5893448436,0.264503894,0.5266545687,1.053309137,79.52969595,4.526611044,-0.1817258879
1742,0.5822316671,0.2333802836,0.5334110586,1.066822117,80.52807653,4.470490486,-0.1645642786
1743,0.6103737175,0.289445432,0.5373801419,1.074760284,77.15273178,4.666069389,-0.2223529068
1744,0.6569695601,0.3134134069,0.5773915822,1.154783164,72.53989099,4.962786614,-0.3000417212
1745,0.5965588603,0.2846769761,0.5242532719,1.048506544,78.58167809,4.581220569,-0.1979707991
1746,0.6320765835,0.265418132,0.5736497386,1.147299477,75.39099848,4.775105878,-0.2522213882
1747,0.6623738275,0.272537822,0.6037070672,1.207414134,72.63900422,4.956015076,-0.298391122
1748,0.5790656262,0.2538506958,0.5204582824,1.040916565,80.69049191,4.461492197,-0.1617675851
1749,0.5792947241,0.2711498913,0.5119180734,1.023836147,80.50907263,4.471545731,-0.1648914281
1750,0.7104189018,0.2484548806,0.6655562999,1.3311126,69.05915623,5.212922075,-0.357403864
1751,0.6191116833,0.2868594393,0.5486446377,1.097289275,76.34395922,4.71550079,-0.2360926718
1752,0.64658178,0.3271173105,0.5577295612,1.115459122,73.23017785,4.916006086,-0.2885275341
1753,0.6817723448,0.3242306817,0.5997399396,1.199479879,70.29360341,5.121376378,-0.3372003636
1754,0.586827038,0.2358216105,0.5373584843,1.074716969,80.03979968,4.497762381,-0.1729640535
1755,0.6295800368,0.296382626,0.555453294,1.110906588,75.23723124,4.784865073,-0.2548174547
1756,0.6399059588,0.2649573953,0.5824750765,1.164950153,74.68787592,4.820059422,-0.2640771494
1757,0.6089479246,0.2314845576,0.563233943,1.126467886,77.89312608,4.621717193,-0.2097358686
1758,0.5773916504,0.2773266121,0.5064297268,1.012859454,80.65041744,4.463709072,-0.1624577646
1759,0.6419826724,0.3073758426,0.5636149777,1.127229955,73.95043787,4.868125333,-0.2764687654
1760,0.616434429,0.2098084661,0.5796307556,1.159261511,77.35965764,4.65358833,-0.2188303372
1761,0.6741672131,0.2765853885,0.614818635,1.22963727,71.60180461,5.02780624,-0.3156191506
1762,0.613306657,0.284958806,0.5430870413,1.086174083,76.92354698,4.679971402,-0.2262510111
1763,0.5596509729,0.2888972722,0.4793199115,0.9586398229,82.48759857,4.364292405,-0.1307407832
1764,0.5810732627,0.3073707122,0.4931220761,0.9862441521,79.92165578,4.504411182,-0.1749946061
1765,0.6499657793,0.3018330406,0.5756321133,1.151264227,73.32213724,4.909840514,-0.2869904267
1766,0.6363539069,0.2504282003,0.5850059925,1.170011985,75.16512114,4.789455462,-0.2560342652
1767,0.6354095347,0.3169933303,0.5506909345,1.101381869,74.40100331,4.838644427,-0.2689029546
1768,0.6516069526,0.2849190884,0.5860142778,1.172028556,73.40959233,4.903991271,-0.2855279231
1769,0.5925074052,0.2734287241,0.5256441363,1.051288273,79.11661577,4.550245185,-0.1888106671
1770,0.6271153501,0.2774791076,0.5623868838,1.124773768,75.70736225,4.755151801,-0.2468744964
1771,0.6672459993,0.3241337313,0.5832276981,1.166455396,71.49364221,5.035412785,-0.3174098846
1772,0.6197292382,0.2210432426,0.5789682319,1.157936464,76.96251984,4.677601523,-0.2255883925
1773,0.6329836635,0.3281928209,0.5412557534,1.082511507,74.44449537,4.835817587,-0.2681717564
1774,0.6195082756,0.2997406478,0.5421679146,1.084335829,76.13809481,4.728250699,-0.2395825796
1775,0.5722667166,0.2703534347,0.5043790393,1.008758079,81.26577632,4.429909075,-0.1518512363
1776,0.6227862449,0.3038192297,0.5436511589,1.087302318,75.77050563,4.751189094,-0.2458063985
1777,0.7105008405,0.3014108356,0.6433995279,1.286799056,68.39449199,5.263581752,-0.3682139331
1778,0.6784011401,0.3111401342,0.6028432,1.2056864,70.77492288,5.086547401,-0.3292799483
1779,0.5707731823,0.2616059058,0.5072912139,1.014582428,81.50366282,4.416979404,-0.1477461848
1780,0.670722798,0.2764157869,0.6111165065,1.222233013,71.88937773,5.007693923,-0.3108526438
1781,0.6682277079,0.3615085475,0.5619962986,1.123992597,70.72543491,5.090106557,-0.3300953853
1782,0.6670196191,0.2406359682,0.6221008785,1.244201757,72.60330647,4.95845186,-0.2989857237
1783,0.6355114343,0.2462813915,0.5858500315,1.171700063,75.28353965,4.781921808,-0.2540358179
1784,0.5920486229,0.2031946102,0.556087693,1.112175386,79.75353832,4.513906312,-0.1778827754
1785,0.6039313928,0.2770351147,0.5366420338,1.073284068,77.9319491,4.619414812,-0.2090733018
1786,0.6066251085,0.2671010347,0.5446568273,1.089313655,77.77638019,4.628654601,-0.2117277117
1787,0.6236914904,0.3149551935,0.5383254604,1.076650921,75.52288305,4.766767177,-0.2499933209
1788,0.6112177478,0.301154767,0.5318768105,1.063753621,76.918853,4.680256998,-0.2263308114
1789,0.6359443922,0.2018024993,0.603076298,1.206152596,75.63729872,4.759556543,-0.2480593009
1790,0.6300868323,0.3026778643,0.5526260279,1.105252056,75.10319528,4.793404577,-0.2570788997
1791,0.6691923024,0.3400786494,0.5763374444,1.152674889,71.05606062,5.066422158,-0.3246428634
1792,0.6491194886,0.2567725557,0.5961744419,1.192348884,73.96396627,4.867234927,-0.2762418457
1793,0.6306258335,0.3421078179,0.5297652149,1.05953043,74.42249321,4.837247242,-0.268541681
1794,0.6211963372,0.255748393,0.5661074534,1.132214907,76.50243885,4.705732332,-0.2334039738
1795,0.6215705971,0.2866971025,0.5515022925,1.103004585,76.11302192,4.729808263,-0.2400074163
1796,0.6607511717,0.2532167576,0.6103059761,1.220611952,72.99975541,4.931523373,-0.2923757871
1797,0.6311609102,0.3162422049,0.5462187863,1.092437573,74.80393334,4.812581156,-0.2621229298
1798,0.6214004652,0.2374158041,0.5742580204,1.148516041,76.6631821,4.695865605,-0.2306750482
1799,0.6719236678,0.2867186126,0.6076790703,1.215358141,71.65659967,5.023961529,-0.3147115354
1800,0.6211538552,0.1953105061,0.5896489787,1.179297957,77.02759398,4.67364981,-0.224481766
1801,0.6058115655,0.3139358807,0.5181234561,1.036246912,77.27437814,4.658724,-0.2202824275
1802,0.5882089192,0.244925102,0.5347910125,1.069582025,79.82432286,4.509903587,-0.1766669195
1803,0.6415275312,0.3034506793,0.5652214243,1.130442849,74.04844346,4.861682207,-0.2748245126
1804,0.5821640055,0.3076367877,0.4942413744,0.9884827488,79.8014744,4.511194846,-0.1770594139
1805,0.6299962658,0.2748440966,0.5668827193,1.133765439,75.4725817,4.769944155,-0.2508432723
1806,0.6497403345,0.2543224275,0.5978984906,1.195796981,73.93645443,4.869046031,-0.2767033016
1807,0.6157365741,0.3497292273,0.5067750944,1.013550189,75.70465244,4.75532201,-0.2469203274
1808,0.646811222,0.312115118,0.56652353,1.13304706,73.4486117,4.901386039,-0.2848751909
1809,0.6618478578,0.2871557378,0.5963087867,1.192617573,72.49762736,4.965679749,-0.3007452931
1810,0.5823343908,0.2810021574,0.5100501252,1.02010025,80.08960641,4.494965278,-0.1721077985
1811,0.633963714,0.2837045977,0.5669406423,1.133881285,75.00012226,4.799992175,-0.258816984
1812,0.6666999918,0.2502593424,0.6179475225,1.235895045,72.52945693,4.963500559,-0.3002154345
1813,0.6009777803,0.3766471112,0.4683067863,0.9366135726,76.64540669,4.696954658,-0.2309769096
1814,0.6066668141,0.3223178096,0.5139609449,1.02792189,77.06485419,4.67139014,-0.2238480024
1815,0.5651191695,0.218901399,0.5210008188,1.042001638,82.41692928,4.368034615,-0.1319635083
1816,0.6257720313,0.3012387733,0.5484941537,1.096988307,75.52542054,4.766607024,-0.2499504394
1817,0.6655940846,0.4172750956,0.5185527746,1.037105549,69.58374913,5.173621779,-0.3488378756
1818,0.6086807003,0.2410798609,0.5589031183,1.117806237,77.83398212,4.625229112,-0.2107450541
1819,0.6591519105,0.2945133601,0.5896974833,1.179394967,72.62820485,4.956752005,-0.2985710146
1820,0.5920506925,0.232815657,0.5443536464,1.088707293,79.53724453,4.52618144,-0.1815963323
1821,0.5576378939,0.2569692823,0.4949008069,0.9898016138,82.97789277,4.338504968,-0.1222523022
1822,0.5960402827,0.229590872,0.5500473162,1.100094632,79.16614464,4.547398407,-0.1879617032
1823,0.6224989113,0.2919227034,0.5498054472,1.099610894,75.95850611,4.739429702,-0.2426245251
1824,0.6478165035,0.3098292668,0.5689218291,1.137843658,73.39414939,4.905023125,-0.2857862225
1825,0.6434011935,0.2934992867,0.5725585249,1.14511705,74.01973616,4.863567728,-0.2753062223
1826,0.5742532728,0.2989339155,0.4903114679,0.9806229358,80.75973009,4.457667201,-0.1605749495
1827,0.6469190548,0.2992726239,0.5735330505,1.147066101,73.62718863,4.889498115,-0.2818862008
1828,0.6026132822,0.2949649864,0.5254887484,1.050977497,77.84916633,4.624326977,-0.2104859841
1829,0.6277334659,0.2515350121,0.5751342817,1.150268563,75.93884365,4.740656859,-0.2429574316
1830,0.629868796,0.2247426565,0.5884092441,1.176818488,75.9974516,4.737000944,-0.2419650522
1831,0.616678072,0.2798803319,0.5495078201,1.09901564,76.66112861,4.695991391,-0.2307099216
1832,0.6286621859,0.3438697239,0.5262791626,1.052558325,74.57422844,4.827404956,-0.2659897393
1833,0.5968910224,0.3086798735,0.5108773124,1.021754625,78.24825217,4.600741742,-0.2036716172
1834,0.6361122495,0.2694496116,0.5762253906,1.152450781,74.97776798,4.801423271,-0.259193826
1835,0.6702251933,0.2634818324,0.6162622281,1.232524456,72.08699076,4.993966265,-0.3075726733
1836,0.6456870387,0.255877658,0.5928223815,1.185644763,74.27520091,4.846839801,-0.2710170984
1837,0.5985351883,0.260943774,0.5386582575,1.077316515,78.63763791,4.577960498,-0.1970133524
1838,0.6292921217,0.2845697917,0.5612740935,1.122548187,75.41839182,4.773371472,-0.2517587127
1839,0.61259761,0.2588460682,0.5552247695,1.110449539,77.28521828,4.65807056,-0.220097875
1840,0.6386851615,0.3334629841,0.5447211889,1.089442378,73.83273202,4.875886211,-0.2784424625
1841,0.6147231741,0.2927352986,0.540546599,1.081093198,76.68948203,4.694255202,-0.2302283829
1842,0.6572469131,0.29423538,0.5877065985,1.175413197,72.79573664,4.945344557,-0.2957791311
1843,0.5471589075,0.2579482125,0.4825407648,0.9650815297,84.15673451,4.27773252,-0.1018075279
1844,0.5916785377,0.2872828657,0.517254335,1.03450867,79.04916719,4.554127675,-0.189966562
1845,0.6790828394,0.2764525255,0.6202640599,1.24052812,71.20013303,5.056170328,-0.3222634973
1846,0.6333999197,0.3024370786,0.5565314653,1.113062931,74.80103489,4.812767638,-0.2621717482
1847,0.6726547604,0.3245308697,0.5891893934,1.178378787,71.0356304,5.067879288,-0.324980104
1848,0.5998547108,0.2847358364,0.5279689172,1.055937834,78.24916978,4.60068779,-0.2036559376
1849,0.5863646268,0.2729890239,0.5189416811,1.037883362,79.75176055,4.514006932,-0.1779133083
1850,0.6303472366,0.3350338282,0.5339381731,1.067876346,74.57341626,4.827457532,-0.2660034038
1851,0.5942130573,0.283021066,0.5224827592,1.044965518,78.83854384,4.566294384,-0.1935744022
1852,0.6452415753,0.2969938201,0.5728275144,1.145655029,73.80784849,4.877530064,-0.2788595605
1853,0.5931192684,0.2553103719,0.5353569655,1.070713931,79.23452946,4.543473691,-0.1867893025
1854,0.612038686,0.3045470583,0.5308883521,1.061776704,76.79257202,4.687953412,-0.2284770856
1855,0.653533839,0.3233597398,0.567930416,1.135860832,72.68015156,4.953209264,-0.2977056051
1856,0.5675353889,0.2673877586,0.5005998444,1.001199689,81.80461088,4.400729936,-0.1425492809
1857,0.6099221204,0.2140608808,0.5711242705,1.142248541,77.94157911,4.618844064,-0.208908938
1858,0.6302223555,0.2978249958,0.5554101991,1.110820398,75.1581089,4.789902317,-0.2561525705
1859,0.6827194198,0.2769914691,0.6240044328,1.248008866,70.89795872,5.077720241,-0.3272515646
1860,0.6333758681,0.288945061,0.5636273078,1.127254616,74.98657937,4.800859074,-0.2590452909
1861,0.6103675076,0.353373182,0.4976704619,0.9953409238,76.16646478,4.726489552,-0.2391018216
1862,0.6108084997,0.2272442102,0.5669630432,1.133926086,77.75122761,4.630151974,-0.212156734
1863,0.6219184451,0.3209223153,0.532720771,1.065441542,75.59968659,4.761924503,-0.2486951853
1864,0.6471389782,0.2822527436,0.5823420351,1.16468407,73.83603958,4.875667791,-0.2783870171
1865,0.6480807122,0.3104619592,0.5688778264,1.137755653,73.36127346,4.907221249,-0.2863360377
1866,0.5912242256,0.289997657,0.5152159197,1.030431839,79.06449613,4.553244726,-0.1897038866
1867,0.6431698373,0.3143831618,0.5610977341,1.122195468,73.73848401,4.88211827,-0.2800219706
1868,0.5507931724,0.2440616023,0.4937682179,0.9875364358,83.83065407,4.294371838,-0.1074674551
1869,0.6194319878,0.2797561306,0.5526594746,1.105318949,76.40062786,4.712003161,-0.235131462
1870,0.6228181528,0.2935812421,0.5492836295,1.098567259,75.90667819,4.742665712,-0.2435019653
1871,0.645609102,0.3401046288,0.5487622018,1.097524404,73.09193215,4.925304195,-0.2908369202
1872,0.5967791279,0.2917194272,0.5206199221,1.041239844,78.47632921,4.587370531,-0.1997727569
1873,0.5672713603,0.2568037174,0.5058148346,1.011629669,81.92124196,4.394464627,-0.1405341788
1874,0.6305261437,0.2563690684,0.5760539199,1.15210784,75.63194402,4.759893517,-0.248149836
1875,0.5656866555,0.239835689,0.5123282487,1.024656497,82.21963385,4.378516215,-0.1353760597
1876,0.5538556636,0.2239518244,0.5065586604,1.013117321,83.60710009,4.305854403,-0.1113457837
1877,0.5582223676,0.1868280298,0.5260299411,1.052059882,83.3195658,4.320713827,-0.1163315748
1878,0.6502170254,0.266652473,0.59302499,1.18604998,73.75613058,4.880950196,-0.2797262882
1879,0.5820809188,0.2614575247,0.5200559189,1.040111838,80.30819877,4.48273035,-0.1683483281
1880,0.5873191601,0.2018400476,0.55154727,1.10309454,80.23278271,4.486943963,-0.1696456542
1881,0.6642207653,0.2756152824,0.6043388464,1.208677693,72.44466132,4.969310277,-0.3016267991
1882,0.5738125543,0.2120803996,0.5331817248,1.06636345,81.54454077,4.414765189,-0.1470405223
1883,0.6476811035,0.2370388445,0.6027465454,1.205493091,74.29415061,4.845603551,-0.2706987268
1884,0.6092237234,0.241567298,0.5592841726,1.118568345,77.77729351,4.628600247,-0.2117121326
1885,0.5887369241,0.2669150991,0.5247547005,1.049509401,79.56824563,4.524417965,-0.1810642308
1886,0.630123572,0.2704729577,0.5691222146,1.138244429,75.51220142,4.767441463,-0.2501738265
1887,0.6045462345,0.3070706095,0.5207530993,1.041506199,77.49706712,4.645337086,-0.2164895886
1888,0.6105380842,0.2747589599,0.5452194661,1.090438932,77.31137757,4.656494442,-0.2196524821
1889,0.5452825626,0.2536864813,0.4826761257,0.9653522513,84.39926338,4.265440071,-0.09759569481
1890,0.5958145497,0.2650471681,0.5336150076,1.067230015,78.86858476,4.56455509,-0.1930599798
1891,0.6283542596,0.249732021,0.5765960399,1.15319208,75.9001719,4.743072262,-0.243612102
1892,0.6319758344,0.2812391511,0.5659487566,1.131897513,75.21293288,4.786410877,-0.2552275188
1893,0.6267920695,0.3040116121,0.5481288518,1.096257704,75.39105076,4.775102567,-0.2522205052
1894,0.5944441489,0.233975188,0.5464608473,1.092921695,79.28896613,4.540354321,-0.1858558409
1895,0.6597835607,0.2563773114,0.6079350468,1.215870094,73.04742085,4.928305418,-0.291580119
1896,0.5702090469,0.3143079118,0.4757613832,0.9515227664,81.02524209,4.44305985,-0.1559993163
1897,0.6606046277,0.3033381018,0.5868427985,1.173685597,72.37862642,4.973844045,-0.3027254474
1898,0.6019373172,0.2403262592,0.5518802614,1.103760523,78.49529203,4.586262318,-0.1994484537
1899,0.6270104149,0.2490075279,0.5754453158,1.150890632,76.03117956,4.734899578,-0.2413938386
1900,0.6158047916,0.3056038729,0.5346230581,1.069246116,76.41249309,4.711271488,-0.2349301758
1901,0.6181168367,0.321173861,0.5281247721,1.056249544,75.95995505,4.739339297,-0.2425999918
1902,0.6159093079,0.3084040837,0.5331333761,1.066266752,76.36287332,4.714332821,-0.2357718777
1903,0.6702140788,0.3034535195,0.5975808505,1.195161701,71.5656298,5.030347682,-0.3162181854
1904,0.6134200302,0.2914681189,0.5397503767,1.079500753,76.83151478,4.685577279,-0.2278153315
1905,0.6554834937,0.3360933963,0.5627609079,1.125521816,72.29457668,4.97962664,-0.3041232335
1906,0.6144793603,0.3011573588,0.5356203221,1.071240644,76.60180948,4.699627887,-0.2317171818
1907,0.6709138071,0.3066792481,0.5967186735,1.193437347,71.45976471,5.037799963,-0.3179705272
1908,0.6307480521,0.2865294677,0.5619109978,1.123821996,75.25912735,4.783472951,-0.2544478923
1909,0.645057812,0.3018339325,0.5700840798,1.14016816,73.75600059,4.880958798,-0.2797284664
1910,0.6050641028,0.271383725,0.540789647,1.081579294,77.88305336,4.622314926,-0.2099077572
1911,0.6087471798,0.2931919378,0.5334900341,1.066980068,77.26464559,4.65931083,-0.2204481169
1912,0.5781488218,0.2303887115,0.5302613523,1.060522705,80.97144596,4.446011748,-0.1569266719
1913,0.6179910645,0.3128470539,0.5329537285,1.065907457,76.09794945,4.730745081,-0.2402627832
1914,0.6369885638,0.2594275212,0.581766097,1.163532194,75.0118842,4.799239532,-0.2586186887
1915,0.7185886948,0.3557912992,0.624325447,1.248650894,66.89438315,5.381617754,-0.3924272871
1916,0.5966183953,0.2541858263,0.5397620544,1.079524109,78.89423467,4.563071073,-0.1926207072
1917,0.6154182649,0.2294980379,0.5710256486,1.142051297,77.29489594,4.65748735,-0.2199331068
1918,0.6060245869,0.3455911355,0.4978278487,0.9956556974,76.74532183,4.690839668,-0.229279866
1919,0.6179376708,0.2566376664,0.5621246064,1.124249213,76.79982331,4.687510784,-0.2283538724
1920,0.6580714796,0.322306812,0.5737389574,1.147477915,72.30411351,4.978969833,-0.3039646644
1921,0.6093551677,0.2751082298,0.5437179253,1.087435851,77.42224594,4.64982636,-0.2177643108
1922,0.5570961053,0.2900227168,0.4756499703,0.9512999406,82.76828526,4.349492065,-0.1258823762
1923,0.6726419378,0.2687240039,0.6166316455,1.233263291,71.82440404,5.012223976,-0.3119302678
1924,0.5458871834,0.2275669456,0.4961915984,0.9923831967,84.47540277,4.261595544,-0.09627306988
1925,0.6228243032,0.2599883626,0.5659648081,1.131929616,76.3054694,4.717879371,-0.2367454018
1926,0.6287663216,0.3108853646,0.5465321374,1.093064275,75.10723246,4.793146921,-0.2570108053
1927,0.5900878025,0.3028321547,0.5064546384,1.012909277,79.0262955,4.555445725,-0.1903584644
1928,0.6004672784,0.2889991373,0.5263463224,1.052692645,78.13727826,4.607275913,-0.2055674961
1929,0.6408311232,0.2641385755,0.5838624337,1.167724867,74.61441065,4.824805247,-0.2653136264
1930,0.6204532043,0.2880366739,0.5495425855,1.099085171,76.20181187,4.724297115,-0.2385027471
1931,0.6341004125,0.2484596484,0.5833962087,1.166792417,75.38896379,4.775234755,-0.252255752
1932,0.6741369449,0.2995484049,0.603929941,1.207859882,71.29645796,5.0493392,-0.3206715467
1933,0.6257283058,0.3042838597,0.5467606838,1.093521368,75.48684048,4.769043157,-0.2506023587
1934,0.5957490554,0.2651586054,0.5334865049,1.06697301,78.87403963,4.564239409,-0.1929665645
1935,0.5855114748,0.2379816799,0.5349658,1.0699316,80.15642517,4.491218255,-0.1709588765
1936,0.651889044,0.3136855989,0.5714548721,1.142909744,72.97725954,4.933043557,-0.2927512352
1937,0.6342411764,0.2413140694,0.586540186,1.173080372,75.44761566,4.771522557,-0.2512650566
1938,0.6154435828,0.328769078,0.5202707919,1.040541584,76.09825671,4.730725979,-0.2402575775
1939,0.6565841516,0.3348976152,0.5647533404,1.129506681,72.22020972,4.984754287,-0.305359445
1940,0.5885642198,0.2622247839,0.5269212498,1.0538425,79.63159336,4.520818745,-0.1799767685
1941,0.6669831451,0.3050786007,0.5931218789,1.186243758,71.81238308,5.013062993,-0.3121295981
1942,0.6428990122,0.2977160519,0.5698107514,1.139621503,74.00664012,4.864428373,-0.2755259515
1943,0.6666615182,0.3332760396,0.5773773994,1.154754799,71.38853597,5.042826487,-0.3191489373
1944,0.5816126584,0.2879569215,0.5053257323,1.010651465,80.09121681,4.494874898,-0.1720801111
1945,0.5740499065,0.3166377257,0.4788254858,0.9576509715,80.56922632,4.468207236,-0.1638558286
1946,0.633620239,0.2568709339,0.5792166526,1.158433305,75.3444363,4.77805685,-0.2530076944
1947,0.6242845352,0.2721969553,0.5618184746,1.123636949,76.0332158,4.734772773,-0.2413593501
1948,0.6414921747,0.309444871,0.5619217757,1.123843551,73.96385223,4.867242432,-0.2762437586
1949,0.6632503746,0.2286584776,0.6225884355,1.245176871,73.03731858,4.928987085,-0.2917487708
1950,0.6347034952,0.2962484024,0.5613246929,1.122649386,74.76768763,4.814914188,-0.2627333649
1951,0.673578867,0.2891624567,0.608353157,1.216706314,71.4867565,5.035897803,-0.317523846
1952,0.6341162745,0.3048907288,0.5560081772,1.112016354,74.70030443,4.819257468,-0.2638679249
1953,0.6273735493,0.3361397144,0.5297241384,1.059448277,74.83277057,4.810726601,-0.2616371903
1954,0.5812090914,0.2284957049,0.5344096937,1.068819387,80.66961166,4.462646994,-0.1621272035
1955,0.6265328004,0.2398383569,0.5788099106,1.157619821,76.16508983,4.726574875,-0.2391251228
1956,0.6294907676,0.3110580075,0.5472673409,1.094534682,75.03724405,4.797617564,-0.2581911085
1957,0.5962514988,0.2976006248,0.51667177,1.03334354,78.45764722,4.588462856,-0.2000922358
1958,0.6290934222,0.307919749,0.5485835963,1.097167193,75.12031655,4.792312074,-0.256790109
1959,0.5830114932,0.2719005657,0.5157252016,1.031450403,80.11143459,4.493740524,-0.1717324974
1960,0.6258722876,0.2713684084,0.5639816551,1.12796331,75.89486649,4.743403825,-0.243701908
1961,0.6346477752,0.2735304802,0.5726769377,1.145353875,75.06260976,4.795996317,-0.2577633787
1962,0.6318926743,0.2913454565,0.5607193387,1.121438677,75.09117611,4.794171814,-0.2572816177
1963,0.5983181316,0.2593508561,0.5391861645,1.078372329,78.67501225,4.575785751,-0.1963737898
1964,0.5668069517,0.2599432461,0.5036860424,1.007372085,81.94627768,4.393122058,-0.1401015461
1965,0.6027554124,0.2935095921,0.5264657696,1.052931539,77.8532272,4.624085769,-0.2104166959
1966,0.6077786158,0.2946118711,0.5316001234,1.063200247,77.34169317,4.654669238,-0.2191362663
1967,0.626962963,0.2516649612,0.5742362791,1.148472558,76.00851368,4.736311534,-0.241777715
1968,0.5991802109,0.2902183723,0.5242043699,1.04840874,78.25185866,4.600529702,-0.203609991
1969,0.5941622666,0.2333596911,0.5464174719,1.092834944,79.3220577,4.538460177,-0.1852883158
1970,0.6572305601,0.2435642997,0.6104329947,1.220865989,73.40223866,4.904482568,-0.2856509236
1971,0.6405253976,0.3224053656,0.5534686669,1.106937334,73.85010504,4.874739173,-0.2781512246
1972,0.6319989572,0.2928966787,0.5600305505,1.120061101,75.06082702,4.796110225,-0.2577934418
1973,0.6209854213,0.263818601,0.5621589092,1.124317818,76.43636877,4.709799874,-0.2345251089
1974,0.5988108098,0.2457563215,0.5460569718,1.092113944,78.75435017,4.571176058,-0.1950158555
1975,0.6021538542,0.2758204303,0.535268488,1.070536976,78.12147314,4.608208032,-0.2058374483
1976,0.5818487724,0.2398710379,0.5301036494,1.060207299,80.51692139,4.471109846,-0.164756315
1977,0.6425295119,0.2873462398,0.5746967132,1.149393426,74.17956586,4.853088527,-0.2726233981
1978,0.6692747045,0.2516350544,0.6201680655,1.240336131,72.29934987,4.979297886,-0.3040438706
1979,0.6033440427,0.2965699873,0.5254239017,1.050847803,77.75590245,4.6298736,-0.2120769995
1980,0.574869587,0.3010632292,0.4897305116,0.9794610233,80.66826,4.46272177,-0.1621504823
1981,0.6473663239,0.261139349,0.5923591797,1.184718359,74.06912081,4.860325006,-0.2744775032
1982,0.5785394849,0.2414497489,0.5257470441,1.051494088,80.84721002,4.452843826,-0.1590677626
1983,0.6551512635,0.264471617,0.5993979829,1.198795966,73.35305602,4.907770985,-0.2864734509
1984,0.6274832064,0.326631063,0.535767975,1.07153595,74.9823829,4.80112776,-0.2591160323
1985,0.6496056246,0.3041492569,0.5740040915,1.148008183,73.32033303,4.909961332,-0.2870205914
1986,0.6837187153,0.2537970855,0.6348687432,1.269737486,71.09134681,5.06390744,-0.3240602986
1987,0.6216146559,0.2558129805,0.5665372887,1.133074577,76.46259752,4.708184284,-0.2340800736
1988,0.6427079487,0.3088171095,0.563653706,1.127307412,73.86404724,4.873819043,-0.2779174819
1989,0.6138864042,0.3120982469,0.5286314421,1.057262884,76.50580691,4.705525169,-0.2333468132
1990,0.6147235743,0.3060441219,0.5331248148,1.06624963,76.51086019,4.705214385,-0.2332610508
1991,0.6113389623,0.2652143661,0.5508145485,1.101629097,77.33921627,4.65481831,-0.2191784453
1992,0.6194657974,0.2717104178,0.5566967963,1.113393593,76.49155379,4.706401977,-0.2335887024
1993,0.6357117021,0.3163695914,0.5513979052,1.10279581,74.38300623,4.839815144,-0.2692054802
1994,0.6492239897,0.3528694056,0.5449541003,1.089908201,72.53171498,4.963346036,-0.3001778417
1995,0.608483864,0.3044390406,0.5268486341,1.053697268,77.14256255,4.666684488,-0.2225259467
1996,0.6010447403,0.3295756101,0.5026277918,1.005255584,77.51902848,4.644021049,-0.2161153647
1997,0.6346429051,0.2738992596,0.5724952512,1.144990502,75.05865877,4.796248773,-0.2578300057
1998,0.5921236523,0.2317003838,0.544908572,1.089817144,79.53887947,4.526088404,-0.1815682717
1999,0.6146003702,0.271805458,0.551230812,1.102461624,76.95343543,4.678153717,-0.2257428555
