draw,midpoint_residual,valence_offset,markedness,markedness_ratio,apex_angle_deg,effective_vertices,step_cosine
0,0.5915438093,0.2109634977,0.5526467958,1.105293592,79.75107841,4.514045542,-0.177925024
1,0.6183601852,0.220687207,0.5776387066,1.155277413,77.09317734,4.669673925,-0.2233661869
2,0.6683322417,0.2516669218,0.6191379053,1.238275811,72.37764808,4.973911277,-0.3027417214
3,0.676182644,0.2138149177,0.6414874504,1.282974901,72.09772189,4.993222956,-0.3073944534
4,0.6201928727,0.2426466112,0.5707554831,1.141510966,76.72678312,4.691973068,-0.2295947961
5,0.5965613765,0.201170678,0.5616189404,1.123237881,79.32300441,4.538406011,-0.1852720787
6,0.6568664607,0.2537657226,0.6058683893,1.211736779,73.3256564,4.909604874,-0.2869315891
7,0.6443761626,0.1876977332,0.6164334513,1.232866903,74.99585538,4.80026527,-0.2588889168
8,0.634787254,0.2488530645,0.5839751794,1.167950359,75.32278259,4.779430441,-0.2533733087
9,0.6771711367,0.1644384785,0.6569023787,1.313804757,72.38581284,4.973350245,-0.3026059036
10,0.6842897665,0.2600306234,0.6329585764,1.265917153,70.97512964,5.072199259,-0.3259785447
11,0.6513739109,0.1687530578,0.6291346258,1.258269252,74.51577304,4.831191912,-0.2669730868
12,0.6774733217,0.205860116,0.6454391639,1.290878328,72.05990279,4.995843542,-0.3080224952
13,0.6711471675,0.1624031547,0.6512017627,1.302403525,72.89174562,4.938830823,-0.2941780196
14,0.6635397891,0.2135676395,0.6282307817,1.256461563,73.14894496,4.921465377,-0.2898847289
15,0.6711925747,0.1892930721,0.6439468963,1.287893793,72.70548719,4.951483223,-0.2972834357
16,0.6718619003,0.2643473871,0.6176721395,1.235344279,71.9409044,5.004107232,-0.3099977617
17,0.7252701388,0.2626734843,0.6760321109,1.352064222,67.79032468,5.310492341,-0.3779971296
18,0.655998096,0.2108195952,0.6211993241,1.242398648,73.81204325,4.877252873,-0.2787892515
19,0.6889560632,0.2560091302,0.6396247199,1.27924944,70.64679096,5.09577286,-0.3313907325
20,0.6605724564,0.2917623716,0.5926471874,1.185294375,72.54441577,4.962477072,-0.2999663865
21,0.6832294046,0.2745819373,0.6256254303,1.251250861,70.88690136,5.078512293,-0.3274339194
22,0.6701610315,0.2286022856,0.6299657159,1.259931432,72.45960694,4.9682853,-0.3013780874
23,0.6563423612,0.2259174884,0.6162358181,1.232471636,73.64987754,4.887991834,-0.281506241
24,0.6121871301,0.2016494128,0.578023007,1.156046014,77.81893274,4.626123583,-0.2110018089
25,0.6691354456,0.1883786914,0.6420714237,1.284142847,72.88245168,4.93946062,-0.2943330478
26,0.6483300907,0.1754014494,0.6241524157,1.248304831,74.73560945,4.816980856,-0.2632735245
27,0.6571924839,0.233078607,0.6144723947,1.228944789,73.50969181,4.897313418,-0.2838531525
28,0.6598494963,0.2687784717,0.6026271575,1.205254315,72.8992151,4.938324775,-0.2940534187
29,0.6600747439,0.2364464319,0.616272466,1.232544932,73.2311014,4.915944088,-0.2885121005
30,0.7031090328,0.3009415882,0.635449819,1.270899638,68.96574594,5.21998269,-0.3589260229
31,0.6453068934,0.2006147787,0.613330822,1.226661644,74.81890667,4.811618026,-0.2618707247
32,0.6293546219,0.2134580161,0.5920497577,1.184099515,76.13924243,4.728179432,-0.2395631331
33,0.69164561,0.2024398019,0.6613560134,1.322712027,70.94963239,5.074022061,-0.3263992156
34,0.6911001186,0.1932801981,0.6635225234,1.327045047,71.06562522,5.065740277,-0.3244849667
35,0.6957980957,0.2355192995,0.6547256292,1.309451258,70.3225538,5.119268009,-0.3367246337
36,0.6969255535,0.1874770806,0.6712358538,1.342471708,70.65121785,5.095453567,-0.3313178336
37,0.690366682,0.2870581809,0.6278564775,1.255712955,70.15445712,5.131534257,-0.339485694
38,0.6710882384,0.2168285824,0.6350943155,1.270188631,72.49056744,4.96616336,-0.3008628051
39,0.6777562081,0.1922494233,0.649918177,1.299836354,72.14506557,4.989946258,-0.3066080533
40,0.6579550124,0.2793585065,0.5957043086,1.191408617,72.93144157,4.93614266,-0.293515781
41,0.6230422597,0.208871743,0.586987438,1.173974876,76.75328659,4.690352895,-0.2291445557
42,0.6910927177,0.2122143893,0.6577037308,1.315407462,70.9109837,5.076787561,-0.3270367446
43,0.6243609951,0.1986877074,0.5919035792,1.183807158,76.70856515,4.693087393,-0.2299042541
44,0.6899228027,0.2204648257,0.653749749,1.307499498,70.93034409,5.075401855,-0.3267174041
45,0.6801531884,0.221394939,0.643111686,1.286223372,71.70646465,5.020467845,-0.3138853309
46,0.6037198736,0.181958272,0.5756464827,1.151292965,78.75244331,4.571286742,-0.1950484974
47,0.6501283645,0.2017024918,0.6180477288,1.236095458,74.39098208,4.839296242,-0.2690714118
48,0.694437115,0.2075275195,0.6627029768,1.325405954,70.68709171,5.092867612,-0.3307270152
49,0.6343529046,0.188656692,0.6056502788,1.211300558,75.87555126,4.744611327,-0.2440288446
50,0.6360474263,0.2322630603,0.5921234663,1.184246933,75.37103255,4.776370813,-0.2525585779
51,0.6637472103,0.1977658936,0.6336000399,1.26720008,73.26091336,4.91394365,-0.2880138704
52,0.6536649025,0.2628909729,0.5984698331,1.196939666,73.49973914,4.897976567,-0.2840197101
53,0.6599323043,0.2040178006,0.62760448,1.25520896,73.53309625,4.895754679,-0.2834614462
54,0.6375368898,0.1941560022,0.6072534337,1.214506867,75.55246728,4.764900644,-0.2494933404
55,0.6671642418,0.1834848527,0.6414370073,1.282874015,73.08162993,4.925998508,-0.2910089505
56,0.6418134905,0.2720607154,0.5812981367,1.162596273,74.43445926,4.836469608,-0.2683404995
57,0.6876793207,0.3049704908,0.616356916,1.232713832,70.11769233,5.134224873,-0.3400891829
58,0.6458621978,0.2248836972,0.6054463653,1.210892731,74.56743645,4.827844661,-0.2661040096
59,0.6662609331,0.2568885279,0.6147454068,1.229490814,72.49362951,4.965953594,-0.3008118377
60,0.6709058271,0.2063955243,0.63836942,1.27673884,72.59495112,4.959022555,-0.2991248784
61,0.6592681543,0.2296572586,0.6179741441,1.235948288,73.36523127,4.906956521,-0.2862698525
62,0.6982443718,0.1698001051,0.6772836385,1.354567277,70.67258696,5.093912866,-0.3309659144
63,0.6307139891,0.239074192,0.5836468682,1.167293736,75.78941131,4.750003909,-0.2454865425
64,0.7177919371,0.2453162598,0.67457038,1.34914076,68.5364108,5.252682418,-0.3659098833
65,0.6320706525,0.1790821131,0.6061706909,1.212341382,76.14443205,4.727857183,-0.2394751938
66,0.6613520667,0.2313670793,0.6195609984,1.239121997,73.17203053,4.919912669,-0.289499087
67,0.6902717577,0.2128631032,0.6566310979,1.313262196,70.97044938,5.072533754,-0.3260557677
68,0.6734796419,0.2274333008,0.6339155478,1.267831096,72.19616445,4.986414483,-0.3057590427
69,0.6667359743,0.2721926545,0.6086444104,1.217288821,72.27491545,4.980981268,-0.3044501146
70,0.6367809512,0.1716202515,0.6132181252,1.22643625,75.77173337,4.75111211,-0.2457856278
71,0.691714628,0.2505853707,0.6447294771,1.289458954,70.48748929,5.107289302,-0.3340126799
72,0.6160115964,0.202869787,0.5816477769,1.163295554,77.45099059,4.648100654,-0.2172746344
73,0.7384910316,0.2250501166,0.7033643784,1.406728757,67.22064354,5.355497672,-0.387183416
74,0.6783140548,0.2305234045,0.6379411548,1.27588231,71.77037427,5.015997251,-0.3128260756
75,0.6382475577,0.2275255198,0.5963154222,1.192630844,75.21737001,4.786128523,-0.2551526403
76,0.6327893482,0.2240373883,0.5918020005,1.183604001,75.73874119,4.753181718,-0.2463437453
77,0.7118500655,0.267193089,0.6598017649,1.31960353,68.73886409,5.237211944,-0.3626191749
78,0.6192344609,0.2318695888,0.5741844751,1.14836895,76.91567629,4.680450298,-0.2263848164
79,0.6423343088,0.2273152355,0.6007671329,1.201534266,74.85609736,4.809227473,-0.2612442212
80,0.6807997815,0.2670336834,0.6262438458,1.252487692,71.17560782,5.05791255,-0.3226686772
81,0.6431233596,0.1892036217,0.6146622204,1.229324441,75.09489153,4.793934616,-0.2572189539
82,0.7045744073,0.2811060226,0.6460684944,1.292136989,69.12202074,5.208181071,-0.3563789261
83,0.6965889575,0.2229566849,0.6599443101,1.31988862,70.38146575,5.114982988,-0.3357562924
84,0.7051111768,0.2454744353,0.6610023247,1.322004649,69.49672012,5.180100577,-0.3502610003
85,0.6932096329,0.2613957311,0.6420372784,1.284074557,70.2480508,5.124697353,-0.3379487366
86,0.6636104354,0.2298652052,0.6225277483,1.245055497,72.99554102,4.931808094,-0.2924461272
87,0.7110322743,0.2011672598,0.681981399,1.363962798,69.45692886,5.183068211,-0.3509114099
88,0.6663443169,0.24015727,0.6215619312,1.243123862,72.66473445,4.954260175,-0.297962473
89,0.6899940193,0.1838226004,0.6650571391,1.330114278,71.22410443,5.054468609,-0.3218674098
90,0.6784823789,0.2395898496,0.6347716459,1.269543292,71.66683564,5.02324397,-0.3145419567
91,0.6406911687,0.222998155,0.6006304991,1.201260998,75.04035103,4.797418923,-0.2581387197
92,0.635742639,0.1971274465,0.604408366,1.208816732,75.69048113,4.756212335,-0.2471599973
93,0.6129066845,0.1994366625,0.5795512243,1.159102449,77.76683483,4.629222737,-0.2118905298
94,0.7223057512,0.227403563,0.6855751,1.3711502,68.3792524,5.26475484,-0.3684612136
95,0.6885931344,0.2615210255,0.6369986326,1.273997265,70.61297468,5.098213206,-0.3319475298
96,0.648795571,0.2428861535,0.6016161645,1.203232329,74.13869415,4.855763972,-0.2733096536
97,0.6999185216,0.3008807859,0.6319467458,1.263893492,69.21332117,5.201310873,-0.3548896074
98,0.690845229,0.1978763617,0.6619003519,1.323800704,71.04980888,5.066867958,-0.3247460649
99,0.6579912383,0.2074527357,0.624432408,1.248864816,73.6699416,4.886660586,-0.2811702015
100,0.6966559555,0.2392455845,0.6542866885,1.308573377,70.21769103,5.1269131,-0.3384473914
101,0.7039966988,0.2719071591,0.649367268,1.298734536,69.28178791,5.196170752,-0.353772167
102,0.6851550003,0.2327485947,0.6444109451,1.28882189,71.19506056,5.056530568,-0.3223473041
103,0.6218217443,0.2016708753,0.5882101153,1.176420231,76.92019173,4.680175542,-0.2263080525
104,0.6684634085,0.208529282,0.6351053984,1.270210797,72.77980216,4.946427296,-0.2960447852
105,0.6098152894,0.1801642826,0.5825937851,1.16518757,78.18449909,4.604493271,-0.204760869
106,0.6870952443,0.2245050726,0.6493822811,1.298764562,71.1184325,5.061978834,-0.3236130384
107,0.6740579817,0.1967216807,0.6447129152,1.28942583,72.41298642,4.971483953,-0.3021538368
108,0.6914106425,0.2757095097,0.6340606776,1.268121355,70.21817796,5.126877547,-0.3384393944
109,0.6780212489,0.2212285364,0.6409139947,1.281827989,71.88143895,5.008246987,-0.3109843343
110,0.6205020725,0.1880057633,0.5913346388,1.182669278,77.13783352,4.666970584,-0.2226064135
111,0.6996849648,0.2157384797,0.6655944399,1.33118888,70.20531114,5.127817172,-0.3386507021
112,0.6787616337,0.2211215174,0.6417340804,1.283468161,71.8220858,5.012385758,-0.3119687096
113,0.6668677198,0.2356671395,0.6238377635,1.247675527,72.66578666,4.954188436,-0.2979449425
114,0.6366979831,0.2390550946,0.5901160763,1.180232153,75.24820904,4.78416702,-0.2546321761
115,0.6661675547,0.2683752523,0.609716274,1.219432548,72.36877217,4.974521319,-0.3028893618
116,0.6917890917,0.2381063881,0.6495209738,1.299041948,70.61258085,5.09824164,-0.3319540136
117,0.6592564901,0.1858300024,0.6325237782,1.265047556,73.72869145,4.882766708,-0.2801860414
118,0.6466576131,0.1853039602,0.6195389502,1.2390779,74.81368931,4.811953579,-0.261958606
119,0.6439535173,0.2183750346,0.6057957385,1.211591477,74.79250722,4.813316379,-0.2623153752
120,0.6325524097,0.2110021391,0.5963226043,1.192645209,75.86957634,4.744984978,-0.2441299727
121,0.6800384736,0.2258628618,0.6414345588,1.282869118,71.67438887,5.022714608,-0.3144168164
122,0.664712203,0.1990996574,0.6341936922,1.268387384,73.16953989,4.920080139,-0.2895406952
123,0.6682260217,0.203963691,0.6363370403,1.272674081,72.8372456,4.942526272,-0.2950870009
124,0.6530534229,0.2197753715,0.6149614291,1.229922858,73.98782566,4.865665355,-0.2758416007
125,0.625569391,0.2103561794,0.5891411891,1.178282378,76.50949202,4.705298526,-0.233284271
126,0.6302754348,0.1664980729,0.607886104,1.215772208,76.38361748,4.713052509,-0.2354200152
127,0.6641241456,0.24377686,0.6177651037,1.235530207,72.81433546,4.944081378,-0.2954690292
128,0.6943381997,0.1829041971,0.669814594,1.339629188,70.88767026,5.078457208,-0.3274212393
129,0.6693810189,0.2484149304,0.6215794163,1.243158833,72.32512973,4.977523045,-0.3036151976
130,0.6836645974,0.2071798752,0.6515165241,1.303033048,71.54723626,5.031640897,-0.3165227239
131,0.6678080273,0.2273667785,0.6279107495,1.255821499,72.6671384,4.954096279,-0.2979224216
132,0.6501491047,0.2496751807,0.6002967287,1.200593457,73.95048761,4.868122059,-0.2764679312
133,0.7172392848,0.2200839007,0.6826384609,1.365276922,68.82523402,5.230639679,-0.361213924
134,0.6529014422,0.224106012,0.6132346929,1.226469386,73.96218666,4.867352038,-0.276271697
135,0.6604355218,0.259282692,0.60741054,1.21482108,72.9593747,4.934252815,-0.2930496946
136,0.6672641765,0.2024344864,0.6358158224,1.271631645,72.9297237,4.936258931,-0.2935444427
137,0.6953811685,0.2295157325,0.6564125974,1.312825195,70.41418048,5.112606546,-0.335218404
138,0.6585095715,0.2240474357,0.6192233865,1.238446773,73.4819227,4.899164131,-0.2843178462
139,0.6603114228,0.1505544374,0.6429187635,1.285837527,73.86362845,4.873846676,-0.2779245032
140,0.6510558506,0.2313697651,0.608557107,1.217114214,74.05458134,4.861279255,-0.2747215099
141,0.7033313558,0.1919287845,0.6766375231,1.353275046,70.11979482,5.134070927,-0.3400546746
142,0.6637195561,0.2328551051,0.6215320982,1.243064196,72.95767031,4.934368086,-0.2930781356
143,0.6409293361,0.1751325553,0.6165379161,1.233075832,75.38309064,4.775606797,-0.2523549415
144,0.7019581708,0.2654964186,0.6498129926,1.299625985,69.51623537,5.178646371,-0.3499419512
145,0.6914137952,0.2609751657,0.6402694738,1.280538948,70.39497051,5.114001716,-0.3355342633
146,0.6519878603,0.2979714477,0.5799148095,1.159829619,73.19985818,4.918042315,-0.2890341666
147,0.6112466382,0.1670467172,0.5879777606,1.175955521,78.12649064,4.60791208,-0.2057517509
148,0.6997710548,0.1998274519,0.6706329239,1.341265848,70.33346485,5.118473841,-0.3365453146
149,0.6624238066,0.2348414132,0.619398749,1.238797498,73.04771546,4.928285543,-0.2915752007
150,0.6831846282,0.2546767382,0.6339408452,1.26788169,71.12469578,5.061533073,-0.3235096038
151,0.6792239873,0.321778544,0.5981670281,1.196334056,70.5405943,5.103444387,-0.3331389101
152,0.5893181272,0.2253837608,0.5445163133,1.089032627,79.86912868,4.507373574,-0.1758971571
153,0.6397001237,0.2506713983,0.5885406514,1.177081303,74.86227527,4.808830599,-0.2611401394
154,0.6839151654,0.2864812968,0.6210220769,1.242044154,70.67854387,5.093483542,-0.3308678042
155,0.6607891729,0.2551565882,0.6095387162,1.219077432,72.97527639,4.933177616,-0.292784331
156,0.6387825331,0.185712668,0.6111905836,1.222381167,75.50188985,4.76809257,-0.2503480704
157,0.6239679257,0.2080957694,0.5882449516,1.176489903,76.67410382,4.69519671,-0.2304895649
158,0.6521432432,0.2126369285,0.6165033222,1.233006644,74.12792255,4.856469568,-0.2734904907
159,0.6319306099,0.1955733601,0.6009054473,1.201810895,76.04365913,4.734122531,-0.2411824644
160,0.6982901359,0.2842493219,0.6378177145,1.275635429,69.56790101,5.174800372,-0.3490970889
161,0.666505673,0.2509603723,0.617453402,1.234906804,72.53820015,4.962902295,-0.300069872
162,0.6203524422,0.2416986474,0.5713308292,1.142661658,76.72087141,4.692334607,-0.2296952173
163,0.6655143269,0.2167968983,0.6292125429,1.258425086,72.95506362,4.934544391,-0.2931216328
164,0.6274441638,0.2705332553,0.5661253717,1.132250743,75.75868536,4.7519304,-0.2460063664
165,0.6546094061,0.1902753243,0.6263455719,1.252691144,74.09202619,4.858822447,-0.2740930608
166,0.6721818262,0.2252686828,0.6333106884,1.266621377,72.32355275,4.977631578,-0.3036414217
167,0.6513197748,0.2515051378,0.6008016434,1.201603287,73.82916293,4.876121924,-0.2785022908
168,0.6653972281,0.2850614232,0.6012432588,1.202486518,72.22459183,4.984451845,-0.3052866149
169,0.6959749258,0.2214473555,0.6598046423,1.319609285,70.44353607,5.110475994,-0.3347356528
170,0.6841020634,0.2397170199,0.6407272302,1.28145446,71.21007435,5.055464459,-0.3220992404
171,0.6784639159,0.2632717789,0.625300932,1.250601864,71.41018432,5.041297729,-0.3187908385
172,0.6816713224,0.172741759,0.6594210161,1.318842032,71.9672403,5.002276014,-0.3095607242
173,0.6717722428,0.2592405981,0.6197356359,1.239471272,72.00722273,4.999498472,-0.3088971013
174,0.6961599552,0.3021253758,0.6271833388,1.254366678,69.48842389,5.18071903,-0.3503966206
175,0.6620565918,0.2114553416,0.6273799242,1.254759848,73.29196266,4.911861914,-0.2874948785
176,0.699152011,0.2279992665,0.6609310622,1.321862124,70.13374437,5.133049764,-0.3398257081
177,0.6634211679,0.1801193445,0.6385018933,1.277003787,73.41797014,4.903431671,-0.2853877869
178,0.631502174,0.2052887873,0.5972030723,1.194406145,76.00943517,4.736254113,-0.241762109
179,0.6383830069,0.2599007636,0.583081861,1.166163722,74.88119687,4.807615463,-0.26082134
180,0.6512791976,0.2312824204,0.6088292332,1.217658466,74.03604024,4.862496682,-0.2750326477
181,0.6735558528,0.1905612486,0.6460370713,1.292074143,72.50138906,4.965422107,-0.3006826778
182,0.6813924921,0.1965201129,0.652438176,1.304876352,71.81704297,5.012737717,-0.3120523299
183,0.7090443496,0.2559299814,0.6612440808,1.322488162,69.08190379,5.211205544,-0.3570330392
184,0.6735762566,0.2534555096,0.6240715328,1.248143066,71.92265153,5.005377198,-0.3103006248
185,0.6283096122,0.2330666009,0.5834834431,1.166966886,76.06526835,4.732777624,-0.2408164288
186,0.6921747045,0.2690350985,0.6377506858,1.275501372,70.23966074,5.125309493,-0.3380865515
187,0.6575608977,0.2506329829,0.6079222335,1.215844467,73.29992015,4.911328679,-0.2873618547
188,0.6445000784,0.199362892,0.6128905191,1.225781038,74.89914625,4.806463331,-0.2605188948
189,0.6985614204,0.2087668069,0.6666366914,1.333273383,70.35353005,5.117014025,-0.3362155184
190,0.6360163495,0.1509619515,0.6178408258,1.235681652,75.9588174,4.739410279,-0.2426192544
191,0.6740733029,0.2452136082,0.6278894043,1.255778809,71.97019383,5.00207073,-0.3095117071
192,0.7102398885,0.2246421588,0.6737778563,1.347555713,69.31181279,5.193919846,-0.3532819738
193,0.7183490255,0.1609380551,0.700088755,1.40017751,69.19381003,5.20277753,-0.3552079546
194,0.7133403923,0.2576263709,0.6651940832,1.330388166,68.73693145,5.237359196,-0.3626506098
195,0.6561425566,0.2455962641,0.6084451739,1.216890348,73.47460471,4.899652083,-0.2844402958
196,0.6586308207,0.1977147863,0.6282542648,1.25650853,73.69326612,4.885113918,-0.2807795113
197,0.6997604496,0.2140303106,0.6662249717,1.332449943,70.21454738,5.127142643,-0.33849902
198,0.6340442861,0.1885897092,0.6053478985,1.210695797,75.90362595,4.742856425,-0.2435536332
199,0.6254574056,0.2156495469,0.5871049643,1.174209929,76.47734616,4.707276312,-0.2338298053
200,0.6887299651,0.2546689703,0.6399161511,1.279832302,70.67978323,5.093394229,-0.3308473915
201,0.6269335719,0.2470280343,0.576214243,1.152428486,76.05811635,4.733222663,-0.2409375793
202,0.6553254066,0.2047366141,0.6225225356,1.245045071,73.91958595,4.870157149,-0.276986205
203,0.6970895414,0.2660439191,0.6443248108,1.288649622,69.88867426,5.151049205,-0.3438453199
204,0.6323103238,0.2183707041,0.593405916,1.186811832,75.8307151,4.747416658,-0.2447876508
205,0.6428373675,0.1947401885,0.6126305086,1.225261017,75.07978197,4.79489938,-0.2574737834
206,0.6087848414,0.1863884771,0.5795501002,1.1591002,78.24314041,4.601042317,-0.2037589634
207,0.6961489449,0.1683073738,0.6754968404,1.350993681,70.84612213,5.0814355,-0.3281063333
208,0.6540845221,0.2088639945,0.6198406197,1.239681239,73.99230246,4.865370964,-0.2757664963
209,0.6637320535,0.215790763,0.6276739484,1.255347897,73.11351297,4.923850399,-0.290476525
210,0.6400299977,0.2110706058,0.6042247904,1.208449581,75.20041464,4.787207647,-0.2554387612
211,0.6712241115,0.2336962936,0.6292279795,1.258455959,72.32235333,4.977714129,-0.3036613672
212,0.6990914247,0.2075430389,0.6675737465,1.335147493,70.32261139,5.119263817,-0.3367236872
213,0.6786639281,0.2433339876,0.6335402889,1.267080578,71.61352414,5.026983441,-0.3154250548
214,0.6481864859,0.1617153167,0.6276893156,1.255378631,74.83347132,4.810681552,-0.261625386
215,0.6939131976,0.2237808277,0.6568391484,1.313678297,70.58401891,5.100304652,-0.3324242051
216,0.7222657043,0.2667721989,0.6711932221,1.342386444,67.9641911,5.296907006,-0.3751859945
217,0.6580310803,0.1838008181,0.6318402978,1.263680596,73.84697972,4.87494548,-0.2782036188
218,0.6761154362,0.2459071867,0.6298108752,1.25962175,71.79500829,5.014276181,-0.3124176805
219,0.6738683541,0.2186677175,0.6374033165,1.274806633,72.24476983,4.983059685,-0.304951236
220,0.6838091486,0.2158636331,0.6488434662,1.297686932,71.460702,5.037733886,-0.3179550175
221,0.7134206389,0.2904590654,0.6516153307,1.303230661,68.32583047,5.268871194,-0.3693278419
222,0.6486419964,0.1880010948,0.620799507,1.241599014,74.62232654,4.824293435,-0.2651804167
223,0.7233223134,0.2853715522,0.6646489646,1.329297929,67.65553496,5.321072403,-0.3801740646
224,0.6798565082,0.2643259038,0.6263678539,1.252735708,71.28432191,5.050198843,-0.3208721678
225,0.6925579426,0.2607404468,0.6416002831,1.283200566,70.30709696,5.120393468,-0.3369786403
226,0.680112987,0.1745192711,0.6573406264,1.314681253,72.08118237,4.994368685,-0.307669133
227,0.7222588116,0.2881638413,0.6622834676,1.324566935,67.6973677,5.317784313,-0.3794986654
228,0.6804393344,0.2854919523,0.6176504133,1.235300827,70.97316806,5.072339446,-0.3260109104
229,0.6010000854,0.1633069157,0.5783873736,1.156774747,79.11707501,4.550218773,-0.1888027961
230,0.7097345163,0.1740714815,0.6880568312,1.376113662,69.7583916,5.160669444,-0.3459796449
231,0.6239911089,0.1941999665,0.5930019199,1.18600384,76.77458328,4.689051827,-0.2287827326
232,0.6998731809,0.2083209242,0.6681503288,1.336300658,70.25516633,5.124178317,-0.3378318512
233,0.6310173684,0.2502044106,0.5792932523,1.158586505,75.65144569,4.758666497,-0.2478200995
234,0.6500252577,0.2108891832,0.6148646908,1.229729382,74.32572451,4.843545117,-0.2701681918
235,0.6900974423,0.2854472796,0.6282947799,1.25658956,70.19721971,5.12840824,-0.3387835762
236,0.6766309392,0.2566197513,0.6260796524,1.252159305,71.63622546,5.025390404,-0.3150490437
237,0.7238734003,0.256147788,0.6770384113,1.354076823,67.96716579,5.296675179,-0.3751378686
238,0.6162449479,0.184411024,0.5880054507,1.176010901,77.5557223,4.641823831,-0.2154900272
239,0.6668246717,0.2611043081,0.6135794024,1.227158805,72.39861782,4.972470619,-0.302392885
240,0.6753591338,0.2250861626,0.6367465579,1.273493116,72.063632,4.995585013,-0.3079605721
241,0.6497122935,0.2062408859,0.6161093745,1.232218749,74.3909216,4.839300176,-0.2690724285
242,0.6712094455,0.247672545,0.6238432737,1.247686547,72.18102223,4.987460539,-0.3060106569
243,0.6744791316,0.245539146,0.6281979201,1.25639584,71.93334927,5.004632811,-0.3101231249
244,0.7226096273,0.2276564813,0.6858113443,1.371622689,68.35431513,5.266675547,-0.3688657942
245,0.6606546692,0.177122319,0.6364685978,1.272937196,73.67113223,4.886581611,-0.2811502593
246,0.625318384,0.193998886,0.5944640558,1.188928112,76.65457472,4.696392894,-0.2308212212
247,0.6491793354,0.2529339823,0.5978780897,1.195756179,74.00044045,4.864835909,-0.2756299663
248,0.6635013905,0.2324873001,0.6214368435,1.242873687,72.97961544,4.93288431,-0.292711918
249,0.7197996771,0.2175205105,0.6861460506,1.372292101,68.65692672,5.2434622,-0.3639515458
250,0.6023983395,0.1996956876,0.568335633,1.136671266,78.76602398,4.570498571,-0.194816017
251,0.6557883965,0.2101148614,0.621216682,1.242433364,73.83587397,4.875678727,-0.2783897934
252,0.6450016591,0.2153601305,0.6079861466,1.215972293,74.72622289,4.81758593,-0.2634315679
253,0.6553446389,0.2503009907,0.6056616298,1.21132326,73.49378644,4.898373283,-0.2841193242
254,0.6849203821,0.2284235127,0.6457078509,1.291415702,71.25575674,5.052223378,-0.3213443217
255,0.7092029792,0.2193336232,0.6744343019,1.348868604,69.43978382,5.184347937,-0.3511916026
256,0.661593694,0.2546599152,0.610618165,1.22123633,72.91238389,4.937432858,-0.2938337336
257,0.7354906024,0.2207596634,0.7015779338,1.403155868,67.47607151,5.33522465,-0.3830692396
258,0.6769596533,0.2579798129,0.6258760167,1.251752033,71.59397234,5.028356274,-0.3157488593
259,0.6913764409,0.2564619446,0.6420503516,1.284100703,70.44931227,5.110056981,-0.334640653
260,0.6627045148,0.2362077443,0.6191794373,1.238358875,73.01056834,4.93079301,-0.2921953071
261,0.6033632708,0.1693194504,0.5791184337,1.158236867,78.8591622,4.56510049,-0.1932213378
262,0.7156435002,0.2279489264,0.6783692993,1.356738599,68.87172473,5.227108823,-0.3604571737
263,0.6799325467,0.2559090945,0.6299355549,1.25987111,71.37455113,5.043814557,-0.3193802449
264,0.6641380477,0.2147468112,0.6284609403,1.256921881,73.0884565,4.925538412,-0.2908949588
265,0.6410433558,0.2015346196,0.6085395477,1.217079095,75.18649141,4.788094154,-0.2556736981
266,0.691128417,0.2289875043,0.6520914136,1.304182827,70.75485776,5.087989877,-0.3296106006
267,0.6974911789,0.2397687267,0.6549846581,1.309969316,70.14697513,5.132081595,-0.3396085213
268,0.6605277483,0.2280116303,0.6199254817,1.239850963,73.27368864,4.913086903,-0.2878003406
269,0.69659784,0.2264740219,0.6587549378,1.317509876,70.34780123,5.117430732,-0.3363096827
270,0.6751901587,0.2129127102,0.6407417016,1.281483403,72.18686073,4.987057151,-0.3059136425
271,0.6721068807,0.2353199744,0.6295650632,1.259130126,72.23330223,4.983850785,-0.3051418438
272,0.686033434,0.2643415842,0.6330603443,1.266120689,70.78491235,5.085829565,-0.3291153171
273,0.6167143952,0.1749303238,0.5913848384,1.182769677,77.57114557,4.640900909,-0.2152271567
274,0.70737794,0.2453621843,0.6634613391,1.326922678,69.32400437,5.193006424,-0.3530829036
275,0.6360421981,0.2303860197,0.5928507061,1.185701412,75.38881106,4.775244429,-0.2522583315
276,0.6794031563,0.2779844588,0.6199300682,1.239860136,71.15468749,5.059399636,-0.3230142543
277,0.6141043235,0.1967912957,0.5817192674,1.163438535,77.6728479,4.634824262,-0.2134933779
278,0.6655837951,0.2269419505,0.6256989207,1.251397841,72.8572071,4.941172114,-0.294754103
279,0.6405308466,0.1573125256,0.6209126627,1.241825325,75.52587857,4.766578116,-0.2499426988
280,0.6427664562,0.2145674761,0.6058956308,1.211791262,74.92948649,4.804517111,-0.2600076069
281,0.7056080481,0.2814844302,0.6470310913,1.294062183,69.03776938,5.214536959,-0.3577524555
282,0.6934604725,0.2517349829,0.6461554963,1.292310993,70.33692774,5.118221844,-0.3364884006
283,0.6717243533,0.2548069913,0.6215199144,1.243039829,72.06092893,4.995772402,-0.3080054564
284,0.7077984593,0.2302509477,0.6693005006,1.338601001,69.4446324,5.183985969,-0.3511123679
285,0.6438214547,0.2354871037,0.599209387,1.198418774,74.64833286,4.822612726,-0.2647427435
286,0.6688768945,0.1491917806,0.6520261595,1.304052319,73.15668369,4.92094477,-0.2897554594
287,0.6496471335,0.2131753265,0.6136755481,1.227351096,74.33937963,4.842655424,-0.26993872
288,0.6295166768,0.1963846245,0.5981005982,1.196201196,76.25569786,4.720958697,-0.2375892946
289,0.723779071,0.2247157605,0.6880108797,1.376021759,68.29544494,5.271215384,-0.3698206229
290,0.6723175592,0.2363459537,0.6294056645,1.258811329,72.20570685,4.985755499,-0.3056004683
291,0.7006465585,0.195230149,0.6728973093,1.345794619,70.3020014,5.120764599,-0.3370623717
292,0.661627279,0.2482536362,0.6132868729,1.226573746,72.97863926,4.932950294,-0.2927282095
293,0.667566573,0.2331150837,0.6255417549,1.25108351,72.63234723,4.95646931,-0.2985020133
294,0.6568762624,0.2348857266,0.6134452865,1.226890573,73.51926578,4.89667567,-0.2836929243
295,0.6921833866,0.2154684984,0.6577926474,1.315585295,70.79610002,5.085025868,-0.3289309273
296,0.69045454,0.2387805059,0.647851327,1.295702654,70.71156837,5.091104727,-0.3303238267
297,0.6986471259,0.2700322224,0.6443527026,1.288705405,69.71920435,5.163570115,-0.3466212713
298,0.6629776875,0.1482327221,0.6461938364,1.292387673,73.65270838,4.887803964,-0.2814588312
299,0.7180286217,0.274616391,0.6634387232,1.326877446,68.1844753,5.279794241,-0.3716194018
300,0.6870029601,0.2127954129,0.6532160281,1.306432056,71.2314323,5.053948634,-0.3217463177
301,0.7211280899,0.3406095857,0.6356184643,1.271236929,66.9830694,5.374492439,-0.3910031158
302,0.6309031444,0.2206156871,0.5910731733,1.182146347,75.93908207,4.740641975,-0.2429533949
303,0.6570689202,0.1638607815,0.6363090524,1.272618105,74.05985058,4.860933383,-0.2746330816
304,0.6584772782,0.2261325935,0.618430575,1.23686115,73.46552409,4.900257699,-0.2845922325
305,0.6713346419,0.2720226265,0.6137539345,1.227507869,71.89287387,5.0074504,-0.310794647
306,0.6593311131,0.2377136119,0.6149876059,1.229975212,73.28184799,4.91253987,-0.2876639554
307,0.6640304226,0.2624746849,0.6099536391,1.219907278,72.61809078,4.957442369,-0.2987394821
308,0.6672360692,0.2696278389,0.6103317135,1.220663427,72.26402976,4.981731591,-0.3046310809
309,0.6480710803,0.2252091321,0.607681637,1.215363274,74.37128296,4.840578052,-0.2694025306
310,0.6166050695,0.2142096027,0.5782007073,1.156401415,77.30955761,4.656604062,-0.2196834707
311,0.6547085921,0.2023554887,0.6226520671,1.245304134,73.99143524,4.865427989,-0.2757810452
312,0.6736762034,0.2803753717,0.6125596118,1.225119224,71.59425957,5.028336101,-0.3157441027
313,0.6774727635,0.2334592453,0.6359765137,1.271953027,71.81049622,5.013194713,-0.3121608845
314,0.6724474216,0.2482143357,0.6249601415,1.249920283,72.07269871,4.994956571,-0.3078100152
315,0.714958521,0.2591549908,0.6663365347,1.332673069,68.59767039,5.247991629,-0.3649146402
316,0.6909110082,0.1858533236,0.6654446358,1.330889272,71.13658433,5.060687175,-0.3233132606
317,0.6798484416,0.2373009891,0.6370888039,1.274177608,71.57873371,5.029426777,-0.3160012065
318,0.672081132,0.2193863207,0.6352658421,1.270531684,72.38567271,4.973359872,-0.3026082346
319,0.6750779373,0.2240749696,0.6368050168,1.273610034,72.09610519,4.993334925,-0.3074213039
320,0.6375157291,0.1989951425,0.6056626438,1.211325288,75.51850735,4.767043373,-0.2500672656
321,0.6785878123,0.297005236,0.6101387619,1.220277524,70.96694643,5.072784136,-0.3261135639
322,0.6678284098,0.231494476,0.6264224553,1.252844911,72.62616489,4.956891232,-0.2986049943
323,0.6825544365,0.2342659688,0.6410928284,1.282185657,71.38964572,5.042748096,-0.3191305813
324,0.6813324837,0.2062197117,0.6493746098,1.29874922,71.74344925,5.017879733,-0.3132723856
325,0.6783918318,0.2432778284,0.6332703812,1.266540762,71.63630199,5.025385035,-0.315047776
326,0.7008365831,0.166041139,0.6808834381,1.361766876,70.49563003,5.106699519,-0.3338787539
327,0.6439873181,0.2481774359,0.5942454259,1.188490852,74.50708901,4.831755002,-0.2671191474
328,0.6496584877,0.1975407839,0.6188972365,1.237794473,74.4638357,4.834561591,-0.267846553
329,0.6452973886,0.2245930334,0.6049518072,1.209903614,74.61961278,4.824468884,-0.2652260848
330,0.6925031879,0.2919090553,0.6279727452,1.25594549,69.91969402,5.14876395,-0.3433368836
331,0.6342984156,0.2103648971,0.5983987719,1.196797544,75.71757408,4.754510487,-0.2467017792
332,0.6862857189,0.2738547844,0.6292786704,1.258557341,70.64990694,5.095548113,-0.3313394209
333,0.7076936342,0.275370882,0.651921128,1.303842256,68.95549274,5.220758865,-0.359093045
334,0.6576549117,0.2484916115,0.6089022105,1.217804421,73.31462788,4.910343412,-0.287115974
335,0.6482269633,0.2233741174,0.6085246089,1.217049218,74.37422981,4.840386259,-0.2693529994
336,0.6824486332,0.2709953657,0.6263366896,1.252673379,70.99418394,5.070837919,-0.3256641317
337,0.631922158,0.1674945861,0.6093202585,1.218640517,76.22996031,4.722552636,-0.238025613
338,0.6791056086,0.2005646148,0.6488129645,1.297625929,71.97026592,5.00206572,-0.3095105108
339,0.6769637477,0.2411876296,0.632541258,1.265082516,71.77458692,5.015702847,-0.3127562401
340,0.705126231,0.2602848941,0.6553279908,1.310655982,69.33250785,5.192369513,-0.3529440449
341,0.6391450763,0.2667381295,0.5808245852,1.16164917,74.73572546,4.816973379,-0.2632715712
342,0.6220802843,0.2033287811,0.5879126524,1.175825305,76.88407005,4.682374382,-0.2269220934
343,0.675240023,0.2472937281,0.6283270651,1.25665413,71.85221677,5.010283833,-0.3114690276
344,0.7070615436,0.224914832,0.6703352481,1.340670496,69.55191491,5.175989769,-0.3493585319
345,0.6433445725,0.2428496913,0.5957484926,1.191496985,74.61825864,4.824556436,-0.2652488724
346,0.6351803489,0.2389968879,0.5885019653,1.177003931,75.38534081,4.77546425,-0.2523169395
347,0.7160397783,0.2267425392,0.6791912728,1.358382546,68.85339907,5.228500043,-0.360755497
348,0.628836099,0.2282261501,0.5859587561,1.171917512,76.06087476,4.733051008,-0.240890854
349,0.656476533,0.2293749217,0.6151004663,1.230200933,73.60621288,4.890891488,-0.2822374318
350,0.691875207,0.2852929516,0.6303167727,1.260633545,70.05823424,5.138582265,-0.3410648828
351,0.673554489,0.2163917428,0.6378481507,1.275696301,72.29084225,4.97988388,-0.3041853236
352,0.6412113306,0.2751352122,0.5791826875,1.158365375,74.45128916,4.835376312,-0.2680575238
353,0.6344965126,0.1876896483,0.6061009985,1.212201997,75.869435,4.744993817,-0.2441323649
354,0.6536390232,0.2270961045,0.6129203308,1.225840662,73.87121666,4.873346024,-0.2777972791
355,0.6859228669,0.2553116107,0.6366366003,1.273273201,70.89718815,5.077775429,-0.3272642729
356,0.6247888227,0.229058981,0.5812856924,1.162571385,76.42484037,4.71051033,-0.234720701
357,0.6943903209,0.1855276277,0.669146783,1.338293566,70.86444981,5.080121287,-0.3278041463
358,0.6273217748,0.218949262,0.5878722904,1.175744581,76.27932182,4.7194966,-0.237188765
359,0.7105545926,0.2618671778,0.6605402412,1.321080482,68.89950453,5.225001289,-0.3600048759
360,0.6556957513,0.2062443309,0.6224148088,1.244829618,73.87569044,4.873050903,-0.2777222695
361,0.6941824133,0.2032280039,0.6637677315,1.327535463,70.74298722,5.088843632,-0.3298061956
362,0.6434188531,0.2570837781,0.5898268828,1.179653766,74.46263138,4.834639783,-0.2678668042
363,0.6946060304,0.2344484042,0.6538436229,1.307687246,70.42688935,5.111683951,-0.335009418
364,0.6431354811,0.1976332031,0.6120166371,1.224033274,75.03198389,4.797953904,-0.2582798017
365,0.6622124004,0.2376435106,0.6181026008,1.236205202,73.03795743,4.928943972,-0.2917381058
366,0.6265256193,0.2201650219,0.586567741,1.173135482,76.34200031,4.715621788,-0.2361258945
367,0.6176824928,0.1561347349,0.5976232981,1.195246596,77.5875944,4.639917022,-0.2149467897
368,0.6553349698,0.2514490188,0.6051754404,1.210350881,73.48235088,4.899135584,-0.2843106815
369,0.6636429991,0.2639584124,0.6088907839,1.217781568,72.63366065,4.956379684,-0.2984801348
370,0.6517299481,0.2324987127,0.6088483176,1.217696635,73.9854378,4.865822393,-0.2758816595
371,0.6813581967,0.2773318733,0.6223632575,1.244726515,71.00393937,5.070141223,-0.3255031445
372,0.7177544983,0.2063630009,0.6874487848,1.37489757,68.90673889,5.224452729,-0.3598870756
373,0.6560308562,0.1912778134,0.6275263201,1.25505264,73.96320514,4.867285014,-0.276254613
374,0.6767470449,0.2656399611,0.6224323047,1.244864609,71.52288218,5.033354208,-0.3169258997
375,0.6879725282,0.2243702402,0.650356975,1.30071395,71.04960782,5.066882296,-0.3247493838
376,0.6287183727,0.2201961152,0.5888976677,1.177795335,76.14132199,4.728050296,-0.2395278946
377,0.6582529838,0.1777489513,0.6337998904,1.267599781,73.86995878,4.873429009,-0.2778183691
378,0.6843906792,0.1941969026,0.6562607446,1.312521489,71.59357732,5.028384018,-0.315755401
379,0.7228677133,0.1785860316,0.7004603916,1.400920783,68.73979887,5.237140724,-0.3626039704
380,0.6853376975,0.2701683699,0.6298387187,1.259677437,70.77122711,5.086813027,-0.3293408537
381,0.6689791276,0.2522261349,0.6196087879,1.239217576,72.31756811,4.978043502,-0.3037409403
382,0.6582950598,0.2632055507,0.6033864631,1.206772926,73.09743017,4.924933738,-0.2907451082
383,0.6439500027,0.1919271222,0.6146833216,1.229366643,75.00280854,4.79982026,-0.2587716968
384,0.6646186033,0.2816280208,0.6019996227,1.203999245,72.33496392,4.976846334,-0.3034516566
385,0.6992122888,0.2820550093,0.6397990283,1.279598057,69.52461428,5.178022255,-0.3498049544
386,0.6905890876,0.228911282,0.6515465546,1.303093109,70.79837093,5.084862763,-0.3288934978
387,0.7308412092,0.2735136757,0.6777308775,1.355461755,67.25483675,5.352774869,-0.3866331106
388,0.7011471282,0.2280430306,0.663026147,1.326052294,69.97821638,5.14445807,-0.3423773858
389,0.6751446065,0.1555581159,0.656979385,1.31395877,72.60513172,4.958327208,-0.2989553242
390,0.6530533958,0.2844898228,0.5878301443,1.175660289,73.28915893,4.912049821,-0.2875417466
391,0.6323093175,0.2161044944,0.5942338938,1.188467788,75.8497797,4.746223409,-0.2444650202
392,0.6516329752,0.2545718123,0.5998489199,1.19969784,73.76888426,4.880106343,-0.2795125736
393,0.6702825388,0.2207017837,0.6329055258,1.265811052,72.52270162,4.963962897,-0.3003278961
394,0.6922165186,0.170135032,0.6709826969,1.341965394,71.14319611,5.060216854,-0.3232040588
395,0.7115243254,0.266770763,0.6596212745,1.319242549,68.76854972,5.234951173,-0.3621362784
396,0.6122370521,0.1990056227,0.5789913385,1.157982677,77.83291776,4.625292362,-0.2107632135
397,0.6655059779,0.2299693485,0.624509652,1.249019304,72.83515546,4.942668108,-0.2951218562
398,0.6539398948,0.2321186377,0.6113577709,1.222715542,73.79813892,4.878171798,-0.2790222982
399,0.6534844874,0.2294724184,0.6118695813,1.223739163,73.86241509,4.87392674,-0.2779448458
400,0.646443154,0.201804526,0.6141365358,1.228273072,74.71041578,4.818605227,-0.2636976991
401,0.7096727994,0.274398672,0.6544775405,1.308955081,68.81671451,5.231287232,-0.3613525741
402,0.6924743206,0.1844168583,0.6674661843,1.334932369,71.02351352,5.068743887,-0.3251800973
403,0.6651604807,0.2367095771,0.6216164744,1.243232949,72.79865229,4.945146492,-0.29573052
404,0.6882337264,0.2470638726,0.6423590157,1.284718031,70.8021808,5.084589146,-0.3288307015
405,0.6638648719,0.199217976,0.6332683209,1.266536642,73.2396771,4.915368476,-0.2883687877
406,0.671702799,0.2275880805,0.6319717682,1.263943536,72.34141921,4.976402232,-0.3033443011
407,0.6955756651,0.2474634501,0.6500671864,1.300134373,70.21662747,5.126990757,-0.3384648586
408,0.6543121478,0.2173709246,0.6171501178,1.234300236,73.90058633,4.871409252,-0.2773048213
409,0.6576148084,0.1928392483,0.6287052254,1.257410451,73.81668467,4.876946203,-0.2787114543
410,0.6891619493,0.2269178951,0.65073225,1.3014645,70.9308292,5.075367143,-0.3267094019
411,0.662546051,0.2327896731,0.6203033434,1.240606687,73.05733106,4.927636895,-0.291414665
412,0.6879284319,0.2242830533,0.6503404027,1.300680805,71.05394105,5.066573292,-0.3246778528
413,0.635361979,0.2557519048,0.5816148275,1.163229655,75.1985655,4.787325365,-0.255469964
414,0.6668530131,0.2128734633,0.6319634718,1.263926944,72.87717711,4.93981812,-0.2944210273
415,0.6316459947,0.1917716245,0.6018307957,1.203661591,76.09653748,4.73083286,-0.2402867048
416,0.6636465638,0.2171352948,0.627119626,1.254239252,73.10892916,4.924159116,-0.2905530772
417,0.62783719,0.1652208696,0.6057075213,1.211415043,76.61077324,4.699078012,-0.2315649899
418,0.6668984886,0.2522271741,0.6173613583,1.234722717,72.49153306,4.966097209,-0.3008467327
419,0.649157747,0.2631655555,0.5934220006,1.186844001,73.88900945,4.872172502,-0.2774989462
420,0.6751360091,0.2598811662,0.623113481,1.246226962,71.72208761,5.019374254,-0.3136264276
421,0.687116894,0.2202514759,0.6508601335,1.301720267,71.15593162,5.059311175,-0.322993704
422,0.7232021184,0.2786464153,0.667366076,1.334732152,67.75039465,5.313622184,-0.3786422423
423,0.6255987256,0.197294661,0.5936738013,1.187347603,76.60541435,4.699406733,-0.2316559769
424,0.6622052079,0.2171209162,0.6255991089,1.251198218,73.23053771,4.915981928,-0.2885215203
425,0.6866392077,0.2832011462,0.6255161967,1.251032393,70.50272674,5.106185486,-0.333761998
426,0.5727717681,0.1907262081,0.5400842637,1.080168527,81.77504134,4.402321223,-0.1430600773
427,0.7070565013,0.2527273473,0.660346715,1.32069343,69.26928189,5.19710888,-0.3539763146
428,0.7170270167,0.2799776136,0.6601062631,1.320212526,68.19221285,5.27919516,-0.371494024
429,0.6902072144,0.2966627405,0.6231991794,1.246398359,70.03572495,5.140233791,-0.3414341616
430,0.6490098826,0.2300419996,0.6068727265,1.213745453,74.24492619,4.848816188,-0.2715256787
431,0.6840926097,0.2172376586,0.6486836659,1.297367332,71.42566839,5.040204846,-0.318534679
432,0.6822007385,0.2378326863,0.6394008609,1.278801722,71.38264088,5.043242945,-0.3192464436
433,0.70418679,0.2313304252,0.6651054575,1.330210915,69.71143888,5.164145308,-0.3467483988
434,0.6210156539,0.2227522194,0.5796912033,1.159382407,76.82856794,4.685757,-0.2278654108
435,0.6817615874,0.2240581013,0.6438919392,1.287783878,71.55158065,5.031335391,-0.3164507975
436,0.6533418856,0.1987621586,0.6223738617,1.244747723,74.13681213,4.85588724,-0.2733412503
437,0.6815983002,0.2435807696,0.6365882904,1.273176581,71.37246656,5.043961871,-0.3194147218
438,0.6131800348,0.2502504814,0.5597896494,1.119579299,77.31600383,4.656215818,-0.21957371
439,0.6802837876,0.2051859915,0.6486021435,1.297204287,71.83695815,5.011348048,-0.3117220823
440,0.6768489487,0.1876107331,0.6503281573,1.300656315,72.25377084,4.982438921,-0.3048016178
441,0.6860410316,0.2273627611,0.6472700147,1.294540029,71.17591927,5.057890417,-0.3226635321
442,0.6815741314,0.2487424205,0.6345632394,1.269126479,71.31981015,5.047685899,-0.3202854712
443,0.6880104121,0.1637808093,0.6682321256,1.336464251,71.51766103,5.033721669,-0.3170123272
444,0.6639463349,0.2820983299,0.6010368274,1.202073655,72.38574268,4.973355065,-0.3026070707
445,0.629881311,0.2235479314,0.5888775665,1.177755133,76.00670562,4.736424202,-0.2418083352
446,0.6502723801,0.2259299251,0.6097621154,1.219524231,74.17313147,4.853509523,-0.2727314437
447,0.6510936229,0.2301361199,0.6090650803,1.218130161,74.06292667,4.860731491,-0.2745814576
448,0.6998046591,0.2490769557,0.6539780051,1.30795601,69.86874547,5.152518448,-0.3441719141
449,0.6751728837,0.2141706641,0.6403041071,1.280608214,72.17734892,4.987714364,-0.306071692
450,0.648981296,0.236836124,0.6042229497,1.208445899,74.18254232,4.852893804,-0.2725734164
451,0.6355490701,0.2623536014,0.5788723592,1.157744718,75.10955857,4.792998479,-0.2569715704
452,0.6097210202,0.2104608099,0.5722464242,1.144492848,77.98802695,4.616093188,-0.2081160889
453,0.6436501776,0.2037514333,0.6105496741,1.221099348,74.93966784,4.803864367,-0.2598360164
454,0.612153775,0.223440233,0.5699181578,1.139836316,77.65490233,4.635895342,-0.2137993555
455,0.6892964349,0.2548614794,0.6404492185,1.280898437,70.63249551,5.096804203,-0.3316261264
456,0.6389429897,0.1712210414,0.6155741215,1.231148243,75.58292377,4.762980605,-0.2489785492
457,0.6175984144,0.2938685005,0.5432026379,1.086405276,76.39867942,4.712123334,-0.2351645153
458,0.6812460335,0.2000519382,0.6512107034,1.302421407,71.80087555,5.013866436,-0.3123204017
459,0.6924967045,0.2663217303,0.6392373751,1.27847475,70.24666408,5.124798518,-0.3379715152
460,0.6524700989,0.259712862,0.5985536394,1.197107279,73.63935785,4.888690104,-0.2816824144
461,0.6462076443,0.2209328918,0.6072668086,1.214533617,74.5723641,4.827525644,-0.2660211059
462,0.6648999854,0.2388008453,0.6205369827,1.241073965,72.79968767,4.945076161,-0.2957132575
463,0.6421784381,0.2255040732,0.6012828448,1.20256569,74.88627036,4.807289751,-0.2607358549
464,0.6132263646,0.224321028,0.5707246715,1.141449343,77.54594231,4.642409251,-0.2156567067
465,0.6773876678,0.2513540233,0.6290271913,1.258054383,71.63243682,5.025656197,-0.3151117998
466,0.6322480346,0.1873617866,0.6038486053,1.207697211,76.07316664,4.732286244,-0.2406826323
467,0.6597794973,0.2015695924,0.6282345776,1.256469155,73.56563685,4.893589119,-0.2829167546
468,0.6672953217,0.1750637039,0.6439221583,1.287844317,73.12896048,4.922810302,-0.2902185296
469,0.6584766803,0.2229046054,0.6196007387,1.239201477,73.49511714,4.898284594,-0.2840970563
470,0.6872191783,0.2217421939,0.6504618347,1.300923669,71.13411935,5.060862541,-0.3233539716
471,0.6061933608,0.2087665004,0.5691106562,1.138221312,78.3373413,4.595509549,-0.2021490647
472,0.6181606708,0.2100067937,0.5813946693,1.162789339,77.19690879,4.663399165,-0.2216011084
473,0.672562272,0.2355721472,0.6299569614,1.259913923,72.19316031,4.98662198,-0.3058089634
474,0.7218481546,0.2291504968,0.684510634,1.369021268,68.39653939,5.263424191,-0.3681807096
475,0.6189640281,0.2443797643,0.5686782913,1.137356583,76.82538824,4.685950937,-0.2279194468
476,0.6637433029,0.1616288461,0.6437633791,1.287526758,73.51114712,4.897216465,-0.2838287972
477,0.6901361752,0.2202046452,0.654062577,1.308125154,70.91576555,5.076445233,-0.3269578737
478,0.6624938655,0.2487565618,0.6140181551,1.22803631,72.89987448,4.938280108,-0.2940424191
479,0.6567239546,0.1608559681,0.6367194909,1.273438982,74.10732183,4.857819594,-0.2738363155
480,0.65994965,0.2551186287,0.6086444166,1.217288833,73.04716596,4.928322616,-0.2915843744
481,0.6106356749,0.1966543213,0.5781029367,1.156205873,78.00034564,4.615364163,-0.2079057901
482,0.6550046389,0.2195798702,0.6171027124,1.234205425,73.82173559,4.87661252,-0.2786267913
483,0.6705588673,0.208313695,0.637381047,1.274762094,72.60768786,4.95815265,-0.298912751
484,0.6409031547,0.2426954352,0.5931743246,1.186348649,74.83644067,4.810490675,-0.2615753659
485,0.723480432,0.2581819341,0.6758446748,1.35168935,67.97340659,5.296188878,-0.3750368985
486,0.6783510647,0.194535441,0.6498585455,1.299717091,72.07911885,4.994511666,-0.307703401
487,0.6531666118,0.2429671973,0.6062949479,1.212589896,73.75803449,4.880824204,-0.2796943851
488,0.6443872456,0.2253035979,0.6037161677,1.207432335,74.693213,4.819715012,-0.2639873052
489,0.6724011339,0.2287774472,0.6322848761,1.264569752,72.27241732,4.981153438,-0.3044916451
490,0.6641657865,0.2421935657,0.6184322669,1.236864534,72.827107,4.943214345,-0.2952560686
491,0.6451516741,0.2489960095,0.5951652458,1.190330492,74.39575265,4.838985926,-0.2689912194
492,0.6703460744,0.198358646,0.6403262504,1.280652501,72.70616323,4.951437183,-0.2972721701
493,0.6511272061,0.2324310462,0.6082289431,1.216457886,74.0383245,4.862346662,-0.2749943172
494,0.6100227045,0.1952778733,0.5779223583,1.155844717,78.06769527,4.611382452,-0.2067558594
495,0.6979560269,0.2837165549,0.6376892126,1.275378425,69.60093748,5.172344124,-0.3485567114
496,0.6602934787,0.2637527658,0.6053279744,1.210655949,72.92038489,4.936891111,-0.2937002512
497,0.7173222708,0.2338043977,0.6781494996,1.356298999,68.68886792,5.241023923,-0.3634322433
498,0.6309816259,0.2254495563,0.589330391,1.178660782,75.89010079,4.743701698,-0.2437825765
499,0.687368731,0.1718899117,0.6655295866,1.331059173,71.51605219,5.033834908,-0.3170389583
500,0.6265405642,0.1688851956,0.6033497073,1.206699415,76.70654296,4.693211115,-0.2299386024
501,0.6424393778,0.2404680455,0.5957377554,1.191475511,74.72210857,4.817851194,-0.2635008392
502,0.7285496532,0.1822872545,0.7053764626,1.410752925,68.29430557,5.271303325,-0.3698390988
503,0.5972607614,0.2081123524,0.559830033,1.119660066,79.20719651,4.54504156,-0.1872579351
504,0.6510240784,0.2455940005,0.6029228288,1.205845658,73.91687754,4.870335599,-0.2770316259
505,0.6694309861,0.2155780988,0.6337696178,1.267539236,72.63898811,4.956016175,-0.2983913904
506,0.6677121924,0.1828614397,0.6421847598,1.28436952,73.04048009,4.928773737,-0.291695992
507,0.6486866239,0.274593115,0.5877014185,1.175402837,73.79538896,4.878353581,-0.2790683875
508,0.6115966573,0.2360200512,0.5642207074,1.128441415,77.60014498,4.63916659,-0.2147328558
509,0.6561511341,0.2284354694,0.6151028752,1.23020575,73.64289745,4.888455132,-0.2816231377
510,0.7215325471,0.2335157893,0.6827002217,1.365400443,68.37757929,5.264883661,-0.3684883601
511,0.6136078526,0.189983359,0.5834560138,1.166912028,77.76557979,4.629297447,-0.211911937
512,0.7068445683,0.242491915,0.663947976,1.327895952,69.39488826,5.187701991,-0.3519251592
513,0.7020105061,0.1648752036,0.6823744704,1.364748941,70.4122119,5.112749483,-0.3352507741
514,0.686930101,0.1798196447,0.6629765147,1.325953029,71.49657064,5.035206539,-0.3173614164
515,0.65063289,0.2336163456,0.6072450582,1.214490116,74.06990852,4.860273317,-0.274464283
516,0.6289827176,0.2053254887,0.5945256115,1.189051223,76.23729195,4.722098474,-0.2379013275
517,0.6532465148,0.2507043327,0.6032232975,1.206446595,73.67058914,4.886617634,-0.2811593557
518,0.6478836459,0.2269038422,0.6068507765,1.213701553,74.37220037,4.840518342,-0.2693871107
519,0.62718924,0.2106495503,0.5907563878,1.181512776,76.35902056,4.714570687,-0.2358372248
520,0.6545082915,0.1730225919,0.6312244342,1.262448868,74.21995364,4.850447654,-0.2719451317
521,0.6911974663,0.1803161058,0.6672630961,1.334526192,71.15391621,5.059454478,-0.323026994
522,0.7524506246,0.2225479265,0.7187867298,1.43757346,66.2561301,5.433459508,-0.4026487581
523,0.6699060368,0.2641646312,0.6156225676,1.231245135,72.10561081,4.992676658,-0.3072634294
524,0.6708732377,0.204684261,0.6388859478,1.277771896,72.61174514,4.957875607,-0.2988451749
525,0.6726303533,0.1973220331,0.6430362411,1.286072482,72.52569132,4.963758269,-0.3002781245
526,0.6331839298,0.1766470846,0.6080441567,1.216088313,76.06039033,4.733081154,-0.24089906
527,0.6875549385,0.1997828847,0.6578894987,1.315778997,71.29621166,5.049356644,-0.3206756185
528,0.6817804814,0.2370079843,0.639258821,1.278517642,71.4249406,5.040256204,-0.3185467197
529,0.6492415769,0.2050784624,0.6160011765,1.232002353,74.44107979,4.836039469,-0.2682291855
530,0.6778370221,0.2054114016,0.6459637642,1.291927528,72.03396886,4.997642163,-0.3084530886
531,0.7269688891,0.2355428417,0.6877523795,1.375504759,67.95605682,5.297541041,-0.3753175898
532,0.6948201252,0.2394196158,0.6522677778,1.304535556,70.36002626,5.116541581,-0.3361087364
533,0.653450432,0.2468302457,0.605039087,1.210078174,73.69374904,4.885081906,-0.2807714218
534,0.6384398078,0.1944144419,0.608118749,1.216237498,75.47040314,4.770081847,-0.2508800795
535,0.6505610109,0.2687393009,0.5924599708,1.184919942,73.701585,4.884562524,-0.2806401573
536,0.6777171555,0.2584085719,0.6265185974,1.253037195,71.52711566,5.033056299,-0.3168558195
537,0.7163095712,0.2448686876,0.6731557974,1.346311595,68.65221819,5.243821824,-0.3640280879
538,0.6380948217,0.2296846713,0.5953234023,1.190646805,75.21135628,4.786511211,-0.2552541242
539,0.6661833371,0.2715737011,0.6083156775,1.216631355,72.32890229,4.977263426,-0.3035524617
540,0.6227791964,0.2132425715,0.5851337738,1.170267548,76.74320784,4.690968884,-0.2293157791
541,0.6819944867,0.2804025442,0.6216839173,1.243367835,70.91324041,5.076626,-0.3269995232
542,0.6248741067,0.1935989176,0.594127182,1.188254364,76.69799664,4.693734071,-0.2300837645
543,0.6547763111,0.2477510964,0.6060952167,1.212190433,73.56968682,4.89331973,-0.2828489566
544,0.6450224735,0.2024362925,0.612432477,1.224864954,74.82964609,4.810927471,-0.2616898229
545,0.652267426,0.1574000428,0.6329913281,1.265982656,74.50766886,4.831717399,-0.2671093948
546,0.6427687995,0.1709110648,0.6196298392,1.239259678,75.24854662,4.784145557,-0.2546264784
547,0.6673175536,0.217856656,0.6307544647,1.261508929,72.79489434,4.94540178,-0.2957931743
548,0.6449808918,0.2858735782,0.5781666265,1.156333253,73.98042991,4.866151771,-0.2759656707
549,0.6844933826,0.2433812199,0.6397630597,1.279526119,71.14078495,5.060388359,-0.3232438827
550,0.7351647536,0.2596161448,0.6877984242,1.375596848,67.10496361,5.364729829,-0.3890441451
551,0.6800443005,0.2328867445,0.6389241073,1.277848215,71.60658151,5.027470833,-0.3155400384
552,0.6623808602,0.2435880906,0.6159652962,1.231930592,72.96352084,4.933972427,-0.292980507
553,0.6604529112,0.1977489261,0.6301534814,1.260306963,73.538619,4.895387008,-0.2833690083
554,0.6726018279,0.2265317936,0.6333060598,1.26661212,72.27705587,4.980833761,-0.3044145304
555,0.7021060426,0.2585703469,0.6527589683,1.305517937,69.5850413,5.173525707,-0.3488167397
556,0.659538858,0.2202965001,0.6216598405,1.243319681,73.42821937,4.902747242,-0.2852163388
557,0.6830573783,0.2347141155,0.6414644698,1.28292894,71.34459793,5.045932144,-0.3198756033
558,0.6563044342,0.2585500816,0.6032307731,1.206461546,73.32112421,4.90990835,-0.2870073636
559,0.684175602,0.2276077904,0.6452061284,1.290412257,71.32342513,5.04743006,-0.320225701
560,0.6536572226,0.2117640746,0.6184041893,1.236808379,74.00486143,4.864545289,-0.2755557938
561,0.6258449291,0.1989842191,0.593369325,1.18673865,76.57063938,4.701540994,-0.2322463618
562,0.6355517778,0.2277654742,0.593337131,1.186674262,75.45668539,4.770949031,-0.2511118352
563,0.6448357865,0.1924471303,0.6154488554,1.230897711,74.92149316,4.805029703,-0.2601423161
564,0.6673372924,0.2243210816,0.6285054608,1.257010922,72.73479154,4.949488303,-0.2967950628
565,0.6604636735,0.2426234617,0.6142850477,1.228570095,73.13602469,4.922334807,-0.2901005401
566,0.6771581494,0.2922739401,0.6108347593,1.221669519,71.14974477,5.059751109,-0.3230958954
567,0.643924337,0.2538599615,0.5917716382,1.183543276,74.45274246,4.835281926,-0.2680330871
568,0.6645392375,0.1947615421,0.6353584342,1.270716868,73.21765653,4.916846797,-0.2887367712
569,0.7357628206,0.223522929,0.70098818,1.40197636,67.43109759,5.338783037,-0.3837941888
570,0.6448184339,0.2204796729,0.6059534029,1.211906806,74.69817725,4.819394706,-0.2639037353
571,0.6224536457,0.2466723923,0.5714903953,1.142980791,76.47669871,4.707316164,-0.233840792
572,0.7190956784,0.1829725375,0.6954276707,1.390855341,68.98930688,5.218199983,-0.3585421776
573,0.6693725271,0.1961068042,0.6400013292,1.280002658,72.80440561,4.944755705,-0.2956345955
574,0.6881875407,0.2682551108,0.6337517548,1.26750351,70.56599477,5.101607384,-0.3327208791
575,0.6421097778,0.1562135273,0.6228180317,1.245636063,75.39370948,4.774934176,-0.2521756019
576,0.7041151297,0.3261301821,0.6240330282,1.248066056,68.5027844,5.255260836,-0.3664560108
577,0.6731371393,0.20108249,0.642401308,1.284802616,72.4541553,4.968659127,-0.3014688111
578,0.6201750344,0.198436753,0.5875712113,1.175142423,77.09580277,4.669514903,-0.223321522
579,0.6923202221,0.2535387122,0.644224659,1.288449318,70.40716653,5.113115862,-0.335333735
580,0.6473533254,0.2351340602,0.6031403665,1.206280733,74.3412799,4.842531639,-0.2699067852
581,0.6876715718,0.2239081961,0.650197901,1.300395802,71.07794226,5.064862439,-0.3242816183
582,0.6739198957,0.2117658308,0.6397837593,1.279567519,72.30105799,4.97918025,-0.3040154696
583,0.6985229893,0.1744467093,0.6763894679,1.352778936,70.61959398,5.097735341,-0.3318385497
584,0.703450172,0.299714561,0.6364065732,1.272813146,68.95696895,5.2206471,-0.3590689985
585,0.6751125343,0.249585163,0.6272831741,1.254566348,71.83819611,5.011261689,-0.3117015523
586,0.6847043288,0.2506458874,0.6371786696,1.274357339,71.04649384,5.067104379,-0.3248007869
587,0.6323681129,0.271520299,0.5711095844,1.142219169,75.29421483,4.781243829,-0.2538556085
588,0.7015796093,0.2476509425,0.656416757,1.312833514,69.74623382,5.161569024,-0.3461787258
589,0.6590074155,0.2098310646,0.6247092908,1.249418582,73.56381144,4.893710548,-0.2829473123
590,0.6134912624,0.2199245891,0.5727169494,1.145433899,77.55691703,4.641752326,-0.2154696651
591,0.6384804921,0.1962861932,0.6075599305,1.215119861,75.45301533,4.771181091,-0.2511738368
592,0.6981335905,0.2394695305,0.6557780525,1.311556105,70.09983244,5.13553296,-0.3403823001
593,0.5987420428,0.2262152841,0.5543633097,1.108726619,78.92684626,4.561185668,-0.1920621552
594,0.6273710118,0.1990681945,0.5949506201,1.18990124,76.43087458,4.710138435,-0.2346183251
595,0.6481407936,0.1622299094,0.6275093185,1.255018637,74.83435941,4.810624463,-0.2616104259
596,0.6838927486,0.2583491665,0.6332179718,1.266435944,71.02630573,5.068544623,-0.3251340122
597,0.6742331506,0.2106478521,0.640482493,1.280964986,72.28487558,4.980294939,-0.3042845253
598,0.6991497685,0.1798241001,0.6756283681,1.351256736,70.53332509,5.103970351,-0.3332585319
599,0.6593118991,0.2488218895,0.6105569978,1.221113996,73.16954678,4.920079676,-0.2895405801
600,0.6611422171,0.2515354805,0.6114236937,1.222847387,72.98474275,4.932537767,-0.2926263481
601,0.600242969,0.1959454614,0.5673596725,1.134719345,78.99921439,4.557007342,-0.190822455
602,0.6242642221,0.1894476746,0.5948238374,1.189647675,76.78254925,4.688565351,-0.2286473853
603,0.5896338081,0.1794774704,0.5616545782,1.123309156,80.13528517,4.492403056,-0.1713223956
604,0.6206940003,0.2220476801,0.5796170027,1.159234005,76.864377,4.683574031,-0.2272568221
605,0.6434033552,0.2505385174,0.5926198856,1.185239771,74.53413563,4.830001676,-0.2666642177
606,0.653136701,0.1987724906,0.6221551633,1.244310327,74.15436072,4.854738096,-0.2730466208
607,0.6787356824,0.2702722059,0.6226034543,1.245206909,71.30474903,5.04875208,-0.3205344788
608,0.6440895166,0.2503731411,0.5934345756,1.186869151,74.47513898,4.833827837,-0.2676564765
609,0.5692945733,0.1292827837,0.5544206644,1.108841329,82.38773476,4.369582451,-0.1324685755
610,0.6634162447,0.2212360673,0.6254404178,1.250880836,73.09179935,4.925313143,-0.2908391378
611,0.6398011832,0.1882928128,0.6114665737,1.222933147,75.39381902,4.774927238,-0.2521737518
612,0.6497543869,0.2498402482,0.5998004783,1.199600957,73.983165,4.865971873,-0.2759197877
613,0.7152844068,0.2612287414,0.6658763603,1.331752721,68.54946857,5.251681851,-0.3656977776
614,0.6797732733,0.232688625,0.6387078416,1.277415683,71.63054513,5.025788919,-0.3151431339
615,0.6654222582,0.213574829,0.6302162915,1.260432583,72.99082767,4.932126563,-0.2925247933
616,0.638623275,0.2063405672,0.6043701331,1.208740266,75.36333519,4.776858655,-0.2526885647
617,0.7556480338,0.1768522939,0.7346612941,1.469322588,66.39749026,5.42189168,-0.4003891718
618,0.6841161469,0.2391313574,0.6409610724,1.281922145,71.2149048,5.055121551,-0.3220194251
619,0.6853965509,0.2791008514,0.6259961235,1.251992247,70.6553582,5.095154977,-0.3312496514
620,0.6737119114,0.2349056446,0.6314325599,1.26286512,72.10488254,4.992727085,-0.3072755252
621,0.6642938474,0.1912097971,0.6361801075,1.272360215,73.26504465,4.913666561,-0.2879448203
622,0.7680031781,0.3102357567,0.7025543799,1.40510876,64.18672596,5.608636281,-0.4354396697
623,0.7066136229,0.2827765425,0.6475648532,1.295129706,68.94403851,5.221626232,-0.359279618
624,0.6994546832,0.1581984733,0.6813296537,1.362659307,70.65217778,5.095384336,-0.3313020258
625,0.6876203636,0.2029983876,0.6569729211,1.313945842,71.2648979,5.051575328,-0.3211932361
626,0.6794450263,0.2294693449,0.6395227623,1.279045525,71.6884029,5.021732741,-0.3141846205
627,0.657390588,0.2197279943,0.6195821121,1.239164224,73.61621749,4.890226804,-0.282069913
628,0.6250248146,0.2381579347,0.577872665,1.15574533,76.32004377,4.716978427,-0.2364982548
629,0.6867577782,0.2988384565,0.6183298657,1.236659731,70.28011804,5.122359069,-0.3374219337
630,0.7064940075,0.3009125745,0.6392068563,1.278413713,68.70642386,5.23968473,-0.3631467692
631,0.6700791945,0.2144921838,0.6348222034,1.269644407,72.59466582,4.959042044,-0.2991296297
632,0.6908498305,0.2281755647,0.6520808232,1.304161646,70.78472686,5.085842893,-0.3291183742
633,0.69239316,0.2381393907,0.6501522272,1.300304454,70.56444809,5.101719205,-0.3327463356
634,0.6998405315,0.3036772411,0.6305211358,1.261042272,69.17901773,5.20389002,-0.3554492808
635,0.6426427858,0.2054570255,0.6089147402,1.21782948,75.01479066,4.799053584,-0.2585696868
636,0.6848730221,0.2555884987,0.6353940319,1.270788064,70.97845051,5.071961946,-0.32592375
637,0.665722345,0.2254675837,0.6263789662,1.252757932,72.85932138,4.941028727,-0.294718841
638,0.6970217699,0.2713846972,0.6420200105,1.284040021,69.82971913,5.155398081,-0.3448113594
639,0.6571070884,0.223878768,0.617792864,1.235585728,73.60312404,4.89109674,-0.2822891501
640,0.6493137356,0.1910375411,0.6205747216,1.241149443,74.54221294,4.829478303,-0.2665283443
641,0.6537787645,0.2522852622,0.6031407956,1.206281591,73.60763379,4.890797075,-0.2822136404
642,0.6190842365,0.1722059097,0.5946515085,1.189303017,77.36835063,4.65306546,-0.2186822905
643,0.7181565986,0.2377691866,0.6776538305,1.355307661,68.58686198,5.248818645,-0.3650902674
644,0.6861419926,0.259417893,0.6352111388,1.270422278,70.83323726,5.082359834,-0.328318759
645,0.6673978233,0.2841072483,0.6039063885,1.207812777,72.06878436,4.995227867,-0.3078750157
646,0.6738414285,0.2048048501,0.6419635847,1.283927169,72.36599479,4.97471224,-0.3029355589
647,0.6260675688,0.2124560857,0.5889168128,1.177833626,76.44719368,4.709132967,-0.2343414436
648,0.6742854267,0.2254822207,0.6354672335,1.270934467,72.14814214,4.989733475,-0.3065569429
649,0.6831422822,0.2909878223,0.6180691426,1.236138285,70.68029659,5.093357235,-0.3308389363
650,0.6228058249,0.239444066,0.5749379399,1.14987588,76.51350238,4.705051904,-0.2332162078
651,0.6245638291,0.1742455668,0.5997653367,1.199530673,76.85377193,4.684220318,-0.2274370686
652,0.6511350522,0.1902363255,0.6227254586,1.245450917,74.39071523,4.839313601,-0.2690758974
653,0.6393883069,0.2734718553,0.5779537623,1.155907525,74.63479793,4.823487301,-0.2649705364
654,0.6833921246,0.2540124367,0.6344308299,1.26886166,71.11531375,5.062200826,-0.3236645413
655,0.6780302539,0.172124509,0.6558187086,1.311637417,72.26618325,4.981583139,-0.3045952817
656,0.6631126573,0.2802316525,0.6009896981,1.201979396,72.48031154,4.966866068,-0.3010335061
657,0.7121863663,0.2128856815,0.6796242395,1.359248479,69.27043659,5.197022246,-0.353957466
658,0.6229646817,0.2320164582,0.5781464847,1.156292969,76.5670808,4.701759506,-0.2323067721
659,0.6435161649,0.2079586497,0.6089878935,1.217975787,74.91793505,4.80525791,-0.2602022781
660,0.6645573936,0.2525325964,0.6147062852,1.22941257,72.68497571,4.952880516,-0.2976252245
661,0.6438845728,0.2239402791,0.6036870832,1.207374166,74.74970373,4.8160726,-0.2630362033
662,0.6627597949,0.2586102247,0.6102223344,1.220444669,72.76957223,4.947122664,-0.2962153231
663,0.625056942,0.1935014016,0.5943512332,1.188702466,76.68196958,4.694715094,-0.2303559757
664,0.6397571414,0.2172928894,0.6017250204,1.203450041,75.17271495,4.78897164,-0.2559061438
665,0.6479554712,0.2465154986,0.5992298404,1.198459681,74.1750969,4.85338092,-0.2726984408
666,0.6729881236,0.247437227,0.625849689,1.251699378,72.03626653,4.997482759,-0.308414942
667,0.7123273795,0.2622700716,0.6622874792,1.324574958,68.76046275,5.235566859,-0.3622678388
668,0.6648735343,0.2118552482,0.630217558,1.260435116,73.05156495,4.928025844,-0.291510933
669,0.6378484105,0.2275834782,0.5958660548,1.19173211,75.25250395,4.783893972,-0.254559686
670,0.6508021266,0.2178442957,0.613259546,1.226519092,74.19926921,4.851799807,-0.2722925198
671,0.6244102049,0.2254723476,0.58228028,1.16456056,76.491164,4.706425961,-0.2335953174
672,0.6627871936,0.1514290728,0.6452566155,1.290513231,73.65088085,4.887925248,-0.2814894381
673,0.6721545768,0.2055726789,0.6399465984,1.279893197,72.49858402,4.965614224,-0.3007293691
674,0.7094581149,0.3000767476,0.6428722753,1.285744551,68.49254021,5.256046847,-0.3666223621
675,0.6662409811,0.2012776558,0.6351097151,1.27021943,73.02438106,4.929860339,-0.2919647421
676,0.6928239472,0.2363900866,0.6512486076,1.302497215,70.54802986,5.102906498,-0.3330165452
677,0.6008046498,0.1782712408,0.5737469755,1.147493951,79.05378965,4.553861385,-0.1898873535
678,0.6376164247,0.1555752254,0.6183454167,1.236690833,75.79222712,4.749827439,-0.2454389009
679,0.6722347294,0.2009575671,0.6414948072,1.282989614,72.52949516,4.963497942,-0.300214798
680,0.647467027,0.2509470741,0.5968577026,1.193715405,74.17157649,4.853611276,-0.2727575544
681,0.6856234763,0.2783259366,0.6265893586,1.253178717,70.6469857,5.095758813,-0.3313875256
682,0.632772588,0.2389203201,0.5859336385,1.171867277,75.60376501,4.761667623,-0.2486262393
683,0.7122433855,0.2167334613,0.6784668356,1.356933671,69.23209009,5.19990079,-0.3545833316
684,0.6303626536,0.2316146579,0.5862693283,1.172538657,75.89113851,4.743636834,-0.2437650115
685,0.6563906952,0.2319708386,0.6140344248,1.22806885,73.58895872,4.892038239,-0.2825263179
686,0.6881512389,0.2051086098,0.6568733408,1.313746682,71.20514334,5.055814554,-0.3221807149
687,0.6192556042,0.2417106369,0.5701346081,1.140269216,76.82346943,4.686067977,-0.2279520548
688,0.6493235817,0.2552730469,0.5970400198,1.19408004,73.96252906,4.867329505,-0.2762659536
689,0.6637706242,0.2801384874,0.6017589795,1.203517959,72.42576171,4.970607025,-0.3019412802
690,0.6716583923,0.224849866,0.6329040478,1.265808096,72.37072271,4.974387246,-0.3028569176
691,0.6699271929,0.2470089198,0.622727097,1.245454194,72.2945828,4.979626219,-0.3041231318
692,0.6446713825,0.2173427381,0.6069294239,1.213858848,74.73829279,4.816807911,-0.2632283433
693,0.6869360054,0.1995118637,0.6573249514,1.314649903,71.34780821,5.045705103,-0.3198225167
694,0.6749083259,0.2284633948,0.6350635603,1.270127121,72.06885358,4.99522307,-0.3078738663
695,0.6486229497,0.2146414581,0.6120790597,1.224158119,74.41596338,4.837671699,-0.26865146
696,0.6678462715,0.2877859197,0.6026590303,1.205318061,71.98255774,5.001211561,-0.3093065052
697,0.7550626156,0.2569247004,0.7100065153,1.420013031,65.7308878,5.476877189,-0.4110229669
698,0.6481837739,0.1953596658,0.6180427216,1.236085443,74.60819687,4.825207083,-0.2654181889
699,0.6826275511,0.2117000873,0.6489710676,1.297942135,71.59233482,5.028471287,-0.3157759773
700,0.7129842581,0.2373528893,0.6723170072,1.344634014,68.98007922,5.218898036,-0.3586925181
701,0.662919167,0.2198417314,0.6254050169,1.250810034,73.14620372,4.921649815,-0.289930518
702,0.6789588992,0.1530246597,0.6614897129,1.322979426,72.30967813,4.978586675,-0.3038721375
703,0.6818833379,0.1721262443,0.6598010629,1.319602126,71.95425701,5.003178616,-0.3097761867
704,0.6806793538,0.2386882144,0.6374576998,1.2749154,71.49725013,5.035158686,-0.3173501701
705,0.6388082809,0.211042098,0.602940505,1.20588101,75.30910997,4.780298162,-0.2536041468
706,0.6353403209,0.2298240637,0.5923159825,1.184631965,75.45703234,4.770927093,-0.2511059737
707,0.7133893718,0.2443730702,0.6702284672,1.340456934,68.87732732,5.226683642,-0.3603659617
708,0.6975935187,0.2524944599,0.6502947525,1.300589505,70.00398475,5.142564403,-0.3419547897
709,0.6915243358,0.2493127891,0.6450186355,1.290037271,70.51635375,5.105198736,-0.3335377905
710,0.6382246209,0.2172301137,0.6001181088,1.200236218,75.30959155,4.780267594,-0.2535960165
711,0.6844042911,0.1989139675,0.6548606471,1.309721294,71.55541732,5.03106562,-0.3163872756
712,0.6479450218,0.2372222043,0.6029580227,1.205916045,74.26927874,4.847226284,-0.27111659
713,0.6710675412,0.1644579072,0.6506037517,1.301207503,72.88553625,4.939251579,-0.2942815963
714,0.6034521323,0.1584564176,0.5822766007,1.164553201,78.90792638,4.562279311,-0.1923862113
715,0.7201796178,0.2554858712,0.6733391802,1.34667836,68.24826846,5.274859101,-0.370585507
716,0.6177612423,0.1768662962,0.5919013987,1.183802797,77.46240094,4.64741598,-0.2170802395
717,0.6344412009,0.1962405018,0.6033285198,1.20665704,75.81338389,4.748501934,-0.2450809235
718,0.6909109107,0.2776523659,0.6326666186,1.265333237,70.23336704,5.125768778,-0.338189927
719,0.6920620621,0.2825089101,0.6317741792,1.263548358,70.07988963,5.136994392,-0.3407095631
720,0.6629891191,0.2747221873,0.60339232,1.20678464,72.55998595,4.961412207,-0.2997071388
721,0.7016787199,0.2082473176,0.6700642362,1.340128472,70.11563898,5.13437523,-0.3401228843
722,0.6708898535,0.2218721774,0.6331397416,1.266279483,72.46173294,4.968139533,-0.3013427068
723,0.6628383847,0.1789479948,0.6382259313,1.276451863,73.47494733,4.899629235,-0.284434563
724,0.6678145675,0.2327944893,0.6259257323,1.251851465,72.61474929,4.957670494,-0.2987951383
725,0.6978270668,0.2228433954,0.6612892229,1.322578446,70.28565607,5.121955462,-0.337330944
726,0.656419028,0.2167425905,0.6196035748,1.23920715,73.72545937,4.882980765,-0.2802401919
727,0.6005072387,0.1933539957,0.568527199,1.137054398,78.99043972,4.557513558,-0.1909727854
728,0.7085639195,0.1812535812,0.6849890272,1.369978054,69.79735239,5.157788765,-0.3453415659
729,0.6270564407,0.1899679998,0.597588436,1.195176872,76.52434382,4.704385324,-0.2330322024
730,0.617769586,0.1661428747,0.5950090811,1.190018162,77.52488256,4.643670369,-0.2160156051
731,0.688425638,0.1899577169,0.6616992708,1.323398542,71.30333967,5.048851872,-0.3205577788
732,0.6269811238,0.1446203708,0.6100739939,1.220147988,76.79877455,4.687574797,-0.2283716931
733,0.720973289,0.2628118726,0.6713660723,1.342732145,68.10624128,5.28585917,-0.3728867103
734,0.6828548495,0.2616867507,0.630722435,1.26144487,71.071856,5.06529617,-0.3243821014
735,0.6796725583,0.1751434925,0.6567187705,1.313437541,72.11260962,4.992192099,-0.3071471841
736,0.6749776127,0.2482705226,0.6276595615,1.255319123,71.86338834,5.009504955,-0.31128374
737,0.6539577395,0.2223355512,0.6150021363,1.230004273,73.88714574,4.872295396,-0.2775301963
738,0.6338552446,0.2207130661,0.594187019,1.188374038,75.67138267,4.75741274,-0.2474829729
739,0.6686258402,0.1539117833,0.6506701754,1.301340351,73.15065601,4.92135026,-0.2898561477
740,0.6473417518,0.266101083,0.5901199515,1.180239903,74.01460934,4.863904616,-0.2753922433
741,0.6632447805,0.2942907586,0.5943791621,1.188758324,72.28223769,4.980476691,-0.3043283816
742,0.6580909994,0.1931213916,0.6291167552,1.25823351,73.77409835,4.879761434,-0.2794251966
743,0.6593855,0.1830879193,0.6334572215,1.266914443,73.73722111,4.882201886,-0.2800431305
744,0.6579367208,0.2167914049,0.6211941849,1.24238837,73.59547269,4.891605242,-0.2824172575
745,0.6452316912,0.1787510658,0.6199774123,1.239954825,74.98262804,4.801112063,-0.2591118999
746,0.6756183371,0.2430679491,0.6303793378,1.260758676,71.86548348,5.00935891,-0.3112489895
747,0.6797669363,0.1815890556,0.6550637393,1.310127479,72.06014876,4.995826489,-0.3080184109
748,0.6656719971,0.1958088468,0.6362217406,1.272443481,73.1148197,4.923762399,-0.2904547017
749,0.6586639022,0.2086298208,0.6247493368,1.249498674,73.60300408,4.891104711,-0.2822911586
750,0.6903742805,0.2648051837,0.6375694957,1.275138991,70.43283629,5.11125235,-0.3349116203
751,0.6759573598,0.2461290002,0.6295544993,1.259108999,71.80563732,5.013533943,-0.3122414495
752,0.6795378039,0.3101088448,0.6046520746,1.209304149,70.69784919,5.092092675,-0.3305498216
753,0.6341191413,0.2518343627,0.5819678163,1.163935633,75.35245325,4.7775485,-0.2528723222
754,0.6766398232,0.1586775183,0.6577711574,1.315542315,72.46459124,4.967943568,-0.3012951386
755,0.6530405873,0.1896086185,0.6249084576,1.249816915,74.23135116,4.849702914,-0.271753699
756,0.6542148258,0.2170235318,0.6171692028,1.234338406,73.91197248,4.870658811,-0.2771138836
757,0.688524678,0.2257344064,0.6504692229,1.300938446,70.99277783,5.070938355,-0.3256873351
758,0.6988883975,0.2049282021,0.6681687093,1.336337419,70.36037499,5.116516222,-0.336103004
759,0.6721817349,0.2072578347,0.6394313682,1.278862736,72.48236888,4.966725089,-0.3009992641
760,0.6508963726,0.2174612443,0.6134954728,1.226990946,74.19443437,4.852115971,-0.2723737142
761,0.7180351491,0.2438642489,0.6753552424,1.350710485,68.53342607,5.25291118,-0.3659583634
762,0.6347056283,0.2183142044,0.5959783073,1.191956615,75.6153324,4.760939198,-0.2484306846
763,0.6817488605,0.2631952757,0.6288956635,1.257791327,71.1438511,5.060170266,-0.3231932406
764,0.6274514351,0.2750629296,0.5639465295,1.127893059,75.70504336,4.755297455,-0.2469137158
765,0.6561280556,0.2441643799,0.6090055673,1.218011135,73.49062838,4.898583778,-0.2841721708
766,0.6697388549,0.1556240727,0.6514071551,1.30281431,73.04867937,4.928220511,-0.2915591082
767,0.6498144647,0.2271171253,0.6088322018,1.217664404,74.20203095,4.851619227,-0.2722461394
768,0.6339064455,0.2372466139,0.5878362236,1.175672447,75.51712216,4.767130814,-0.2500906735
769,0.6841702823,0.1624625112,0.6646013148,1.32920263,71.83274614,5.011641895,-0.311791932
770,0.6345512853,0.2145308444,0.5971866128,1.194373226,75.6608742,4.758073493,-0.2476606707
771,0.6554194881,0.2144885082,0.6193297871,1.238659574,73.8304807,4.876034892,-0.2784802013
772,0.6689142947,0.1988928554,0.6386610727,1.277322145,72.82065694,4.943652188,-0.2953636228
773,0.6275313986,0.2790052835,0.5620958174,1.124191635,75.6503137,4.758737703,-0.2478392401
774,0.6480877276,0.2065493045,0.6142923469,1.228584694,74.52950728,4.830301623,-0.2667420717
775,0.6194728541,0.2498232071,0.5668641655,1.133728331,76.72435446,4.692121589,-0.2296360516
776,0.6462124123,0.1665191296,0.6243891906,1.248778381,74.97552498,4.801566912,-0.2592316356
777,0.6595355714,0.2625509794,0.605024093,1.210048186,72.99889651,4.931581396,-0.2923901226
778,0.6344863366,0.232505789,0.5903507173,1.180701435,75.5092943,4.76762501,-0.2502229516
779,0.6356468953,0.1870422477,0.607504875,1.21500975,75.77123093,4.751143614,-0.2457941279
780,0.6375073859,0.226121628,0.5960576117,1.192115223,75.29614367,4.781121349,-0.2538230467
781,0.6994353687,0.2550236426,0.6512854802,1.30257096,69.83228382,5.155208742,-0.3447693419
782,0.6504807305,0.2017407684,0.6184058886,1.236811777,74.36019941,4.841299551,-0.2695888179
783,0.6920054902,0.2223979394,0.6552944033,1.310588807,70.7474635,5.088521654,-0.3297324399
784,0.6788518294,0.2778347266,0.6193929859,1.238785972,71.20155563,5.056069307,-0.3222399928
785,0.674000579,0.2289463594,0.6339245578,1.267849116,72.13890692,4.99037226,-0.3067103631
786,0.6553940903,0.2217951851,0.6167238519,1.233447704,73.76860001,4.880125147,-0.2795173369
787,0.6972939562,0.1939218257,0.6697859262,1.339571852,70.57336726,5.101074442,-0.3325995333
788,0.6607188693,0.2342186866,0.6178114851,1.23562297,73.19820331,4.918153503,-0.2890618166
789,0.6432942217,0.2159214973,0.6059747212,1.211949442,74.87154262,4.808235377,-0.2609840026
790,0.6639834306,0.2177368851,0.6272676024,1.254535205,73.07529045,4.926425852,-0.2911148048
791,0.6826791649,0.2218281105,0.645633899,1.291267798,71.49802385,5.035104198,-0.3173373642
792,0.6924185122,0.1662569565,0.672162198,1.344324396,71.15259772,5.059548232,-0.3230487723
793,0.638850374,0.1845106082,0.6116254048,1.22325081,75.50415189,4.767949722,-0.2503098474
794,0.6150598402,0.2471853421,0.5632033502,1.1264067,77.16692505,4.665211161,-0.2221113821
795,0.6619409057,0.221721416,0.6237029552,1.24740591,73.21189351,4.917233836,-0.2888330694
796,0.6544092768,0.2728561564,0.5948117513,1.189623503,73.31772687,4.910135861,-0.2870641632
797,0.7290632793,0.2829887167,0.6719007749,1.34380155,67.26581979,5.351900878,-0.3864563204
798,0.6391309996,0.223454541,0.5987958774,1.197591755,75.17498262,4.78882718,-0.2558678832
799,0.6908758405,0.2371099146,0.6489131801,1.29782636,70.69502453,5.092296133,-0.3305963496
800,0.688150278,0.2568522284,0.6384181529,1.276836306,70.70160305,5.091822313,-0.3304879864
801,0.7205508814,0.2854087912,0.6616157454,1.323231491,67.85992041,5.30504601,-0.3768722972
802,0.6632958312,0.2178846814,0.6264883281,1.252976656,73.13185066,4.922615752,-0.2901702571
803,0.6620354721,0.2499008392,0.6130583471,1.226116694,72.9265059,4.936476739,-0.2935981294
804,0.6625232839,0.278023909,0.6013649539,1.202729908,72.55830163,4.961527377,-0.2997351841
805,0.6732184486,0.2724865616,0.6156087665,1.231217533,71.73105153,5.018747005,-0.3134778674
806,0.6356453576,0.168233467,0.6129784019,1.225956804,75.89336298,4.743497796,-0.2437273581
807,0.6714467779,0.2123071423,0.6369980007,1.273996001,72.50032092,4.965495262,-0.3007004577
808,0.6442242257,0.1625588582,0.6233774704,1.246754941,75.17238885,4.788992415,-0.2559116458
809,0.6763111263,0.2119771734,0.6422323704,1.284464741,72.10312355,4.992848885,-0.30730474
810,0.6922069349,0.2618074948,0.6407864515,1.281572903,70.32253719,5.119269218,-0.3367249066
811,0.6516393751,0.2394505022,0.606050602,1.212101204,73.92562926,4.869759021,-0.2768848547
812,0.6421445473,0.2590673499,0.5875659349,1.17513187,74.55405739,4.82871104,-0.2663290917
813,0.6825394572,0.2385675635,0.6394885678,1.278977136,71.34782955,5.045703594,-0.3198221638
814,0.7129950333,0.2260016759,0.67622863,1.35245726,69.08999479,5.210595269,-0.3569011283
815,0.6306780818,0.1973516573,0.5990051471,1.198010294,76.14362686,4.727907178,-0.2394888379
816,0.6340407984,0.2513149533,0.5821069732,1.164213946,75.36495866,4.776755755,-0.2526611492
817,0.6736531939,0.2434228776,0.6281352787,1.256270557,72.02350876,4.99836798,-0.3086267448
818,0.6617809077,0.2505318057,0.6125257416,1.225051483,72.94133011,4.935473475,-0.2933507908
819,0.6803773648,0.2168731137,0.6448871305,1.289774261,71.72904982,5.018887061,-0.3135110427
820,0.6578386154,0.1876410378,0.6305097024,1.261019405,73.83590253,4.875676841,-0.2783893147
821,0.6677872644,0.1504193009,0.6506257483,1.301251497,73.24001145,4.915346036,-0.2883632001
822,0.6551643565,0.234289638,0.61184042,1.22368084,73.67190868,4.88653011,-0.2811372543
823,0.6616508387,0.2384665425,0.6171835549,1.23436711,73.07729951,4.926290413,-0.2910812587
824,0.6940997275,0.2549574043,0.6455781546,1.291156309,70.25092846,5.124487432,-0.3379014665
825,0.6754266104,0.2859992398,0.6118868693,1.223773739,71.37658455,5.043670866,-0.3193466135
826,0.6690247992,0.2185541041,0.6323197652,1.26463953,72.6464496,4.955507145,-0.298267093
827,0.6385017568,0.2438947439,0.5900846103,1.180169221,75.03879919,4.797518136,-0.2581648863
828,0.6480274752,0.1905135899,0.6193901683,1.238780337,74.65752529,4.822018927,-0.2645880266
829,0.6539271036,0.1478954846,0.6369831886,1.273966377,74.41904739,4.837471221,-0.2685996124
830,0.6430846236,0.2574776032,0.5892903503,1.178580701,74.4879788,4.832994609,-0.267440549
831,0.6707586712,0.2327630183,0.6290775567,1.258155113,72.37004552,4.974433792,-0.3028681815
832,0.689606797,0.1754423682,0.6669164189,1.333832838,71.31396961,5.048099299,-0.3203820364
833,0.6192605674,0.2053760725,0.5842125633,1.168425127,77.12971931,4.66746156,-0.2227444776
834,0.6796197665,0.2652318281,0.6257276599,1.25145532,71.29294331,5.049588126,-0.3207296488
835,0.6770360572,0.1903186493,0.649735819,1.299471638,72.21835086,4.984882592,-0.3053903385
836,0.717533917,0.2114312767,0.6856761169,1.371352234,68.88003577,5.226478122,-0.3603218661
837,0.6576071795,0.2645706058,0.6020378701,1.20407574,73.14060021,4.922026877,-0.2900241156
838,0.6617337334,0.2165634597,0.6252933726,1.250586745,73.27524376,4.912982633,-0.287774347
839,0.7077046853,0.2297223084,0.6693829865,1.338765973,69.45691553,5.183069206,-0.3509116277
840,0.6918722141,0.2236873332,0.6547145466,1.309429093,70.74605285,5.088623117,-0.3297556835
841,0.6433165932,0.2529750111,0.5914895458,1.182979092,74.51604182,4.831174486,-0.2669685659
842,0.6816897414,0.2205672447,0.6450201502,1.2900403,71.58950292,5.028670201,-0.315822874
843,0.6742356981,0.2408554528,0.6297479079,1.259495816,72.00195223,4.999864432,-0.3089845891
844,0.6721653334,0.2425294447,0.6268857183,1.253771437,72.1556621,4.989213452,-0.3064320113
845,0.6526796667,0.246965293,0.6041513812,1.208302762,73.75903183,4.880758208,-0.2796776729
846,0.6437839342,0.211661119,0.6079945104,1.215989021,74.86414496,4.808710501,-0.2611086393
847,0.6265102957,0.2161324712,0.5880492373,1.176098475,76.37689238,4.7134675,-0.2355340897
848,0.6843445011,0.1836647332,0.6592379403,1.318475881,71.67608567,5.022595705,-0.3143887035
849,0.6403102101,0.241243241,0.5931263473,1.186252695,74.90365636,4.806173924,-0.2604428959
850,0.6215505076,0.2343329587,0.5756848947,1.151369789,76.67748445,4.694989704,-0.2304321501
851,0.6586208842,0.285071586,0.5937302922,1.187460584,72.80077125,4.945002557,-0.2956951912
852,0.7151477381,0.2286217643,0.6776196397,1.355239279,68.90260319,5.224766312,-0.3599544197
853,0.7263608324,0.19427897,0.6998969501,1.3997939,68.36524266,5.265833719,-0.3686885153
854,0.6743223845,0.2185405924,0.6379268671,1.275853734,72.20856864,4.985557902,-0.3055529096
855,0.6584506823,0.2806928876,0.5956247173,1.191249435,72.87195269,4.940172271,-0.2945081678
856,0.6581578396,0.1806007284,0.6328942397,1.265788479,73.85854185,4.874182335,-0.2780097824
857,0.602637582,0.1892464611,0.572151931,1.144303862,78.81128239,4.567873902,-0.1940411828
858,0.6507461288,0.1767344889,0.6262870305,1.252574061,74.51820167,4.831034458,-0.2669322374
859,0.6601004428,0.2334422545,0.6174441743,1.234888349,73.25825468,4.914121986,-0.2880583066
860,0.6553545138,0.2434592694,0.6084547007,1.216909401,73.56433909,4.893675447,-0.2829384794
861,0.7354191124,0.254213835,0.6900844854,1.380168971,67.14664544,5.361399629,-0.388373869
862,0.6735384449,0.2071509496,0.6408919729,1.281783946,72.37148367,4.974334942,-0.30284426
863,0.6481452211,0.164276995,0.6269810974,1.253962195,74.82168325,4.81143947,-0.2618239551
864,0.6772289161,0.2617563171,0.6245979789,1.249195958,71.52875942,5.032940637,-0.3168286087
865,0.6828653076,0.1943312191,0.6546299761,1.309259952,71.71523884,5.019853602,-0.3137399281
866,0.6718377149,0.2281715714,0.6319047786,1.263809557,72.32474183,4.977549741,-0.3036216482
867,0.6482093265,0.1484200866,0.6309887549,1.26197751,74.90664466,4.805982188,-0.2603925398
868,0.6754475325,0.1636675136,0.655318483,1.310636966,72.53116004,4.96338401,-0.3001870805
869,0.6505601195,0.2481172537,0.6013869781,1.202773956,73.9310465,4.869402194,-0.2767940013
870,0.669779017,0.1792640474,0.6453435774,1.290687155,72.8942964,4.938657999,-0.2941354697
871,0.6857859261,0.2161393423,0.6508349416,1.301669883,71.29945796,5.049126744,-0.3206219515
872,0.6669993905,0.2307264634,0.625822248,1.251644496,72.70281564,4.951665171,-0.2973279547
873,0.6326043484,0.2088892087,0.5971210599,1.19424212,75.88178559,4.744221518,-0.2439233231
874,0.7398274097,0.1522553646,0.723990953,1.447981906,67.67194163,5.31978234,-0.3799091994
875,0.6778683141,0.17614976,0.6545813267,1.309162653,72.25219796,4.982547385,-0.3048277634
876,0.672920504,0.240750858,0.6283796854,1.256759371,72.11148605,4.992269883,-0.3071658461
877,0.6788843882,0.2131407133,0.6445580259,1.289116052,71.8831381,5.008128603,-0.3109561488
878,0.6822018329,0.2506009543,0.6345065032,1.269013006,71.24891452,5.052708556,-0.321457405
879,0.6700352055,0.2406744187,0.6253183196,1.250636639,72.35135208,4.975719038,-0.3031791038
880,0.6869610353,0.2293264468,0.6475529668,1.295105934,71.08348679,5.064467379,-0.3241900759
881,0.6291712275,0.2315849248,0.5849998771,1.169999754,76.00003849,4.736839706,-0.2419212437
882,0.6170032058,0.2203747139,0.5763054237,1.152610847,77.22273154,4.661839756,-0.2211615992
883,0.6158225056,0.2097912447,0.578986176,1.157972352,77.41709664,4.650135637,-0.2178520253
884,0.6635116805,0.2450342094,0.6166084547,1.233216909,72.8529658,4.941459775,-0.2948248381
885,0.632400881,0.2274344377,0.590088511,1.180177022,75.74384471,4.752861455,-0.2462574161
886,0.6494609794,0.2016120379,0.61737521,1.23475042,74.44948943,4.835493201,-0.2680877853
887,0.6706206151,0.2590247685,0.6185775446,1.237155089,72.10529213,4.992698724,-0.3072687224
888,0.6780438624,0.2016740214,0.6473569868,1.294713974,72.04769046,4.996690355,-0.3082252702
889,0.6464397435,0.1811508201,0.6205390579,1.241078116,74.86127255,4.80889501,-0.2611570329
890,0.6584801882,0.2274987296,0.6179324286,1.235864857,73.45259693,4.901120111,-0.284808517
891,0.7384286255,0.2838836058,0.6816794945,1.363358989,66.57963036,5.407059157,-0.3974741431
892,0.668247065,0.1223690245,0.6569474574,1.313894915,73.34318034,4.908431818,-0.2866385859
893,0.6704256399,0.2457671437,0.6237539977,1.247507995,72.26622287,4.981580408,-0.3045946231
894,0.6728261412,0.2098982392,0.6392477965,1.278495593,72.40703055,4.971892885,-0.302252926
895,0.6484333569,0.2199507428,0.6099897451,1.21997949,74.38661487,4.839580355,-0.269144822
896,0.679651773,0.2290939742,0.6398769284,1.279753857,71.67518637,5.022658723,-0.3144036033
897,0.6693247099,0.2074374067,0.6363688314,1.272737663,72.71733981,4.950676151,-0.2970859147
898,0.6243039116,0.2215772512,0.5836599146,1.167319829,76.53425183,4.703776302,-0.2328640325
899,0.657155087,0.2037151012,0.6247823348,1.24956467,73.77152521,4.87993164,-0.2794683171
900,0.627808126,0.2154388293,0.5896856399,1.17937128,76.26394583,4.720448124,-0.23744946
901,0.6256171386,0.1801685781,0.5991127503,1.198225501,76.7206025,4.692351054,-0.2296997853
902,0.6600504466,0.2009538561,0.6287162633,1.257432527,73.54756954,4.894791252,-0.2832191915
903,0.6788743571,0.2228163278,0.641266931,1.282533862,71.7973752,5.014110878,-0.3123784378
904,0.6825142514,0.1953021583,0.6539745945,1.307949189,71.73599707,5.018401008,-0.3133959009
905,0.6413942716,0.2436292966,0.5933223218,1.186644644,74.78340892,4.813901976,-0.2624686064
906,0.6834312976,0.2675640556,0.6288782193,1.257756439,70.95617446,5.073554243,-0.3262912862
907,0.6304509478,0.2221701041,0.5900074935,1.180014987,75.96681619,4.738911252,-0.242483818
908,0.5903567597,0.2301614163,0.5436421858,1.087284372,79.72810226,4.515346406,-0.1783196207
909,0.6461755344,0.2330540659,0.6026845141,1.205369028,74.46437589,4.834526519,-0.2678374693
910,0.6829136047,0.2178955734,0.6472190592,1.294438118,71.51476763,5.033925327,-0.3170602214
911,0.6431160803,0.2063918952,0.6090982502,1.2181965,74.9656973,4.802196377,-0.2593972937
912,0.6361687565,0.1683290776,0.6134949131,1.226989826,75.84629994,4.746441162,-0.2445239103
913,0.6699507822,0.2642128194,0.61565058,1.23130116,72.10132046,4.992973744,-0.3073346868
914,0.6851063669,0.1918174299,0.657705715,1.31541143,71.55442855,5.031135141,-0.3164036463
915,0.7065398107,0.2426751895,0.6635565209,1.327113042,69.41634337,5.186098583,-0.3515746272
916,0.6658052883,0.2426634218,0.6200089884,1.240017977,72.68438453,4.9529208,-0.2976350748
917,0.6378355133,0.2135207286,0.6010349744,1.202069949,75.37534083,4.776097806,-0.2524858211
918,0.7167973435,0.2637856704,0.666494975,1.33298995,68.40636149,5.262668444,-0.3680213183
919,0.7116168028,0.311099342,0.6400122447,1.280024489,68.16822274,5.281053041,-0.3718827332
920,0.6371410888,0.1951471444,0.6065198752,1.21303975,75.58042189,4.76313827,-0.2490208398
921,0.686087948,0.250092646,0.6388821025,1.277764205,70.94133837,5.074615284,-0.326536042
922,0.6915140114,0.2569046533,0.6420215161,1.284043032,70.43342562,5.111209583,-0.3349019286
923,0.6620973845,0.1299248375,0.6492245245,1.298449049,73.81987695,4.876735303,-0.2786579458
924,0.6220744707,0.2602941192,0.5649987775,1.129997555,76.37231108,4.713750244,-0.2356117983
925,0.628120054,0.1930502511,0.5977176615,1.195435323,76.40618691,4.711660332,-0.2350371575
926,0.6538447405,0.1771917835,0.6293774834,1.258754967,74.24914521,4.848540666,-0.2714548086
927,0.6973195892,0.2404185853,0.6545636053,1.309127211,70.15373619,5.131586991,-0.3394975294
928,0.6264353523,0.2082424662,0.5908098898,1.18161978,76.44679806,4.709157338,-0.2343481563
929,0.6544003353,0.2454165706,0.6066386946,1.213277389,73.62639896,4.889550556,-0.2818994242
930,0.6809800073,0.2432865801,0.6360388434,1.272077687,71.42565066,5.040206098,-0.3185349724
931,0.6712137878,0.2106764895,0.6372937829,1.274587566,72.53353478,4.96322151,-0.3001475449
932,0.6562796665,0.1801612274,0.6310665042,1.262133008,74.02117772,4.86347301,-0.2752820346
933,0.6634846914,0.2811230508,0.6009839981,1.201967996,72.43737727,4.969809973,-0.3017480064
934,0.6754733321,0.2068192171,0.6430319073,1.286063815,72.21540829,4.985085712,-0.3054392422
935,0.7218903788,0.2728239286,0.6683508232,1.336701646,67.9193876,5.300401148,-0.3759107252
936,0.6612142858,0.19415391,0.6320669197,1.264133839,73.50186838,4.89783468,-0.2839840781
937,0.6556438146,0.2593437558,0.6021707631,1.204341526,73.36907926,4.906699166,-0.2862055025
938,0.6613123718,0.2936064405,0.5925616518,1.185123304,72.45602923,4.968530622,-0.3014376264
939,0.7180540321,0.2919175349,0.6560379149,1.31207583,67.95908783,5.297304768,-0.3752685554
940,0.6807840476,0.2534520515,0.6318456908,1.263691382,71.33263504,5.046778376,-0.3200734182
941,0.6222568175,0.1910352681,0.5922069514,1.184413903,76.95575282,4.678012843,-0.2257034532
942,0.6638685233,0.2317223852,0.62211426,1.24422852,72.95604449,4.934478048,-0.2931052654
943,0.6666508867,0.2389654447,0.6223495167,1.244699033,72.6510766,4.955191538,-0.2981900115
944,0.6313559681,0.1577405736,0.6113331905,1.222666381,76.33686136,4.715939241,-0.236213049
945,0.6257222748,0.1784133926,0.599747469,1.199494938,76.72225301,4.692250108,-0.2296717486
946,0.6872153334,0.2074709763,0.6551493787,1.310298757,71.26006422,5.051917984,-0.3212731285
947,0.7032282196,0.2075585454,0.6718998281,1.343799656,70.00162716,5.142737599,-0.3419934566
948,0.6732371344,0.2049812596,0.6412728923,1.282545785,72.41424829,4.971397322,-0.3021328424
949,0.6140043292,0.2124322597,0.5760849341,1.152169868,77.56766922,4.641108901,-0.2152864082
950,0.638564725,0.2227155667,0.5984669451,1.19693389,75.23194201,4.785201477,-0.2549067208
951,0.6595394586,0.1940984679,0.6303317239,1.260663448,73.64387833,4.888390022,-0.2816067111
952,0.6893542019,0.1669930405,0.6688217551,1.33764351,71.39031795,5.042700612,-0.3191194621
953,0.6839674177,0.2714131809,0.6278107308,1.255621462,70.86639408,5.079981911,-0.3277720874
954,0.6593921131,0.2308449582,0.6176637954,1.235327591,73.3434171,4.908415973,-0.286634627
955,0.666815182,0.2439407783,0.6205927679,1.241185536,72.58650787,4.959599388,-0.2992654904
956,0.6739377311,0.2006150625,0.643386091,1.286772182,72.39207302,4.972920169,-0.3025017637
957,0.6749397033,0.1723047799,0.6525754102,1.30515082,72.51698255,4.964354381,-0.3004231032
958,0.6997150211,0.1918639213,0.6728962375,1.345792475,70.40048827,5.113600897,-0.3354435415
959,0.6350697355,0.1774776609,0.6097665527,1.219533105,75.88667226,4.743916017,-0.2438406099
960,0.6577554403,0.229712854,0.616339374,1.232678748,73.49366066,4.898381667,-0.2841214291
961,0.6797594185,0.2588258317,0.6285555313,1.257111063,71.35574987,5.045143533,-0.3196911855
962,0.6854547185,0.2482551528,0.6389190483,1.277838097,71.01197037,5.069567822,-0.3253706074
963,0.6915655796,0.2032930562,0.6610105024,1.322021005,70.9489656,5.074069748,-0.3264102159
964,0.6161896257,0.2327938084,0.5705231788,1.141046358,77.19331834,4.663616071,-0.2216622151
965,0.673067523,0.2086244548,0.6399185318,1.279837064,72.39790323,4.972519699,-0.302404773
966,0.6862912114,0.2335706039,0.6453219351,1.29064387,71.09582434,5.063588521,-0.3239863672
967,0.6792642496,0.2394799168,0.6356487161,1.271297432,71.60424162,5.027635121,-0.3155787906
968,0.6521427746,0.2004290058,0.6205790941,1.241158188,74.22701446,4.849986257,-0.2718265395
969,0.6749799415,0.2065001762,0.6426162141,1.285232428,72.25850429,4.982112536,-0.3047229337
970,0.6582179145,0.2027022212,0.6262288979,1.252457796,73.68915483,4.88538647,-0.2808483796
971,0.7232383544,0.2768438585,0.6681550683,1.336310137,67.77025797,5.312064773,-0.378321352
972,0.6767997351,0.2017504989,0.6460298891,1.292059778,72.14852797,4.989706791,-0.3065505329
973,0.6398260322,0.1951578682,0.6093363258,1.218672652,75.34215174,4.778201733,-0.25304627
974,0.6237684911,0.2456762641,0.5733500709,1.146700142,76.36421128,4.714250222,-0.2357491842
975,0.6997920587,0.2875677892,0.6379762473,1.275952495,69.40712823,5.186787138,-0.3517251896
976,0.6367208888,0.2038110966,0.6032201316,1.206440263,75.55252539,4.764896979,-0.2494923584
977,0.6642538981,0.1824269756,0.6387124859,1.277424972,73.33207578,4.909175094,-0.2868242591
978,0.6896831618,0.2214400326,0.653167035,1.30633407,70.94046621,5.074677673,-0.3265504296
979,0.6786948129,0.2790889942,0.6186565948,1.23731319,71.19844262,5.056290373,-0.3222914263
980,0.6426340523,0.2638085861,0.5859893813,1.171978763,74.45740066,4.834979422,-0.2679547602
981,0.6609815743,0.2238515199,0.6219221323,1.243844265,73.273713,4.91308527,-0.2877999335
982,0.6553364578,0.1929734488,0.6262803853,1.252560771,74.00990274,4.864213932,-0.2754712116
983,0.6481662698,0.2495732883,0.5981911793,1.196382359,74.12478486,4.856675142,-0.2735431655
984,0.6734272919,0.2250767473,0.6347005399,1.26940108,72.22256775,4.984591537,-0.305320255
985,0.6928947739,0.1958740897,0.6646326118,1.329265224,70.90358019,5.077317662,-0.3271588522
986,0.7118648148,0.2818400843,0.6536954042,1.307390808,68.55662176,5.251133892,-0.3655815757
987,0.6791544581,0.2149604659,0.6442381362,1.288476272,71.84527374,5.010768019,-0.3115841762
988,0.6816266982,0.2749517761,0.6237118538,1.247423708,71.01201242,5.06956482,-0.3253699134
989,0.6947435386,0.2692570813,0.6404445399,1.28088908,70.03430535,5.140337984,-0.3414574492
990,0.7075780792,0.239079535,0.6659637483,1.331927497,69.37381446,5.189277868,-0.3522694132
991,0.6507446871,0.2628090539,0.5953150838,1.190630168,73.75442445,4.881063105,-0.2797548769
992,0.6714662187,0.1829922927,0.6460500783,1.292100157,72.72872893,4.949900889,-0.2968961059
993,0.6802471611,0.1637703323,0.6602389556,1.320477911,72.14049268,4.990262565,-0.3066840203
994,0.6926978095,0.2166590608,0.6579430877,1.315886175,70.74485852,5.088709024,-0.3297753624
995,0.6569335593,0.2345512899,0.6136345767,1.227269153,73.51761081,4.8967859,-0.2837206222
996,0.6813112236,0.1891935482,0.6545156871,1.309031374,71.87973308,5.008365844,-0.3110126309
997,0.6464784782,0.2190188757,0.6082476098,1.21649522,74.56541109,4.827975796,-0.2661380841
998,0.680140561,0.2970046783,0.6118655112,1.223731022,70.84034123,5.081850168,-0.3282016419
999,0.6766069795,0.2703670427,0.6202408136,1.240481627,71.47779406,5.036529243,-0.3176721713
1000,0.6630263431,0.2236237339,0.6241765434,1.248353087,73.1029751,4.924560177,-0.2906525103
1001,0.6696197236,0.1451533778,0.6536979969,1.307395994,73.11749934,4.92358195,-0.290409949
1002,0.6626082433,0.2571695845,0.6106664301,1.22133286,72.79855758,4.945152925,-0.295732099
1003,0.6906448517,0.2490712469,0.6441690967,1.288338193,70.58871954,5.099965014,-0.3323468283
1004,0.6573070874,0.2062441254,0.6241121437,1.248224287,73.73811176,4.882142916,-0.2800282077
1005,0.6467608649,0.2486712546,0.5970445741,1.194089148,74.2575002,4.847995139,-0.2713144591
1006,0.6967589722,0.2911123215,0.6330297636,1.266059527,69.59591261,5.172717571,-0.3486389107
1007,0.698405525,0.298061601,0.6316087074,1.263217415,69.37105954,5.189483949,-0.3523144131
1008,0.6612591592,0.1986050275,0.6307295131,1.261459026,73.46383883,4.90037011,-0.2846204294
1009,0.7377771649,0.2703734303,0.6864498184,1.372899637,66.79278142,5.389803993,-0.3940577065
1010,0.7198778819,0.3040628321,0.6525105048,1.30502101,67.65415664,5.32118081,-0.3801963145
1011,0.6710692743,0.2548107338,0.620810326,1.241620652,72.11523679,4.992010233,-0.3071035474
1012,0.6623773326,0.2619398584,0.6083841232,1.216768246,72.76413609,4.947492259,-0.2963059422
1013,0.6549501908,0.2498907263,0.605404309,1.210808618,73.5321258,4.895819291,-0.2834776888
1014,0.6814298717,0.2360525066,0.639238519,1.278477038,71.46289226,5.037579485,-0.3179187737
1015,0.6467405296,0.1787181006,0.6215570393,1.243114079,74.85151888,4.809521642,-0.2613213549
1016,0.6447096724,0.2534827021,0.5927875517,1.185575103,74.38733082,4.839533776,-0.2691327875
1017,0.6489235969,0.193940328,0.6192648737,1.238529747,74.55461439,4.828674964,-0.2663197213
1018,0.6720907622,0.2535194625,0.6224418645,1.244883729,72.04477435,4.996892602,-0.3082736876
1019,0.6528509893,0.2145911547,0.6165752594,1.233150519,74.05030389,4.861560062,-0.2747932922
1020,0.6822589258,0.2581197279,0.6315468692,1.263093738,71.16089114,5.058958569,-0.3229117824
1021,0.6749694942,0.2401993385,0.6307837156,1.261567431,71.94827439,5.003594639,-0.3098754653
1022,0.6693895784,0.1572822498,0.650649446,1.301298892,73.06775914,4.926933633,-0.2912405552
1023,0.6564708466,0.1510206247,0.6388636344,1.277727269,74.18557069,4.852695701,-0.2725225623
1024,0.6507072319,0.2265006263,0.6100142358,1.220028472,74.13016995,4.856322334,-0.2734527614
1025,0.656481388,0.259210803,0.6031397619,1.206279524,73.29849993,4.91142384,-0.2873855967
1026,0.6890668255,0.2152415077,0.6545870327,1.309174065,71.04534377,5.067186404,-0.324819771
1027,0.6426861585,0.1510247431,0.6246895431,1.249379086,75.37199788,4.776309639,-0.2525422758
1028,0.6589717367,0.3103208663,0.5813301211,1.162660242,72.41477918,4.971360875,-0.3021240096
1029,0.6517874363,0.2421233829,0.6051471966,1.210294393,73.88600843,4.872370394,-0.2775492663
1030,0.6670472771,0.1922513622,0.6387421104,1.277484221,73.02715617,4.929672999,-0.2919184173
1031,0.6277641789,0.2626332732,0.5701856084,1.140371217,75.81806537,4.748208731,-0.2450017073
1032,0.6871249728,0.1823144647,0.6624969164,1.324993833,71.46326901,5.037552927,-0.3179125393
1033,0.6714499123,0.2585860478,0.6196597781,1.239319556,72.04138186,4.99712791,-0.3083300135
1034,0.7367756141,0.2616660981,0.6887446251,1.37748925,66.96592351,5.375868518,-0.3912785268
1035,0.6187512206,0.2005202054,0.5853586253,1.170717251,77.2127656,4.662441466,-0.2213312272
1036,0.6478041861,0.2181541368,0.6099664221,1.219932844,74.4571291,4.834997056,-0.2679593265
1037,0.6178214155,0.2144849982,0.5793957947,1.158791589,77.19362397,4.663597606,-0.2216570134
1038,0.6436860356,0.2023859691,0.6110414323,1.222082865,74.94720165,4.803381475,-0.2597090406
1039,0.6319622424,0.1544473812,0.612798729,1.225597458,76.30070178,4.718174166,-0.2368262461
1040,0.690038459,0.268799499,0.6355311985,1.271062397,70.41195471,5.112768158,-0.3352550031
1041,0.6994481485,0.2055730479,0.6685562313,1.337112463,70.31140083,5.120080041,-0.3369079161
1042,0.676245735,0.2103166961,0.6427092511,1.285418502,72.12269795,4.991493805,-0.3069796159
1043,0.6716264372,0.2509993992,0.6229617747,1.245923549,72.11075267,4.992320655,-0.3071780272
1044,0.6972295008,0.2703146967,0.642696617,1.285393234,69.82649201,5.155636345,-0.3448642285
1045,0.6187780775,0.2396810401,0.5704728813,1.140945763,76.88731833,4.682176565,-0.2268668788
1046,0.6475256685,0.1992870277,0.6160959113,1.232191823,74.63558438,4.823436474,-0.2649573007
1047,0.6660820362,0.2320135217,0.6243676839,1.248735368,72.76724644,4.947280784,-0.2962540937
1048,0.6477743773,0.2068853427,0.6138485961,1.227697192,74.55406654,4.828710448,-0.2663289379
1049,0.6525413,0.1629211938,0.6318756467,1.263751293,74.45155238,4.835359217,-0.268053098
1050,0.674826989,0.2171805212,0.6389241632,1.277848326,72.179243,4.98758348,-0.3060402203
1051,0.6783646402,0.2453393537,0.6324454021,1.264890804,71.61696762,5.026741734,-0.3153680222
1052,0.6336806051,0.2575897821,0.5789633955,1.157926791,75.33121608,4.778895374,-0.2532309169
1053,0.7141907392,0.2301859751,0.6760790108,1.352158022,68.95968193,5.220441712,-0.3590248056
1054,0.6599947057,0.2134827946,0.6245142977,1.249028595,73.44911612,4.901352379,-0.284866752
1055,0.6112006834,0.1552231613,0.591161607,1.182323214,78.19385404,4.6039424,-0.2046010511
1056,0.6654611744,0.2696691299,0.6083725298,1.21674506,72.41271288,4.971502733,-0.3021583878
1057,0.6613990595,0.2089722643,0.6275183732,1.255036746,73.36836203,4.906747132,-0.2862174969
1058,0.7285139525,0.3043194045,0.6619080594,1.323816119,67.01692474,5.371777374,-0.3904592012
1059,0.6745674122,0.1360371923,0.6607080111,1.321416022,72.75902471,4.947839824,-0.2963911452
1060,0.6446764289,0.2725990309,0.5842066982,1.168413396,74.17331947,4.853497222,-0.2727282869
1061,0.6585697339,0.203582906,0.6263130964,1.252626193,73.65220025,4.887837685,-0.2814673412
1062,0.6817032983,0.2677463255,0.6269220782,1.253844156,71.09378451,5.063733805,-0.3240200483
1063,0.6901133078,0.2566587451,0.6406111662,1.281222332,70.5473747,5.102953888,-0.3330273272
1064,0.671311848,0.2596463616,0.6190665265,1.238133053,72.04080413,4.997167985,-0.3083396056
1065,0.7053118307,0.2709385089,0.65119667,1.30239334,69.19243678,5.202880788,-0.3552303592
1066,0.6645941222,0.2149081414,0.6288877786,1.257775557,73.04874922,4.928215799,-0.291557942
1067,0.6327111769,0.2086932682,0.5973027316,1.194605463,75.8737135,4.744726248,-0.2440599498
1068,0.627334794,0.222175925,0.5866743578,1.173348716,76.25086232,4.721258082,-0.2376712733
1069,0.6468607698,0.2957445915,0.5752947002,1.1505894,73.68156836,4.885889484,-0.2809754569
1070,0.6535639578,0.2180341239,0.6161225266,1.232245053,73.95914445,4.86755225,-0.2763227267
1071,0.6062230352,0.1945561337,0.5741552745,1.148310549,78.43359389,4.589870005,-0.2005035382
1072,0.6707816519,0.2174495171,0.6345579029,1.269115806,72.5104566,4.964801173,-0.3005317392
1073,0.6551649351,0.2883698696,0.5882889685,1.176577937,73.05496207,4.927796686,-0.2914542168
1074,0.695908901,0.2485813342,0.6499973221,1.299994644,70.1784842,5.129777369,-0.3390912174
1075,0.7198258928,0.2279351164,0.6827846649,1.36556933,68.55862601,5.250980379,-0.3655490161
1076,0.6791750278,0.2384232878,0.6359505124,1.271901025,71.62221788,5.026373249,-0.3152810626
1077,0.685897795,0.2696127348,0.6306859428,1.261371886,70.73296571,5.089564623,-0.3299713125
1078,0.6844261462,0.2558490681,0.6348073755,1.269614751,71.0115039,5.069601124,-0.3253783058
1079,0.7001437575,0.2108426065,0.6676426263,1.335285253,70.21252515,5.127290312,-0.3385322307
1080,0.6409510901,0.2082271389,0.6061845911,1.212369182,75.14193158,4.790933537,-0.2564254878
1081,0.6713030406,0.2051938306,0.6391738919,1.278347784,72.57202217,4.960589346,-0.2995067171
1082,0.6532038868,0.2591945366,0.5995777764,1.199155553,73.58153544,4.892531772,-0.2826505977
1083,0.688288971,0.2415429661,0.6445143157,1.289028631,70.85566945,5.080750811,-0.3279489213
1084,0.6959928556,0.2138314862,0.6623308467,1.324661693,70.51057753,5.105616953,-0.3336328299
1085,0.655734954,0.1972578535,0.6253620305,1.250724061,73.94340837,4.868588126,-0.2765866693
1086,0.6482011336,0.2352324676,0.604011917,1.208023834,74.26619291,4.847427691,-0.2711684303
1087,0.6602803361,0.2167980987,0.6236735578,1.247347116,73.39620683,4.904885628,-0.285751811
1088,0.6570666201,0.165393887,0.6359099035,1.271819807,74.05060581,4.861540241,-0.2747882256
1089,0.6893946409,0.2289521135,0.6502660229,1.300532046,70.89290588,5.078082151,-0.327334896
1090,0.6734385539,0.2648158883,0.6191865884,1.238373177,71.8049025,5.013585249,-0.3122536333
1091,0.6830709087,0.2665169871,0.6289312855,1.257862571,70.99776375,5.070582241,-0.3256050577
1092,0.6407709654,0.1799073144,0.6149965759,1.229993152,75.36573373,4.77670663,-0.2526480605
1093,0.6424999432,0.282570183,0.5770270953,1.154054191,74.24377274,4.848891519,-0.2715450538
1094,0.6833970294,0.1924724404,0.6557330703,1.311466141,71.68672795,5.021850073,-0.3142123734
1095,0.6707406963,0.1608227594,0.6511751851,1.30235037,72.93493707,4.93590609,-0.2934574597
1096,0.6885363486,0.2226783095,0.6515340926,1.303068185,71.02035495,5.068969315,-0.3252322281
1097,0.6324672386,0.2563131106,0.5782027302,1.15640546,75.45529489,4.77103695,-0.2511353262
1098,0.6939206426,0.2882516293,0.6312185488,1.262437098,69.85737126,5.153357384,-0.3443582967
1099,0.7203615781,0.2859759682,0.6611645398,1.32232908,67.86655175,5.304527646,-0.3767650898
1100,0.6669192137,0.2378763697,0.6230538261,1.246107652,72.63953164,4.955979091,-0.2983823361
1101,0.7540147026,0.3182412549,0.6835646827,1.367129365,65.01468539,5.537210521,-0.4223859535
1102,0.6721475266,0.2558650014,0.6215427568,1.243085514,72.01410795,4.999020473,-0.3087828061
1103,0.6444719187,0.235677892,0.5998332979,1.199666596,74.58913019,4.826440516,-0.2657390151
1104,0.6971871773,0.2893802433,0.6342941234,1.268588247,69.585869,5.17346417,-0.3488032008
1105,0.6471512199,0.2096958944,0.6122355211,1.224471042,74.5854795,4.826676753,-0.2658004402
1106,0.7066573165,0.2714681788,0.6524335911,1.304867182,69.0828033,5.21113769,-0.3570183745
1107,0.6511850248,0.2167715348,0.6140456321,1.228091264,74.17542153,4.853359679,-0.2726929897
1108,0.6638056323,0.3001849196,0.5920531492,1.184106298,72.15172174,4.989485924,-0.3064974745
1109,0.680173918,0.2833599062,0.6183394879,1.236678976,71.02276743,5.068797134,-0.3251924113
1110,0.7026751994,0.2394525792,0.6606170586,1.321234117,69.747104,5.161504627,-0.3461644773
1111,0.6492431731,0.1840942437,0.6225961831,1.245192366,74.59784983,4.82587636,-0.2655922975
1112,0.6421223681,0.1903927292,0.6132468869,1.226493774,75.17429909,4.788870722,-0.2558794158
1113,0.6679173959,0.2549214202,0.617356232,1.234712464,72.37666954,4.973978525,-0.3027579986
1114,0.6709480126,0.2540352923,0.6209970256,1.241994051,72.13387175,4.990720604,-0.3067940067
1115,0.6577848056,0.2508238217,0.6080857348,1.21617147,73.27870404,4.912750638,-0.287716508
1116,0.6441292348,0.1981453559,0.612895496,1.225790992,74.94091348,4.803784519,-0.2598150225
1117,0.704809252,0.2026113201,0.6750590601,1.35011812,69.92099513,5.148668141,-0.3433155553
1118,0.625458617,0.2379082378,0.5784445971,1.156889194,76.28234111,4.7193098,-0.2371375718
1119,0.7444712709,0.3115962482,0.6761251743,1.352250349,65.77358344,5.47332198,-0.4103435286
1120,0.6983694636,0.2131574085,0.6650442293,1.330088459,70.33058181,5.118683661,-0.3365926974
1121,0.6336930326,0.21969883,0.5943898415,1.188779683,75.69467895,4.755948568,-0.247089004
1122,0.708838585,0.2450313387,0.6651404232,1.330280846,69.21588582,5.20111815,-0.3548477592
1123,0.7034520119,0.2530401872,0.6563652921,1.312730584,69.5429153,5.176659599,-0.3495057033
1124,0.7095660543,0.2066965844,0.6787934203,1.357586841,69.52269967,5.178164854,-0.3498362592
1125,0.6483902158,0.2259771724,0.607736941,1.215473882,74.3364657,4.842845252,-0.2699876893
1126,0.696850474,0.2107811258,0.6642077236,1.328415447,70.46993642,5.108561442,-0.3343014252
1127,0.6419402321,0.2048485517,0.6083784451,1.21675689,75.08150779,4.794789165,-0.2574446776
1128,0.6384603936,0.1910587989,0.6092029297,1.218405859,75.49285231,4.768663377,-0.2505007793
1129,0.6919390275,0.1778624546,0.6686886907,1.337377381,71.11255514,5.062397199,-0.3237100961
1130,0.6978867285,0.1479644772,0.6820208203,1.364041641,70.83438877,5.082277214,-0.3282997755
1131,0.6878427883,0.1687517175,0.6668212349,1.33364247,71.49903894,5.035032713,-0.3173205632
1132,0.6889101695,0.2389248054,0.6461518081,1.292303616,70.83295574,5.082380034,-0.3283234001
1133,0.6733013672,0.2345890287,0.631112287,1.262224574,72.14185291,4.990168473,-0.3066614236
1134,0.6725129879,0.2145533471,0.6373700496,1.274740099,72.39281045,4.972869512,-0.302489496
1135,0.6680222961,0.2044712015,0.6359601527,1.271920305,72.85006326,4.941656656,-0.2948732449
1136,0.6688826396,0.2388287827,0.6247918038,1.249583608,72.46598392,4.967848093,-0.3012719612
1137,0.6495214386,0.1427391816,0.6336431371,1.267286274,74.8234905,4.811323257,-0.2617935127
1138,0.6840283735,0.1845166497,0.6586717101,1.31734342,71.69529747,5.021249827,-0.3140703787
1139,0.6467352298,0.2480305693,0.5972832612,1.194566522,74.26642645,4.847412448,-0.271164507
1140,0.6616251425,0.2363927904,0.6179532974,1.235906595,73.10006261,4.924756384,-0.290701148
1141,0.715577466,0.1616265774,0.6970853315,1.394170663,69.39755433,5.187502693,-0.3518816038
1142,0.6521308409,0.1566967188,0.6330250959,1.266050192,74.52343183,4.830695409,-0.2668442649
1143,0.6336921496,0.2018776419,0.6006755848,1.20135117,75.83842411,4.74693408,-0.2446571944
1144,0.6459918724,0.2633877408,0.5898579466,1.179715893,74.16470499,4.854060972,-0.2728729353
1145,0.6397764748,0.2120672804,0.6036069966,1.207213993,75.21472192,4.786297028,-0.2551973281
1146,0.7045892548,0.2171296609,0.6702989843,1.340597969,69.81325064,5.156614206,-0.3450811471
1147,0.6815955321,0.2057870529,0.6497877794,1.299575559,71.72577949,5.019115896,-0.3135652426
1148,0.6443195368,0.247057359,0.5950716989,1.190143398,74.48930044,4.832908859,-0.2674183222
1149,0.6334808322,0.2167184019,0.5952571705,1.190514341,75.73897795,4.75316686,-0.2463397405
1150,0.6506128333,0.1918670645,0.6216784445,1.243356889,74.4238295,4.837160388,-0.268519215
1151,0.6584924651,0.221176009,0.6202366481,1.240473296,73.50935405,4.897335919,-0.283858805
1152,0.6573038147,0.2138790741,0.6215336246,1.243067249,73.67459831,4.886351718,-0.2810922044
1153,0.6501212833,0.2136132616,0.6140252906,1.228050581,74.29455562,4.845577136,-0.270691922
1154,0.6506845718,0.2008721699,0.6189028868,1.237805774,74.349375,4.842004388,-0.2697707399
1155,0.6545314445,0.2593157497,0.6009715083,1.201943017,73.46533779,4.900270125,-0.2845953496
1156,0.6765013529,0.2215844496,0.6391826126,1.278365225,72.00234645,4.999837057,-0.3089780452
1157,0.6314412759,0.2384656894,0.5846812806,1.169362561,75.72901694,4.753792068,-0.2465082317
1158,0.6604443897,0.2578604912,0.6080252946,1.216050589,72.97459798,4.933223478,-0.2927956527
1159,0.644079764,0.2311021563,0.6011909312,1.202381862,74.66706376,4.82140293,-0.2644274781
1160,0.6248136861,0.1418199619,0.6085057442,1.217011488,77.00826722,4.674822756,-0.22481046
1161,0.6659059889,0.2352722464,0.622958872,1.245917744,72.75025881,4.948436004,-0.2965372611
1162,0.7154679505,0.2022988802,0.6862722136,1.372544427,69.1122047,5.208920792,-0.3565389943
1163,0.6566599052,0.2830158029,0.5925405357,1.185081071,72.99607298,4.931772153,-0.2924372486
1164,0.6528030557,0.1681364919,0.6307788436,1.261557687,74.39703293,4.838902653,-0.2689696977
1165,0.6783321164,0.2361004849,0.6359174641,1.271834928,71.71422487,5.019924577,-0.3137567316
1166,0.6655379543,0.1795879693,0.6408501618,1.281700324,73.24452701,4.915043003,-0.2882877356
1167,0.6529389076,0.1860698364,0.6258651875,1.251730375,74.26552165,4.847471505,-0.2711797071
1168,0.673810702,0.1887327538,0.6468390911,1.293678182,72.49409613,4.96592163,-0.3008040708
1169,0.6828324085,0.2876853023,0.6192715599,1.23854312,70.74993502,5.088343896,-0.329691716
1170,0.7602910031,0.2948656962,0.7007828698,1.40156574,64.91530712,5.545687388,-0.4239574761
1171,0.7116486759,0.2435996938,0.6686576308,1.337315262,69.01716252,5.216093894,-0.3580882864
1172,0.6317465206,0.2188935986,0.592612233,1.185224466,75.87728756,4.744502757,-0.2439994566
1173,0.6837723887,0.287572381,0.6203602221,1.240720444,70.67551863,5.093701567,-0.3309176302
1174,0.6967096899,0.2400578398,0.6540463482,1.308092696,70.20517917,5.127826811,-0.3386528693
1175,0.7197446209,0.2504923538,0.674748768,1.349497536,68.33540257,5.268133156,-0.3691725837
1176,0.7336731259,0.2592050188,0.6863592456,1.372718491,67.21721303,5.355770996,-0.3872386191
1177,0.6700719449,0.1902403002,0.642499058,1.284998116,72.7910708,4.94566155,-0.2958569209
1178,0.6385713651,0.2173005329,0.6004613782,1.200922756,75.27810346,4.782267133,-0.2541275836
1179,0.6652072444,0.2382133362,0.6210918487,1.242183697,72.77974478,4.946431196,-0.2960457419
1180,0.6557276441,0.2422088146,0.6093550963,1.218710193,73.54500015,4.894962258,-0.2832621994
1181,0.6855056327,0.265842231,0.6318590671,1.263718134,70.80959468,5.084056781,-0.328708498
1182,0.6411427698,0.2040832941,0.6077944228,1.215588846,75.15790249,4.789915472,-0.2561560529
1183,0.5866547715,0.2058091357,0.5493691114,1.098738223,80.27381365,4.484650518,-0.1689398659
1184,0.6743879502,0.2181560655,0.6381277603,1.276255521,72.20661801,4.985692585,-0.3055853263
1185,0.6506326777,0.2576195966,0.5974571321,1.194914264,73.82250585,4.876561637,-0.2786138801
1186,0.659598913,0.2260857996,0.6196417814,1.239283563,73.37049615,4.90660441,-0.2861818075
1187,0.668598482,0.20056746,0.6378061023,1.275612205,72.83362002,4.942772306,-0.2951474609
1188,0.6481346398,0.1818395246,0.6221036076,1.244207215,74.70940694,4.818670296,-0.2637146834
1189,0.6714966599,0.2565111666,0.6205721438,1.241144288,72.06084596,4.995778154,-0.3080068342
1190,0.6384014263,0.2306276624,0.595287546,1.190575092,75.17529505,4.788807277,-0.2558626117
1191,0.6315849847,0.2619188384,0.5747156818,1.149431364,75.47495869,4.769793933,-0.2508031123
1192,0.6927558207,0.2326620685,0.6525174243,1.305034849,70.59039435,5.099844013,-0.3323192587
1193,0.6364816944,0.2053940435,0.6024302733,1.204860547,75.56153763,4.764328669,-0.2493400361
1194,0.69336836,0.2156645991,0.6589753131,1.317950626,70.70078921,5.091880926,-0.3305013925
1195,0.6739891278,0.2314609697,0.6329985497,1.265997099,72.11570706,4.99197768,-0.3070957363
1196,0.6972350709,0.2355044636,0.6562578699,1.31251574,70.21009667,5.127467659,-0.3385721128
1197,0.7083295687,0.2964172828,0.6433254015,1.286650803,68.62978313,5.245536028,-0.3643927595
1198,0.6807047308,0.1890709637,0.6539197972,1.307839594,71.92969115,5.004887331,-0.3101838227
1199,0.6559922164,0.2107257871,0.6212249436,1.242449887,73.81333206,4.877167714,-0.2787676493
1200,0.6912827551,0.2518063031,0.6437898984,1.287579797,70.50839189,5.105775218,-0.3336687906
1201,0.6140563119,0.2630607049,0.5548551339,1.109710268,77.10133789,4.669179677,-0.2232273546
1202,0.6724618306,0.2552126433,0.6221506411,1.244301282,71.99534236,5.000323468,-0.3090943059
1203,0.6382405128,0.2596606535,0.583032844,1.166065688,74.89664578,4.806623798,-0.260561029
1204,0.6247256966,0.1757038643,0.599508422,1.199016844,76.83000952,4.68566908,-0.2278409123
1205,0.6458549008,0.2095851602,0.610903113,1.221806226,74.69961843,4.819301725,-0.2638794735
1206,0.6317684184,0.2383218229,0.5850931919,1.170186384,75.70064826,4.755573542,-0.2469880489
1207,0.7176401528,0.1860637023,0.693100056,1.386200112,69.07560326,5.211680868,-0.3571357544
1208,0.6388156978,0.2238908099,0.5982962485,1.196592497,75.19921152,4.787284238,-0.2554590629
1209,0.7188945337,0.2224095414,0.6836251506,1.367250301,68.6799927,5.241701198,-0.3635765487
1210,0.6432201656,0.2393163256,0.5970426096,1.194085219,74.66430982,4.821580764,-0.2644738323
1211,0.644331468,0.2446684216,0.5960708046,1.192141609,74.51267747,4.83139262,-0.2670251532
1212,0.6330682974,0.2212856195,0.5931341702,1.18626834,75.73742522,4.753264307,-0.2463660055
1213,0.6912973064,0.1978177258,0.6623896989,1.324779398,71.01446961,5.069389407,-0.3253293607
1214,0.6897176711,0.201042311,0.6597669703,1.319533941,71.11385721,5.062304509,-0.3236885943
1215,0.6365687232,0.1953447533,0.6058549056,1.211709811,75.62993513,4.76001995,-0.2481838009
1216,0.6628327198,0.1607422421,0.6430467682,1.286093536,73.59276328,4.891785333,-0.2824626203
1217,0.6545495887,0.2182334969,0.6170974841,1.234194968,73.87265232,4.873251314,-0.2777732084
1218,0.667568463,0.2106508936,0.6334618014,1.266923603,72.83645092,4.942580198,-0.2951002531
1219,0.6157309352,0.2263317359,0.5726242484,1.145248497,77.29255986,4.657628117,-0.2199728805
1220,0.639565706,0.2144239046,0.6025501485,1.205100297,75.21389561,4.786349611,-0.2552112725
1221,0.6864475599,0.2173524071,0.6511283925,1.302256785,71.23564515,5.053649746,-0.3216766985
1222,0.6436600818,0.1903112355,0.6148820493,1.229764099,75.03989954,4.797447787,-0.2581463327
1223,0.6951206899,0.2117160086,0.6620944836,1.324188967,70.5974979,5.099330865,-0.332202322
1224,0.6755942064,0.2628642557,0.6223583491,1.244716698,71.65004147,5.024421376,-0.3148201793
1225,0.6584333082,0.2377111814,0.6140259079,1.228051816,73.35841674,4.907412346,-0.286383809
1226,0.6258692377,0.2043658737,0.5915630924,1.183126185,76.52833996,4.704139672,-0.2329643763
1227,0.6888754628,0.2019556858,0.658607094,1.317214188,71.17339942,5.058069488,-0.3227051591
1228,0.7089817111,0.1733851237,0.6874537552,1.37490751,69.82045892,5.156081836,-0.3449630642
1229,0.6762486151,0.2459103255,0.6299526183,1.259905237,71.78405278,5.015041448,-0.3125993136
1230,0.6337209829,0.2741633165,0.5713464449,1.14269289,75.13945801,4.791091253,-0.2564672159
1231,0.6245657118,0.1589094992,0.6040116715,1.208023343,76.94280382,4.678800123,-0.2259236184
1232,0.6475227619,0.2598982932,0.5930755469,1.186151094,74.06929144,4.860313809,-0.2744746394
1233,0.6802429024,0.2319785617,0.6394656779,1.278931356,71.59931525,5.027981046,-0.315660377
1234,0.6548451372,0.2529742496,0.6040084294,1.208016859,73.50813628,4.897417051,-0.2838791847
1235,0.666905907,0.2154319406,0.6311517787,1.262303557,72.85059885,4.941620325,-0.2948643127
1236,0.7222821531,0.2372472245,0.6822061735,1.364412347,68.28487001,5.27203171,-0.3699920987
1237,0.6948836732,0.2790177327,0.6364058643,1.272811729,69.90223547,5.150049888,-0.3436230543
1238,0.6951482837,0.2267040987,0.6571425933,1.314285187,70.45935656,5.10932852,-0.3344754491
1239,0.6630529512,0.2476741473,0.6150583166,1.230116633,72.86404577,4.940708359,-0.2946400463
1240,0.6424363214,0.243265664,0.5945975477,1.189195095,74.69453636,4.819629621,-0.2639650275
1241,0.6774378156,0.2669844466,0.6226084639,1.245216928,71.45034877,5.038463859,-0.3181263331
1242,0.6324336707,0.1758576689,0.6074919161,1.214983832,76.13259431,4.72859231,-0.2396757844
1243,0.6770371877,0.2509910883,0.6287947417,1.257589483,71.66506828,5.023367851,-0.3145712372
1244,0.6841062418,0.198896401,0.6545544833,1.309108967,71.57950688,5.029372451,-0.3159884035
1245,0.6485071495,0.1920605424,0.6194144582,1.238828916,74.60461226,4.825438925,-0.2654785077
1246,0.6319955603,0.2154653589,0.5941321969,1.188264394,75.8834284,4.74411881,-0.2438955168
1247,0.6026848547,0.1876289568,0.5727341518,1.145468304,78.81688409,4.567549252,-0.193945272
1248,0.6696596772,0.200084783,0.6390697637,1.278139527,72.74937469,4.948496142,-0.2965519978
1249,0.6508914469,0.2298542103,0.6089554315,1.217910863,74.08310446,4.859407588,-0.2742428077
1250,0.6226099718,0.1774290106,0.5967931996,1.193586399,77.0125234,4.674564397,-0.2247380765
1251,0.6672597853,0.234742927,0.6246049786,1.249209957,72.64208398,4.955804958,-0.2983398182
1252,0.6283832095,0.2524717666,0.5754332846,1.150866569,75.86941391,4.744995137,-0.2441327219
1253,0.628200578,0.2491795879,0.5766675812,1.153335162,75.91990109,4.741839687,-0.2432781222
1254,0.666740329,0.198243436,0.63658637,1.27317274,73.00669363,4.931054703,-0.2922599815
1255,0.7217137521,0.292395318,0.6598300675,1.319660135,67.68106988,5.319064853,-0.3797618216
1256,0.6642119078,0.2504068011,0.6152023183,1.230404637,72.73708432,4.949332289,-0.2967568491
1257,0.6827889031,0.230895048,0.6425637424,1.285127485,71.40367685,5.041757174,-0.3188984874
1258,0.7135238528,0.2636023336,0.6630460755,1.326092151,68.65460064,5.243639853,-0.363989359
1259,0.6908136268,0.2942916967,0.6249926913,1.249985383,70.02066688,5.141339208,-0.3416811691
1260,0.6398466129,0.2433177348,0.5917771269,1.183554254,74.92437332,4.804844993,-0.2600937782
1261,0.5612547447,0.179289742,0.5318477949,1.06369559,83.03139626,4.335709337,-0.1213254415
1262,0.6294308005,0.2197830322,0.5898123018,1.179624604,76.07992373,4.731865942,-0.2405681638
1263,0.7280689397,0.2114389223,0.6966907227,1.393381445,68.0988314,5.286434328,-0.3730067066
1264,0.6706508383,0.2094666624,0.6370998856,1.274199771,72.59037475,4.959335191,-0.2992010931
1265,0.6340767924,0.2051753294,0.599963718,1.199927436,75.77853166,4.750685875,-0.2456706133
1266,0.6641276365,0.2136016547,0.6288400835,1.257680167,73.09922491,4.924812821,-0.2907151373
1267,0.666898118,0.232403376,0.6250934095,1.250186819,72.69513867,4.952188091,-0.2974558809
1268,0.7235969573,0.2028182751,0.6945914655,1.389182931,68.501021,5.255396121,-0.3664846469
1269,0.6263301804,0.2393891821,0.5787765669,1.157553134,76.188019,4.725152389,-0.2387365242
1270,0.6681289967,0.2614935617,0.614831256,1.229662512,72.28488994,4.98029395,-0.3042842865
1271,0.603624934,0.178980072,0.5764800038,1.152960008,78.77925287,4.569731076,-0.1945895479
1272,0.6878365136,0.2251008594,0.6499605161,1.299921032,71.05362975,5.066595489,-0.3246829917
1273,0.6178375289,0.1735211824,0.5929701606,1.185940321,77.4756061,4.646623862,-0.2168552561
1274,0.6367374372,0.2389970113,0.5901821689,1.180364338,75.24522771,4.784356576,-0.2546824947
1275,0.6667516052,0.2157422412,0.6308827057,1.261765411,72.86077845,4.940929916,-0.2946945397
1276,0.6521210425,0.28627566,0.5859249956,1.171849991,73.34702686,4.908174406,-0.2865742678
1277,0.6606856004,0.2450741336,0.6135504311,1.227100862,73.09191373,4.925305435,-0.2908372277
1278,0.6620400405,0.1715522276,0.6394269688,1.278853938,73.59147183,4.891871178,-0.2824842424
1279,0.6513753489,0.1719837001,0.6282606561,1.256521312,74.49511,4.832531961,-0.2673206177
1280,0.6620955015,0.296232843,0.5921288338,1.184257668,72.35287875,4.975614049,-0.3031537124
1281,0.6811593224,0.2562713651,0.6311125177,1.262225035,71.27082676,5.051155099,-0.3210952392
1282,0.6521454015,0.2719674235,0.5927287282,1.185457456,73.52494138,4.896297681,-0.2835979347
1283,0.70780754,0.2713544808,0.6537264408,1.307452882,68.9962231,5.217676908,-0.3584294898
1284,0.6838638265,0.201295439,0.6535670428,1.307134086,71.57972364,5.029357222,-0.3159848142
1285,0.6244439845,0.1533998549,0.6053088255,1.210617651,76.98348954,4.676327381,-0.2252318213
1286,0.6720407838,0.1938795932,0.6434667966,1.286933593,72.60092883,4.958614246,-0.2990253228
1287,0.6160507866,0.2078592538,0.5799250833,1.159850167,77.4103551,4.650540609,-0.2179668598
1288,0.6411393901,0.2259588462,0.6000019311,1.200003862,74.97419342,4.80165219,-0.2592540814
1289,0.6528580983,0.2726569486,0.5931963292,1.186392658,73.45464084,4.900983734,-0.2847743212
1290,0.6395083496,0.2384904859,0.5933744327,1.186748865,75.00209651,4.799865827,-0.2587837007
1291,0.6502272801,0.1962046335,0.6199187508,1.239837502,74.42477429,4.837098983,-0.2685033308
1292,0.6601708933,0.2713556446,0.601823664,1.203647328,72.84083639,4.942282624,-0.2950271199
1293,0.6833993854,0.1935540088,0.6554170929,1.310834186,71.67823494,5.022445102,-0.3143530934
1294,0.6196764792,0.2390293488,0.5717201319,1.143440264,76.80919616,4.686938778,-0.2281946045
1295,0.6517876567,0.2207778357,0.6132571212,1.226514242,74.08822531,4.859071715,-0.2741568575
1296,0.6498502975,0.2014169157,0.6178483918,1.235696784,74.41728977,4.837585474,-0.2686291612
1297,0.6603439937,0.2536204471,0.6096973502,1.2193947,73.02999793,4.929481175,-0.2918709792
1298,0.6578539368,0.1798749956,0.6327849462,1.265569892,73.88931774,4.872152173,-0.2774937768
1299,0.6544905385,0.231243481,0.612277974,1.224555948,73.75904722,4.880757189,-0.2796774151
1300,0.668374082,0.1844469211,0.6424198369,1.284839674,72.97419202,4.933250921,-0.2928024274
1301,0.6616670466,0.2347977687,0.6186059233,1.237211847,73.11217453,4.923940538,-0.2904988778
1302,0.6345891487,0.1850089655,0.6070214744,1.214042949,75.87956918,4.744360094,-0.2439608382
1303,0.692119893,0.2861569694,0.6301937283,1.260387457,70.02744631,5.140841469,-0.3415699645
1304,0.6599043209,0.2202858946,0.6220513141,1.244102628,73.39727945,4.904813948,-0.2857338706
1305,0.6125294409,0.2534443889,0.5576363131,1.115272626,77.346597,4.654374128,-0.2190527577
1306,0.6368424519,0.207766525,0.6019978236,1.203995647,75.51060879,4.767542015,-0.2502007391
1307,0.6477230359,0.2424669715,0.600628753,1.201257506,74.23671938,4.849352221,-0.2716635306
1308,0.6979102931,0.2359813654,0.6568040594,1.313608119,70.15253911,5.131674556,-0.3395171815
1309,0.6900596619,0.1720377648,0.6682704126,1.336540825,71.3011322,5.049008184,-0.320594273
1310,0.7064553726,0.2327276648,0.6670210098,1.33404202,69.52334672,5.178116661,-0.3498256796
1311,0.6433587575,0.2214730846,0.6040365582,1.208073116,74.81789889,4.811682837,-0.2618876999
1312,0.6570041089,0.2299098479,0.6154639396,1.230927879,73.55601617,4.894229171,-0.2830778031
1313,0.6668586885,0.2499663414,0.6182372834,1.236474567,72.51930213,4.964195593,-0.3003844889
1314,0.65340759,0.2741626249,0.5931073543,1.186214709,73.38860065,4.905393982,-0.2858790259
1315,0.6186593901,0.2114785491,0.5813916616,1.162783323,77.13905533,4.666896664,-0.222585624
1316,0.6926840728,0.2423724526,0.6488966165,1.297793233,70.49804789,5.106524376,-0.3338389756
1317,0.6462143148,0.2224788395,0.6067092439,1.213418488,74.558106,4.828448834,-0.2662609816
1318,0.6606466895,0.1858080386,0.6339790384,1.267958077,73.61132263,4.890551985,-0.2821518743
1319,0.6534331475,0.2093481028,0.6189897012,1.237979402,74.04427732,4.861955752,-0.274894425
1320,0.6382712209,0.2500370051,0.5872577352,1.17451547,74.99682171,4.800203419,-0.2588726262
1321,0.7339046888,0.2650768308,0.6843612833,1.368722567,67.13335882,5.362460725,-0.3885875505
1322,0.686169343,0.2488678776,0.6394475325,1.278895065,70.94803435,5.074136349,-0.3264255789
1323,0.655848688,0.2524442974,0.6053175846,1.210635169,73.42743057,4.90279991,-0.2852295341
1324,0.6620670009,0.2603259646,0.6087389472,1.217477894,72.80888748,4.944451323,-0.2955598677
1325,0.6929662684,0.2518179761,0.6455927169,1.291185434,70.37503437,5.115450433,-0.335862023
1326,0.6429431825,0.2397511719,0.5965696199,1.19313924,74.68454672,4.820274285,-0.2641331918
1327,0.6413307764,0.1772165941,0.6163598328,1.232719666,75.33425602,4.778702532,-0.2531795889
1328,0.6952370819,0.178420278,0.6719529778,1.343905956,70.84900195,5.081228953,-0.3280588531
1329,0.6625335921,0.2857219485,0.5977572491,1.195514498,72.45828123,4.9683762,-0.3014001495
1330,0.660534767,0.2379792274,0.6161753531,1.232350706,73.17683447,4.919589684,-0.2894188317
1331,0.63998437,0.2551734855,0.5869126734,1.173825347,74.7891503,4.813532425,-0.2623719124
1332,0.5913744562,0.1777167332,0.564039458,1.128078916,79.97356258,4.501487597,-0.1741025693
1333,0.696149788,0.2050048974,0.6652800308,1.330560062,70.5737658,5.101045636,-0.3325929734
1334,0.6094032618,0.2169322792,0.5694846107,1.138969221,77.96875306,4.617234287,-0.2084451043
1335,0.599172827,0.2573224846,0.5411037013,1.082207403,78.6099279,4.57957423,-0.1974874814
1336,0.6868789374,0.217266439,0.6516118239,1.303223648,71.20189782,5.056045007,-0.3222343389
1337,0.660361105,0.2524881598,0.6101856424,1.220371285,73.04085693,4.928748308,-0.2916897011
1338,0.6630703589,0.2251653947,0.6236688591,1.247337718,73.08509658,4.925764853,-0.2909510642
1339,0.658137398,0.2798924218,0.5956551577,1.191310315,72.90901789,4.937660806,-0.2938898876
1340,0.6654967314,0.214941246,0.6298302631,1.259660526,72.97276094,4.933347668,-0.2928263098
1341,0.6729980879,0.1667365198,0.6520163797,1.304032759,72.71234173,4.95101645,-0.297169208
1342,0.6775217188,0.2272375483,0.6382779771,1.276555954,71.8664076,5.009294495,-0.3112336617
1343,0.6759924154,0.2239118515,0.6378316616,1.275663323,72.02261703,4.998429866,-0.3086415487
1344,0.6849010829,0.2489182347,0.6380667722,1.276133544,71.04934669,5.066900918,-0.3247536943
1345,0.7515827448,0.2552236925,0.7069211336,1.413842267,65.99086532,5.455300491,-0.4068822846
1346,0.6580168977,0.2209783265,0.6198022401,1.23960448,73.55164656,4.894519931,-0.283150947
1347,0.6837717142,0.2173578503,0.6483049607,1.296609921,71.45042285,5.038458635,-0.3181251072
1348,0.6666128857,0.2870718246,0.6016331997,1.203266399,72.09564421,4.993366853,-0.3074289599
1349,0.6683292791,0.1506262959,0.6511341983,1.302268397,73.19395034,4.918439275,-0.2891328754
1350,0.7142551929,0.2202566871,0.6794464456,1.358892891,69.04812483,5.213754912,-0.3575836747
1351,0.6725091716,0.2829984185,0.6100659645,1.220131929,71.65695721,5.023936461,-0.3147056122
1352,0.652565422,0.2417376752,0.6061390322,1.212278064,73.82249528,4.876562336,-0.2786140572
1353,0.6646848587,0.2142711313,0.6292009566,1.258401913,73.04665312,4.928357216,-0.2915929362
1354,0.6342043988,0.2290161339,0.5914108807,1.182821761,75.56667501,4.764004767,-0.2492532028
1355,0.6921658294,0.2628013534,0.6403350561,1.280670112,70.31424601,5.119872863,-0.336861161
1356,0.6798034914,0.1651587661,0.6594356442,1.318871288,72.1676199,4.988386766,-0.3062333419
1357,0.6995517764,0.2725603828,0.6442697616,1.288539523,69.61789985,5.171083885,-0.3482792128
1358,0.6071738477,0.2172792946,0.5669654217,1.133930843,78.17919905,4.604805426,-0.2048514113
1359,0.6392332965,0.2321352137,0.595594199,1.191188398,75.08707796,4.794433474,-0.2573507355
1360,0.7019127256,0.2375653073,0.6604878494,1.320975699,69.82527395,5.155726281,-0.3448841833
1361,0.7057375778,0.270321179,0.6519140963,1.303828193,69.16724225,5.204775965,-0.3556413728
1362,0.6664861449,0.2333986806,0.6242826581,1.248565316,72.7199652,4.950497419,-0.2970421616
1363,0.71671802,0.2944834531,0.6534249888,1.306849978,68.02383266,5.292262814,-0.3742208912
1364,0.6911616883,0.2414555841,0.6476138358,1.295227672,70.62805372,5.09712474,-0.3316992621
1365,0.6790497037,0.2176513904,0.6432234234,1.286446847,71.82995719,5.011836483,-0.3118381814
1366,0.711225323,0.2063590598,0.6806301481,1.361260296,69.39930618,5.187371745,-0.3518529835
1367,0.7286158888,0.2560965924,0.6821258306,1.364251661,67.61945045,5.323911945,-0.3807564947
1368,0.6887106655,0.2078706344,0.6565913341,1.313182668,71.13742764,5.060627183,-0.3232993326
1369,0.6020022577,0.1838558098,0.5732397051,1.14647941,78.90562479,4.562412388,-0.1924256311
1370,0.6067582844,0.1687724592,0.5828134116,1.165626823,78.53957041,4.583676714,-0.1986911176
1371,0.6968121475,0.2241591945,0.6597725551,1.31954511,70.35279102,5.117067778,-0.3362276661
1372,0.6403356549,0.2576639204,0.5862073482,1.172414696,74.73077962,4.817292177,-0.2633548462
1373,0.6974121932,0.2465767321,0.6523677509,1.304735502,70.08214688,5.136828936,-0.3406725235
1374,0.6609695912,0.230654086,0.6194186735,1.238837347,73.21125185,4.917276934,-0.2888437912
1375,0.6749050934,0.1875800938,0.6483136537,1.296627307,72.41287406,4.971491667,-0.3021557062
1376,0.6458656904,0.2684358213,0.5874391031,1.174878206,74.11749776,4.857152641,-0.2736654964
1377,0.6599291381,0.1485951638,0.6429820717,1.285964143,73.90664421,4.871009959,-0.2772032362
1378,0.7368598716,0.244564593,0.6950903756,1.390180751,67.14584542,5.361463509,-0.388386736
1379,0.6245585019,0.2025504923,0.590801676,1.181603352,76.66200653,4.695937614,-0.2306950123
1380,0.6629133543,0.1937826831,0.6339577171,1.267915434,73.36156874,4.907201498,-0.2863310998
1381,0.6609260731,0.2388441485,0.6162602914,1.232520583,73.13498235,4.922404962,-0.2901179501
1382,0.6951442294,0.2169279111,0.660429997,1.320859994,70.54973946,5.102782842,-0.3329884102
1383,0.6354801793,0.2142630611,0.5982695036,1.196539007,75.57973631,4.763181477,-0.2490324286
1384,0.6652633351,0.1749565537,0.6418453937,1.283690787,73.29897969,4.911391693,-0.2873775764
1385,0.6907618048,0.1881393011,0.6646468795,1.329293759,71.13145775,5.061051908,-0.3233979294
1386,0.6750443139,0.2604445345,0.6227788293,1.245557659,71.7231886,5.019297204,-0.3136081813
1387,0.6283153302,0.1696486033,0.6049789299,1.20995786,76.54141645,4.703336007,-0.232742422
1388,0.6839694473,0.1885347068,0.6574715729,1.314943146,71.67044749,5.022990823,-0.314482117
1389,0.6154795935,0.1968232412,0.5831601338,1.166320268,77.54386827,4.642533421,-0.2156920537
1390,0.7301620753,0.3115602526,0.660353591,1.320707182,66.7920294,5.389864677,-0.3940697696
1391,0.6609676211,0.2575199188,0.6087377823,1.217475565,72.93388391,4.935977363,-0.2934750314
1392,0.6261863427,0.2345847893,0.5805853188,1.161170638,76.24618138,4.721547931,-0.2377506292
1393,0.6392600919,0.2463235018,0.5898967685,1.179793537,74.94644649,4.803429874,-0.2597217683
1394,0.6750978245,0.2033322651,0.6437492234,1.287498447,72.27492341,4.980980719,-0.3044499822
1395,0.6656076809,0.2600051293,0.6127241774,1.225448355,72.51340609,4.96459923,-0.3004826403
1396,0.6744170831,0.2159956656,0.638893007,1.277786014,72.223393,4.984534581,-0.3053065394
1397,0.6495505729,0.191699728,0.6206183699,1.24123674,74.51686905,4.831120854,-0.266954652
1398,0.6462542141,0.2117238834,0.6105878368,1.221175674,74.64705705,4.82269515,-0.264764216
1399,0.5951018205,0.2462181793,0.5417774311,1.083554862,79.11873498,4.550123306,-0.188774345
1400,0.6350988796,0.2341411232,0.590363042,1.180726084,75.4388573,4.772076525,-0.2514130118
1401,0.6389116648,0.2151063489,0.6016123122,1.203224624,75.2663166,4.783016046,-0.2543265442
1402,0.6152959126,0.218336088,0.575255085,1.15051017,77.39959075,4.651187384,-0.2181502121
1403,0.6656705429,0.2212463896,0.6278274499,1.2556549,72.902307,4.938115333,-0.2940018402
1404,0.6392240417,0.2245218873,0.5984958626,1.196991725,75.15723875,4.789957773,-0.2561672507
1405,0.7067670903,0.2049207692,0.6764075681,1.352815136,69.75150658,5.161178843,-0.3460923875
1406,0.658212159,0.2433528027,0.61157392,1.22314784,73.32043436,4.909954546,-0.2870188971
1407,0.6815281697,0.2514991138,0.6334262719,1.266852544,71.2936959,5.049534821,-0.3207172076
1408,0.633802668,0.2858908377,0.5656608974,1.131321795,74.98701192,4.800831381,-0.2590379991
1409,0.6808097235,0.1985825548,0.6512041527,1.302408305,71.84790414,5.010584572,-0.311540552
1410,0.6583574956,0.2365863094,0.614378963,1.228757926,73.37599898,4.90623644,-0.2860897805
1411,0.6831756268,0.2035395909,0.652150728,1.304301456,71.6168297,5.026751414,-0.3153703064
1412,0.6403013956,0.212439242,0.6040326528,1.208065306,75.16510972,4.78945619,-0.2560344579
1413,0.6618957846,0.2316972901,0.6200180606,1.240036121,73.12283307,4.923222814,-0.2903208687
1414,0.6447135834,0.2348870096,0.6004029458,1.200805892,74.57542609,4.82732743,-0.2659695893
1415,0.6746606311,0.2300638241,0.6342220463,1.268444093,72.07392182,4.994871805,-0.3077897043
1416,0.6580380369,0.2467819642,0.6100104263,1.220020853,73.29981392,4.911335797,-0.2873636307
1417,0.6693004347,0.2398400465,0.6248518416,1.249703683,72.42096428,4.970936297,-0.3020211021
1418,0.611270744,0.2605409838,0.5529650245,1.105930049,77.39510577,4.651456916,-0.2182266038
1419,0.6574987433,0.1776038634,0.6330572369,1.266114474,73.9349272,4.869146608,-0.276728916
1420,0.6751600373,0.1813491124,0.6503488106,1.300697621,72.43696598,4.969838191,-0.3017548501
1421,0.670510168,0.2550780698,0.6200960117,1.240192023,72.15872776,4.989001486,-0.3063810791
1422,0.6401234435,0.2185606598,0.6016554337,1.203310867,75.12936195,4.791735091,-0.2566375277
1423,0.7359653153,0.2317028108,0.6985404446,1.397080889,67.33916268,5.34607182,-0.3852753811
1424,0.6286082019,0.2428887966,0.5797872921,1.159574584,75.94502154,4.740271221,-0.2428528364
1425,0.6659307634,0.2790451833,0.6046466467,1.209293293,72.2573179,4.982194336,-0.3047426552
1426,0.7266321489,0.2636008362,0.677132837,1.354265674,67.67958706,5.31918139,-0.3797857627
1427,0.6790386846,0.2665918584,0.6245176668,1.249035334,71.3242063,5.047374779,-0.320212785
1428,0.7162854219,0.2253455688,0.6799148331,1.359829666,68.84812398,5.228900647,-0.3608413634
1429,0.6603807931,0.2281681279,0.6197113016,1.239422603,73.28469178,4.912349241,-0.2876164195
1430,0.6788861888,0.2299272388,0.6387643714,1.277528743,71.72948945,5.018856299,-0.3135037564
1431,0.6578618005,0.2138686194,0.6221272878,1.244254576,73.6271143,4.889503051,-0.2818874455
1432,0.6059679257,0.1364701581,0.5904007308,1.180801462,78.77248839,4.570123495,-0.1947053522
1433,0.6757445661,0.2586444936,0.6242865884,1.248573177,71.68612991,5.021891968,-0.3142222825
1434,0.6153957491,0.2536252932,0.5607014702,1.12140294,77.07144355,4.670990751,-0.2237359132
1435,0.6908923705,0.2764738551,0.6331622817,1.266324563,70.24969701,5.124577263,-0.3379216951
1436,0.6596455292,0.1315433309,0.6463966091,1.292793218,74.01794037,4.863685726,-0.2753363535
1437,0.6965121309,0.2989542523,0.6290910138,1.258182028,69.50626044,5.179389564,-0.3501050333
1438,0.7027746129,0.270905598,0.6484614973,1.296922995,69.38827168,5.188196669,-0.3520332503
1439,0.6459307112,0.2378778679,0.6005335991,1.201067198,74.43943895,4.836146069,-0.2682567742
1440,0.6635765568,0.2582266795,0.6112714853,1.222542971,72.70478662,4.951530934,-0.2972951102
1441,0.688878515,0.2717664711,0.6330059981,1.266011996,70.46828312,5.108681297,-0.3343286204
1442,0.6609906992,0.2272730997,0.6206896508,1.241379302,73.24133949,4.915256909,-0.2883410059
1443,0.640772368,0.2266723271,0.5993403739,1.198680748,75.00031589,4.799979783,-0.2588137197
1444,0.6969277183,0.2833211193,0.6367396547,1.273479309,69.68645868,5.165996476,-0.3471573031
1445,0.6311370874,0.1455815132,0.6141172902,1.22823458,76.42085428,4.710756028,-0.2347883271
1446,0.6611487674,0.2283838495,0.6204502478,1.240900496,73.21754405,4.91685435,-0.2887386507
1447,0.6491606472,0.1912110252,0.6203610962,1.240722192,74.55420021,4.82870179,-0.2663266891
1448,0.6698063838,0.2240146705,0.631235312,1.262470624,72.53196775,4.963328738,-0.3001736335
1449,0.6111989399,0.1812202422,0.5837151428,1.167430286,78.04774867,4.612560979,-0.2070964584
1450,0.6231860815,0.1785155613,0.5970704201,1.19414084,76.9529689,4.678182078,-0.2257507877
1451,0.6558154133,0.2440987779,0.6086950328,1.217390066,73.51815927,4.896749369,-0.2837114431
1452,0.6865647436,0.2731471765,0.6298902818,1.259780564,70.63628194,5.096530991,-0.3315637796
1453,0.7249427805,0.1638897989,0.706174319,1.412348638,68.68477661,5.241336112,-0.3634987663
1454,0.6519405748,0.213730102,0.6159106726,1.231821345,74.13616718,4.855929483,-0.2733520781
1455,0.661302894,0.1939076136,0.6322352055,1.264470411,73.49625779,4.898208573,-0.2840779683
1456,0.6447016774,0.2090247355,0.6098761454,1.219752291,74.80519944,4.812499702,-0.2621016049
1457,0.658152375,0.1822270037,0.6324222227,1.264844445,73.84772375,4.874896364,-0.2781911456
1458,0.626320247,0.1781123151,0.6004607023,1.200921405,76.6698061,4.695459899,-0.2305625539
1459,0.6470088548,0.1750035541,0.6228918158,1.245783632,74.85273729,4.809443355,-0.2613008285
1460,0.6673002575,0.2500779073,0.6186684685,1.237336937,72.48111475,4.966811027,-0.3010201376
1461,0.6930011783,0.2565112389,0.6437799449,1.28755989,70.32019407,5.119439796,-0.3367634134
1462,0.6603464715,0.2706589383,0.6023298113,1.204659623,72.83427378,4.94272794,-0.2951365589
1463,0.66166639,0.2426983926,0.6155484562,1.231096912,73.03317343,4.92926684,-0.2918179691
1464,0.6874024475,0.2387741287,0.6445999072,1.289199814,70.95483063,5.073650332,-0.3263134568
1465,0.6316246258,0.1418637748,0.6154870733,1.230974147,76.39580748,4.712300477,-0.2352132341
1466,0.7127317126,0.1870572377,0.6877471075,1.375494215,69.43801489,5.184480008,-0.3512205095
1467,0.6549717322,0.1777972114,0.6303777611,1.260755522,74.14876023,4.855104777,-0.2731406522
1468,0.6890490675,0.246472793,0.6434592293,1.286918459,70.74344512,5.088810693,-0.3297986509
1469,0.6737386432,0.182548545,0.6485366512,1.297073302,72.54493595,4.96244149,-0.2999577258
1470,0.6761138751,0.221534337,0.6387898791,1.277579758,72.03452247,4.997603755,-0.3084438975
1471,0.6620576018,0.2737072484,0.6028304988,1.205660998,72.65153996,4.955159935,-0.2981822921
1472,0.627169426,0.244795183,0.5774225553,1.154845111,76.05850697,4.733198354,-0.2409309626
1473,0.6937320636,0.2438576047,0.649459502,1.298919004,70.3998395,5.113648022,-0.3354542087
1474,0.70518025,0.2741435826,0.6497110751,1.29942215,69.16324073,5.205077093,-0.3557066457
1475,0.6737038177,0.2476603702,0.6265310647,1.253062129,71.9748122,5.001749765,-0.3094350585
1476,0.7049610702,0.2214459782,0.6692770646,1.338554129,69.74542126,5.161629158,-0.3461920307
1477,0.655567608,0.225380416,0.6156074697,1.231214939,73.72120873,4.883262309,-0.2803114061
1478,0.6295111955,0.235767214,0.5836935549,1.16738711,75.93041385,4.741183167,-0.2431001482
1479,0.6348347412,0.2160099917,0.5969546315,1.193909263,75.6231212,4.760448845,-0.2482990038
1480,0.6863319957,0.2394417399,0.6432101224,1.286420245,71.03372458,5.068015258,-0.3250115611
1481,0.639819704,0.2363487662,0.59456582,1.18913164,74.99498111,4.800321231,-0.2589036555
1482,0.6280657911,0.2114812207,0.5913901683,1.182780337,76.27245384,4.719921569,-0.2373052116
1483,0.6928683118,0.1766659094,0.6699669051,1.33993381,71.04753899,5.067029838,-0.3247835345
1484,0.6522610855,0.2182120982,0.6146771542,1.229354308,74.0699036,4.860273641,-0.2744643656
1485,0.6352975067,0.1059286492,0.6264040575,1.252808115,76.22214348,4.723036949,-0.2381581191
1486,0.6144331117,0.2405094411,0.5654053922,1.130810784,77.28954265,4.65780994,-0.2200242506
1487,0.6963240115,0.2309880136,0.6568954761,1.313790952,70.32594221,5.119021355,-0.3366689477
1488,0.6782625211,0.1905922937,0.6509336564,1.301867313,72.11640455,4.991929398,-0.3070841509
1489,0.655052953,0.2623079708,0.6002407015,1.200481403,73.38642652,4.905539309,-0.2859153879
1490,0.6863748224,0.2652642985,0.6330444287,1.266088857,70.74666147,5.088579341,-0.3297456552
1491,0.6869267745,0.170779526,0.6653591113,1.330718223,71.55869452,5.03083521,-0.3163330154
1492,0.6669436105,0.1795755972,0.6423133071,1.284626614,73.12743688,4.922912868,-0.2902439769
1493,0.7062612065,0.2135004568,0.6732179786,1.346435957,69.71692101,5.16373923,-0.3466586522
1494,0.6473981498,0.2578925644,0.5938146087,1.187629217,74.10251468,4.858134728,-0.2739170082
1495,0.6712412295,0.235346308,0.6286309756,1.257261951,72.30471074,4.978928708,-0.3039547341
1496,0.617547388,0.1719452876,0.5931269632,1.186253926,77.51181418,4.644453285,-0.2162383007
1497,0.667197052,0.2051472595,0.634875191,1.269750382,72.91329145,4.937371402,-0.2938185929
1498,0.6567365991,0.2177101458,0.619600882,1.239201764,73.68986463,4.885339413,-0.2808364899
1499,0.6790409234,0.2058233934,0.6470960565,1.294192113,71.93256613,5.004687298,-0.3101361195
1500,0.6598407715,0.234218082,0.6168725426,1.233745085,73.27280343,4.913146258,-0.2878151368
1501,0.6843509144,0.2300012917,0.6445429232,1.289085846,71.2864082,5.050051042,-0.3208376803
1502,0.6887397752,0.1857617356,0.663215693,1.326431386,71.30958465,5.048409716,-0.3204545332
1503,0.7159607411,0.2682554754,0.663806284,1.327612568,68.41639654,5.261896537,-0.3678584601
1504,0.6837690921,0.2866491035,0.6207837488,1.241567498,70.68809683,5.092795197,-0.3307104598
1505,0.7088133132,0.1837756249,0.6845749285,1.369149857,69.76007206,5.160545128,-0.3459521265
1506,0.7134738493,0.1743056383,0.6918543763,1.383708753,69.47303543,5.181866573,-0.3506481596
1507,0.6672045496,0.230471465,0.6261348216,1.252269643,72.68810321,4.952667412,-0.2975731124
1508,0.6798429301,0.1708451168,0.6580261056,1.316052211,72.12761888,4.991153259,-0.3068978752
1509,0.6822207506,0.2576097872,0.6317138198,1.26342764,71.1697511,5.058328777,-0.3227654271
1510,0.6948437926,0.2378868918,0.6528535233,1.305707047,70.37373995,5.115544524,-0.3358833024
1511,0.6812218393,0.274342423,0.6235378331,1.247075666,71.05243546,5.066680651,-0.3247027066
1512,0.6431507026,0.1788505586,0.6177825701,1.23556514,75.16380064,4.789539605,-0.256056544
1513,0.6510212893,0.2049370181,0.6179235695,1.235847139,74.2881215,4.845996813,-0.2708000244
1514,0.7315347304,0.2148701012,0.6992666883,1.398533377,67.81562211,5.308511355,-0.3775883274
1515,0.6917694087,0.218088061,0.6564925837,1.312985167,70.80544801,5.084354525,-0.3287768486
1516,0.6762199984,0.2288196659,0.6363293539,1.272658708,71.95785964,5.002928128,-0.3097164014
1517,0.6726745924,0.20848074,0.6395520997,1.279104199,72.43148718,4.970214115,-0.3018460144
1518,0.6421330982,0.2199029208,0.6033055787,1.206611157,74.9397925,4.803856375,-0.2598339153
1519,0.6864327253,0.2298496562,0.6468067887,1.293613577,71.12074237,5.06181443,-0.3235748927
1520,0.670679362,0.1838576698,0.6449861734,1.289972347,72.7874979,4.945904316,-0.2959164874
1521,0.6712528349,0.2939663136,0.6034601684,1.206920337,71.61403027,5.026947913,-0.315416672
1522,0.658014518,0.2320283282,0.6157482934,1.231496587,73.44952879,4.901324841,-0.2848598479
1523,0.6960770002,0.2442740526,0.6518077764,1.303615553,70.21105453,5.127397707,-0.3385563823
1524,0.6225994221,0.2283633388,0.5792065485,1.158413097,76.63336883,4.697692474,-0.2311813235
1525,0.6606273399,0.251512936,0.6108761947,1.221752389,73.02874881,4.929565491,-0.2918918311
1526,0.6318075559,0.2395765928,0.5846228219,1.169245644,75.68506533,4.756552676,-0.2472515871
1527,0.6315221099,0.2074383332,0.5964809412,1.192961882,75.99088696,4.737410161,-0.2420762206
1528,0.6541493341,0.2146150598,0.6179415243,1.235883049,73.93837776,4.868919374,-0.2766710436
1529,0.6384173386,0.2229001489,0.5982409396,1.196481879,75.24346164,4.784468872,-0.2547123019
1530,0.6744158889,0.1684163162,0.6530488004,1.306097601,72.58532518,4.959680198,-0.2992851862
1531,0.6414784441,0.2303316727,0.5987001877,1.197400375,74.90420294,4.806138853,-0.2604336855
1532,0.6901601957,0.2882895876,0.627064757,1.254129514,70.15440149,5.131538326,-0.3394866074
1533,0.6386257562,0.2025274954,0.6056611842,1.211322368,75.39291883,4.77498425,-0.2521889552
1534,0.6854453094,0.2411816391,0.6416125694,1.283225139,71.08703715,5.064214439,-0.3241314564
1535,0.6305909511,0.2115244961,0.594055835,1.18811167,76.04266816,4.734184224,-0.2411992494
1536,0.6457817825,0.1721835553,0.6224041563,1.244808313,74.97754929,4.801437276,-0.2591975124
1537,0.695030985,0.2142200459,0.6611942544,1.322388509,70.58266974,5.100402143,-0.3324464134
1538,0.6828146669,0.2663469652,0.6287250301,1.25745006,71.02049403,5.068959389,-0.3252299327
1539,0.5674227899,0.1783098835,0.5386782045,1.077356409,82.39021826,4.369450738,-0.1324256122
1540,0.6678976811,0.2250752896,0.6288309999,1.257662,72.68104276,4.953148528,-0.2976907558
1541,0.6565597794,0.2301894374,0.614885003,1.229770006,73.59140395,4.89187569,-0.2824853789
1542,0.614226173,0.2303023513,0.569416033,1.138832066,77.40055311,4.651129553,-0.2181338203
1543,0.6647977387,0.2076366694,0.631540218,1.263080436,73.09340181,4.925205164,-0.2908123785
1544,0.6690020193,0.2445092112,0.6227189955,1.245437991,72.3978599,4.972522675,-0.3024054939
1545,0.6612709423,0.2972794122,0.5906811409,1.181362282,72.40844653,4.971795657,-0.3022293684
1546,0.6601406811,0.1803382079,0.6350305895,1.270061179,73.69253804,4.885162183,-0.2807917075
1547,0.6325769408,0.2408064523,0.5849494325,1.169898865,75.60329909,4.761696967,-0.2486341158
1548,0.6615327017,0.2012852662,0.6301664518,1.260332904,73.41964666,4.903319702,-0.2853597428
1549,0.6815306793,0.2560312027,0.6316107109,1.263221422,71.24340179,5.053099529,-0.3215485121
1550,0.6880244948,0.2519746191,0.6402237864,1.280447573,70.76583103,5.08720091,-0.3294297775
1551,0.7343577508,0.2537508927,0.6891239298,1.37824786,67.22824907,5.354891805,-0.3870610246
1552,0.672526887,0.2472224027,0.6254386439,1.250877288,72.07667318,4.994681137,-0.3077440147
1553,0.7035014436,0.2724377603,0.6486076996,1.297215399,69.3134625,5.193796227,-0.3532550375
1554,0.6727000449,0.2382074731,0.62911251,1.25822502,72.15547484,4.9892264,-0.3064351224
1555,0.6670142253,0.2384907496,0.6229206523,1.245841305,72.62542477,4.956941748,-0.2986173225
1556,0.6675996754,0.1990080551,0.637248084,1.274496168,72.92906333,4.936303629,-0.2935554606
1557,0.6691350457,0.2064504459,0.6364903163,1.272980633,72.74128008,4.949046808,-0.2966869173
1558,0.6956718973,0.2750927594,0.6389705489,1.277941098,69.88977001,5.150968446,-0.3438273616
1559,0.6459794692,0.2238388232,0.6059584605,1.211916921,74.56654659,4.827902276,-0.2661189807
1560,0.6696097856,0.2889566137,0.6040540873,1.208108175,71.81931444,5.012579176,-0.3120146647
1561,0.6777901079,0.1976748792,0.648324049,1.296648098,72.10028264,4.993045614,-0.3073519236
1562,0.6446685945,0.2187782307,0.6064104901,1.21282098,74.72615849,4.817590082,-0.263432652
1563,0.6069700668,0.2153590517,0.5674796391,1.134959278,78.21354579,4.602783269,-0.2042646236
1564,0.7022138168,0.2386710241,0.660409257,1.320818514,69.79075835,5.158276089,-0.3454495708
1565,0.647903731,0.227553586,0.6066288899,1.21325778,74.36448404,4.841020611,-0.2695168049
1566,0.6628486043,0.2349476296,0.6198127811,1.239625562,73.01078027,4.930778697,-0.2921917696
1567,0.6759842266,0.2713119465,0.6191482071,1.238296414,71.51743004,5.033737927,-0.3170161507
1568,0.6550148171,0.2216241741,0.616382297,1.232764594,73.80267455,4.877872004,-0.2789462795
1569,0.656413904,0.2323311752,0.6139229907,1.227845981,73.58352376,4.89239957,-0.2826173099
1570,0.6783035809,0.2052899358,0.6464919104,1.292983821,71.99697048,5.000210392,-0.3090672811
1571,0.6415058532,0.2027896403,0.6086099912,1.217219982,75.13595005,4.79131494,-0.2565263931
1572,0.7020475081,0.2431146459,0.6586091197,1.317218239,69.75788964,5.160706579,-0.3459878647
1573,0.6887889352,0.2758816868,0.6311255755,1.262251151,70.42445696,5.111860503,-0.3350494177
1574,0.7486706678,0.2207943944,0.7153723536,1.430744707,66.53671894,5.410546323,-0.3981612742
1575,0.6601963133,0.198630109,0.6296072204,1.259214441,73.55347319,4.894398379,-0.2831203707
1576,0.6208168816,0.187638924,0.5917814078,1.183562816,77.11126376,4.668578654,-0.2230584836
1577,0.6778334216,0.2345716779,0.6359514725,1.271902945,71.77008939,5.01601716,-0.312830798
1578,0.6797181601,0.2326618914,0.6386589242,1.277317848,71.63528695,5.025456243,-0.3150645895
1579,0.7120968914,0.202272026,0.6827649744,1.365529949,69.36710285,5.189779957,-0.3523790417
1580,0.6608054632,0.2299373442,0.6195100306,1.239020061,73.2319805,4.915885075,-0.2884974096
1581,0.6236814895,0.2300033522,0.5797215352,1.15944307,76.51871206,4.704731566,-0.2331277879
1582,0.6324068329,0.2150687097,0.5947132523,1.189426505,75.84955542,4.746237444,-0.2444688159
1583,0.6144072668,0.1874246353,0.5851224621,1.170244924,77.7075755,4.632752955,-0.212901202
1584,0.6213840684,0.2020178965,0.5876282243,1.175256449,76.95802728,4.677874586,-0.2256647805
1585,0.6466867071,0.2368827763,0.6017393517,1.203478703,74.38277236,4.839830361,-0.2692094113
1586,0.6497549218,0.2056571876,0.6163493974,1.232698795,74.39192725,4.839234757,-0.2690555237
1587,0.7146448404,0.3224744301,0.637751903,1.275503806,67.76492743,5.312482632,-0.3784074709
1588,0.6448869756,0.1917610383,0.615716587,1.231433174,74.92202343,4.804995695,-0.2601333797
1589,0.6135302645,0.2266585875,0.5701274158,1.140254832,77.49758803,4.645305862,-0.2164807127
1590,0.6165994613,0.1989785642,0.5836115375,1.167223075,77.42410153,4.649714919,-0.2177327017
1591,0.6445716452,0.2583609094,0.5905270919,1.181054184,74.34650597,4.842191241,-0.2698189571
1592,0.6528721886,0.1995144539,0.6216398293,1.243279659,74.17135227,4.853625949,-0.2727613194
1593,0.7031467465,0.2188810858,0.6682113568,1.336422714,69.90871813,5.149572323,-0.343516798
1594,0.6521011199,0.1707261446,0.6293555864,1.258711173,74.44083086,4.836055641,-0.268233371
1595,0.6606635785,0.2358486783,0.6171318861,1.234263772,73.18696041,4.918909024,-0.2892496599
1596,0.6536887698,0.1970944034,0.6232678428,1.246535686,74.11985676,4.856998053,-0.2736258956
1597,0.6475820408,0.251509021,0.5967459358,1.193491872,74.15552461,4.8546619,-0.273027079
1598,0.6434059917,0.2163617326,0.6059363587,1.211872717,74.85795712,4.809107994,-0.2612128894
1599,0.6220095513,0.1985040127,0.5894845535,1.178969107,76.92595528,4.679824887,-0.2262100681
1600,0.6721533899,0.239782994,0.627928575,1.25585715,72.18475046,4.987202944,-0.3059487079
1601,0.6854014905,0.2098438983,0.652488116,1.304976232,71.38511772,5.04306796,-0.3192054764
1602,0.6793624309,0.2551332168,0.6296350961,1.259270192,71.42962045,5.039925982,-0.3184692948
1603,0.6599069467,0.2124799426,0.6247635171,1.249527034,73.46511923,4.900284704,-0.2845990065
1604,0.7122516018,0.2688208153,0.6595738879,1.319147776,68.68904958,5.241010062,-0.3634292895
1605,0.6453064718,0.25551066,0.592566237,1.185132474,74.31276269,4.84438994,-0.2703859987
1606,0.6525866928,0.1774862961,0.627987266,1.255974532,74.35496527,4.841640349,-0.2696767874
1607,0.6479203098,0.2087573155,0.6133686583,1.226737317,74.52615173,4.830519108,-0.2667985147
1608,0.6681898128,0.2438867688,0.6220907248,1.24418145,72.47209307,4.96742932,-0.3011702886
1609,0.6402648527,0.2275337858,0.5984709332,1.196941866,75.03758706,4.797595633,-0.2581853248
1610,0.6435977788,0.2620950877,0.5878131216,1.175626243,74.39116341,4.839284446,-0.2690683637
1611,0.6886584736,0.2236833341,0.6513188615,1.302637723,71.00130361,5.070329441,-0.3255466417
1612,0.6121452691,0.1960393508,0.5799055125,1.159811025,77.86213983,4.623556465,-0.2102646212
1613,0.6257355685,0.1863168097,0.5973533695,1.194706739,76.66942272,4.695483378,-0.2305690649
1614,0.645083569,0.2248578206,0.604625315,1.20925063,74.63600863,4.823409057,-0.2649501609
1615,0.717021121,0.2483472574,0.6726387795,1.345277559,68.56197983,5.250723519,-0.3654945313
1616,0.6813740867,0.2353988553,0.6394200693,1.278840139,71.47392021,5.03680222,-0.3177362798
1617,0.6813732129,0.1793575728,0.6573433778,1.314686756,71.94596081,5.00375554,-0.309913857
1618,0.6802847242,0.1939879247,0.6520398692,1.304079738,71.92637535,5.005118057,-0.3102388395
1619,0.6291485658,0.2562538978,0.5745971265,1.149194253,75.75947653,4.751880774,-0.2459929821
1620,0.6882004235,0.2686626307,0.6335930979,1.267186196,70.56006734,5.102035947,-0.3328184363
1621,0.6366595016,0.2348082962,0.5917773103,1.183554621,75.29225977,4.78136798,-0.2538886129
1622,0.6487173622,0.2134339467,0.6126011478,1.225202296,74.41797039,4.83754123,-0.2686177187
1623,0.69330704,0.2378744634,0.6512222289,1.302444458,70.49493689,5.106749731,-0.3338901572
1624,0.6364289423,0.2040354505,0.6028360752,1.20567215,75.576837,4.763364204,-0.2490814365
1625,0.6648076388,0.2467795035,0.6173079242,1.234615848,72.72545445,4.950123759,-0.2969506789
1626,0.6488779893,0.2159674818,0.6118829069,1.223765814,74.38246591,4.839850301,-0.2692145623
1627,0.6702229148,0.2787698105,0.6094966352,1.21899327,71.9013124,5.006862712,-0.3106546574
1628,0.6534280493,0.230446931,0.6114429062,1.222885812,73.85811805,4.874210303,-0.2780168875
1629,0.6426640306,0.2174508602,0.6047579513,1.209515903,74.91405691,4.805506668,-0.2602676324
1630,0.6750676044,0.2453259594,0.6289129066,1.257825813,71.88717323,5.007847489,-0.3108892131
1631,0.6245015576,0.1809762978,0.597703752,1.195407504,76.81707893,4.686457817,-0.2280606521
1632,0.6950971707,0.3108811858,0.6217016688,1.243403338,69.44218123,5.184168954,-0.3511524249
1633,0.6253500491,0.1552417624,0.6057744457,1.211548891,76.89151649,4.681920925,-0.2267955169
1634,0.6608604985,0.2544342798,0.6099178598,1.21983572,72.9771511,4.933050887,-0.2927530448
1635,0.676605169,0.2531151533,0.6274769111,1.254953822,71.67725223,5.022513961,-0.3143693755
1636,0.6859011835,0.2894462299,0.6218370474,1.243674095,70.47901171,5.107903633,-0.3341521403
1637,0.6596903338,0.2597870162,0.6063844017,1.212768803,73.01719556,4.930345479,-0.2920846862
1638,0.7323018556,0.3066375974,0.6650108207,1.330021641,66.70965948,5.396519826,-0.3953906563
1639,0.6635259554,0.2975649155,0.5930613919,1.186122784,72.21265548,4.985275747,-0.3054849913
1640,0.6634531338,0.2702882826,0.6058995833,1.211799167,72.57480509,4.960399129,-0.2994603753
1641,0.6405936988,0.2873378939,0.572535782,1.145071564,74.35308887,4.841762534,-0.2697083233
1642,0.6693230409,0.2618687772,0.6159692172,1.231938434,72.18083898,4.9874732,-0.3060137017
1643,0.6665364439,0.1808614313,0.6415294021,1.283058804,73.15240089,4.921232873,-0.2898270009
1644,0.7140129432,0.245798216,0.67037133,1.34074266,68.81526256,5.231397609,-0.361376203
1645,0.6548854494,0.2192256532,0.6171021511,1.234204302,73.83509288,4.875730306,-0.278402887
1646,0.6290782587,0.1911957701,0.5993193082,1.198638616,76.3323861,4.71621573,-0.2362889459
1647,0.6668240728,0.2638572943,0.6123999285,1.224799857,72.36688421,4.974651098,-0.3029207649
1648,0.6688171568,0.2444784171,0.6225324833,1.245064967,72.41359351,4.971442275,-0.3021437364
1649,0.6875894155,0.238100003,0.6450485198,1.29009704,70.94671871,5.074230444,-0.3264472834
1650,0.6675684206,0.2258870572,0.6281899662,1.256379932,72.70098026,4.951790178,-0.2973585393
1651,0.6834526682,0.3041061644,0.6120677989,1.224135598,70.46981361,5.108570345,-0.3343034454
1652,0.6351234238,0.1939484137,0.6047857276,1.209571455,75.76906873,4.751279196,-0.2458307076
1653,0.6907898663,0.2824800606,0.630393254,1.260786508,70.18108587,5.129587203,-0.3390484995
1654,0.6916776526,0.2618951225,0.6401788187,1.280357637,70.36342741,5.116294263,-0.336052828
1655,0.6646812496,0.2296072087,0.6237641327,1.247528265,72.90786636,4.937738793,-0.293909098
1656,0.6876887601,0.2023503284,0.6572443802,1.31448876,71.26474177,5.051586396,-0.3211958167
1657,0.6825066555,0.2964957161,0.6147402908,1.229480582,70.6554837,5.095145927,-0.3312475847
1658,0.6962865078,0.2226608989,0.6597249617,1.319449923,70.4079076,5.113062045,-0.3353215497
1659,0.6727198927,0.2328501395,0.6311361711,1.262272342,72.2068806,4.985674454,-0.3055809624
1660,0.6380101697,0.2107761887,0.6021879897,1.204375979,75.38229231,4.775657372,-0.2523684241
1661,0.644647971,0.2123921922,0.6086547159,1.217309432,74.78218993,4.813980446,-0.262489136
1662,0.639543861,0.2513136639,0.5880967544,1.176193509,74.86952099,4.80836521,-0.2610180637
1663,0.6468896418,0.2306831606,0.6043603958,1.208720792,74.4241222,4.837141365,-0.268514294
1664,0.6688610998,0.2616552068,0.6155580587,1.231116117,72.22184901,4.984641143,-0.3053322004
1665,0.7013873178,0.2238458581,0.6647083581,1.329416716,69.99923029,5.142913694,-0.3420327671
1666,0.685950951,0.1667004095,0.6653868654,1.330773731,71.66329064,5.023492457,-0.3146006876
1667,0.6641773381,0.2203400708,0.6265634762,1.253126952,73.03581138,4.929088802,-0.2917739319
1668,0.6934693172,0.2918961649,0.6290439753,1.258087951,69.84360782,5.154372909,-0.3445838119
1669,0.6798053367,0.1679030025,0.658744167,1.317488334,72.14989103,4.989612526,-0.3065278884
1670,0.6615194082,0.2229375584,0.6228216217,1.245643243,73.23651328,4.91558082,-0.2884216606
1671,0.6562366049,0.2446030574,0.6089464886,1.217892977,73.47679355,4.899506124,-0.2844036711
1672,0.6449749813,0.1797077216,0.6194335003,1.238867001,74.99861744,4.800088485,-0.258842353
1673,0.6649145683,0.2412235242,0.619614876,1.239229752,72.77396787,4.946823851,-0.2961420468
1674,0.6573627932,0.2143786139,0.6214238906,1.242847781,73.66528533,4.886969464,-0.2812481892
1675,0.6775904094,0.230154023,0.637305177,1.274610354,71.8329882,5.011625007,-0.3117879178
1676,0.6015433283,0.2210436163,0.5594587523,1.118917505,78.693748,4.574696328,-0.1960531457
1677,0.6591040485,0.2259852671,0.6191516824,1.238303365,73.41351261,4.903729398,-0.2854623491
1678,0.6762112879,0.1697627062,0.6545550623,1.309110125,72.42986009,4.970325768,-0.3018730878
1679,0.6763214601,0.1916549617,0.6485977899,1.29719558,72.26659372,4.981554844,-0.3045884581
1680,0.7201929316,0.2801536923,0.6634694924,1.326938985,67.95407687,5.297695394,-0.37534962
1681,0.6673888411,0.2510846757,0.6183561683,1.236712337,72.46284748,4.968063118,-0.3013241586
1682,0.7123828767,0.2739507442,0.6576019714,1.315203943,68.61677164,5.246530716,-0.3646042298
1683,0.7496968644,0.3369050124,0.6697315889,1.339463178,65.01796239,5.536931438,-0.4223341109
1684,0.6601638795,0.2277813109,0.6196224837,1.239244967,73.30672802,4.910872572,-0.2872480445
1685,0.7009938675,0.2269274792,0.6632468029,1.326493606,70.00073932,5.142802826,-0.342008018
1686,0.6629791064,0.1883900358,0.6356496598,1.27129932,73.39620029,4.904886064,-0.2857519202
1687,0.5978294143,0.1917238863,0.5662525585,1.132505117,79.26039166,4.541991182,-0.1863458471
1688,0.6894916369,0.2205966166,0.6532502202,1.30650044,70.96341874,5.073036311,-0.3261717671
1689,0.639223266,0.2009434411,0.6068180265,1.213636053,75.35207519,4.77757247,-0.2528787062
1690,0.6585817542,0.2271480951,0.6181696125,1.236339225,73.44720611,4.901479839,-0.2848987066
1691,0.665896767,0.2445489894,0.6193660437,1.238732087,72.65721728,4.954772746,-0.2980877103
1692,0.7075937188,0.1951589851,0.6801483966,1.360296793,69.76713907,5.160022395,-0.3458363974
1693,0.7186108474,0.2021250244,0.6895991768,1.379198354,68.87777471,5.226649693,-0.3603586779
1694,0.6464607575,0.2506973759,0.5958710739,1.191742148,74.26260529,4.84766187,-0.2712286995
1695,0.5940509836,0.1627905877,0.5713105948,1.14262119,79.79013342,4.511836045,-0.1772542204
1696,0.7103721288,0.2601296198,0.6610303641,1.322060728,68.93334047,5.222436597,-0.3594538607
1697,0.6556169119,0.154931754,0.637047633,1.274095266,74.23604431,4.849396319,-0.2716748696
1698,0.6616345372,0.1927249516,0.632943405,1.26588681,73.47720995,4.899478358,-0.2843967037
1699,0.6806285481,0.2662001773,0.6264125526,1.252825105,71.19942681,5.05622048,-0.3222751656
1700,0.6531873668,0.1947211641,0.6234880948,1.24697619,74.18091018,4.853000578,-0.2726008239
1701,0.6883271237,0.2399271206,0.6451582798,1.29031656,70.86922589,5.079778924,-0.3277253928
1702,0.635828688,0.2670227228,0.5770415809,1.154083162,75.03147523,4.79798643,-0.2582883781
1703,0.6525951185,0.2462553382,0.6043498135,1.208699627,73.77372865,4.879785889,-0.2794313921
1704,0.6644063676,0.230928591,0.6229829911,1.245965982,72.91838266,4.937026671,-0.2937336555
1705,0.6655901705,0.2263939811,0.6259041783,1.251808357,72.86179004,4.940861318,-0.2946776682
1706,0.6285787341,0.229412588,0.5852188389,1.170437678,76.07378376,4.732247854,-0.240672178
1707,0.704269086,0.2700990144,0.6504163804,1.300832761,69.28280627,5.196094375,-0.3537555426
1708,0.6694599545,0.3224668055,0.5866786088,1.173357218,71.33532994,5.046587719,-0.3200288573
1709,0.6126597449,0.2108740283,0.5752252665,1.150450533,77.70641156,4.632822347,-0.2129210507
1710,0.6798725497,0.2742562431,0.6221014363,1.244202873,71.16319071,5.058795094,-0.3228737972
1711,0.6811428944,0.2130514602,0.646965778,1.293931556,71.70062519,5.020876723,-0.3139820962
1712,0.6817056861,0.2203582549,0.6451084265,1.290216853,71.59011416,5.028627265,-0.3158127517
1713,0.6566991844,0.2589693649,0.6034804775,1.206960955,73.28249416,4.912496554,-0.2876531543
1714,0.6691811495,0.1967796102,0.6395945558,1.279189112,72.81505737,4.944032361,-0.295456992
1715,0.6453765896,0.1626878068,0.6245347227,1.249069445,75.07129374,4.795441534,-0.2576169335
1716,0.6517283532,0.2418998531,0.6051729566,1.210345913,73.89338892,4.87188374,-0.2774255111
1717,0.677056074,0.2411347555,0.6326602224,1.265320445,71.76757371,5.016192988,-0.3128725009
1718,0.6133910869,0.2409266272,0.5640948376,1.128189675,77.38466891,4.652084257,-0.2184043674
1719,0.6218661114,0.2184757948,0.58222486,1.16444972,76.78527689,4.6883988,-0.2286010399
1720,0.6357093374,0.2585415262,0.5807603989,1.161520798,75.13704705,4.791244987,-0.2565078875
1721,0.657765618,0.2373166729,0.6134626354,1.226925271,73.41934805,4.903339645,-0.2853647379
1722,0.6535760232,0.2569357515,0.6009539397,1.201907879,73.57444832,4.89300305,-0.2827692454
1723,0.6912904377,0.2423489808,0.6474175166,1.294835033,70.60860054,5.098529036,-0.3320195432
1724,0.6503548008,0.2253014077,0.6100824884,1.220164977,74.1717076,4.853602696,-0.2727553528
1725,0.6663373236,0.1792952575,0.6417621361,1.283524272,73.17987295,4.919385419,-0.2893680694
1726,0.7181285956,0.2399364172,0.6768598049,1.35371961,68.5669703,5.250341359,-0.365413456
1727,0.7684930919,0.3330024751,0.692597274,1.385194548,63.81455244,5.641346467,-0.4412779456
1728,0.7064157057,0.2903646091,0.6439810114,1.287962023,68.85884717,5.228086365,-0.3606668113
1729,0.6697070096,0.2977681235,0.599868005,1.19973601,71.68966002,5.021644682,-0.3141637906
1730,0.7018789609,0.2850268489,0.6413998528,1.282799706,69.27895477,5.196383248,-0.3538184166
1731,0.6815684045,0.255075066,0.6320381323,1.264076265,71.2510198,5.052559262,-0.3214226109
1732,0.6621754001,0.2080062563,0.6286570272,1.257314054,73.31086094,4.910595721,-0.2871789507
1733,0.6769660216,0.191735935,0.649245967,1.298491934,72.21336797,4.98522656,-0.3054731506
1734,0.6606552018,0.2797963095,0.5984808442,1.196961688,72.69482765,4.952209278,-0.2974610634
1735,0.6503901153,0.1978115458,0.6195788041,1.239157608,74.3984737,4.838808945,-0.2689454782
1736,0.6170849688,0.1759799996,0.591459972,1.182919944,77.53044233,4.643337367,-0.2159208588
1737,0.6771011583,0.1741624216,0.6543190578,1.308638116,72.32812689,4.977316785,-0.3035653563
1738,0.6783979738,0.192489711,0.6505163503,1.301032701,72.09100749,4.993688013,-0.3075059657
1739,0.7101389727,0.266558894,0.6582125163,1.316425033,68.87619132,5.226769847,-0.3603844564
1740,0.6452103411,0.2229026636,0.6054839278,1.210967856,74.64237436,4.822997702,-0.2648430269
1741,0.6669980487,0.2190284789,0.6300102558,1.260020512,72.811151,4.944297612,-0.2955221266
1742,0.6413203142,0.2592961951,0.586563917,1.173127834,74.62495945,4.824123225,-0.2651361087
1743,0.6806126741,0.2553333108,0.6309029343,1.261805869,71.32569054,5.047269747,-0.320188244
1744,0.6811931635,0.2116929001,0.6474644716,1.294928943,71.70831822,5.020338071,-0.3138546147
1745,0.6054668576,0.2579996299,0.5477465715,1.095493143,77.98368901,4.616349965,-0.2081901419
1746,0.6287323002,0.215133565,0.5907807161,1.181561432,76.18219829,4.725513415,-0.238835176
1747,0.6683120664,0.27218695,0.6103730681,1.220746136,72.142861,4.990098743,-0.3066446769
1748,0.7484380953,0.3017339792,0.6849205707,1.369841141,65.63707,5.484705518,-0.412515137
1749,0.6893794536,0.2566545137,0.6398222345,1.279644469,70.60581174,5.098730418,-0.3320654554
1750,0.6807703249,0.2211627661,0.6438441319,1.287688264,71.65852622,5.023826458,-0.314679619
1751,0.6747817041,0.2308791725,0.634054537,1.268109074,72.05612568,4.996105419,-0.3080852124
1752,0.6373541594,0.1809685401,0.6111225016,1.222245003,75.6606418,4.758088108,-0.2476646005
1753,0.6625536965,0.2326729454,0.6203553024,1.240710605,73.0578126,4.927604416,-0.2914066252
1754,0.6352131608,0.2273465757,0.5931351398,1.18627028,75.49089339,4.768787119,-0.2505338787
1755,0.6977001199,0.2115693104,0.664848768,1.329697536,70.39667618,5.113877807,-0.3355062194
1756,0.6990437648,0.1753163933,0.6767025545,1.353405109,70.57306755,5.101096105,-0.3326044663
1757,0.6448439484,0.1739947314,0.6209263654,1.241852731,75.0476203,4.796954235,-0.2580161449
1758,0.6500688802,0.2427934169,0.6030264552,1.20605291,74.02858174,4.862986586,-0.2751578005
1759,0.6531842457,0.1875644796,0.6256750154,1.251350031,74.23379467,4.849543279,-0.2717126563
1760,0.6355294358,0.2594586998,0.5801541579,1.160308316,75.14330342,4.790846072,-0.2564023451
1761,0.6521990863,0.204322943,0.6193672442,1.238734488,74.19140258,4.85231425,-0.272424628
1762,0.7134327698,0.2288335864,0.67573775,1.3514755,69.02994331,5.215128142,-0.3578800028
1763,0.7333031821,0.2713697026,0.681243012,1.362486024,67.10248072,5.364928333,-0.3890840655
1764,0.7087553901,0.2206879846,0.6735213556,1.347042711,69.46158071,5.1827211,-0.3508353816
1765,0.7236291298,0.2605228438,0.6751051513,1.350210303,67.93590247,5.299112647,-0.3756436113
1766,0.6814002431,0.2344034226,0.6398135094,1.279627019,71.48166539,5.036256473,-0.3176081031
1767,0.6939422004,0.25820378,0.6441169035,1.288233807,70.22682351,5.126246383,-0.3382974017
1768,0.6663699508,0.2178097171,0.6297680831,1.259536166,72.8744918,4.940000144,-0.2944658171
1769,0.6544537379,0.2129128266,0.6188520206,1.237704041,73.9267335,4.869686282,-0.2768663355
1770,0.6742544604,0.2536015701,0.6247442044,1.249488409,71.86510715,5.009385142,-0.3112552314
1771,0.6625350102,0.2161027777,0.6263004305,1.252600861,73.21162172,4.917252091,-0.2888376109
1772,0.6742989923,0.1887588506,0.6473401172,1.294680234,72.45383534,4.968681069,-0.3014741358
1773,0.7119966355,0.2703953157,0.6586543724,1.317308745,68.68938395,5.24098455,-0.3634238527
1774,0.6278058034,0.2553506623,0.5735295686,1.147059137,75.89253361,4.743549634,-0.2437413968
1775,0.7160647952,0.2071801517,0.6854379444,1.370875889,69.02668303,5.215374464,-0.357933136
1776,0.6825995649,0.2224723696,0.645327987,1.290655974,71.49852748,5.03506873,-0.3173290285
1777,0.6520413232,0.1835774768,0.6256654035,1.251330807,74.36016744,4.841301632,-0.2695893551
1778,0.6235707302,0.2360974634,0.5771468126,1.154293625,76.47374301,4.707498101,-0.2338909481
1779,0.6769021952,0.2521944242,0.6281676164,1.256335233,71.6630092,5.023512186,-0.3146053503
1780,0.6594609627,0.1598945672,0.6397831575,1.279566315,73.88141455,4.872673353,-0.2776262936
1781,0.6632023339,0.2021037439,0.6316576703,1.263315341,73.27246315,4.913169075,-0.2878208245
1782,0.6489383147,0.1930651025,0.6195537123,1.239107425,74.5598302,4.828337176,-0.2662319748
1783,0.659234025,0.1518127527,0.6415156958,1.283031392,73.94737503,4.868326967,-0.2765201381
1784,0.6884511903,0.2123110734,0.6548962128,1.309792426,71.12005327,5.061863475,-0.3235862727
1785,0.7142097745,0.2309588479,0.6758354922,1.351670984,68.9507566,5.221117472,-0.3591701916
1786,0.631089937,0.2365103268,0.5850960382,1.170192076,75.77952917,4.75062334,-0.2456537369
1787,0.6408920791,0.1684730452,0.6183522379,1.236704476,75.42829426,4.77274481,-0.2515914456
1788,0.6795575057,0.2057857241,0.6476500902,1.29530018,71.89091066,5.007587144,-0.3108272144
1789,0.6711919637,0.2349516099,0.628726008,1.257452016,72.31268904,4.97837938,-0.3038220719
1790,0.6627842394,0.2014815561,0.6314175564,1.262835113,73.31260442,4.91047894,-0.2871498029
1791,0.6850632893,0.2553643208,0.6356892118,1.271378424,70.96565164,5.07287669,-0.3261349267
1792,0.6541463956,0.2393954734,0.6087670442,1.217534088,73.70940215,4.884044498,-0.2805092025
1793,0.6877762316,0.2226254545,0.6507488392,1.301497678,71.08148077,5.064610305,-0.3242231965
1794,0.6473398201,0.1627875028,0.6265373665,1.253074733,74.90033356,4.80638714,-0.260498888
1795,0.666485744,0.2276264479,0.6264099673,1.252819935,72.77521555,4.946739041,-0.2961212473
1796,0.6538907308,0.2705708918,0.5952852092,1.190570418,73.39020123,4.905287,-0.2858522563
1797,0.6762995451,0.2438807674,0.6307957245,1.261591449,71.80114816,5.0138474,-0.3123158818
1798,0.6686523209,0.2922610563,0.6013978727,1.202795745,71.85449494,5.01012498,-0.3114312436
1799,0.6600508691,0.2399988406,0.6148721056,1.229744211,73.19775266,4.918183782,-0.2890693461
1800,0.645192129,0.2309855405,0.6024272266,1.204854453,74.57023258,4.827663634,-0.2660569672
1801,0.6452462226,0.184764392,0.6182271485,1.236454297,74.94042001,4.803816151,-0.2598233394
1802,0.6466247097,0.1641879279,0.625432522,1.250865044,74.95390778,4.802951716,-0.259596011
1803,0.6785039391,0.227058836,0.6393839851,1.27876797,71.7879645,5.014768179,-0.312534462
1804,0.6649743871,0.2055310815,0.63241435,1.2648287,73.09595541,4.925033102,-0.2907697357
1805,0.6149758388,0.2078852013,0.5787737256,1.157547451,77.51092363,4.644506647,-0.216253476
1806,0.7084502198,0.2341648845,0.6686318276,1.337263655,69.35649929,5.190573396,-0.3525522321
1807,0.6964498183,0.1957222206,0.6683824966,1.336764993,70.62534557,5.097320192,-0.331743852
1808,0.6241554907,0.1788886692,0.5979706687,1.195941337,76.862017,4.683717837,-0.2272969339
1809,0.6509949959,0.2127033103,0.6152656227,1.230531245,74.22657103,4.850015231,-0.2718339873
1810,0.6626615335,0.1939441082,0.6336450039,1.267290008,73.38152249,4.905867142,-0.2859974052
1811,0.6714241521,0.1720917981,0.6489952273,1.297990455,72.80702465,4.944577831,-0.2955909276
1812,0.6169053424,0.2100397721,0.580047839,1.160095678,77.31384039,4.656346111,-0.2196105474
1813,0.6803803114,0.2222639418,0.6430521817,1.286104363,71.68006866,5.022316618,-0.3143227113
1814,0.6239308753,0.2338267179,0.57845899,1.15691798,76.4612328,4.708268319,-0.2341032307
1815,0.653234568,0.2758031088,0.5921554239,1.184310848,73.38345536,4.905737925,-0.2859650792
1816,0.7108341989,0.2646626605,0.6597264088,1.319452818,68.84574263,5.229081512,-0.3608801253
1817,0.6696116749,0.23125396,0.6284118086,1.256823617,72.47990694,4.966893794,-0.30104024
1818,0.6995425083,0.3042212801,0.6299278798,1.25985576,69.19423216,5.202745789,-0.3552010675
1819,0.6753317096,0.2820004977,0.61363559,1.22727118,71.4367668,5.039421801,-0.3183510591
1820,0.7062639214,0.2636447797,0.6552100097,1.310420019,69.20628254,5.201839873,-0.3550044557
1821,0.6227214133,0.230749473,0.578391424,1.156782848,76.60096693,4.699679579,-0.2317314868
1822,0.6738661612,0.2318777327,0.6327150388,1.265430078,72.12179735,4.991556135,-0.3069945753
1823,0.6680212847,0.2965438716,0.5985934923,1.197186985,71.84796173,5.010580556,-0.311539597
1824,0.6760551726,0.2176727615,0.6400540331,1.280108066,72.07416355,4.994855053,-0.3077856901
1825,0.638013989,0.161490652,0.6172378953,1.234475791,75.72354661,4.754135485,-0.2466007595
1826,0.6840997029,0.1940425614,0.6560029633,1.312005927,71.61814678,5.026658971,-0.3153484921
1827,0.6990700786,0.198351907,0.6703398361,1.340679672,70.39987133,5.11364571,-0.3354536853
1828,0.6881591257,0.2361209091,0.6463821614,1.292764323,70.92112854,5.076061358,-0.326869415
1829,0.6976631534,0.2219840438,0.6614052917,1.322810583,70.30641202,5.120443352,-0.3369898955
1830,0.6746275207,0.2216766494,0.6371669756,1.274333951,72.15514656,4.9892491,-0.3064405764
1831,0.6629919871,0.2072367973,0.6297708193,1.259541639,73.24842567,4.914781399,-0.2882225794
1832,0.6801977422,0.2406471038,0.6362058943,1.272411789,71.51640602,5.033810003,-0.3170331013
1833,0.6814323998,0.187235766,0.6552044593,1.310408919,71.88449329,5.008034188,-0.3109336688
1834,0.6454582513,0.2406556191,0.5989167114,1.197833423,74.45363481,4.835223974,-0.2680180825
1835,0.6698554696,0.2126515256,0.6352052257,1.270410451,72.62915418,4.956687215,-0.2985552013
1836,0.7023162456,0.2497279195,0.6564176072,1.312835214,69.66684889,5.167450598,-0.3474782522
1837,0.6873223738,0.2305973394,0.6474850674,1.294970135,71.04233021,5.06740135,-0.3248695151
1838,0.6719735685,0.2924985374,0.6049736212,1.209947242,71.57437637,5.029732961,-0.3160733586
1839,0.6829512992,0.2874636225,0.6195055631,1.239011126,70.74328612,5.08882213,-0.3298012706
1840,0.6615880111,0.2167781669,0.6250647349,1.25012947,73.28568071,4.912282952,-0.2875998887
1841,0.7157165012,0.270190129,0.6627574249,1.32551485,68.41151892,5.262271701,-0.3679376201
1842,0.6301267852,0.213035487,0.5930224673,1.186044935,76.07255064,4.732324564,-0.2406930675
1843,0.6771289791,0.2041580669,0.6456184153,1.291236831,72.10204217,4.992923767,-0.3073227003
1844,0.6954956549,0.244289511,0.6511811121,1.302362224,70.2565241,5.124079288,-0.3378095469
1845,0.6655348273,0.2317386388,0.623886055,1.24777211,72.81578951,4.94398265,-0.2954447841
1846,0.6711267922,0.1996995527,0.6407271337,1.281454267,72.63099134,4.956561839,-0.2985245991
1847,0.6692950069,0.2032286295,0.6376942295,1.275388459,72.75438554,4.948155322,-0.2964684749
1848,0.7056754571,0.2091989575,0.6739537424,1.347907485,69.79916471,5.157654844,-0.3453118808
1849,0.5993517208,0.2195404406,0.5576956878,1.115391376,78.9191003,4.561633352,-0.1921948291
1850,0.6237112783,0.2085855554,0.5877991364,1.175598273,76.69391366,4.693983953,-0.2301531135
1851,0.6565610783,0.2240902697,0.6171353179,1.234270636,73.64788852,4.888123845,-0.2815395519
1852,0.6834809617,0.1639225662,0.6635326798,1.32706536,71.87891385,5.008422926,-0.31102622
1853,0.7004169564,0.2193168187,0.6651947428,1.330389486,70.11623953,5.134331254,-0.3401130277
1854,0.714606923,0.1941874339,0.6877167257,1.375433451,69.2419503,5.199160313,-0.3544224152
1855,0.6575992507,0.2500514506,0.6082031294,1.216406259,73.30284423,4.911132764,-0.2873129721
1856,0.6429511812,0.143387063,0.626758623,1.253517246,75.38905745,4.775228822,-0.2522541701
1857,0.6179751352,0.1981185299,0.5853565715,1.170713143,77.30209899,4.657053362,-0.2198104662
1858,0.7354101271,0.2737337697,0.6825671237,1.365134247,66.92212623,5.379386763,-0.3919818748
1859,0.6911086692,0.2208443879,0.6548732313,1.309746463,70.83276264,5.082393889,-0.3283265836
1860,0.6571741891,0.2056966775,0.6241528592,1.248305718,73.75389664,4.881098036,-0.2797637212
1861,0.6664168697,0.245426097,0.6195784657,1.239156931,72.60443585,4.95837473,-0.2989669139
1862,0.7136975782,0.1928244983,0.6871556927,1.374311385,69.32118164,5.193217881,-0.3531289959
1863,0.6612164803,0.2166854487,0.6247036499,1.2494073,73.31791096,4.910123533,-0.2870610856
1864,0.6694449543,0.238570592,0.6254923017,1.250984603,72.42174954,4.970882398,-0.3020080367
1865,0.6703739039,0.265464677,0.6155726409,1.231145282,72.05141281,4.996432214,-0.3081634654
1866,0.6780291733,0.2432878817,0.6328780028,1.265756006,71.66579963,5.023316587,-0.3145591207
1867,0.6725294747,0.2418821424,0.6275260341,1.255052068,72.13220862,4.990835674,-0.3068216339
1868,0.6144152191,0.1879928561,0.5849484998,1.169897,77.70311722,4.633018763,-0.2129772291
1869,0.6899917532,0.2595509311,0.6393136426,1.278627285,70.52422967,5.104628603,-0.3334081981
1870,0.6432194926,0.2684168664,0.5845371686,1.169074337,74.35221754,4.841819275,-0.2697229673
1871,0.6243313921,0.1664356243,0.6017382074,1.203476415,76.92160601,4.680089492,-0.2262840089
1872,0.7011547703,0.2530170882,0.6539115881,1.307823176,69.72090749,5.163443979,-0.3465933885
1873,0.6660496035,0.1697813977,0.6440468549,1.28809371,73.26746053,4.913504541,-0.2879044409
1874,0.6885961692,0.2583316391,0.6383020041,1.276604008,70.64928283,5.095593127,-0.3313496984
1875,0.6679704503,0.1903639354,0.6402703292,1.280540658,72.9644698,4.933908257,-0.2929646712
1876,0.6905479119,0.209202568,0.6580962727,1.316192545,70.98010006,5.071844076,-0.3258965317
1877,0.6293359226,0.2206805974,0.5893757523,1.178751505,76.08095243,4.731801962,-0.2405507369
1878,0.658898219,0.2386256833,0.6141698839,1.228339768,73.30966597,4.910675765,-0.2871989283
1879,0.6805167722,0.2327571866,0.639474135,1.27894827,71.56948381,5.030076799,-0.3161543712
1880,0.670691802,0.1978888944,0.6408334251,1.28166685,72.68124772,4.953134561,-0.2976873409
1881,0.6697599594,0.220916505,0.6322770762,1.264554152,72.56413149,4.961128764,-0.2996381105
1882,0.6243435244,0.196121499,0.5927404104,1.185480821,76.72866296,4.691858115,-0.229562863
1883,0.6843229493,0.2407513607,0.6405752737,1.281150547,71.18170357,5.057479408,-0.3225679752
1884,0.6185459949,0.2079064797,0.582558189,1.165116378,77.17707224,4.664597782,-0.2219387004
1885,0.6423654729,0.2746963137,0.5806680084,1.161336017,74.3535119,4.841734987,-0.2697012136
1886,0.6394383131,0.2446497322,0.5907858028,1.181571606,74.94746085,4.803364863,-0.2597046719
1887,0.6988104818,0.2388050553,0.6567406147,1.313481229,70.05378614,5.138908542,-0.3411378607
1888,0.6581046639,0.2855394291,0.5929325283,1.185865057,72.83894286,4.942411104,-0.2950586972
1889,0.6155131735,0.2042592326,0.5806329586,1.161265917,77.48746876,4.645912504,-0.2166531357
1890,0.7140761043,0.2646237605,0.6632337056,1.326467411,68.60103077,5.24773456,-0.3648600342
1891,0.6820775835,0.204916483,0.6505682631,1.301136526,71.69405029,5.021337176,-0.3140910445
1892,0.6593251861,0.2458642105,0.6117683312,1.223536662,73.19948911,4.918067112,-0.289040333
1893,0.6842464508,0.2107910119,0.6509687817,1.301937563,71.46976057,5.037095369,-0.3178051162
1894,0.7087597946,0.1805728692,0.6853713485,1.370742697,69.78727104,5.158533851,-0.3455066883
1895,0.6478931082,0.2150840674,0.6111500009,1.222300002,74.47575057,4.833788142,-0.2676461918
1896,0.6474163751,0.2266482471,0.6064474708,1.212894942,74.41535779,4.837711068,-0.268661641
1897,0.6254102893,0.20052413,0.5923918495,1.184783699,76.59904955,4.699797218,-0.2317640404
1898,0.7001839768,0.1665693218,0.6800825409,1.360165082,70.54285093,5.10328113,-0.3331017739
1899,0.7307491899,0.2140007393,0.6987117161,1.397423432,67.88050525,5.303437249,-0.3765394905
1900,0.6998431303,0.2613838288,0.6491986608,1.298397322,69.72837779,5.162890797,-0.3464710859
1901,0.6327501014,0.2217502351,0.5926208941,1.185241788,75.76215679,4.751712666,-0.24594764
1902,0.6260051066,0.1944874845,0.5950269001,1.1900538,76.58842924,4.700448927,-0.2319443488
1903,0.6403242736,0.2119044423,0.6042447209,1.208489442,75.16749066,4.789304483,-0.2559942875
1904,0.6794859458,0.2351071177,0.6375153283,1.275030657,71.63010495,5.025819804,-0.315150425
1905,0.644147123,0.2329001676,0.6005689202,1.20113784,74.64423371,4.822877563,-0.2648117337
1906,0.7080193728,0.1634840917,0.6888863361,1.377772672,69.95908039,5.14586524,-0.3426911675
1907,0.723845789,0.1520474158,0.7076964813,1.415392963,68.83833876,5.229643924,-0.3610006363
1908,0.6146753191,0.2232125423,0.572714509,1.145429018,77.41821079,4.650068715,-0.2178330467
1909,0.6527690177,0.2484427497,0.603641939,1.207283878,73.73584514,4.882292992,-0.2800661848
1910,0.6621015019,0.2417140039,0.6164030654,1.232806131,73.00636977,4.931076578,-0.2922653872
1911,0.6735058661,0.2666312774,0.6184803259,1.236960652,71.77791782,5.015470091,-0.3127010209
1912,0.7240675048,0.209114832,0.6932133427,1.386426685,68.41349328,5.262119836,-0.3679055782
1913,0.6727954726,0.2427112064,0.6274910503,1.254982101,72.10168171,4.992948728,-0.307328687
1914,0.709835968,0.2199680393,0.6748934458,1.349786892,69.38576876,5.188383821,-0.3520741379
1915,0.6941537458,0.1906407199,0.6674620129,1.334924026,70.84483204,5.081528033,-0.3281276031
1916,0.6775011144,0.2402312223,0.6334798496,1.266959699,71.74042083,5.018091556,-0.3133225805
1917,0.6391225457,0.1737680896,0.6150465669,1.230093134,75.55102474,4.764991623,-0.2495177213
1918,0.6691129811,0.2564717169,0.6180084465,1.236016893,72.25957725,4.982038557,-0.3047050974
1919,0.7001708684,0.2326261168,0.6603971039,1.320794208,70.00962622,5.142150007,-0.3418622614
1920,0.6804676818,0.242097493,0.6359442348,1.27188847,71.47955982,5.036404826,-0.3176429492
1921,0.6594588683,0.1984983752,0.6288754996,1.257750999,73.61694882,4.890178224,-0.2820576673
1922,0.641425022,0.1855281033,0.6140076398,1.22801528,75.26995615,4.782784771,-0.2542651101
1923,0.6293998948,0.2021890718,0.596040105,1.19208021,76.22332535,4.722963717,-0.238138085
1924,0.6422990872,0.2269902248,0.6008523573,1.201704715,74.86216705,4.808837551,-0.2611419627
1925,0.6382887047,0.2783940908,0.5743772286,1.148754457,74.67395767,4.820957818,-0.2643114376
1926,0.6654623365,0.2158470535,0.6294840513,1.258968103,72.96774739,4.933686634,-0.2929099759
1927,0.6456193117,0.1945571284,0.6156068709,1.231213742,74.83748355,4.81042364,-0.2615577978
1928,0.6378465306,0.1902633812,0.6088087075,1.217617415,75.5529784,4.76486841,-0.2494847019
1929,0.6582205356,0.195600046,0.6284861935,1.256972387,73.74434911,4.881729981,-0.2799236991
1930,0.6744510881,0.2170398556,0.6385749536,1.277149907,72.21136532,4.985364816,-0.3055064324
1931,0.656484748,0.2419769111,0.6102617462,1.220523492,73.48235391,4.899135382,-0.2843106308
1932,0.6757583162,0.2583643388,0.6244174648,1.24883493,71.6881755,5.021748671,-0.3141883884
1933,0.6779441241,0.2202107408,0.641182864,1.282365728,71.89698287,5.007164218,-0.3107264822
1934,0.6712026269,0.2939482521,0.6034131184,1.206826237,71.61845648,5.026637234,-0.3153433626
1935,0.6957125674,0.1773964981,0.6727157341,1.345431468,70.81887257,5.083390725,-0.3285555621
1936,0.675117745,0.2215063638,0.6377451689,1.275490338,72.11644377,4.991926684,-0.3070834994
1937,0.6896973161,0.2312337827,0.6497794438,1.299558888,70.84678519,5.081387942,-0.3280954014
1938,0.6968044911,0.279147513,0.6384458981,1.276891796,69.74989163,5.161298342,-0.3461188316
1939,0.6944867147,0.1705312143,0.6732242582,1.346448516,70.96180654,5.073151567,-0.3261983664
1940,0.6666052129,0.1821283406,0.6412423702,1.28248474,73.13778445,4.922216371,-0.2900711471
1941,0.6869900537,0.2922091697,0.6217468416,1.243493683,70.35411294,5.11697163,-0.3362059373
1942,0.6845978818,0.2330501201,0.6437094852,1.28741897,71.23688522,5.053561774,-0.3216562055
1943,0.654441343,0.2600363946,0.6005618577,1.201123715,73.46501573,4.900291607,-0.2846007382
1944,0.6767201948,0.2429363685,0.6316107527,1.263221505,71.77649396,5.015569584,-0.3127246256
1945,0.6324141272,0.2146910904,0.5948574316,1.189714863,75.85201188,4.746083737,-0.2444272432
1946,0.6322391489,0.2181235447,0.593420981,1.186841962,75.83922997,4.74688364,-0.2446435568
1947,0.6870729791,0.2318115043,0.6467864447,1.293572889,71.05047519,5.06682044,-0.3247350658
1948,0.6304121112,0.2048849102,0.5961892346,1.192378469,76.11109284,4.729928143,-0.2400401009
1949,0.680920248,0.1950175392,0.6523960021,1.304792004,71.8669581,5.009256124,-0.3112245308
1950,0.696128712,0.2642920653,0.6440069005,1.288013801,69.98461614,5.143987634,-0.3422724376
1951,0.7065178666,0.2386319987,0.6649979436,1.329995887,69.45957236,5.182870953,-0.3508682057
1952,0.645663454,0.2194292749,0.6072331424,1.214466285,74.63320717,4.82359011,-0.2649973079
1953,0.6580266103,0.2123369297,0.622825857,1.245651714,73.6261294,4.889568458,-0.2819039381
1954,0.6290836321,0.2155603273,0.5909991213,1.181998243,76.14671614,4.727715367,-0.2394364887
1955,0.656160881,0.2713814306,0.5974104292,1.194820858,73.18433323,4.919085603,-0.2892935524
1956,0.6387205806,0.2485404751,0.5883804997,1.176760999,74.97202917,4.801790801,-0.2592905629
1957,0.6290314359,0.2411179233,0.5809842462,1.161968492,75.9234358,4.741618924,-0.2432182828
1958,0.6421362249,0.2171743932,0.6042964622,1.208592924,74.96301288,4.802368344,-0.2594425417
1959,0.7134593103,0.2629113635,0.6632509347,1.326501869,68.66750359,5.242654548,-0.3637795988
1960,0.662523173,0.2236021039,0.6236497846,1.247299569,73.14562584,4.921688698,-0.2899401706
1961,0.6278953983,0.2117406387,0.5911163449,1.18223269,76.28591129,4.719088937,-0.2370770374
1962,0.7141920301,0.1894291556,0.6886122645,1.377224529,69.30980329,5.194070433,-0.3533147844
1963,0.6560542892,0.2369365059,0.6117747318,1.223549464,73.56965451,4.893321879,-0.2828494975
1964,0.6899316183,0.2552930476,0.6409610735,1.281922147,70.57712999,5.100802485,-0.3325375993
1965,0.649931184,0.2512760468,0.5993921023,1.198784205,73.95252439,4.867987982,-0.276433768
1966,0.6362652188,0.2172955775,0.5980100841,1.196020168,75.4840604,4.7692188,-0.2506493316
1967,0.6195093289,0.198720062,0.5867726523,1.173545305,77.15540765,4.665907562,-0.2223073729
1968,0.7154045968,0.1976247934,0.6875668535,1.375133707,69.15474746,5.205716357,-0.3558451823
1969,0.6944845816,0.241159426,0.6512687351,1.30253747,70.36858299,5.115919416,-0.3359680779
1970,0.6665657902,0.2297805514,0.6257082794,1.251416559,72.74813193,4.948580677,-0.2965727122
1971,0.6725105155,0.2050872014,0.6404760989,1.280952198,72.47322908,4.967351456,-0.3011513821
1972,0.6318759122,0.2343638457,0.5868055524,1.173611105,75.72821368,4.753842492,-0.2465218185
1973,0.6841677889,0.2068396802,0.6521525206,1.304305041,71.50960965,5.034288423,-0.3171455991
1974,0.7007816224,0.2798050346,0.6424982684,1.284996537,69.43160052,5.184958971,-0.3513253271
1975,0.6371448215,0.247454182,0.5871285645,1.174257129,75.12454602,4.79204227,-0.2567187655
1976,0.6750753723,0.1811169077,0.6503256292,1.300651258,72.44553349,4.969250451,-0.3016122858
1977,0.7542911153,0.2292608049,0.7186059907,1.437211981,66.06583738,5.449109771,-0.4056866388
1978,0.7002285558,0.1956344977,0.672344535,1.34468907,70.33128983,5.118632132,-0.3365810612
1979,0.6762596746,0.2229710745,0.6384442399,1.27688848,72.00941342,4.999346376,-0.3088607362
1980,0.6323869795,0.2207366635,0.5926116918,1.185223384,75.80368187,4.749109689,-0.2452450881
1981,0.6866489431,0.2482286736,0.6402103535,1.280420707,70.91645894,5.076395598,-0.326946437
1982,0.6612481403,0.2164720918,0.6248111206,1.249622241,73.31709787,4.910177986,-0.2870746793
1983,0.6415764633,0.220275986,0.6025768401,1.20515368,74.98577277,4.800910716,-0.2590588882
1984,0.6509497002,0.1767913355,0.6264825104,1.252965021,74.50029421,4.832195682,-0.2672334278
1985,0.6681105406,0.2322800584,0.6264324935,1.252864987,72.59503216,4.959017019,-0.2991235287
1986,0.671646185,0.2365234748,0.6286217016,1.257243403,72.25949107,4.982044499,-0.3047065301
1987,0.6931069971,0.2520657616,0.6456470872,1.291294174,70.36120458,5.116455895,-0.3360893672
1988,0.6514251908,0.2145099323,0.6150937068,1.230187414,74.17406079,4.853448715,-0.2727158389
1989,0.6538123209,0.2296981105,0.6121350578,1.224270116,73.8320385,4.875932011,-0.278454088
1990,0.6170106785,0.2147829275,0.5784206699,1.15684134,77.26706237,4.659165095,-0.2204069737
1991,0.6152577261,0.1993840113,0.5820550537,1.164110107,77.54658618,4.642370705,-0.2156457335
1992,0.6500171727,0.2056681566,0.6166221972,1.233244394,74.36911832,4.840718945,-0.2694389136
1993,0.6441105812,0.2379080476,0.5985634483,1.197126897,74.59941292,4.825775243,-0.2655659961
1994,0.6964224283,0.2138696338,0.6627699287,1.325539857,70.47657002,5.108080599,-0.3341923059
1995,0.6840972334,0.2251918184,0.6459703318,1.291940664,71.35252858,5.045371302,-0.3197444568
1996,0.7070264586,0.2513001351,0.6608590283,1.321718057,69.28721033,5.195764099,-0.3536836465
1997,0.6685082107,0.2663069374,0.6131752138,1.226350428,72.19710265,4.986349684,-0.3057434521
1998,0.7075096061,0.3121166723,0.6349433247,1.269886649,68.46415208,5.258226226,-0.3670832839
1999,0.6573621955,0.1977042683,0.6269274905,1.253854981,73.8011982,4.877969583,-0.2789710238
