dim,e_v,e_m
0,-0.006746523423,0.005146239374
1,7.618120103e-06,0.001508418765
2,0.007640490387,-0.0007787789014
3,0.02596636098,-0.01196053969
4,0.008647049636,0.00032459032
5,-0.0005936434893,0.003505742633
6,-0.001249120254,0.0007046307711
7,0.0008629327268,-0.00352577793
8,0.01333070386,-0.008035783067
9,0.009632266208,0.006720911925
10,-0.006537127465,0.003703953426
11,-0.01189427113,0.01393849042
12,-0.001851618206,0.01025475491
13,-0.0009869641731,0.001243966989
14,0.02756842274,-0.02365840311
15,0.004628368691,-0.005159293151
16,0.005822410177,-0.003492721458
17,-0.006592919339,0.003996429483
18,0.01058413911,-0.002968505165
19,-0.02043433588,0.03244689109
20,0.0006361865796,0.01894495748
21,0.002358469607,-0.001706651719
22,0.005549071642,0.0008878683667
23,-4.90048897e-06,-0.002653920551
24,-0.01214529809,0.001311965296
25,-8.359031142e-06,0.0002850664743
26,0.03172192684,0.003037620274
27,0.003607772019,-0.001753833437
28,0.0004086494817,-0.00669217579
29,0.01196940089,-0.004120505216
30,-0.008528446169,-0.0002768021411
31,0.003395872086,-0.003495692746
32,-0.03124133659,0.0589905468
33,-0.001628749946,-0.002071968289
34,0.008585593275,-0.003299443921
35,0.002832413574,-0.002566401617
36,-0.006004862666,-0.006383435437
37,-0.02327773536,-0.003050471624
38,-0.007514897972,0.007992686406
39,-0.0004031104832,0.01082692008
40,0.0108792677,-0.004432568908
41,-0.01540752727,0.006055546549
42,-0.001151964569,-0.0008056217593
43,-0.004997744745,0.002213071097
44,-0.005771252886,0.002719107296
45,-0.00500645525,-0.0009218513392
46,-0.007876091957,-0.01922981102
47,-0.009747483099,0.004276946734
48,-0.00583098415,-0.000507233026
49,-0.02032462263,0.01922436956
50,-0.001673540542,0.0001050559099
51,-0.001539224759,-0.006455268537
52,0.003298578335,-0.002649303352
53,0.01096186311,-0.004230437858
54,-0.001959265874,0.001334968617
55,-0.009311871412,0.0005550191381
56,0.003120943985,-0.004360638709
57,0.003750066425,0.0002001393425
58,-0.001475392538,-0.004243914046
59,-0.01141905678,0.009400279684
60,-0.002134483116,0.007016406725
61,0.008931240349,-0.004040055684
62,-0.004640017729,0.001437163502
63,0.01559254273,-0.005789084602
64,0.00659926684,-0.002517830636
65,-0.004946714677,0.00307072813
66,-0.02153196397,0.00322474366
67,0.01206938276,-0.005741205792
68,-0.01620743381,-0.01022210912
69,-0.01811304774,0.0138131619
70,0.01962732662,-0.01299617501
71,-0.01446332396,0.00262463236
72,-0.00175043876,-0.0004709126384
73,0.003718848632,-0.003996561872
74,0.007828260144,0.000412143035
75,-0.002522906662,0.002012467175
76,-0.007132861979,0.003871099422
77,0.01644343728,-0.005823624599
78,0.003067772204,7.064466754e-05
79,-0.006032306108,0.001916866257
80,0.005147365323,-0.001792925227
81,-0.007905756666,0.003252681706
82,0.004021102945,-0.001537519637
83,0.00242030553,0.003821786983
84,-0.003648481114,0.007207236802
85,0.02955577449,-0.001155017209
86,0.001633600301,0.001725204653
87,-0.001730679902,0.001371742066
88,0.004922173259,0.0006949762274
89,0.03083321777,-0.02559253625
90,0.002557874319,0.003602011583
91,0.002872698887,-0.003245342397
92,-0.002428105318,0.003154221823
93,0.00794765195,0.0002602517052
94,0.002944511372,-0.004288774222
95,0.01041961887,-0.006498925348
96,-0.06455522518,0.04541317812
97,0.03483245759,-0.01979678682
98,0.003700801136,-0.001381985065
99,-0.05779067886,0.01650042806
100,0.03223413356,-0.01026955582
101,-0.0202924429,0.006776442806
102,0.003865751517,0.001058427575
103,0.006405348857,-0.003355329446
104,0.00320943046,0.001350790276
105,0.004875158666,0.001027801813
106,0.001727211917,-0.00229441345
107,0.01432849701,-0.008834760312
108,0.007128897758,-0.003562603931
109,-0.003923744804,0.003503492193
110,-0.007046711066,0.003702204511
111,-0.02056352453,0.006098014038
112,-0.003709734324,-0.0002858296481
113,-0.01724467397,-0.002580405656
114,-0.006355641957,0.001039591366
115,0.003453586644,0.001810912957
116,0.006073058337,0.002573619928
117,0.01141679885,-0.005352202871
118,-0.007874400805,0.001817943315
119,0.006462377353,-0.000829250075
120,-0.01888562454,0.007681227648
121,-0.002825163317,0.005141756616
122,0.00266704769,-0.0002828610313
123,-0.003676946373,-0.0008271332931
124,-0.009531182623,0.005284968665
125,0.005351663248,-0.005388581625
126,-0.002434983535,0.003222661561
127,-0.01818313268,0.004305641703
128,-0.009069452817,0.001003783339
129,-0.002446541796,-0.002617261778
130,-0.07330264753,0.0303219005
131,0.01897686927,-0.005256747621
132,-0.008709925806,0.005391955297
133,0.0018206064,-0.0002540517815
134,-0.02537475719,0.004390150219
135,-0.008145743195,0.001665603903
136,0.01838261564,-0.000505192396
137,0.003800130947,-0.0005694249975
138,0.0007973688853,-0.003547204277
139,-0.002350382185,0.00546544946
140,0.002023510594,-0.001532670411
141,0.005345178899,-0.0005038690619
142,-0.005127972597,0.006099975675
143,0.07546351719,-0.04706680028
144,-0.03049074782,0.0003744172705
145,-0.04831081677,0.01655601939
146,-0.007049549272,0.002908335298
147,0.001712118919,0.0002977354846
148,-0.01253601526,0.006382783093
149,-0.003311904044,-0.002409250199
150,0.003062562683,-0.001281070929
151,-0.006857359441,-0.002688883132
152,-0.003342945602,0.001932480099
153,-4.677889065e-05,0.0006108098019
154,0.004388067722,-0.004416523745
155,0.02049444258,-0.01320170852
156,-0.003117447668,-0.0006853945153
157,-0.0445669332,0.01889473484
158,-0.0007118986674,0.0007081643439
159,-0.004405821519,0.003217341527
160,0.004848042746,0.00817975084
161,0.004093929935,0.007699523353
162,-0.004242324515,0.0008473433468
163,-0.003466668633,-0.003809151208
164,0.01443625757,-0.005276032036
165,0.01448728968,-0.007218781276
166,-0.01212578219,0.007954298798
167,0.01108603158,-9.96973896e-05
168,0.0004881361298,-8.595937146e-05
169,0.0009235383084,0.004215325403
170,0.004426368903,-0.00272567118
171,0.01648599017,-0.001320543107
172,0.01013968088,-0.01028800672
173,0.008182653212,0.01013672321
174,0.01503997373,-0.001822198393
175,0.0003725666269,-0.00130327555
176,0.008154897868,-0.004327517253
177,-0.004422994031,0.005608414549
178,-0.0001707815266,-0.001877034353
179,-0.0115752559,0.003974842404
180,0.0234225652,-0.02642821267
181,8.091643823e-07,0.003143142625
182,-0.0048676698,-0.0004426104073
183,-0.01184471172,0.003307783592
184,-0.0408088877,0.006348218147
185,0.0048221228,-0.00289529767
186,0.007162554203,0.002489890344
187,0.005082593444,0.001372411721
188,-0.01078504768,-0.0001339031753
189,0.002104493053,0.00157010481
190,-0.05542206576,0.02056648432
191,-0.008584317331,0.003918911137
192,0.00184093932,0.004124802763
193,-0.0111631451,0.003901936555
194,0.002481339123,-0.0027970677
195,0.003215841259,0.004174526635
196,0.008298167584,-0.005226493513
197,-0.004661128052,0.002915720754
198,0.01265460795,-0.0001795622985
199,-0.02561547919,0.01411506042
200,0.001080681031,-0.001490838697
201,-0.001547008504,-0.000346696565
202,0.008165728047,-0.002474322141
203,0.005856062264,-0.003537755864
204,0.003290596267,-0.0004443808755
205,-0.01105680027,0.003033290411
206,0.02256090763,-0.006993623758
207,-0.004892518494,-0.007363658643
208,0.00749758218,-0.00307346191
209,0.03523722262,-0.01223676831
210,-0.0006370884174,0.00105446869
211,0.0009455488736,0.002406480128
212,0.03009677799,-0.007415857508
213,0.01174351191,-0.004219855059
214,0.01200894021,-0.00682293894
215,0.007798171069,-0.009278850342
216,-0.007952460547,-0.002793332909
217,-0.02569142278,0.0126774132
218,-0.0006693520006,-0.0005935011259
219,-0.009927326362,-0.0008812237451
220,-0.001421449868,-0.0006459337752
221,0.009131156661,-0.004738179115
222,-0.01016534099,0.006559162703
223,0.00371935243,-0.001469414689
224,-0.009399467733,-0.001075613774
225,0.006135601223,-0.002323340104
226,0.01870791701,-0.01883014595
227,0.001164948469,0.006237070718
228,0.002553974513,-0.007198760881
229,0.00363407592,0.0008202653111
230,-0.001806862571,0.002502876247
231,0.01241106342,-0.00365578798
232,-0.008261710481,-0.000140827249
233,0.008904394656,-1.997937305e-05
234,-0.006170425724,0.0002931915337
235,-0.00171780994,6.624115106e-05
236,0.007357104397,-0.0004315440224
237,-0.005636283451,-0.0001374831419
238,0.0137643452,-0.01652094773
239,0.00679762013,-0.004379990346
240,-0.008748725559,0.00465878257
241,0.002329514326,0.001931972083
242,-0.002319434047,0.0001164216444
243,0.001297900862,0.003780975873
244,-0.02373453357,0.00399436908
245,-0.01073826221,0.001261620039
246,-0.005235970861,0.002063900877
247,-0.001927274279,0.001104421244
248,-0.005822697249,-0.001742481363
249,-0.007084965036,0.005380252977
250,-0.003349976767,0.002433720912
251,-0.002593640041,0.001240866425
252,-0.00186287254,0.005367850322
253,0.003043737632,-0.005587879826
254,-0.009887967224,0.001624029574
255,-0.02493227099,0.003763079271
256,-0.003064423872,-0.003220857659
257,-0.008759995071,0.008547005953
258,-0.01763975753,0.005737531884
259,-0.0145436423,0.004660754527
260,0.01059609391,0.0002819960711
261,0.007389270366,-0.001789206133
262,0.0008657403829,0.00576591006
263,-0.004810079759,-0.001401494765
264,-0.000594354654,0.002766590919
265,0.007641352575,-0.003153769248
266,0.001349367729,-0.0008639440887
267,0.003207160107,0.001495796903
268,0.0131244469,-0.005306422993
269,0.002837279749,0.00153185077
270,0.004440692062,-0.004050844787
271,-0.002717405767,0.008172192977
272,0.0003142850914,-0.003589343615
273,-0.01167305922,0.009192342093
274,0.008829624067,-0.001524143516
275,-0.007263793049,0.002429891762
276,0.001645847695,-0.005858584623
277,0.05217082903,-0.02733214911
278,0.0144791931,-0.00777487552
279,-0.004397307153,-0.001570310376
280,0.003104009284,0.002172778183
281,-0.009393667331,0.01087200043
282,-0.01109794241,0.007992109589
283,-0.005241099361,0.003807400413
284,0.005086201522,-0.01197610339
285,-0.0003949877883,0.002546162271
286,-0.003936538151,0.003547909841
287,-0.009765412991,0.0006638913844
288,-0.006073657695,0.00425292131
289,0.02071665295,-0.007252684301
290,0.004516079222,-0.002614938265
291,0.04935423885,-0.03127356599
292,-0.005475853548,0.0004759099113
293,-0.005834605529,-0.0008158540923
294,0.007672749312,-0.008831057341
295,-0.003034622246,0.0077059634
296,0.008329764805,-0.001979665937
297,0.02417016128,-0.005517270781
298,0.01515777338,-0.0090898346
299,-0.0177939248,0.009382886531
300,0.002872145845,-0.005957491826
301,0.01104615008,-0.003056833476
302,-0.007525927502,0.005531921972
303,8.622782267e-05,-0.005165416649
304,0.005475922196,-0.00143426829
305,0.002985669011,-0.002157099201
306,0.004336676681,-0.00192389134
307,-0.006327093363,0.001743696137
308,0.007226072163,0.00225352832
309,0.003112973949,-0.006275755744
310,0.002560533964,0.0007058771772
311,0.009659323926,-0.005141438254
312,-0.01109723986,0.004771818672
313,-0.004391176637,-0.003747032847
314,0.02715100244,-0.02757450563
315,-0.002037531515,0.002806517055
316,-0.001327631528,-0.001330810632
317,0.005497452778,-0.004528042009
318,0.003953082813,0.001626585678
319,0.0002980183219,0.002950710138
320,-0.007804188015,0.007578889116
321,0.003430102525,-0.005181732082
322,-0.006790717382,0.003318484304
323,-0.01412655688,0.01251789616
324,-0.01295228457,0.009746053076
325,-0.01379556176,0.006400154714
326,-0.006159689536,-0.0003234063695
327,0.01080777781,0.002983084398
328,0.001805717026,0.003607285171
329,0.00755051735,-0.007703656385
330,0.003348312417,-0.003141521493
331,0.008378555223,-0.004908585215
332,0.008227358277,0.002171512113
333,0.009221886163,0.002555125934
334,-0.02165332466,0.01026012044
335,-0.001332073984,-0.001435950636
336,-0.004748393187,0.001526588522
337,5.049296711e-05,0.002115004118
338,0.01040865274,-0.002291773666
339,-0.0356437178,0.01567071467
340,0.006576999954,-0.007740083762
341,-0.0003905307843,-0.005009634145
342,0.003380168976,-0.000824274204
343,-0.0002628394194,0.004693305582
344,0.02065543391,-0.01050889238
345,0.001576650123,0.0005631719508
346,-0.01161642015,0.002226535766
347,-0.002601636955,0.002099304901
348,-0.0149199883,0.001110781673
349,-0.01690003788,0.005491781843
350,-0.006282658786,0.009073597449
351,-0.02952808075,0.00982257898
352,0.002156694376,-0.0002638609444
353,0.001354275408,0.002215332332
354,-0.009123035623,0.003174510155
355,-0.001762706955,0.0009422860527
356,-0.007125005857,0.01058195308
357,-0.003222518548,-0.0006188496703
358,0.01854600676,-0.001565708425
359,0.005927151774,-0.009559105723
360,0.002845355539,-0.003406019069
361,0.003049053504,-0.004473137457
362,0.03162382457,-0.01401892757
363,0.005915374439,-4.948149055e-05
364,-0.05474046177,0.008087500272
365,0.007446688097,-0.009214380286
366,-0.004120713712,0.006749689674
367,-0.004445818969,0.003483481574
368,-0.000251629274,0.005180332616
369,-0.03761213094,0.01690733027
370,-0.009242496725,0.002886900814
371,0.002333301533,0.002855973359
372,0.009271115921,-0.007708752961
373,-0.005458482038,0.007403663604
374,-0.0003203445531,0.0002348515652
375,0.002530329318,-0.0005824768025
376,0.01567920151,-0.01615781038
377,0.01547931075,0.002321220145
378,-0.00154627673,-0.002552754564
379,-0.00979254424,-9.725719757e-05
380,-0.0001547253546,-0.0006163411491
381,-0.006370086228,0.0002863527859
382,-0.01269597011,0.01148236179
383,-0.003907823413,0.0036222469
384,0.00702130681,-0.002623759528
385,-0.002890249809,0.01011025361
386,0.008050200208,-0.003073100339
387,-0.02039887173,0.00826397297
388,-0.007854216488,0.00630767596
389,0.01789250544,-0.005980697928
390,-0.01939420827,0.00939290679
391,0.01271418422,-0.007052060963
392,0.0008534728502,-0.04159789956
393,-0.008683712569,-0.01039790563
394,-0.02563787877,0.007992844562
395,0.0007447112179,-0.0003188022141
396,0.007368413068,0.0003078720204
397,0.004829958116,0.0003159522911
398,-0.01277906992,0.005281964035
399,0.0122905543,-0.001214350717
400,-0.02685261347,0.02109240226
401,0.00384293287,0.000880796779
402,0.004067309141,0.007049899884
403,-0.00684380488,0.00407040795
404,-0.02612432634,-0.008378813215
405,0.003857753895,-0.003767874157
406,0.0031974848,-0.003490884934
407,-0.00146467034,0.004592982178
408,0.001507764066,-0.0005464513584
409,0.002933312582,-0.006429365007
410,-0.006902880787,-0.001078084559
411,-0.01176230659,-0.0004645611334
412,-0.0002643674172,-0.001659642022
413,-0.03066322531,0.00791123188
414,-0.006000123293,0.003698885994
415,-0.003519642194,-0.00151340211
416,0.007994795393,-0.006317122219
417,0.005809851957,-0.003863257901
418,-0.01254021326,0.001711076255
419,-0.001987680066,-5.733608609e-06
420,0.004669628602,0.005364405111
421,-0.008237725862,0.005194121733
422,-0.01881979844,0.01277238536
423,0.009194202945,0.009121080016
424,0.002640688812,0.0003490028674
425,-0.01846441481,0.001611454299
426,-0.001628793973,-0.002612293585
427,-0.007447620943,0.004014832006
428,0.03268185809,-0.002185329121
429,0.009772071506,-0.006625033607
430,0.004135400754,-0.001734352324
431,-0.01201941856,0.0008558979041
432,0.0006794785756,0.001918262975
433,0.006624078708,4.496788006e-05
434,-0.004868606097,0.001793994278
435,0.01129391645,0.004107902381
436,0.009324726185,-0.002537357259
437,-0.006292601702,0.001973731481
438,0.01007366444,-0.002523240743
439,-0.01076962569,-0.002140523839
440,-0.003397774939,-0.0009622035977
441,0.0009979888325,-0.001756646439
442,0.006141609682,0.001251046706
443,-0.004732290435,0.001571675036
444,-0.01696157219,-0.0007018833426
445,-0.006432636638,4.565203048e-05
446,0.001899364298,-0.0009734109992
447,-0.003495217019,0.002017882427
448,0.01067270452,-0.005478455695
449,0.007081851455,-0.001033811349
450,0.007208387587,-0.002142296391
451,0.005393013544,-0.003399085758
452,-0.003728522184,0.0008303599566
453,-0.01053152509,0.006200286033
454,-0.00426706738,0.001579752717
455,0.005419207112,-0.001710591938
456,0.03805108901,0.00377119985
457,0.01663055033,-0.01188456125
458,-0.3019061518,-0.6603747095
459,-0.01536141108,0.005435089315
460,0.02071332381,-0.002240629451
461,-0.004409157856,0.006793823135
462,0.002009109318,0.002328756886
463,0.008039265735,0.002890503305
464,0.02340488242,-0.01960763713
465,-0.005934520984,0.0009460435261
466,0.006657844204,-0.00481048595
467,0.007270134654,3.642190617e-05
468,-0.01661957617,0.003382528992
469,-0.005794730824,-0.0003287845259
470,0.01900820318,-0.007188100128
471,0.03477692431,-0.02811432347
472,-0.00502463852,0.002977703656
473,-0.007517482565,0.0005904657516
474,-0.006993287328,0.003108982429
475,-0.004793932944,0.007778419295
476,-0.03001437085,0.007332678196
477,-0.001015495452,-0.009110720337
478,0.01260374352,-0.002278094782
479,0.001003728992,-0.001169720085
480,0.003296417294,0.000487248556
481,0.02101222897,-0.005268882364
482,-0.03856689702,0.01318588183
483,-0.002707484419,-0.0005259490326
484,0.006955831569,-0.01063541248
485,-0.007298729627,0.004477239429
486,0.0009891170481,-0.003053637481
487,-0.004261824819,0.004604945501
488,0.00706126919,-0.0003900244074
489,-0.001766534156,0.0004446931336
490,0.03071674194,-0.01725321035
491,0.0008796847322,-0.001651531947
492,0.003125588919,-0.005099763717
493,0.0004809164038,0.001875590104
494,-0.003593134388,0.006048250421
495,-0.007337768956,0.01387272436
496,-0.01105643801,0.003147116554
497,0.01249128959,-0.007751280573
498,-0.001980911884,0.0001898818945
499,0.008429722884,-0.003633007847
500,-0.0007076603595,-3.529594841e-05
501,0.0209053242,-0.003394971188
502,-0.02412468644,0.02562342818
503,0.002909966434,0.0005442519941
504,0.0008423444665,0.005455245462
505,0.0051443018,-0.004586009813
506,-0.002833094075,0.002172134553
507,-0.04559746899,0.04129493714
508,0.001162536133,-8.725625131e-05
509,-0.002432211474,0.0004502065458
510,0.0009143864836,0.004023319026
511,0.006224656287,0.0007135194309
512,0.003028519913,-0.0001761370766
513,-0.004624573581,0.004647130066
514,-0.004294711348,0.001497792905
515,-0.0173419877,0.002508894555
516,0.001377668778,-0.001810056679
517,-0.007475364422,0.002121117121
518,-0.01668637464,0.007893652585
519,-0.009481926621,0.001564428646
520,-0.02496823125,0.006137472782
521,0.006099931675,-0.007304650847
522,-0.003572597497,-0.002674849965
523,0.03351869026,-0.009205774261
524,-0.01699209943,0.002419594637
525,0.01218060505,-0.01146974855
526,0.001168753403,-0.005016344024
527,-0.004620634558,0.0001468456819
528,-0.0004029166429,-0.001816737002
529,0.01517246576,0.0004079927971
530,-0.005066890907,-0.0005356096052
531,-0.002542606087,0.003135486637
532,-0.00882782662,0.0009069323653
533,-0.006573810041,0.003461922777
534,0.01835718444,0.001911464962
535,-0.006294643109,0.005306761804
536,0.02599956775,-0.01215517331
537,-0.005060729897,-0.006966761047
538,0.005252542743,-0.002029630835
539,0.005979321506,-0.005789775814
540,0.01278578974,-0.007238408144
541,-0.04113483171,0.002890363686
542,-0.05662187439,0.01740023401
543,-0.003403681098,0.002382336991
544,-0.004109052081,-0.009500452384
545,0.003494214764,-0.003969815346
546,-0.006490922578,0.001280388746
547,-0.001522870622,0.001788503847
548,0.03675945654,-0.0166056893
549,0.005106896822,-0.001761565109
550,0.003000526969,-0.004221249056
551,-0.005433898691,0.001702031793
552,0.00813498876,-0.003349627826
553,0.002136847018,-0.00221154207
554,0.01502490037,-0.009197580881
555,0.006525882623,0.0009585717102
556,0.0003442556692,0.006443918209
557,0.0004021016769,-0.005057584421
558,-0.01240417862,0.007287794858
559,-0.001579565443,-0.008274734294
560,0.005375117568,-0.002414042115
561,0.0003607757009,0.003414234065
562,0.01828105382,-0.01135158702
563,0.03481814282,-0.01558248119
564,0.003766995317,0.0143094008
565,0.009293607993,-0.0006489713699
566,-0.001443538737,0.007366496113
567,-0.001462224419,0.001894433271
568,0.007142501218,-0.009099663619
569,-0.01899621681,0.005244906414
570,-0.007788541265,0.003690661125
571,-0.001204285189,0.00894851241
572,-0.02766479817,0.01400178325
573,0.02805402055,-0.0170969309
574,0.003547520142,0.0002105700898
575,-0.01582617328,0.005870996211
576,-0.01422082911,0.003209800178
577,0.002346963933,-0.002658373828
578,0.002589774631,0.006178348732
579,-0.01629130158,0.007149147795
580,-0.01244465921,0.005690955117
581,0.0006596031077,0.002632971261
582,-0.002531790783,-0.0001601055796
583,0.002426997813,-0.007877990371
584,-0.009601174304,0.006341353387
585,0.008734767036,-0.002815076188
586,0.02432092469,-0.009744025583
587,0.01184285564,-0.01096832684
588,0.007011497337,-0.004480335243
589,0.007325718871,-0.006401044017
590,-0.001140844427,0.000347383214
591,0.0002160214165,0.0005895771928
592,0.01463679751,-0.007013007499
593,-0.008480090148,0.006056659287
594,-0.005074536019,0.006738500057
595,-0.007742428853,0.007011012578
596,-0.00788438761,0.008381839622
597,-0.005954776552,0.006347026115
598,-0.009300455095,0.0001175178485
599,-0.03193645304,0.01608311575
600,-2.426726052e-05,0.0004031527643
601,0.008684885252,-0.005871861149
602,-0.01385200256,0.003000737648
603,-0.009844072407,0.003254326527
604,0.009169054439,0.001301304682
605,0.004233051797,0.0009667299563
606,0.0001724264039,-0.0008980815247
607,-0.007028768676,0.005638171369
608,0.164889303,-0.08160706774
609,0.002801309624,-0.0005798871841
610,-0.007785243111,0.003907960514
611,-0.01064507509,0.006270662829
612,-0.002820243282,0.004177303816
613,0.033560014,-0.02214438842
614,-0.001554568874,0.003229319436
615,-0.01049675934,0.0001495456056
616,-0.005745713951,0.001794180598
617,-0.00334067057,0.004386266029
618,-0.01283893041,0.007289629802
619,-0.0009078985289,-0.0008755639032
620,-0.003545133482,-0.004990435161
621,0.005442993786,-0.007065498409
622,-0.002158779788,-0.005873761487
623,0.01382619562,-0.002476812221
624,0.009708284331,-0.01083326452
625,0.009529168672,0.0008640531317
626,-0.002778391003,-0.0006786299018
627,0.004626960301,-0.003583055791
628,-0.01673802255,0.006498938057
629,-0.002061307368,0.001115764076
630,0.006840246685,0.002312765961
631,0.01480605153,-0.006824420331
632,0.01213387692,-0.009132241122
633,-0.01650751272,0.003930189484
634,-0.01262357945,0.001572416635
635,0.002989227984,-0.006698104171
636,0.004451022369,-0.004868784498
637,-0.003865274664,-0.003618761849
638,0.0007859157838,-0.0002300648514
639,0.001918902264,-0.005533583985
640,0.004462600306,0.0001603146723
641,-0.01278838878,0.02844705961
642,0.006087679754,-0.004857962304
643,-0.002981772164,-0.0002093979433
644,-0.001698663946,0.001409386859
645,-0.0007943727129,-0.001879512236
646,-0.003621467412,0.006750667785
647,0.01882354338,-0.009490375827
648,-0.000604840156,-0.000824374944
649,0.02431331351,-0.004791252657
650,-0.02346217513,0.00991476451
651,0.001124583913,-0.00372665664
652,0.006337917356,-0.004313637801
653,0.02226850584,-0.01213169724
654,0.01977074315,-0.01557474041
655,0.004214789013,0.001284330596
656,-0.004091223174,0.003200745705
657,-0.005731155249,-0.000326644591
658,0.007730972302,-0.004541445223
659,0.02856786084,-0.01902922849
660,0.01614055883,-0.005800837438
661,0.0210352092,-0.005760141841
662,0.0655055492,-0.06527766301
663,0.002514515544,-0.007882896958
664,0.01119189343,-0.01122821994
665,-0.003170291575,0.003817896666
666,-0.01220992692,0.00572318544
667,0.01865419295,-0.007249016323
668,-0.008483895389,0.003231763863
669,-0.00105643711,0.008667960469
670,0.003070971732,-0.0008542383626
671,0.008674503965,-0.003188345709
672,-0.006143529054,0.000474079385
673,-0.009470886132,0.0001935221948
674,0.004365034184,0.003253954753
675,-0.00818422347,0.003877843962
676,0.004858944733,-0.002109280906
677,0.01407298814,-0.009254998437
678,0.01063037012,-0.001275741186
679,-0.004728825563,0.002277895748
680,-0.004305297632,-0.003293399653
681,-0.01021107906,0.003058295359
682,-0.02063344295,0.004868781648
683,-0.004265899248,0.003849816331
684,0.007748445429,0.0009213489018
685,-0.002563456512,0.004509783069
686,-0.03332490439,0.02056524181
687,0.0002263486057,-0.004388081745
688,-0.01751919014,0.009235685367
689,-0.01481536984,-0.0219349732
690,-0.000423475639,-0.00192075864
691,0.003385430451,-0.002229333645
692,-0.0007612250959,0.0002395909914
693,0.004883620784,-0.003567544566
694,0.02059285932,-0.009363366905
695,-0.02499623128,-0.008190851913
696,0.000786552375,-0.007507327724
697,0.005920734695,-0.002134189725
698,0.02521072415,0.006508369586
699,0.005945339585,-0.005904812007
700,-0.01486191223,0.001570578719
701,-0.002361608894,0.001275232751
702,-0.01137857073,0.00531933777
703,0.0118289644,-0.003204752604
704,-0.008110354488,-0.001490952721
705,-0.01253964529,0.007819868215
706,-0.008981500733,0.00822957691
707,-0.001091753644,-0.003100044224
708,0.007938654943,0.001008361039
709,0.001630311986,0.002272297982
710,-0.001389709141,0.002901600302
711,-0.0268279749,0.01042320666
712,-0.01087946853,0.00791106356
713,0.002534635144,0.0002250443952
714,0.008128493696,0.001039554705
715,0.002329326456,-0.0009203657679
716,-0.003213542645,-0.005909976986
717,-0.004480076279,0.006781852525
718,-0.01173535187,0.004162106117
719,0.00159762158,0.0006600580199
720,-0.00249668379,0.004034367995
721,-0.004622337522,-0.002689595396
722,3.213941125e-05,9.705422627e-05
723,-0.01888333091,0.01191885229
724,-0.003885347843,-4.588313351e-05
725,0.003730905096,-0.003757378813
726,0.00237166326,-0.005452357885
727,0.04094516982,-0.001231632808
728,-0.004337609168,0.001120315023
729,0.002232426135,0.0007607163024
730,-0.009020535415,0.001854312088
731,0.0008641886281,0.002193841603
732,0.02256474583,-0.01366436291
733,-0.001005900186,0.001534107312
734,0.008145418969,-0.002932396234
735,-0.004639275993,0.002735979013
736,-0.02057105873,-0.003569236478
737,-0.0001181688687,0.003297805624
738,-0.02117473019,0.008410810034
739,-0.01078242603,0.003663312731
740,0.002946351349,-0.001723288399
741,0.0007664025511,-0.003491562655
742,-0.004689137292,0.009381566224
743,-0.0379736728,0.0154557258
744,0.001877123556,0.005385578316
745,-0.01131038402,0.009383381644
746,0.0005167262511,-0.001975332799
747,-0.007030507595,-0.003283086554
748,-0.005044712755,0.001945433636
749,-0.004257772583,0.005949258804
750,0.09255112303,-0.009939648637
751,-0.005750140659,0.005453063624
752,0.00935907193,-0.005295117395
753,-0.01099452142,-0.0003107764661
754,0.001794124223,-0.0002756072944
755,0.008569107579,-0.008901011592
756,-0.01226689914,0.009670839709
757,0.01296271469,-0.005342478186
758,0.006100473136,-0.00289004402
759,0.008224980778,-0.00340525206
760,-0.005999968004,0.002630644841
761,0.01635471743,-0.008414582265
762,0.001018314104,0.0008425731625
763,0.009540190911,-0.005402298592
764,0.009820798673,-0.003584130559
765,-0.00937305607,-0.001033415525
766,0.001643835611,-0.0008060645127
767,0.003938897979,-0.01272183938
768,0.02630666083,-0.02201743705
769,-0.00609362436,0.0008194685064
770,-0.01382339582,-0.0001620566183
771,0.01026173461,-0.006435769281
772,0.05023559832,-0.006393559602
773,0.003405771597,-0.005926799894
774,0.001265411288,-0.0009229210399
775,-0.02268411901,0.0174605227
776,0.01227911357,-0.003882604538
777,-0.001288501399,0.0007767827251
778,0.003327678819,0.0002940978493
779,0.009470140139,-0.000835168448
780,-0.004863142628,0.004291978969
781,0.01742515589,-0.0006147927587
782,-0.001455234128,0.002002721924
783,0.0124255629,-0.005926757486
784,0.03526302227,-0.02278683428
785,0.004932049868,-0.001465586392
786,-0.00756314122,-0.001125153553
787,-0.001882474666,-0.007272656177
788,0.01185709907,-0.001708297114
789,0.006241898991,-0.01231552151
790,-0.001631396079,-0.002248810803
791,-0.03443853153,0.02609887092
792,-0.003938888612,-0.0008203950623
793,-0.01443688497,0.007371510029
794,-0.003726854159,0.002631745602
795,-0.04777826249,0.008100451445
796,-0.01073712506,0.0177534533
797,0.004531663173,-0.004791415882
798,-0.004371501946,0.002257787303
799,0.003072337587,0.001647708066
800,0.006003269173,0.001084385547
801,-0.0007226872346,0.002852139943
802,-0.004648364764,-0.002449422122
803,0.001622922991,0.001019852856
804,0.003390897679,-0.002265438208
805,-0.004459217337,0.0008689607293
806,-0.003478355551,0.004406633043
807,-0.00908370418,-0.009766859841
808,0.01857976601,-0.01173148664
809,-0.02037785565,0.009295707396
810,-0.009915060739,-0.002659007673
811,-0.008570777894,0.01130537494
812,0.01060603931,-0.007695251695
813,-0.004818909534,0.003008010734
814,-0.002293045412,0.006765777954
815,0.007662994595,-0.001152763326
816,-0.01339320544,0.004855382482
817,-0.01638632654,0.01672278165
818,0.005465531328,-6.173322958e-05
819,-0.005060587838,-0.0008390604668
820,-0.009680834861,0.0009889535461
821,-0.004074686107,-0.001936554542
822,-0.01504155495,0.004483756705
823,0.00741884645,-0.002360288838
824,-0.05076633923,0.04926563638
825,0.008061556571,-0.006514626351
826,0.01416477988,-0.002075688743
827,-0.002762072828,-0.002999549787
828,0.02380952606,-0.01302832953
829,0.002157190999,0.002063246495
830,-0.01675936116,0.007712106891
831,0.005759365261,-0.005977260841
832,0.002361571964,-0.001535971839
833,-0.007732936179,0.003842762468
834,-0.01465849206,0.01062545282
835,0.03855342423,-0.03270809786
836,-0.0007914388962,-2.307470803e-05
837,0.002680247397,-0.0007558542454
838,-0.008592136014,0.009010918348
839,0.0009850842983,-0.0006837500063
840,0.0003499469155,-0.0008708199444
841,0.0004575535803,-0.0007432138693
842,0.02581079497,-0.006161868834
843,-0.002803250699,0.001238151177
844,0.008915989502,-0.008479377163
845,0.01082121607,-0.005787689743
846,-0.01074768243,-0.002283542751
847,-0.002030437549,-0.00146469239
848,-0.008004629794,0.007267084003
849,-0.01006155044,0.002274657035
850,0.006755684863,-0.005425981833
851,0.002683463694,-0.0001921175065
852,0.005423667076,-0.002149234245
853,0.01944501165,-0.01496352076
854,0.001066947733,0.002946910396
855,0.006158304364,-0.001229808883
856,0.006596508237,0.003269127156
857,0.006642969241,-0.005898499005
858,-0.002348612811,0.003425227517
859,-0.009437318397,0.0004576753608
860,0.007433915474,-0.003054539152
861,0.00670583788,-0.00728287299
862,-0.001318011834,0.006157034079
863,-0.01168988165,0.004819218426
864,0.005535065361,-0.006135123764
865,0.007316510226,-0.006084997576
866,0.002126469694,-0.002217756198
867,0.0007629971577,0.01013105032
868,-0.003735462927,0.004185410702
869,-0.01034087377,0.004897119944
870,0.007925056702,-0.003066559357
871,-0.01434371737,0.004421882803
872,0.004848429048,-0.004436801336
873,0.002123797334,-0.003340084341
874,-0.02062069021,0.0101826979
875,0.008135710949,-0.0003438418352
876,0.01181452994,-0.006375084996
877,-0.01355444917,-0.01684794806
878,-0.000929558374,-0.001771983652
879,0.005929686549,0.000972506099
880,-0.003653634017,-0.002466319111
881,-0.002068527407,-7.024315289e-05
882,0.02335079702,-0.01914456575
883,0.001755243993,-0.003630329283
884,0.003099848072,-0.002888524038
885,0.008981464037,0.001913936022
886,0.004991848153,0.003967584436
887,0.009780628479,-0.007399150005
888,0.03384175282,-0.03231865332
889,-0.003588748525,0.004683787192
890,0.007379760758,-0.0004365673433
891,0.01285849306,-0.009588325317
892,-0.002577544797,0.005345117836
893,0.001716099101,-0.003183989543
894,-0.004188666218,0.00303070829
895,-0.004628403047,-0.001847502674
896,0.007047806469,0.0002170390267
897,-0.0001331788838,-0.0008607402203
898,0.005940954865,0.001294784636
899,0.02271374711,-0.02149943979
900,0.001779153674,-0.002655932097
901,0.01178808151,-0.003356322952
902,-0.01649553097,0.004447504055
903,-0.01576081058,0.004467930486
904,0.00407333505,-0.0001240294137
905,0.01303865464,-0.005447470231
906,0.003507444353,-0.002547384215
907,-0.004073205797,0.003139068564
908,-0.001922286533,0.001438486607
909,0.002057262988,-0.00159170382
910,0.009922842303,-0.002583984809
911,0.00350530813,-0.0009064479793
912,0.007863569822,-0.0006505874228
913,-0.005390754491,0.01001834506
914,-0.0004445583202,0.000916888885
915,-0.005431617311,0.001031959134
916,0.01115725463,-0.003694277107
917,0.01024482968,-0.003538322892
918,-0.002042268082,0.00473357607
919,-0.002834186928,0.0005035475357
920,-0.002286300018,0.003727956722
921,0.01121119395,-0.00628746198
922,0.002504230133,0.002210094437
923,0.002769221749,-0.00325234752
924,0.000950792184,-0.001193009655
925,0.00209640801,0.00483236358
926,-0.002148028015,-0.001381825709
927,-6.310935499e-05,-0.004060883406
928,0.01832728677,-0.004231629098
929,0.01398869635,-0.007951180972
930,0.002105966543,-0.003385309364
931,-0.009967090467,0.001800260058
932,-0.006641788986,0.004204216775
933,0.004929968406,-0.009512062585
934,0.00224296986,-0.004286085211
935,-0.006443921171,0.001283654771
936,-0.02236618924,0.03174627948
937,-0.01299869277,0.00184485292
938,0.01251733729,-0.009267365673
939,-0.005815414581,0.003349485706
940,-0.006693178238,0.006937080685
941,0.01471539304,-0.0007897174158
942,0.004950815479,-0.003027193427
943,-0.02271766225,-0.001498425743
944,1.098308503e-05,0.005174970478
945,-0.01048892037,0.01349390982
946,-0.0005992027932,-0.0003165908279
947,-0.01441752515,0.0008071405134
948,-0.02104540664,0.01323042397
949,0.002687864131,-0.004037776303
950,0.0028985681,0.0009835810896
951,-0.005231972806,-0.0005835587239
952,-0.01224449691,0.004159576167
953,0.02142777443,-0.01401989177
954,0.01795731025,-0.007626097252
955,0.001017140349,-0.005974194033
956,-0.003757612892,-0.000906777751
957,-0.02610704726,0.007290283228
958,-0.001799264896,-0.006221669304
959,-0.02988093062,0.01614809433
960,-0.01180922813,0.004053526505
961,0.003179198632,-0.003518422684
962,-0.004230935076,-0.0003893889106
963,-0.04622037831,0.01724801282
964,0.004988691749,-0.001411847918
965,-0.01414194697,0.01081713849
966,0.01153545624,-0.003530992721
967,-0.007001236702,-0.006780625469
968,0.02079580924,-0.01908885964
969,-0.005060990557,0.001960708849
970,0.006191506013,0.00185977855
971,-0.00461692556,0.009544970242
972,0.007598706693,0.004943655528
973,0.008229263747,-0.004632522116
974,0.0008195262861,-0.001412517221
975,0.0002312895543,-0.001306896142
976,-0.006045741835,0.002006817856
977,0.009828540112,-0.0006052294444
978,0.004086984769,-0.002985310545
979,0.001904450599,-0.004591736176
980,0.0104300462,-0.01054016551
981,0.008430301083,0.001329165507
982,-0.002772778277,-0.005472420687
983,-0.0009774035981,0.003490612161
984,0.00197148414,-0.002711840048
985,-0.008089171384,0.01038369825
986,-0.01918300645,0.01151420503
987,-0.01255473121,-0.001613000597
988,-0.009739601748,0.004071278378
989,-0.00147094882,0.001818197865
990,0.008502378507,-2.854388257e-05
991,-0.01072431339,0.002220813839
992,-0.009839804914,-0.00572046156
993,-0.004615219254,0.0005439296376
994,0.002894802361,-0.004558104046
995,-0.006768066838,0.002485758304
996,-0.002505267802,0.00400313112
997,-0.009813175864,-0.002734692115
998,-0.03759159937,0.01592312964
999,-0.002773894748,0.005483528165
1000,0.007344277488,0.003544390514
1001,0.01414066011,-0.009065770551
1002,-0.006600244503,0.00348875051
1003,-0.07165909193,8.266318985e-05
1004,0.02723000251,-0.01286009187
1005,0.007725396957,-0.0003623954009
1006,-0.01555221053,0.007641749582
1007,-0.006108193404,0.006502922989
1008,0.005132174997,-0.0004385315676
1009,0.05681485664,-0.00185166699
1010,-5.363127012e-05,0.004219399593
1011,0.008164205554,-0.005058955899
1012,0.001720309028,-0.003638784375
1013,0.05159264737,-0.01476259338
1014,0.008845354318,-0.005032905653
1015,-0.006421476013,0.001972611949
1016,-0.008557681234,0.004412659876
1017,0.01828364311,-0.01670581979
1018,-0.03442524744,0.01493439112
1019,0.01432262673,-0.001726909814
1020,0.007066934419,0.0006160810169
1021,-0.01637227847,0.01182314114
1022,0.005609726332,-0.00217248706
1023,0.009727102808,-0.01436655182
1024,-0.007615166301,-0.0007397098646
1025,-0.00375805165,0.002132048997
1026,0.03201927342,-0.01018189547
1027,-0.008289599188,0.002409473164
1028,0.02871435532,-0.01401251612
1029,-0.008665855767,0.00256758866
1030,-0.003055000013,-0.0007157247529
1031,0.009661015246,-0.008096410899
1032,0.0004443111312,-0.0007178246617
1033,0.004878940213,0.005293703588
1034,0.008795336421,-0.006480164467
1035,-0.003514924167,0.0004946315484
1036,0.00111664569,0.002633133786
1037,-0.005112046283,0.002559863148
1038,0.006551314934,0.01578638414
1039,-0.01772736602,0.004721206357
1040,-0.01215871385,0.007225875436
1041,-0.02771715973,-0.02604266921
1042,0.004379417254,-0.0007847754148
1043,0.04588258495,-0.04469778773
1044,-0.008261950182,0.006034629276
1045,-0.01730498197,0.0002008391709
1046,0.003747287663,-0.002208658199
1047,-0.007177897488,-0.003032523898
1048,-0.009390883105,0.003245061197
1049,-0.003162686295,-0.004244690737
1050,0.0124841589,-0.00121394738
1051,0.01913254804,-0.01792202526
1052,-0.00481395952,0.001168033534
1053,0.006515547979,-0.01054690577
1054,0.003908445111,-0.006456858097
1055,0.000853638482,0.005766022174
1056,-0.01138296929,0.001681844724
1057,-0.009876528825,0.003850467527
1058,0.007606148552,-0.00165855081
1059,-0.00541115873,-0.003436632112
1060,0.004025852884,-0.00066182793
1061,-0.0176804324,-0.01348205487
1062,0.008352216098,-0.004962971034
1063,-0.01207982282,0.006765942204
1064,-0.01852727066,0.002776462672
1065,0.01381630664,-0.01183462083
1066,0.01397286937,0.001596808402
1067,0.005741702029,-0.001992971965
1068,0.0008834523101,0.002793809229
1069,0.02762308956,0.005053515252
1070,0.0017777235,-0.002364558996
1071,-0.003399054899,0.007905595694
1072,-0.006300184337,0.005972230232
1073,-0.0007232036744,-0.001472954124
1074,-0.001718297094,-0.001761737779
1075,0.008305121795,-0.001810281641
1076,0.005232005912,-0.004401132575
1077,0.0006988213819,-0.00101157256
1078,0.0001334676095,-0.003690282952
1079,-0.008187482816,0.001609863051
1080,-0.002858815177,0.001871040711
1081,0.003580944201,-0.0102081212
1082,-0.01597285432,-0.004287423975
1083,0.008399133122,-0.007428066789
1084,-0.004316969632,0.001376722603
1085,-0.017762308,0.00625303587
1086,0.01390287163,-0.007437428581
1087,-0.00817094252,0.009415198749
1088,-0.03755138189,0.01503402064
1089,0.00735845463,-0.01461620309
1090,-0.008956622562,0.003460831209
1091,-0.02130645369,0.006742778718
1092,0.03704560243,-0.02608324332
1093,-0.005894190775,0.007696760793
1094,0.002409543145,-0.0009021501156
1095,0.005106317402,-0.002467796464
1096,-0.004450408736,0.003721529324
1097,0.001668156723,8.90166764e-05
1098,0.006194842969,-0.005494538779
1099,-0.02899096891,0.03108694414
1100,0.0007063359322,-0.001971883337
1101,0.01059987097,-0.007079050657
1102,-0.01434449544,-0.0003169420397
1103,0.02214050162,-0.009541188131
1104,-0.007637259918,-0.0007251830959
1105,0.009093789916,-0.005729073177
1106,0.01403755737,-0.007027708557
1107,0.01870947384,-0.006517031468
1108,-0.00362478412,-0.0004503540288
1109,0.01156228138,-0.007363091738
1110,0.09225756517,-0.001764952802
1111,0.07392748148,-0.01708078503
1112,-0.009169097259,0.001673263352
1113,0.001217767662,-0.004512975895
1114,0.003497372286,-0.006479708546
1115,-0.0002117750798,-8.682538596e-05
1116,-0.1399081432,0.01502262933
1117,5.812502853e-05,-0.00797480204
1118,0.001800787191,-0.005302831383
1119,-0.00378074445,0.006037264648
1120,-0.001391526044,-0.001305011669
1121,0.00593625624,-0.02907800259
1122,-0.0343426867,0.01300216405
1123,-0.01369027899,-0.003209145673
1124,-0.01923065516,-0.002816932424
1125,-0.005890249824,0.002354520485
1126,0.09751071534,-0.01862084044
1127,0.002832982664,-0.001092980238
1128,-0.002106046743,-0.0002913328737
1129,-0.005509637742,-0.001293619747
1130,-0.01701711882,-0.003553199963
1131,0.003722120183,-0.01004076081
1132,-0.001431183181,-0.002256250915
1133,-0.02395010516,0.009340752464
1134,-0.01073062025,0.008588650462
1135,-0.003606072581,0.0007817155941
1136,-0.01980272786,0.01439043416
1137,0.009173239004,0.002332766363
1138,0.001051590476,0.002920890091
1139,-0.01664266682,0.003534848787
1140,0.005369659169,-0.01062898201
1141,0.0002825414343,-0.005118006547
1142,-0.01961568085,0.008026420269
1143,0.01371280221,-0.004814013423
1144,-0.01917493374,0.003250769676
1145,0.002433964083,-0.0008293289134
1146,0.01675330904,-0.004012668505
1147,-0.01686807302,0.003847456332
1148,0.001490207968,0.0007824351308
1149,-0.01842773951,0.008119296775
1150,0.01301173101,-0.008976325903
1151,0.0005274203738,-0.0008239075996
1152,-0.02136807477,0.008356516274
1153,0.002726520757,-0.003501784856
1154,-0.01115662547,0.005666339544
1155,0.01078935584,-0.005976654121
1156,0.003069171339,-0.003737169945
1157,0.008182125927,-0.00526762651
1158,0.01303043878,-0.01180618685
1159,0.00259765677,-0.001992321233
1160,-0.01216188953,-0.003666446394
1161,0.006639248827,-0.003690313298
1162,-0.01288058069,0.003161044423
1163,0.005331048559,-0.00527667313
1164,0.0043457311,-0.002739364428
1165,0.006262257317,-0.001180190158
1166,-0.001143439399,0.003366886275
1167,-0.0126021145,-0.00131037973
1168,-0.002167508461,-0.002914221031
1169,0.02767402484,-0.0153613798
1170,-0.000507943615,-0.002584102151
1171,-0.001615648199,0.0005722950238
1172,0.002607353071,-0.000779048097
1173,-0.009405284123,-0.0008785163593
1174,0.001496278086,-0.002407162724
1175,0.04201813858,-0.01860641011
1176,0.003757174717,0.0010550541
1177,0.001774968108,-0.008427672677
1178,-0.008682218143,0.003994781836
1179,-0.005830402197,-0.002109344008
1180,0.007197910151,-5.888616096e-05
1181,-0.00418607105,0.003832839549
1182,-0.01429034385,0.006777700697
1183,-0.006851304835,0.0005003395637
1184,0.000339526651,0.001735428769
1185,0.004177442867,-0.004035615135
1186,-0.000468583347,0.005010351054
1187,0.003347695552,-0.005970833348
1188,-0.007857091866,0.004330667228
1189,-0.01122660837,0.002910213352
1190,-0.01148722007,0.01261864853
1191,0.02384589376,-0.01992479129
1192,-0.001114483706,0.001192596914
1193,-0.01026216657,0.003073393927
1194,-0.01605035865,0.007249336972
1195,0.002720310315,-0.004611969302
1196,-0.001342856528,0.002587134968
1197,0.00687433346,-0.003069343137
1198,0.0009074799275,-5.998738341e-05
1199,-0.003265911062,0.002787178583
1200,-0.00561554538,0.00182081666
1201,0.01131357116,-0.002563878124
1202,-0.004386834109,0.002967017646
1203,0.0005409689736,0.005038648998
1204,-0.004511164528,-0.0008721857428
1205,0.009020363663,0.0006649729909
1206,0.008983193413,-0.005280656631
1207,0.04289170235,-0.0200354739
1208,-0.03317540902,0.01434839284
1209,-0.01570714271,0.004707485056
1210,-0.01281092317,-0.004694843741
1211,0.008145495952,-2.987966033e-05
1212,-0.004778613574,0.00591431559
1213,0.005664497934,0.004187628796
1214,0.009385716001,-0.004084443049
1215,0.00433739133,-0.006437657874
1216,0.00276175744,-0.003824285385
1217,-0.005335015809,0.006117743237
1218,0.006553304896,-0.003418176079
1219,0.001901121411,-6.322709218e-06
1220,0.01984165891,-0.001798895326
1221,0.007428656041,-0.00975633721
1222,0.0102936391,-0.005925707521
1223,0.004975207633,-0.005513266429
1224,-0.03356277305,0.01731995837
1225,-0.005945744093,0.0005003514933
1226,-0.01327083121,0.006499160272
1227,-0.004704787191,0.001080851294
1228,-0.001697334187,0.002562840129
1229,0.001898317796,-0.003924647679
1230,-0.02133346191,0.01396704859
1231,-0.004812915429,0.001510083884
1232,-0.004282305985,0.003436521861
1233,0.003051310527,0.005990645864
1234,-0.05832053505,0.04435826021
1235,-0.001925251847,0.00734391967
1236,-0.002442082387,0.0004556099893
1237,-0.002886382156,0.006264309072
1238,-0.02469131518,0.01216965121
1239,-0.002171596085,0.0002419972832
1240,-0.007176273328,-0.002069802069
1241,0.003151882551,-0.001560817364
1242,-0.004977955778,0.0006204201266
1243,0.0006656736104,-0.00739303144
1244,-0.004573705001,0.004920003005
1245,-0.003720286791,-0.002663267391
1246,-0.0008583498995,2.641471161e-05
1247,0.00346465896,-0.004919241893
1248,-0.01167914693,0.003227765157
1249,0.003706451289,-0.004477462574
1250,0.007381528486,-0.002059138548
1251,0.001225766495,-0.005132819129
1252,-0.004428483128,0.004221313175
1253,0.00527937857,-0.001960269695
1254,-0.002573875415,-0.000130843676
1255,0.002694613396,0.001752459971
1256,-0.007950805668,-0.001615045461
1257,-0.006691373132,0.002137796253
1258,-0.01181468072,0.002097274536
1259,-0.01721881534,0.007641970107
1260,-0.005435039214,0.007591980835
1261,-0.000594271818,0.004799569909
1262,-0.00172109512,-0.003601393726
1263,0.0002678574838,0.0001163278233
1264,0.004195212114,-0.00322164939
1265,-0.00962329746,-0.00301776509
1266,-0.01021565725,0.007377049093
1267,-0.00397892156,0.002242484176
1268,0.00981712738,-0.01070743516
1269,-0.0004748936478,-0.001387060426
1270,-0.006433155673,-0.001132923744
1271,0.003082924114,-0.001014874583
1272,-0.001030232341,0.006212565272
1273,0.02550210545,-0.01573110216
1274,0.002787596224,0.002610732814
1275,0.01922943475,-0.006683110727
1276,-0.01064186005,0.003702100932
1277,-0.01583059837,0.02196894055
1278,-0.01373251046,0.007999239219
1279,0.01010397023,-0.01379504575
1280,0.009981564153,-0.004590359003
1281,0.01161661208,-0.007032299405
1282,-0.005210718909,-0.0005982508483
1283,-0.02252722633,0.006465345385
1284,-0.0008202704394,0.0001004091407
1285,-0.006628091897,0.006038585164
1286,0.008127307535,0.004688221873
1287,0.01439852313,-0.0022348098
1288,-0.06246012386,0.05324828951
1289,0.001835601957,0.001357085027
1290,0.08963444673,0.005854888247
1291,-0.01069156452,0.006078128167
1292,0.003532946043,-0.0002377966072
1293,0.001645710559,-0.001949973757
1294,0.001879236019,-0.003123940597
1295,-0.003877693646,-0.002736369287
1296,-0.001807241992,0.002396748726
1297,0.005303308451,-0.0009511142495
1298,0.0346210381,-0.02923043492
1299,-0.007783797583,0.02123034879
1300,0.0167126611,-0.02580016717
1301,-0.004926581792,-0.004543645463
1302,0.01834550844,-0.01366975897
1303,0.005411173438,-0.008418683168
1304,-0.003477515843,0.007669384313
1305,-0.012301371,0.001373569016
1306,0.01227546652,-0.00829046143
1307,0.003200628124,-0.0008061823862
1308,-0.0002017031455,-0.001608897407
1309,-0.0001314066016,-0.0001617502478
1310,-0.003290974324,0.004701993584
1311,0.02646819978,-0.002944429452
1312,0.0003222917443,-0.001597716373
1313,-0.01546712706,0.002602718346
1314,0.003475513156,0.000971069067
1315,0.002850920656,0.001552152565
1316,-0.002275886459,-8.519204621e-05
1317,-0.01946592337,-0.002294587467
1318,-0.007900315617,0.001175304781
1319,0.007157531822,-0.0188578308
1320,-0.003900364959,0.0006306139491
1321,0.0004567178413,0.004732999524
1322,0.01021906855,-0.009552595986
1323,-0.01858513194,0.01058393262
1324,0.005348348853,0.008291534545
1325,-0.001322798307,0.001874120493
1326,0.00312804113,-0.003502089989
1327,-0.001944655456,0.0001252286764
1328,0.001241171113,0.008384786748
1329,0.01705573709,-0.01114708307
1330,-0.003310139277,0.0001205769233
1331,0.001058404986,-0.006460018541
1332,0.007085904916,-0.002950430595
1333,-0.01370734633,0.007663559491
1334,-0.002721524899,0.001380189882
1335,0.007895848207,-0.002155652908
1336,0.009666953626,0.0006843351043
1337,-0.0002977675223,-0.0003560067802
1338,0.004804905111,-0.004387235645
1339,-0.01239808548,-0.001569707252
1340,-0.001213639498,0.001774851451
1341,-0.01076663318,0.003514000524
1342,-0.01207417206,0.009784300899
1343,0.004234922435,-0.002136840353
1344,0.0092134285,-0.004298219863
1345,0.003291399029,0.0008735747055
1346,-0.004513429399,-6.929323911e-05
1347,0.008353147372,-6.438442415e-06
1348,-0.0100326078,0.00377941245
1349,0.001879802148,-0.004599274992
1350,-0.003348660127,0.003150520186
1351,-0.008556928583,0.0057716016
1352,0.01972870975,-0.004461017098
1353,-0.008514727577,0.001401609266
1354,-0.01890771472,-0.003410033366
1355,0.02000315444,0.001541354894
1356,-0.01538250252,-0.0003128388894
1357,-0.002180302918,0.003484521918
1358,-4.013994224e-05,0.002592052853
1359,0.005041806481,-0.001204886457
1360,0.01174735121,-0.00345939381
1361,-0.01029311656,0.003819538734
1362,-0.005351031551,0.002193575702
1363,0.01005325489,-0.00370942589
1364,-0.01120530461,0.002584500111
1365,-0.001714409835,-0.002157782661
1366,-0.01614668925,0.00482336701
1367,-0.01223111132,0.004740536136
1368,0.02195828894,-0.01313375079
1369,-0.007145988221,-0.001096643521
1370,-0.04260353956,0.03005505746
1371,-0.0001779578078,0.009639562836
1372,0.003065279449,-0.001780117574
1373,-0.009290032362,0.002873382352
1374,-0.007315844624,0.005999628409
1375,0.008670805394,-0.005036834749
1376,-0.002610410366,-0.001321443806
1377,-0.005255783703,-0.0009107617189
1378,0.003704635623,-0.005760516617
1379,0.005662070886,-0.001374981
1380,-0.008319297381,0.007837666346
1381,0.002996858018,0.006402627847
1382,-0.002630836357,-0.002404054003
1383,-0.02194936668,0.006663624368
1384,0.00675334193,0.0009922245039
1385,-0.009455139865,0.001919077944
1386,0.00587212895,-0.002305566766
1387,0.01991560247,-0.003041494714
1388,-0.006917067596,-0.002261789572
1389,0.003686025441,-0.002041925866
1390,0.003532902203,-0.001913837353
1391,0.001504953508,0.00333433195
1392,-0.0395643428,0.02244464127
1393,-0.01826150339,0.004234274551
1394,0.01363008677,-0.002550285482
1395,0.0004131851358,0.01975843345
1396,0.001872290036,-0.004260481866
1397,-0.01625313694,0.01023252133
1398,-0.007310639243,0.001490867654
1399,0.01602580357,-0.007461596738
1400,-0.008091672954,0.002328025265
1401,-0.004115390145,0.0004308627067
1402,0.0007475369383,0.0001895644492
1403,-0.003488663144,0.001494590493
1404,-0.03100696171,0.006832522068
1405,-0.0142753509,0.008248968025
1406,-0.01321772555,0.01029522009
1407,0.005841572773,-0.002529458475
1408,0.007171640817,-0.001586536834
1409,-0.003525345601,0.001036611808
1410,-0.006167106551,-0.0009525409268
1411,-0.01683571074,0.002478523678
1412,0.006052307805,-0.005437168064
1413,0.01074800805,0.0005489816634
1414,0.02403262508,0.001531705595
1415,0.001474506033,-0.002938090965
1416,0.004736113124,-0.002163175481
1417,-0.005368236221,-0.0003144271385
1418,-0.005891324735,0.006077391322
1419,0.005737369411,-0.0005315777878
1420,-0.004455232418,-0.0001453121426
1421,-0.0006619180229,-0.003410863264
1422,0.00286409017,0.002342737036
1423,-0.002966517443,0.003357580426
1424,-0.03807245117,0.01882008286
1425,0.01011018536,-0.004286034643
1426,-0.00801614425,-0.002814230725
1427,0.08135681928,0.03977962588
1428,-0.01235130209,0.002329598839
1429,-0.006088718772,-0.004262439361
1430,-0.003039077019,0.003669766741
1431,0.08749279677,-0.04182452117
1432,-0.009150056,0.004970151665
1433,-0.01253293362,0.004511723198
1434,-0.00656065432,0.005592521267
1435,0.004962453978,-0.003473023018
1436,0.01039124535,-0.002345013605
1437,-0.005602325576,0.007606188005
1438,0.009113140978,-0.005620614579
1439,-0.007465501699,0.001409923719
1440,-0.01819421084,0.002296215122
1441,0.00511105836,-0.001998107338
1442,0.006668591558,-0.004163349635
1443,0.02273226738,-0.005144113321
1444,-0.00162447164,0.0004761732502
1445,0.02911392685,-0.02329029005
1446,0.002105237078,0.0005750800206
1447,0.006638537157,-0.001499522352
1448,0.005190785296,-0.001957559575
1449,0.006560880681,-0.004215988878
1450,5.083415578e-05,0.003497701547
1451,-0.02598764922,0.04750395723
1452,0.0007152755114,3.49872336e-05
1453,-0.008086039461,0.004041067358
1454,-0.00237748886,-9.479022768e-05
1455,0.00941570884,-0.006750327217
1456,0.01794318186,-0.01199837432
1457,0.007832436363,-0.004299406998
1458,-0.00614270208,0.003496933245
1459,-0.01275849629,0.01492797612
1460,0.02639735383,-0.005906515
1461,0.02715069143,0.007022348152
1462,0.0004010857406,-0.002537680663
1463,0.001868907039,-0.002948554865
1464,-0.0005782888044,0.01009753359
1465,0.009456723035,-0.00255380112
1466,0.01075394376,0.00499903796
1467,0.01362026587,-0.002976713377
1468,0.007335355109,-0.00238357998
1469,0.007943193089,-0.001333544863
1470,0.01636808505,-0.01465831546
1471,0.00446512136,-0.001633704338
1472,0.001878790422,0.002249365352
1473,-0.004755232538,-0.01604912022
1474,-0.003362872714,0.0004318802429
1475,0.006463782295,-0.004123128058
1476,0.003432449915,0.0002847114397
1477,-0.003717647827,0.006092706581
1478,-0.003509160812,0.0005497444979
1479,0.01115579385,-0.003847736976
1480,-0.002628866079,0.001651028063
1481,0.001569047266,-0.005764958504
1482,0.003853322333,-0.007581726759
1483,0.01311151398,-0.001990601281
1484,-0.003952387774,0.003571902615
1485,0.002121195397,-0.00289083255
1486,0.005180236605,-0.001892166632
1487,-0.009075088126,-0.000843631557
1488,0.01111691287,-0.006649911001
1489,0.0113487981,-0.007251597285
1490,0.005910677018,-0.001608522701
1491,0.05502576403,0.01483051755
1492,0.008999191884,-0.00177606426
1493,0.006484843033,-0.003777886222
1494,-0.00108342886,-0.003561360726
1495,0.002386273956,-0.003344069211
1496,-0.003285414381,-0.002572918907
1497,0.005071984697,-0.005780599782
1498,0.003864000651,-0.006729772415
1499,0.000409192837,-0.001049569676
1500,-0.0006192612395,-0.003119601247
1501,0.01190786364,-0.003128009665
1502,0.02869552743,-0.009827390979
1503,-0.004021335976,-0.005392460642
1504,-0.008215942052,0.002533686626
1505,0.002297828344,0.000917294182
1506,0.004768116141,-0.001111203797
1507,-0.0008760600575,-2.857723358e-05
1508,0.003466542521,-0.001506881195
1509,-0.01923302453,0.00552929604
1510,0.00655289306,-0.00118799546
1511,-0.01349928991,0.006892834166
1512,0.01221634871,0.001226882887
1513,0.007313902603,-0.00272780983
1514,-0.00901588216,0.004275410941
1515,0.02273011107,-0.02549667045
1516,0.01670599213,-0.0008774063131
1517,0.004387260069,-0.002197220505
1518,-0.009900170897,-0.0007162056762
1519,-0.001649491769,0.001063749133
1520,-0.01058520007,0.003855797996
1521,-0.005127344966,0.009212767012
1522,0.0007653567903,0.001769825733
1523,-0.01349291839,0.008319883616
1524,-0.001823662326,-0.001151200195
1525,0.002032280044,-0.002077253288
1526,-0.01964549689,0.006431800015
1527,0.01102760311,-0.01083734851
1528,-0.003033488772,0.003022988892
1529,-0.0218406829,0.006793374188
1530,0.01102814165,-0.005304392974
1531,-0.01410712954,0.01831303543
1532,-0.005924837518,-0.001166671586
1533,-0.02218294582,0.007503607063
1534,0.006420769886,-0.002197558388
1535,-0.01629450866,0.006155464888
1536,0.01067298844,-0.002171046492
1537,-0.002951130828,0.005972249858
1538,0.01455973399,-0.002062729888
1539,-0.0002358552408,0.001313559613
1540,-0.003887861794,0.001640623151
1541,-0.01314920067,0.009553850275
1542,0.01042974023,0.008124354776
1543,0.007166971687,-0.003833207011
1544,-0.01651721324,0.004942979761
1545,-0.0449072651,0.02219991024
1546,0.003211803424,-0.002302806769
1547,0.02456724513,-0.02135970332
1548,-0.005133523707,-0.001397154786
1549,-0.01848184233,0.007454234698
1550,-0.04917433909,0.02393988247
1551,0.01137477649,-0.005067867724
1552,0.008779675193,-0.001280102595
1553,0.003457250852,-0.001217138179
1554,-0.01222393571,0.003623271655
1555,-0.01263364271,0.001324264779
1556,-0.00157132009,-0.0001892271108
1557,0.05675619341,-0.01993577961
1558,0.002190865297,-0.003366618697
1559,0.00164928912,-0.001425298026
1560,-0.00273727884,0.02487688554
1561,0.007794730348,-0.0005146010359
1562,0.005989953286,0.002879675633
1563,-0.001209616658,-0.006246269729
1564,0.0008339926039,0.0006058069126
1565,-0.00181153545,-0.00402796839
1566,0.00644445103,0.003771820808
1567,-0.003745082783,0.001802125598
1568,-0.003768178744,0.001018758856
1569,0.007335418065,-0.0003914612833
1570,-0.002521503957,0.002633320174
1571,0.05297298924,-0.02492447311
1572,-0.001078408432,-0.01161840131
1573,-0.003904021975,0.002064729823
1574,4.612833362e-05,0.01005391267
1575,-0.004476533601,0.004071771796
1576,-0.004307072429,-0.01492706848
1577,0.009790605636,-0.001914226882
1578,-0.005519580246,0.003438316857
1579,-0.04293383378,0.008591982102
1580,0.01087942073,-0.001516088223
1581,-0.003858184886,-0.003092894056
1582,0.001306225901,-0.0005531233555
1583,0.003024909398,0.0004500820538
1584,-0.001106001298,-0.001995010176
1585,0.01380537745,-0.00396266714
1586,-0.0154876969,0.006407306875
1587,0.01173128581,-0.00819700415
1588,-0.01348158988,0.01366859234
1589,0.009542417857,-0.003006000615
1590,0.006924410253,-0.006378464908
1591,-0.006738369953,0.006142904858
1592,0.007177748096,-0.001257776545
1593,0.0007310503303,0.01286260744
1594,-0.01453207657,-0.001305845374
1595,0.01011783452,-0.009245729973
1596,0.002005996758,-0.005568440285
1597,0.01568491817,0.003755733613
1598,0.02715894122,-0.008934532371
1599,-0.005256909626,0.004280817723
1600,-0.01111074922,0.005922019522
1601,-0.002906098799,0.004238913747
1602,0.006981894551,0.0006792359315
1603,-0.003470635316,0.001815216274
1604,-0.0148778278,0.004811653931
1605,-0.0123461707,0.003330286205
1606,0.004789467121,0.00190746549
1607,0.001364049501,0.006117957583
1608,0.005876710505,-0.002407095418
1609,0.0001338116212,0.0007939190543
1610,0.0314873712,-0.001285220116
1611,-0.01480114381,0.007570110772
1612,-0.0152103561,0.002879278502
1613,0.003391802168,-0.002151329903
1614,0.03373015894,-0.01847398214
1615,-0.0194516322,0.006838389752
1616,-0.003045164753,0.00466125592
1617,0.02336536536,-0.01394919841
1618,0.003457987737,0.0004971114085
1619,0.01051779687,2.657164964e-05
1620,0.03195087326,-0.02870364126
1621,-0.02043390263,0.006259362091
1622,0.008849891011,-0.004756015126
1623,-0.009053703949,0.003956082736
1624,0.003524667503,-0.004649808144
1625,-0.00244585074,-0.005308982085
1626,-0.001513688509,0.001648170323
1627,-0.03159225865,-0.001280457098
1628,-0.004152429981,-0.008736120289
1629,0.005534524418,-0.007554796642
1630,-0.008367855993,0.004918726504
1631,-0.01614148423,0.01291627559
1632,-0.006254985467,0.0008383019028
1633,-0.0004946519909,0.006996647431
1634,-0.003348968552,0.01450160312
1635,-0.007833779646,-0.001809871732
1636,-0.001445929495,-0.001182415384
1637,-0.003303254852,-0.001792056744
1638,-0.001161093092,0.006097433619
1639,0.03301524572,-0.01617743084
1640,-0.003258021257,0.002994561422
1641,0.008281851266,-0.0005383220106
1642,0.01641141007,0.006396065069
1643,-0.008759375685,-0.002705353175
1644,-0.0735697111,0.0225376839
1645,0.003664029107,0.0006516001348
1646,-0.01004002879,0.004486268198
1647,0.005448341695,-0.006003149737
1648,-0.01726237121,0.008152610673
1649,0.0141266802,-0.006381004955
1650,-0.02422810971,0.02922993717
1651,0.009662479148,-0.002175421513
1652,-0.0007186673797,0.0006500079145
1653,-0.009151791357,0.00477854621
1654,0.008006824366,-0.00168520312
1655,-0.02503162755,0.01046886244
1656,-0.003856530324,0.005897914296
1657,-0.05980648392,0.01630168493
1658,0.006201459884,-0.003273477273
1659,-0.0005776024877,0.0004816233884
1660,-0.005886889808,-0.002498558549
1661,-0.01928065838,0.02009915865
1662,0.009791593318,-0.001590833804
1663,-0.003734914267,0.002649823065
1664,-0.003837681578,0.006226444745
1665,-0.008524177205,0.003329624694
1666,0.002123131571,-0.001985779568
1667,-0.004171634111,0.007620449303
1668,-0.001062593278,-0.0006755222705
1669,0.01655574978,-0.007683861799
1670,0.01750331577,-0.0005464779435
1671,0.005477346793,-0.002905968651
1672,0.01059680206,-0.003522539086
1673,0.00514734691,-0.001125964274
1674,-0.001928771828,0.001492627108
1675,-0.0126678362,0.01492391189
1676,-0.01387706388,0.006305760691
1677,-0.0130943501,-0.0029783598
1678,-0.001992676058,-0.0001394870757
1679,-0.01163707574,0.00550958436
1680,-0.0163700136,0.001875431242
1681,-0.005955054471,0.001472736111
1682,0.007721321513,-0.003741888146
1683,-0.00271040852,-0.002754082804
1684,-0.001385091256,-0.007649839085
1685,0.006649392544,-0.00387747114
1686,-0.02155609862,0.01080317807
1687,-0.01107916298,0.006342699916
1688,-0.01771534111,0.00764098077
1689,0.009470225649,-0.009977720346
1690,0.01516398524,-0.01250816829
1691,-0.01009275586,0.003504013012
1692,-0.08210376548,-0.001342266959
1693,-0.007358214436,0.005132740914
1694,-0.01049256754,0.002706982117
1695,-0.001088072126,0.001755771068
1696,-0.004015957696,0.003719009806
1697,-0.02105450049,0.02146207381
1698,0.003422612354,-0.006338436316
1699,0.02178327754,0.007058118357
1700,0.01634734716,-0.002720210373
1701,0.01395101597,-0.005212726636
1702,0.006807012272,-0.004384721631
1703,-0.008379766615,0.00125628834
1704,-0.003018663239,-0.0008550473736
1705,0.01258728418,-0.006093759412
1706,0.01432198284,-0.002023805129
1707,-0.004376548623,0.01098141469
1708,0.01031367904,-0.001946024116
1709,0.01023674397,-0.003666581473
1710,-0.0495887268,0.02694250951
1711,-0.02727368556,0.01102569603
1712,-0.006970090452,0.004708219801
1713,0.005850104413,-0.003184643578
1714,0.001099006296,-0.003656171541
1715,0.004270735892,-0.00251791271
1716,0.009414573045,-0.01284629117
1717,0.008241011933,0.002200532219
1718,0.01003864161,-0.003033525212
1719,0.01658818918,-0.03018125805
1720,0.01239810345,0.002498033779
1721,-0.01907566642,4.021564994e-05
1722,-0.01172206278,0.004992802761
1723,-0.005697448799,0.005002874206
1724,-0.003025248333,-0.0007739471223
1725,-0.01337230279,0.004999029944
1726,0.007877502127,-0.005355440754
1727,-0.003524748622,0.00166144109
1728,0.003812092661,0.0001829710634
1729,-0.009693064141,0.007564442618
1730,0.003239249238,-0.007443940677
1731,0.01733299334,-0.006158797558
1732,-0.01324245691,0.01170215709
1733,0.007627164907,-0.006397716576
1734,-0.003330094098,0.0005323884199
1735,-0.005392597312,0.002005974169
1736,0.002151413753,0.001668323147
1737,0.0002721978716,-0.000986616183
1738,-0.02792094227,0.02756931791
1739,0.00412957331,-0.003532112827
1740,0.000932099467,0.001231235985
1741,-0.00516973675,0.007917560787
1742,-0.001685510862,0.006334001079
1743,0.001281063566,-0.001777898417
1744,0.01136830977,-0.002095715851
1745,-0.005537189976,0.004390501435
1746,-0.01834453064,0.008606439576
1747,0.009026225359,-0.003227821542
1748,0.005403805721,0.00066392448
1749,-0.0001296355296,-0.002099144414
1750,-0.01121481901,-0.002739270703
1751,0.01897807847,-0.006294760593
1752,-0.01160023168,0.01420552797
1753,0.01296487595,-0.009274316142
1754,0.003762992526,-0.0002884287703
1755,0.00196182097,-0.003242739681
1756,-0.007799034828,0.002597613193
1757,0.001998140568,-0.004493467917
1758,0.02676819984,-0.009067950036
1759,0.005078476422,0.01049847681
1760,0.003987532791,-0.002691790699
1761,-0.02640072124,0.006621593798
1762,-0.01201779535,0.01166484774
1763,-0.001173514371,0.002400435142
1764,0.002219444381,0.0002010980843
1765,0.006398989545,-0.002179217674
1766,0.002882129753,-0.001359228154
1767,0.01358596578,0.005143362618
1768,0.003540220751,-0.002267750226
1769,-0.004882760331,0.004324450634
1770,-0.003612310263,-0.00131086406
1771,-0.004668737634,-0.0009302203817
1772,-0.002303668177,-0.0001179005005
1773,0.004431510927,-0.003646088016
1774,-0.002388306815,0.001660251238
1775,-0.008566540504,0.006017432031
1776,-0.03909115214,0.02375032412
1777,-0.01716140879,0.01007786873
1778,-0.01282401658,0.001162612834
1779,-0.00833987236,0.00112148578
1780,0.007575422868,-0.001287304047
1781,0.02811358424,-0.01797680537
1782,-0.007881705533,0.006413417808
1783,-0.01904268343,0.005803571385
1784,-0.002222155369,0.0002635344685
1785,-0.02614480893,0.009678037216
1786,0.003182563238,-0.006036921854
1787,-0.008079873164,0.00241692808
1788,0.01413615073,0.002235652439
1789,-0.009288996862,0.0091432891
1790,-0.04818843526,-1.516638877e-05
1791,0.004987432305,-0.0005685605773
1792,-0.002391922221,0.000875677958
1793,0.009016429394,-0.001738426421
1794,-0.007365497725,0.002251994092
1795,-0.01389109858,0.002313678481
1796,0.01287050313,0.001558416956
1797,-0.0008052717555,0.001005569157
1798,-0.001409930565,-0.002132849795
1799,-0.02056998704,0.008027000282
1800,-0.008237674258,-0.0003132468886
1801,0.01242159877,-0.007003156156
1802,0.000766766819,-0.000425542498
1803,0.09694239055,-0.0269718625
1804,0.004016448505,0.0003576717761
1805,-0.02355378583,0.01981708659
1806,-0.04805672248,0.01921787909
1807,0.001349352715,0.002774207578
1808,0.007104262073,-0.004340705603
1809,0.001046956824,-0.001525753585
1810,-0.005346062775,0.0005742548015
1811,-0.01420028862,0.001938545651
1812,0.0179247069,-0.007423990976
1813,0.01340072304,-0.007027716977
1814,-0.0009173395021,0.000896264425
1815,-0.0005720519998,0.006327743023
1816,0.0186888724,-0.006359849896
1817,0.02697958012,-0.005320479168
1818,0.008034290868,-0.004268127997
1819,0.0006961093062,0.002142775781
1820,-0.006291722259,0.004695540282
1821,0.009102458987,-0.004702920278
1822,0.003833332383,-0.005432666234
1823,0.0128549097,-0.01070661771
1824,-0.0001817761371,-0.001334399149
1825,0.004409378154,7.543973401e-05
1826,-0.005635746834,0.0005373617629
1827,0.01717389841,-0.007689516409
1828,-0.006782762351,0.00598337865
1829,-0.007304633671,0.009554881174
1830,0.003199502261,-0.003117528043
1831,0.01141547566,-0.01126553512
1832,-0.001419809826,-0.001573283862
1833,-0.01240436681,0.02023651186
1834,0.003195076472,-0.004529340442
1835,0.02544072004,-0.00472518186
1836,-0.02272059598,0.008016261333
1837,-0.0009389813372,0.004745692938
1838,0.01602177286,-0.005795650463
1839,0.02710306604,0.001739718176
1840,0.01179409842,-0.007163558567
1841,-0.04012085548,-0.01323610372
1842,-0.0001606184271,-0.0003060111148
1843,0.005703492333,-0.007621185381
1844,0.0170396969,-0.004022906707
1845,0.02156956689,-0.006864224733
1846,0.002919022677,-0.002551614666
1847,-0.002600165663,-0.001668911409
1848,0.009068684545,-0.003136604847
1849,0.006335577399,-0.005425829355
1850,0.02208429247,-0.01184025605
1851,-0.01883967244,0.0109704215
1852,-0.0004300795532,1.999594586e-05
1853,0.020535708,-0.008914350723
1854,-0.0160876785,0.009632359578
1855,0.010087504,0.005571675338
1856,-0.00331420226,0.004421778197
1857,-0.007548168091,0.002842179814
1858,-0.001684330458,-0.006215446548
1859,-0.00307180767,-0.0008922649881
1860,-0.001724394701,0.003326051797
1861,-0.0006471035236,-0.001628937757
1862,0.00381400246,0.0003231021021
1863,9.858642686e-05,-0.003459706017
1864,0.006213085368,0.000855574118
1865,-0.006450833819,0.005099067882
1866,-0.0111182544,0.01865399268
1867,0.007854659368,-1.325856231e-05
1868,-0.02154746543,0.0127124577
1869,0.004127465804,-0.01244867283
1870,0.002027741162,-0.003857411138
1871,-0.009805324061,0.01223635114
1872,0.02713963911,-0.01092010636
1873,-0.002810050667,-0.001564157943
1874,0.00963549082,-0.008644671796
1875,0.007602748615,-0.002954121278
1876,0.009749038653,-0.01285772544
1877,-0.002110225762,0.0001012768372
1878,0.01294732419,-0.0102319032
1879,-0.000930890766,-0.001970311505
1880,-0.01788097632,0.004450672327
1881,0.01361530744,-0.009405547518
1882,-0.00270255641,-0.001517590535
1883,-0.002580497907,0.0009921558439
1884,0.00249434818,0.003440207834
1885,-0.0004457633668,0.005073902254
1886,0.001881278589,-0.002116716224
1887,-0.01090434402,0.001207609366
1888,-0.01500539858,-0.002414202736
1889,-0.007875655223,0.008381109873
1890,-0.01687904408,0.00799591112
1891,0.01121790082,-0.005766891857
1892,0.01234904533,-0.005033165695
1893,0.01255098599,-0.008249269601
1894,-0.009219325615,0.003188610252
1895,0.035466579,-0.01344064488
1896,0.00508465455,-0.003450293654
1897,0.006415450794,0.004345378547
1898,0.0117814273,-0.0005075285488
1899,0.000160887568,0.002844007831
1900,0.02368256825,-0.001317141525
1901,-0.0007458052663,0.002756061774
1902,0.0002770299152,-0.002386754738
1903,0.003192354915,-0.001681013421
1904,0.009768754108,-0.0001179712488
1905,0.004094543191,-0.003293083928
1906,0.003821821932,-0.003190569104
1907,0.01180325102,0.001545417811
1908,-0.01374341675,0.002581220346
1909,-0.01734020546,0.008194373083
1910,-0.00731342847,0.002520787426
1911,0.007941369635,0.001111133026
1912,-0.01080053872,0.005636065891
1913,-0.01405996363,0.002683112033
1914,-0.01322615424,4.961676764e-06
1915,-0.0114504716,0.001236966732
1916,-0.009022184004,0.009435244825
1917,-0.009902410369,0.001139548231
1918,-0.009888306093,-0.002867082743
1919,-0.003531232451,0.003045696096
1920,0.0001520683895,0.001225502571
1921,0.0007946030452,-0.004687225885
1922,-0.01031280984,0.003140392422
1923,-0.02240583082,0.02784963222
1924,-0.006054995819,0.002823631044
1925,-0.00857835975,0.0002762804454
1926,-0.01360477669,0.007633825229
1927,-0.0004108328254,0.003374870244
1928,-0.003688311313,0.001423086782
1929,-0.1129265135,0.03799056262
1930,-0.006606101028,0.00634350243
1931,0.002185791679,-0.002549314501
1932,0.03503641637,-0.01678998645
1933,0.002260729536,-9.65306362e-05
1934,-0.01707619942,0.004404341891
1935,0.002830124408,0.002223070222
1936,-0.008970390083,0.007417520883
1937,0.00836443883,0.001104457366
1938,-0.01195225933,0.008563991492
1939,-0.00165023805,-0.001433604373
1940,0.0160847348,-0.01760963516
1941,-0.01652032189,0.01196943704
1942,-0.003796515384,0.003275765526
1943,0.003613628518,-0.001002129082
1944,0.007839860185,-0.003979296745
1945,0.018203939,-0.004194865968
1946,-1.752601613e-05,-0.000951604172
1947,0.001801822617,-0.002103361829
1948,0.007405924726,-0.003547127918
1949,-0.00621872027,-0.0004714324796
1950,-0.0007459524217,0.004342495098
1951,0.006101941634,-0.004102726923
1952,-0.003763144825,0.00139747321
1953,0.002944353012,-0.004584369353
1954,-0.006568855629,0.003466866995
1955,0.003669957957,0.006916791293
1956,0.002422922091,0.0004597631279
1957,-0.01262976468,0.006663891025
1958,-0.01191463917,0.002726731355
1959,-0.003583872021,0.000644067909
1960,0.02628703503,-0.006479004699
1961,0.006290458696,0.001486682152
1962,-0.005195192474,0.004279879589
1963,0.004345043237,-0.006031747767
1964,-0.01261120735,0.003695953235
1965,0.002075959424,0.00160864818
1966,-0.001257135234,-0.003641357544
1967,-0.03393837175,0.02560960512
1968,0.01025899865,-0.004646157844
1969,0.01049698835,0.001319950023
1970,0.003159033059,-0.0005974785614
1971,-0.003190308411,-0.004581528751
1972,0.007261097446,0.001359709932
1973,0.0003682781564,0.00324074918
1974,-0.0002826280337,0.003968774412
1975,0.005300826687,-0.002182276341
1976,0.01920780266,-0.008382416999
1977,0.02018520091,-0.003500607845
1978,-0.001438294379,-0.001762399321
1979,0.014702352,-0.004135625357
1980,0.012250724,-0.007761119777
1981,-0.003666148249,0.008411988623
1982,0.02888376202,-0.007515776174
1983,-0.007076148676,0.002628091298
1984,0.002119242967,0.0004431882943
1985,-0.02570755769,-0.004911529313
1986,0.01379759388,-0.004126669929
1987,-0.0001075579021,0.004205309602
1988,-0.005880727372,0.0008532386684
1989,-0.009141026123,0.006764671187
1990,0.005545924024,-0.009833370418
1991,0.01657229328,0.002871146072
1992,-0.006682178689,-9.490324042e-05
1993,0.0150277491,-0.008900747253
1994,0.003483054414,-0.0002508544891
1995,-0.007601373068,-0.006235637422
1996,-0.002205209194,0.001125471967
1997,0.007191046612,-0.006473210249
1998,0.002764431308,-0.002382199717
1999,-0.007147026692,0.000140623852
2000,-0.006882603682,-0.000978341793
2001,-0.01086075093,0.001968765802
2002,0.002887143138,0.0005461844313
2003,0.002576211847,-0.004404866384
2004,-0.005194428209,-0.001172073288
2005,-0.002222032866,0.001213288611
2006,0.01541817275,-0.008473152666
2007,-0.008354032675,0.003254894267
2008,-0.007023033725,0.004292286735
2009,0.01286072787,-0.003176556818
2010,0.01160697785,-0.02717454854
2011,-0.0007549257584,-0.002884017278
2012,-0.01831524427,0.003001709905
2013,0.006623220656,0.003324840179
2014,-0.01505491895,0.00876770164
2015,-0.008271041375,0.002970500068
2016,-0.03204076488,0.002331307552
2017,-0.004934294681,-0.004225033281
2018,0.002302331749,-0.00244138567
2019,0.0073400134,-0.001579717415
2020,0.00494112651,-0.005175994217
2021,0.002597170973,-0.000816057363
2022,0.01185402724,0.0001481583358
2023,-0.004027350902,0.00316218462
2024,0.006453729485,-0.00836131912
2025,0.001832290254,-0.001935581487
2026,0.007497528481,0.01079382662
2027,-0.03502046526,0.01927067275
2028,-0.01514924217,0.01196838351
2029,0.0754701897,0.001039669185
2030,0.009388947271,0.0003388107428
2031,0.01244061185,-0.009300893504
2032,0.01362126875,-0.006835555085
2033,-0.0004803914252,0.008871060672
2034,0.004404232263,-0.00280876402
2035,0.004875278769,-0.006285536159
2036,0.01084847958,0.0003081136113
2037,0.002369977741,0.003788864374
2038,0.0003501205926,0.006242329803
2039,0.06263438448,-0.02269080423
2040,0.005320882763,-0.002616627263
2041,-0.02051495592,0.0223966344
2042,0.00398850709,-0.001386530667
2043,-0.005706940842,-0.001202045391
2044,0.01150953771,-0.0008295530492
2045,0.01883552488,-0.005040559152
2046,0.003615232943,-0.0006966175739
2047,-0.002713517538,-0.00242142417
2048,0.01370336736,-0.0007832613652
2049,0.006087397333,-0.003769916669
2050,0.003096881594,-0.002685537595
2051,0.009146842154,-0.000689523225
2052,0.0003329285864,-0.004999786341
2053,0.02396509586,-0.003427032703
2054,0.005816050749,0.005761575658
2055,-0.0001132636703,-0.002773629197
2056,-0.0002020201086,0.009500942495
2057,0.01105992835,-0.004919827657
2058,-0.001191517747,0.0002857802067
2059,0.01209249639,-0.001372588843
2060,0.00060004739,0.003833321688
2061,-0.005357356745,0.0038965965
2062,0.001139959641,-0.0003051051684
2063,-0.02526132711,0.01509806691
2064,-0.005950819547,0.002247370338
2065,0.002854683644,-0.0004216406564
2066,-0.0105456005,0.01632087445
2067,0.01875194638,-0.006161390459
2068,-0.009312462845,0.009531049674
2069,-0.02784500725,0.05534272595
2070,-0.001440390926,-0.006322863962
2071,0.0006339157241,-0.003128087536
2072,0.01094592311,-0.007627142296
2073,-0.003245883235,0.005927856354
2074,-0.002296907752,-0.002435620959
2075,-0.004939012772,0.001943558169
2076,-0.002287750488,-0.001299484332
2077,-0.02932053548,0.01603402432
2078,-0.03295719436,0.01932431571
2079,-0.004992303778,0.001936174674
2080,0.02762550983,-0.009966357106
2081,0.001478668313,0.00153335472
2082,-0.00928378553,0.001629592367
2083,0.02011954642,-0.008192199235
2084,0.005692286362,-0.001435629153
2085,0.006076039322,-0.01221593806
2086,0.004479997055,-0.003666776685
2087,0.004496996416,0.0005881083922
2088,-0.005845585725,-0.004656593519
2089,0.01245666565,-0.0008578019595
2090,-0.02737065865,0.006035389871
2091,-0.009096149367,0.001396278692
2092,0.004793236553,0.0007730377776
2093,0.01174715717,-0.006051641278
2094,0.03508957209,-0.007429143412
2095,0.04272012742,-0.00299709241
2096,-0.01599007414,-0.001062742879
2097,0.00553096786,0.001842467538
2098,-0.01084795968,0.006076670798
2099,0.003731947967,0.001689080123
2100,0.007149042855,-0.008587314234
2101,0.005214018446,-0.0004138744628
2102,0.005664157801,-0.004293282886
2103,0.04907919038,-0.01728563889
2104,-0.0003845192288,-0.004378633555
2105,0.00647947247,-0.003993493758
2106,-0.00386885832,-0.005585832791
2107,-0.1174420201,-0.03370023521
2108,-0.003663875267,-0.001441477172
2109,0.002259006518,0.0003227853569
2110,-3.292747637e-05,-0.003614265599
2111,0.02014297913,-0.002819028799
2112,-0.002857083293,-0.005915786975
2113,-0.01050787104,0.002196806813
2114,0.004901088139,-0.0005185055264
2115,-0.004620357256,-0.0007195209844
2116,-0.0461962926,0.01148092311
2117,-0.01050645623,0.01297016056
2118,0.002821419808,-0.0005125137937
2119,-0.001638048957,-0.003551925726
2120,0.01208022174,-0.008908897186
2121,-0.0003530970226,7.016009023e-05
2122,0.01021888682,-0.007908521422
2123,-0.003734241639,0.002652679594
2124,0.002369166371,0.002766659249
2125,-0.004320048008,0.0007242247161
2126,-0.0143123443,0.006810695328
2127,0.01290500323,-0.01452362874
2128,-0.004661866438,-0.00122582023
2129,0.0002037795273,-0.001425647539
2130,0.005447822624,-0.008143924135
2131,0.01403637912,-0.006722682832
2132,0.01390785095,0.00483546842
2133,-0.0005118343026,0.006162597443
2134,0.006219070397,-0.007578948591
2135,0.003152719578,0.00376617848
2136,0.006589912284,-0.004800975863
2137,-0.002375030652,0.0001282770946
2138,0.003531167343,-0.003310357026
2139,0.02259510188,-0.00868711048
2140,-0.001503254792,0.0008594955265
2141,-0.00680651046,-0.0008917881493
2142,-0.002164338666,0.001592862929
2143,0.02720185803,-0.01125584459
2144,0.01414308028,-0.007782749062
2145,-0.01887102241,0.008451815037
2146,0.0007675453939,-0.003888766155
2147,0.001946322337,-0.001334371595
2148,-0.02037359184,0.001178135196
2149,-0.02260524121,0.01769332672
2150,0.02044676539,-0.005577446442
2151,0.001939665603,2.499893983e-05
2152,0.004564609044,-0.005742789159
2153,-0.02473936209,-0.007585382408
2154,-0.001641013297,0.002144235329
2155,-0.006433077222,0.001712826428
2156,-0.001975927002,0.002765496176
2157,0.01217495552,-0.00626212414
2158,-0.006838165263,0.002937588106
2159,0.001984666931,0.006513396851
2160,0.001302752112,0.0008839737731
2161,-0.01184663031,0.002338186074
2162,-0.0007626667167,0.001284462635
2163,-0.008818344011,0.001296705859
2164,-0.002444789305,-0.003855433718
2165,-0.005673696411,0.0006424538273
2166,0.009135311142,-0.00249283303
2167,0.03054566162,-0.008187108983
2168,-0.009793075356,0.007999185571
2169,0.009575908579,-0.001845662499
2170,0.005300426105,0.002280055114
2171,-0.01835242104,0.01208292549
2172,0.01134138382,-0.0100294296
2173,0.01397331953,-0.006087730178
2174,0.0003709842624,-0.001369779632
2175,-0.003558513047,0.01800713031
2176,-0.003946421077,0.0006282916988
2177,-0.002427575318,0.008924776766
2178,-0.01842923418,-0.003347891509
2179,-0.002834989345,0.00573846874
2180,0.006903565036,-0.004705363456
2181,-0.005423797035,-0.0002971190408
2182,-0.002198154843,0.0008422518152
2183,-0.003341258082,0.0007477634101
2184,-0.006416948989,0.000503191562
2185,0.005025780542,-0.0007128299626
2186,0.004047268439,0.002243680915
2187,0.003396838383,-0.002103496796
2188,-0.01105297196,0.006604246776
2189,0.02237893967,-0.001277139477
2190,-0.007129023782,0.004280036821
2191,0.00753862189,-0.002073436396
2192,0.00727996363,-0.007401300898
2193,-0.007117368825,0.007629467875
2194,-0.009581548149,0.003880485751
2195,0.0145520433,-0.006650503412
2196,0.0003378327624,-0.002007749224
2197,0.007040694959,-0.005125043542
2198,-0.009147473823,-0.001191925843
2199,-0.00364380778,-0.003341930193
2200,-0.006118646719,0.01443703216
2201,0.001603806903,0.0005862555856
2202,0.01858412063,-0.02022462808
2203,-0.002229863516,0.001721776191
2204,-0.005017821451,-0.0002261281488
2205,0.007203711608,-0.002728752027
2206,0.01540242847,-0.0001318434841
2207,-0.005432345208,0.0006309224398
2208,-0.03069959749,0.01085058228
2209,0.01759978495,-0.003041377512
2210,0.006569954888,0.002419017624
2211,-0.01791022478,0.001868516249
2212,-0.01098124743,0.01256363769
2213,0.004584669766,0.0002015906146
2214,-0.005543622503,0.002087045107
2215,-0.005596507503,-0.0005925487342
2216,0.01360011898,-0.01559595573
2217,0.005769841639,0.002443075161
2218,-0.004788683133,0.000756395636
2219,0.003290309916,0.002842663896
2220,-0.000628180952,-0.001725872002
2221,0.0004061355144,-0.001099549908
2222,-0.001062825694,-0.0003743546756
2223,-0.006496374156,0.01987415151
2224,-0.007956717154,0.002621883259
2225,-0.009783989091,-0.004874363105
2226,-0.005033672036,0.004869300329
2227,-0.006605228346,0.001293807933
2228,-0.01608656996,0.01673165166
2229,0.01272967258,0.003526805974
2230,-0.02068056213,-0.001770310234
2231,0.03057433622,-0.01167426475
2232,-0.009132096638,0.0005758680744
2233,0.005851324044,-0.006816275891
2234,-0.007762652411,0.01042627173
2235,-0.003482702841,0.003074660046
2236,-0.02108064665,-0.01327430326
2237,0.0008891602322,-0.002476063788
2238,0.005075517927,-0.006151623906
2239,-0.003446766985,0.005825350604
2240,-0.007220914486,0.001592794183
2241,0.008682954053,-0.007416627928
2242,0.00331462111,-0.001753817488
2243,-0.003812024624,-0.0007343167001
2244,0.006247003001,-0.008806160278
2245,-0.001926353351,0.0009908968547
2246,0.001262421229,-0.001603441656
2247,-0.01880664255,0.01083001162
2248,-0.005282856201,0.004621714503
2249,0.001267744629,-0.0001393653122
2250,-0.007720917608,0.001825777136
2251,0.01468166309,-0.004305724282
2252,-0.01217184136,0.003767908699
2253,-0.005017717813,0.003391048723
2254,0.01022948377,0.001464928976
2255,-0.01363021437,0.003395048682
2256,-0.003200745611,0.004083652198
2257,-0.01289563087,0.006929022619
2258,-0.02373044997,0.003568650742
2259,-0.0009336146821,0.004544229615
2260,0.0070230116,-0.002450875534
2261,-0.005678049007,0.002164517836
2262,-0.006347126003,0.0005863881281
2263,0.003538409388,0.0006493551175
2264,-0.004831661694,0.004636502321
2265,-0.02226138009,0.01314661832
2266,0.02095278632,-0.01154181195
2267,-0.007680245336,0.00220526862
2268,-0.01614211597,0.007347611828
2269,-0.005957278015,-0.001732384951
2270,-0.001103669369,-0.004108206022
2271,-0.005432072947,0.004019764927
2272,0.004931916319,-0.001719054489
2273,0.005653469454,-0.006320814957
2274,0.002171944003,-0.0001732410764
2275,0.04598322937,-0.01463313599
2276,-0.02796028303,0.01341959022
2277,0.01396536384,-0.005213690908
2278,-0.002852064228,0.000629155304
2279,0.02748406253,-0.005814636514
2280,0.003488872407,-0.001463657968
2281,0.06205336913,-0.01910602859
2282,0.01021895738,-0.002391544922
2283,0.005063484851,-0.00181652938
2284,-0.02232880906,0.006624979409
2285,0.01540331646,0.007380790792
2286,0.01183690009,-0.005685388173
2287,-0.008007295212,0.004609158687
2288,-0.003161147652,0.003097786037
2289,0.001414111386,0.001938901749
2290,0.03682750058,-0.01403649685
2291,-0.01066486176,-0.008350760864
2292,-0.002214827692,-0.0008395169942
2293,0.005404456834,-0.00314837186
2294,-0.02016460041,0.0001786074577
2295,0.008822823334,-0.006347894672
2296,-0.004014127965,-0.001817600774
2297,-0.0053422903,-0.004759739045
2298,-0.01351747809,0.004453453387
2299,0.09517065509,-0.04575699224
2300,0.02391359927,-0.01604521826
2301,0.001231445662,-0.003167993122
2302,0.01653523904,-0.005441376562
2303,-0.00896884008,0.01101102302
2304,-0.05866318321,0.05660181978
2305,-0.01183776423,0.006029939552
2306,0.004095937599,-0.003024190454
2307,-0.0344633417,0.02138773791
2308,-0.002775088653,0.003339627716
2309,0.01898678519,-0.001798850989
2310,0.002329042458,-0.003185211848
2311,0.007654260839,-0.00809836544
2312,-0.001782893309,-0.0001148273025
2313,0.01216075021,-0.003943753257
2314,0.002170930071,-0.00380161899
2315,0.006391884286,-0.003058960171
2316,0.009401381721,0.00107846694
2317,0.00335165611,-0.001211257812
2318,0.005249061902,-0.007764778934
2319,-0.001654114644,-0.001722920787
2320,-0.001752215834,-0.007651503748
2321,-0.003430376529,-0.0009208073866
2322,-0.0222263548,0.02215121816
2323,-0.02101378011,0.01082958609
2324,-0.01388233682,0.007302818311
2325,-0.00133113824,-0.0009845867158
2326,0.007408169737,-0.005927623083
2327,0.0113861738,0.0004963118704
2328,-0.0005886517245,0.0007667703817
2329,0.03215859159,-0.01338537283
2330,0.002225795522,-0.004906418514
2331,0.03091596446,-0.003812152066
2332,0.0178642894,-0.006980684883
2333,0.01345415768,-0.007494256353
2334,-0.009548693972,0.006375682074
2335,-0.00834416632,-0.0001905933483
2336,0.002167930082,-0.001106012
2337,-0.003514707523,0.004965964308
2338,0.008152837613,0.001326362042
2339,-0.005770208786,-2.366481112e-05
2340,0.003960176405,0.002299996492
2341,-0.003258307796,-0.004583722937
2342,-0.01013468499,0.002139788247
2343,-0.01616796416,0.004401603827
2344,0.003467459254,-0.0009972598803
2345,0.006792705021,-0.0003722781781
2346,-0.002830404077,0.007598630078
2347,-0.009631521896,0.0007556128895
2348,-0.001754695243,0.0004344818643
2349,0.009771197187,-0.006778331412
2350,-0.002875577798,0.003421375444
2351,-0.003768492082,-0.003899316848
2352,0.00444273291,-0.00448988564
2353,0.01025972981,-0.001102743084
2354,-0.007198622129,0.00072057056
2355,-0.006420740337,0.006759621433
2356,-0.01068694076,0.007673069371
2357,-0.004422276753,-0.000830882553
2358,-0.009654599685,-0.01086613615
2359,-0.01996622131,0.01290418532
2360,-0.005724112261,-0.001995108007
2361,-0.002642604168,-0.004485193235
2362,-0.00653294941,0.005546841047
2363,-0.003200435777,0.002435267785
2364,0.00739560537,-0.0024737564
2365,0.0211191892,-0.009150072993
2366,-0.005326424067,0.002259215098
2367,0.00731488248,-0.001551810118
2368,0.007793209152,-0.001196944658
2369,-0.002507622767,-5.517634092e-05
2370,-0.004603293763,0.0004999217344
2371,0.007468566248,-0.007064059012
2372,0.007678331148,-0.00671382609
2373,0.0241705378,-0.0103002393
2374,0.05478970149,-0.01952567424
2375,-0.0008573224946,-0.004906715557
2376,-0.02233680273,0.005042525903
2377,-0.003433328637,0.001402514085
2378,0.004847353823,-0.004603057214
2379,-0.01228055048,0.008789357545
2380,0.004422883831,-0.0003955758461
2381,-0.004940945279,-0.002533326349
2382,0.003218975389,0.0004798180382
2383,-0.01519266602,0.005038217228
2384,-0.01055552687,0.009349948323
2385,0.003357205203,-0.008278927202
2386,-0.0156165723,0.005334922122
2387,-0.01490071907,0.0001235747013
2388,0.006501192904,-0.004833322257
2389,-0.00177257285,0.002047898696
2390,0.004820812101,-0.004059032981
2391,-0.03168330369,0.001878261479
2392,0.008011799663,-0.005453517423
2393,0.001083685574,0.002436955861
2394,0.01097127082,-0.001742072787
2395,0.002877520381,-0.004241392792
2396,-0.004046641633,-0.007064988161
2397,-0.00145293792,0.0008429111097
2398,0.006829216429,0.003410171851
2399,-0.004560094213,0.003343867737
2400,-0.006497610561,0.001610377121
2401,-0.007128168315,-0.001207216403
2402,0.01017794968,0.001394491685
2403,-0.01444320003,0.009102891889
2404,-0.001069828708,0.004032810869
2405,-0.005664802557,-0.003847221124
2406,-0.01842155641,-0.009616459906
2407,0.01338120042,0.001598201299
2408,-0.009738700461,0.007123464197
2409,0.001856278349,0.002236888006
2410,-5.800007525e-05,-0.005571193413
2411,-0.006909429781,0.004931727694
2412,1.491062397e-05,-0.003624857321
2413,-0.00735184659,0.006485800751
2414,0.01548698213,-0.004874303288
2415,0.006697045965,-0.00214278503
2416,-0.01035876461,0.0004231330592
2417,0.004893711232,-0.004945533369
2418,0.007987387768,0.00119855313
2419,0.00717784893,-0.005192229319
2420,0.0006315616773,-0.0004767221893
2421,0.0003858288914,-0.003944003365
2422,0.01205513682,-0.01041845435
2423,0.007025953833,-0.004926222618
2424,-0.0006700013136,0.00050189806
2425,0.008375062029,0.001653307149
2426,0.006533989331,0.00268357154
2427,0.009340734247,-0.001296600028
2428,0.002424617826,-0.0001173840756
2429,0.009740336141,-0.002135973227
2430,-8.346157913e-05,0.0003287643093
2431,-0.000699798049,-0.004260710715
2432,-0.005804037135,0.006048372285
2433,-0.004548478216,-0.006584109586
2434,-0.003634160615,-0.003285017643
2435,0.01668212993,-0.01332444936
2436,0.004793410925,-0.002528115461
2437,-0.002908975313,0.004021229776
2438,-0.0007099392854,-0.003866520056
2439,-0.006265473055,0.006935415677
2440,0.01687498063,-0.002154093702
2441,-0.008210380521,0.006175482287
2442,-0.003582378887,0.007015632812
2443,-0.0002963673353,0.001291625478
2444,0.01865363122,-0.01286552794
2445,0.02048892105,-0.007401149487
2446,-0.01530151897,0.0095225238
2447,0.003705871969,0.003711580616
2448,0.007172825518,-0.001867185182
2449,0.0001140126428,0.006356409509
2450,-0.001450932491,0.001302130002
2451,0.00608716556,0.00420824527
2452,-0.008494362074,-0.0001864907627
2453,0.00805183785,-0.002631104293
2454,0.009999465986,-0.0004025071247
2455,-0.01452705227,0.008724226825
2456,-0.004417327367,0.002850953262
2457,-0.009989888512,0.003044176777
2458,-0.01323891993,0.007702921357
2459,-0.005442753568,-0.002286830145
2460,0.006680976251,-0.003624853902
2461,0.00373899332,0.005039650393
2462,0.004471050142,-0.001751138682
2463,0.003146709655,0.001220893643
2464,0.00918977509,-0.00370793037
2465,-0.005237224426,-0.01136748525
2466,-0.004381843731,0.005071290071
2467,-0.006676494364,0.01409444121
2468,0.008542317769,-0.007403277528
2469,0.001283299638,0.004348457982
2470,0.01031046812,-0.01179916
2471,0.006909519185,-0.003514871826
2472,0.01350650226,-0.009802111226
2473,-0.01260442107,0.005120094536
2474,-0.06261682797,0.007072565977
2475,0.001572698167,0.003321754436
2476,0.01185328316,-0.0107082042
2477,-0.02695110461,0.0188527923
2478,0.0142537472,-0.03241615911
2479,0.003708203744,-0.002688254978
2480,0.005094603266,-0.006509443928
2481,0.003148557703,-0.005780606912
2482,-0.002174849395,-0.002990490423
2483,-0.001671085512,-0.003751805876
2484,-0.02935005097,0.01977210134
2485,0.002294432036,-0.0004370269408
2486,-0.0005032420437,0.001053645664
2487,0.002920807653,-0.0005028036258
2488,-0.00502351858,-0.003755579319
2489,0.0227109222,-0.0006346500024
2490,0.0009382044142,-0.001460312544
2491,-0.000992877651,-0.004212199181
2492,-0.006723481806,0.003955640033
2493,-0.00382219395,0.005156163029
2494,0.008118232663,-0.005721634856
2495,0.01433339279,0.001270678357
2496,-0.006277574754,0.002403774906
2497,-0.0074484454,0.0005508664621
2498,0.0135348294,-0.009201857669
2499,-0.0006452247195,0.00564275051
2500,0.004723088086,-0.003657218167
2501,-0.03767207501,0.01516404905
2502,0.003218810086,-0.003898647872
2503,0.03178349355,-0.01768927541
2504,-0.01022621241,0.007117084069
2505,0.004103648659,-0.001664180786
2506,-0.001603617911,-0.004739708539
2507,-0.006736550571,0.001180397009
2508,-0.009121253551,0.004414640686
2509,-0.01475450867,0.005717299446
2510,0.00410727365,-0.001947428449
2511,0.01957894592,-0.01116381496
2512,0.01156700304,-0.005500571288
2513,0.0007377019569,-0.001326926497
2514,0.001009544988,-0.004468836361
2515,-0.007640513032,0.002412037679
2516,-0.002642901898,-0.008279860119
2517,-0.004575070759,0.0007981069277
2518,0.008892041708,-0.008614890489
2519,-0.001318002175,-0.002862211478
2520,-0.01227493296,6.724610593e-05
2521,0.00599823418,-0.003037555127
2522,-0.01123959547,0.001803263304
2523,0.0008192150789,0.01356860641
2524,0.01911811563,-0.02183342706
2525,0.07665159865,-0.0247401407
2526,-0.006005430688,0.004630857839
2527,0.03783504329,-0.01714651614
2528,0.001465630094,-0.002236848056
2529,0.003986467887,-0.01010672165
2530,0.002907413418,-0.0005702071672
2531,0.002784897248,-0.003751761856
2532,-0.01324573747,0.004196009538
2533,0.002213974794,-0.003052751358
2534,-0.02920436614,0.0152091761
2535,-0.01639414157,0.0069072975
2536,0.0005934346926,-0.005182180038
2537,0.003383139483,-0.003736217836
2538,0.005995485725,0.001762479012
2539,0.01785001445,0.0009295403589
2540,0.001225020557,0.0001642539206
2541,-0.015191873,0.005891748661
2542,-0.02421931245,0.03764392385
2543,0.0006030948959,0.001425748468
2544,-0.03639998089,0.0233183432
2545,-0.0991429336,0.03482983055
2546,0.004387858569,0.003999618572
2547,-0.006271479944,0.01041668978
2548,0.006866412562,-0.006250717858
2549,-0.01485063282,-0.002441037882
2550,-0.0008943306848,0.0009244613017
2551,-0.01348828477,0.001933876621
2552,-0.004627690225,0.001470023734
2553,-0.00282250408,-4.151562202e-05
2554,0.00717689761,-0.002707504826
2555,-0.005115342208,-0.0002838441022
2556,0.0001119712299,-0.001499456756
2557,-0.00387283693,-0.01404046449
2558,-0.004952533189,0.00609279413
2559,0.02871681811,-0.01297870452
2560,-0.006708261439,0.001582325005
2561,0.04493247459,-0.02253915765
2562,-0.003904811191,0.002299359705
2563,0.01158575323,-0.00680558402
2564,-0.003300922772,0.003593333616
2565,0.008829776462,-0.008920641342
2566,-0.0069227837,0.004592668802
2567,-0.04087467348,0.03669465608
2568,0.01998430537,-0.004066518136
2569,0.01512493097,0.003132929588
2570,-0.1207947362,-0.5148856947
2571,-0.009614292212,0.01276859649
2572,-0.002509022773,0.002424829002
2573,0.00655899594,-0.003946024195
2574,-0.003069003674,0.002283635836
2575,-0.003006812988,-0.005066572621
2576,-0.002945903672,0.001374074899
2577,0.02849425124,-0.01985933913
2578,0.01028285639,-0.00327626861
2579,0.009552730435,-0.004005111285
2580,-5.771667929e-05,-0.003521142245
2581,-0.0008855258783,0.00483417695
2582,0.007379265045,-0.006620317138
2583,-0.003106687332,0.0005129277402
2584,0.00963338229,-0.005567480682
2585,0.01261892567,-0.00696463494
2586,-0.007782488769,-0.001261693547
2587,0.006151465194,-2.283229644e-05
2588,0.00233847131,-0.0007420884357
2589,0.01586463792,-0.007775362337
2590,0.008626163943,-6.172965053e-05
2591,0.01120542362,-0.001804430124
2592,0.004614502119,-0.0009640582769
2593,-0.001251574023,-0.0006845667725
2594,0.01623466496,-0.005295726114
2595,-0.003952478745,0.007369647463
2596,0.005700121597,-0.0001579698969
2597,0.001729654742,0.001166509353
2598,0.003224375031,-0.0004600135484
2599,-0.0116650582,-0.006372446961
2600,0.02177167018,-0.007300608957
2601,-0.0009000557939,0.009642868525
2602,-0.002969553832,0.001014376163
2603,0.0218229334,0.001121339961
2604,0.05148492502,-0.03502116094
2605,0.004489048475,0.002135982161
2606,-0.0003146961068,-0.0002344039998
2607,0.0001900357907,0.000325008913
2608,-0.008758007418,0.000370917576
2609,0.0002614815403,-0.0009715767931
2610,0.0181094694,-0.006815874639
2611,-0.007739902646,0.001415583681
2612,-0.001028214364,0.002084715848
2613,0.003098967109,-0.001643820819
2614,0.001151670438,0.0005287414258
2615,0.009543612421,0.00233879138
2616,0.008494733213,-0.002688875741
2617,-0.009060993556,0.005218411382
2618,2.469561999e-05,-0.0043522479
2619,0.03942765595,-0.01958598654
2620,0.01754588272,0.002029534088
2621,-0.001939351102,-0.0006124369807
2622,0.004561314347,0.002565531617
2623,0.001170821651,-0.0004232609157
2624,0.01882045956,-0.01589532581
2625,-0.000439203807,0.002319075095
2626,0.01553067262,-0.004177932365
2627,0.005804686118,-0.0004102996977
2628,-0.002596658136,0.0007656340058
2629,-0.001478314346,0.003241420216
2630,-0.003506874568,0.006369196118
2631,-0.05384654309,0.04289017602
2632,-0.004630377174,-0.004128491553
2633,-0.005571630343,0.003515553677
2634,0.03285817178,-0.01275146441
2635,-0.008770347945,0.001225396073
2636,-0.00805318121,0.002935332703
2637,-0.006629863854,0.007853323561
2638,-0.008197527267,0.002418636553
2639,0.001976621608,-0.001816990846
2640,-0.01224650778,0.007128973767
2641,0.009511678692,-0.005952220159
2642,-0.008970773626,0.00400202451
2643,0.004936786439,0.0004715398971
2644,0.01082053316,-0.01100092838
2645,-0.007722356985,-0.003240088192
2646,0.000115220837,0.005181458468
2647,0.01136166126,-0.006962858633
2648,-0.01234883827,0.005674799592
2649,-0.001213735812,0.0007203941479
2650,-0.02876517375,0.01239537347
2651,0.006998279959,-0.004492362731
2652,0.01689723832,-0.002728733879
2653,-0.01083940059,0.007043111143
2654,-0.001384014836,0.001011157739
2655,0.04347574768,-0.01508649861
2656,0.004656156,-0.005884143036
2657,0.02728341944,-0.005592330834
2658,0.005847030042,-0.002534145336
2659,-0.005211314889,0.01872218183
2660,0.02121085959,-0.006951518289
2661,-0.006939732155,-0.001216956641
2662,-0.001870484032,-0.001151754413
2663,-0.00978262467,0.0008150519011
2664,0.003266032639,-0.00506122212
2665,0.0013250196,0.0004150780213
2666,0.009903514424,-0.005561187287
2667,-0.002989017634,-0.001543305575
2668,-0.004697043698,0.0009646593055
2669,-0.009974511568,-0.0008553457483
2670,0.0150591937,-0.005010900425
2671,-0.01402443648,0.001755234922
2672,-0.005081706052,0.005159758279
2673,-0.06620567423,0.02240685719
2674,0.01262750476,-0.001052201387
2675,0.02757869829,-0.0177334903
2676,-7.847347388e-05,0.0001215353015
2677,-0.003955641977,0.004307814425
2678,-0.0003880119935,0.004249027459
2679,-0.007509943592,-0.001378828809
2680,0.0009088358689,-0.001095426464
2681,0.0007033914432,-0.0005700229977
2682,0.007014280318,0.0009723784038
2683,0.008845605452,0.0004810007717
2684,-0.01319407609,0.00568112074
2685,-0.0004213118128,-0.01001486833
2686,-0.004694054582,0.005161135322
2687,-0.0007959174776,-0.003627140612
2688,-0.002803901943,0.005142488645
2689,-0.001915986705,0.0004875931939
2690,0.01909385341,-0.004971849333
2691,0.006165479964,-0.004938486856
2692,0.0008588621165,0.002559557165
2693,-0.009344038918,0.01100238225
2694,-0.01211372706,0.004869326661
2695,-0.02968529507,-0.01440411427
2696,0.006551437154,-0.006202382039
2697,-0.0007504910176,0.00364062379
2698,-0.006467546922,0.006726903693
2699,0.01932282616,-0.01050395629
2700,-0.01117793371,0.0009131127679
2701,-0.009192742721,0.00847933141
2702,0.02990551546,-0.01024402269
2703,0.01900119036,-0.006551219115
2704,0.02349450537,-0.0110480231
2705,-0.001840776601,0.002564546423
2706,0.006428282846,-0.004951668649
2707,-0.01521598608,-0.00143618008
2708,-0.007519005244,0.006550587962
2709,-0.01417477673,0.00832293569
2710,0.008239953438,-0.01463121166
2711,-0.00590413175,0.00283013525
2712,0.01520639079,-0.007861485841
2713,-0.01754438874,-0.01642531866
2714,-0.004988097124,-0.00394844618
2715,-0.004223074999,0.01400568837
2716,-0.0009502298238,0.002283887634
2717,-0.001126911122,0.001951417201
2718,0.1407664416,0.1326110645
2719,-0.004088542234,0.0004668408321
2720,-0.002273482759,0.0145732691
2721,-0.006472303839,-0.0003595551996
2722,0.01192908956,-0.003214178147
2723,-0.00268328379,-0.0003677556492
2724,0.02244921042,-0.01613421298
2725,0.02140554089,-0.005788925049
2726,-0.003829119321,0.001564246022
2727,0.0170283488,2.922638803e-06
2728,-0.009387490733,0.004053621405
2729,0.0006426032496,0.002515922147
2730,0.07924632859,0.1115382147
2731,-0.001680369471,0.0007422143269
2732,-0.004256805584,0.002690554647
2733,0.02002529366,-0.01224500305
2734,0.0001839579328,-0.003924603853
2735,-0.0002386047274,0.003620684292
2736,0.01252804356,-0.004289699155
2737,-0.05629414555,-0.0006762250319
2738,-0.02228072242,0.0009494606779
2739,0.01181078484,-0.005709317335
2740,0.001422730174,-0.001291857566
2741,-0.009480885599,0.002437643753
2742,-0.002119285388,-0.0117619589
2743,-0.005890941614,0.0005069115258
2744,0.006661561376,-0.001778980063
2745,0.03225660134,0.003829520057
2746,0.02171472871,-0.008131730497
2747,-0.001030240801,-0.001002353717
2748,0.007301157025,-0.005006081081
2749,0.0112241871,-0.006750936858
2750,-0.013142837,0.001045722774
2751,-0.002074064744,-0.000869714597
2752,0.00864692724,-0.00388556938
2753,0.03334360115,-0.01184543201
2754,-0.007271100165,0.00260837037
2755,0.0113668324,-0.01535102095
2756,-0.01028400816,0.005241415381
2757,-0.01083726312,0.002607907096
2758,-0.01204732367,0.01243572577
2759,-0.0006530284677,-0.004097448496
2760,-0.0002810491284,-0.001535486114
2761,0.009182307967,0.002985444632
2762,-0.007740512731,0.003615343296
2763,-0.01033964514,-1.584288024e-05
2764,0.001261086038,0.002055149423
2765,0.009590120295,-0.004251986371
2766,-0.008956488189,0.004602765178
2767,-0.009964551051,0.002901297432
2768,0.01798546846,-0.01325427068
2769,-0.02448388312,0.007306452542
2770,-0.008269281522,-0.001596313342
2771,-0.0008333147028,0.0102901495
2772,0.0002098281811,0.006574744761
2773,0.01013414837,-0.01076750609
2774,0.0003563465011,-0.0004377102979
2775,-0.009985696116,0.001926939774
2776,0.004584522722,-0.001208731357
2777,-0.005076256051,0.004730415757
2778,0.009536965526,-0.0009508214652
2779,0.004807164515,-0.00812517553
2780,-0.00153371463,-0.01485500479
2781,0.005989217905,-0.001040881627
2782,0.00321715793,-0.002122215409
2783,-0.004212276988,0.002964956194
2784,-0.005375286545,0.002059698471
2785,-0.005849996734,0.002529602753
2786,-0.003928974647,-0.0006317555587
2787,-0.01166338936,0.002906834209
2788,-0.001090319101,0.002047729109
2789,-0.01585322657,0.008929932194
2790,-0.02357147349,0.02432306344
2791,-0.009188180555,0.001571869234
2792,0.04640211014,-0.02792251253
2793,-0.008615576391,0.002072414686
2794,0.007432099261,-0.003255999965
2795,-0.002628990946,0.002276458833
2796,0.02978773192,-0.01069113876
2797,-0.028187897,0.01040909267
2798,0.002285485229,0.002983841119
2799,0.002537847839,0.0007058110067
2800,-0.001073910557,-0.00408360697
2801,-0.01444646763,0.009428554004
2802,0.007859936916,-0.003542401568
2803,0.003405736097,0.001134033522
2804,-0.001116745623,-0.001600794404
2805,-0.005539563212,0.001441308799
2806,0.0007353081854,0.008914995369
2807,-0.006203179601,0.001175333781
2808,-0.005933459306,0.007062302057
2809,0.004963161494,-0.008782193194
2810,-0.006132645545,-0.001486806754
2811,-0.001627115521,-0.004761262873
2812,-0.001859232892,0.006053266278
2813,-0.01042416192,0.01004826975
2814,0.005879443322,-9.530995404e-05
2815,0.0132340779,-0.005208111293
2816,-0.009154155849,0.003573375894
2817,0.03480486612,-0.01034250393
2818,-0.002601808175,0.003293686073
2819,0.005502569761,0.0001031364659
2820,-0.002373765205,-0.0009383301535
2821,0.007080089059,-0.004065305075
2822,0.01152357465,-0.005298036143
2823,-0.01420986559,0.002876130366
2824,-0.003198013875,0.0002236836709
2825,-0.002605666015,-0.002687439289
2826,-0.005502794582,0.002696309726
2827,0.01463006381,-0.00405285503
2828,-0.00948236393,-0.003365980745
2829,0.01948693038,-0.009879423608
2830,-0.01061932952,-0.002237743846
2831,0.01777834346,-0.0003875400851
2832,0.01073408033,-0.005670156767
2833,0.0007530348395,-0.003330046385
2834,-0.002353295126,0.0009634851439
2835,0.003554178081,-0.007485361591
2836,-0.004939442949,0.006640039648
2837,-0.003083123053,-0.0005141336668
2838,0.004546426529,-0.01320669074
2839,0.005077904736,-0.002562414256
2840,0.009192216303,-0.002259474143
2841,0.006323377736,-0.008352873532
2842,-0.008108677766,-0.00191506978
2843,-0.004782941063,-0.006993655315
2844,0.002591676812,-0.004790148084
2845,0.003009662087,-0.003641375071
2846,0.007750731485,-0.002990296436
2847,-0.007321829236,0.004687387615
2848,-0.001796823928,0.003261143435
2849,0.0122661992,-0.001834964441
2850,-0.01568540423,0.003967295394
2851,-0.0135982683,0.00315543419
2852,-0.00122152266,-0.002988668846
2853,-0.009153076549,0.001720851626
2854,-0.007781603009,0.0005506903144
2855,0.01396922672,-0.004659515158
2856,-0.001529681023,0.003659417508
2857,0.001446167506,-0.001320549257
2858,0.01660609462,-0.0125213222
2859,-0.003813611998,0.003153498951
2860,0.001315745009,-0.002189020091
2861,-0.007456425412,0.003200935519
2862,0.006878426309,0.0006305168902
2863,-0.00333134452,0.003797875751
2864,0.005954294252,-0.005752955592
2865,-0.004749994194,0.000278899439
2866,-0.009472449228,0.003481065685
2867,-0.002261286655,0.001768903472
2868,0.007839865311,0.001693421662
2869,-0.001525063151,0.006572793568
2870,-0.004436498768,-0.002061009854
2871,0.008605606316,-0.005256556291
2872,0.001706748371,0.001239991809
2873,-0.02969195465,0.01337772368
2874,0.02639754712,-0.009957437529
2875,-0.002446095174,0.003603172059
2876,0.01040454049,-0.0033633195
2877,0.02915708534,-0.009270224677
2878,0.008159358678,0.002111049788
2879,0.008209063541,-0.001757988427
2880,-0.003187062526,0.001472501993
2881,-0.02679556114,0.01502517488
2882,0.0005415843131,-0.003648598367
2883,0.0545686277,-0.01165791231
2884,0.005638480053,-0.005162935257
2885,0.011385728,-0.004187392623
2886,-0.003500177737,0.004964479878
2887,0.02028516798,-0.00676584589
2888,0.008150186811,-0.006324431988
2889,0.009202240167,-0.001721045083
2890,0.001338660958,-0.000262676473
2891,-0.005223644113,-0.002321332845
2892,0.001985894499,-0.003876865078
2893,-0.003481437407,-0.002250218621
2894,-0.01928082427,0.00467321401
2895,0.008103471332,-0.004943299186
2896,0.05993457508,-0.01947859565
2897,0.008938301141,-0.006489484719
2898,-0.001373519968,-2.619035662e-05
2899,0.0005622071661,0.0007194802427
2900,-0.0157285878,0.02177112387
2901,-0.00488135218,0.001690299357
2902,-0.007280640617,0.004217924065
2903,0.001390245592,-0.001702453548
2904,-0.008158044415,0.0006795420013
2905,-0.001095241831,-0.001576860136
2906,-0.03388050651,0.009573480291
2907,-0.002898769107,0.01230036319
2908,-0.006365243235,0.004109961049
2909,-0.00910586631,0.009260249086
2910,0.0002425796271,0.0008071133865
2911,-0.020683789,0.008287393083
2912,0.00459742396,0.001973471376
2913,-0.002929972326,-0.002300145616
2914,-0.01113971586,0.0261569919
2915,0.00175743686,0.001286031764
2916,-0.001915293711,0.003775674112
2917,-0.003712666553,-0.002143928226
2918,0.005762948929,-0.009258994746
2919,0.002786830876,-0.009428460419
2920,-0.0141568004,0.004039252529
2921,-0.01093407827,0.005654874576
2922,-0.02023821676,0.006761905262
2923,-0.02187553884,-0.004171494275
2924,0.0004951294771,-0.002201086176
2925,0.01982710042,-0.005105144408
2926,0.001527766567,-0.00807137008
2927,-0.01036248011,0.009327054877
2928,0.001225367974,0.004068600557
2929,-0.006065069951,0.005671565719
2930,-0.008456426289,-0.00445784767
2931,-0.002952850256,-0.001151637178
2932,-0.01718093849,0.01112314829
2933,-0.002195405981,-0.0005565242396
2934,0.02210570652,-0.01383124477
2935,-0.0002426435324,0.001308876789
2936,0.01733454442,-0.007433468041
2937,-0.004817290824,-0.0016086559
2938,-0.006293382624,-0.001185627079
2939,-0.0002033322411,0.005093150338
2940,-0.003943286049,-0.006635477801
2941,-0.01091345334,0.005165295976
2942,-0.008731868858,0.002847391903
2943,-0.012895839,0.003981311417
2944,0.03824088175,-0.02008627653
2945,-0.003730241947,0.004514726061
2946,-0.0003190826985,0.001118145287
2947,0.01240577127,-0.002918450675
2948,-0.0001461758147,0.006868184297
2949,-0.007046424467,-0.001188828707
2950,0.003400454752,-0.0008049294657
2951,-0.006092591363,0.004673638552
2952,-0.003258389569,0.001755446005
2953,-0.1044424511,0.02809813558
2954,0.01651169581,-0.00711975384
2955,-0.009746583729,0.001896399418
2956,-0.005533525854,0.003046623803
2957,0.002055547117,0.0002770350163
2958,0.03993918085,0.01744691747
2959,-0.01143269294,0.007619070157
2960,0.004060092337,0.001214444213
2961,0.006785954154,-0.001742116687
2962,-0.001189863777,0.001081293253
2963,-0.0005167946187,0.003617578898
2964,0.002114112683,-0.001389495681
2965,0.02205929874,-0.007075748121
2966,0.003060949137,0.001234097634
2967,-0.007079183372,0.002988474728
2968,0.006632285707,0.001006024765
2969,0.002920386754,0.004970267618
2970,-0.01071162415,0.005841925295
2971,0.0114489173,-0.003491080365
2972,-0.007230806126,0.0004227337886
2973,0.01500297685,-0.001135505943
2974,-0.001462168748,0.001831727974
2975,0.01693728305,0.0005692956126
2976,0.005430699503,-0.001470959072
2977,-0.005317738193,-0.0009079721956
2978,-0.02032145152,0.003872516436
2979,0.004161508663,-0.0009293130507
2980,0.03633443439,-0.01391277982
2981,0.003532784359,-0.008190782068
2982,-0.004189628627,-0.001884792259
2983,0.005232413999,-0.003889729103
2984,-0.003950703033,0.002873381335
2985,-0.002916480275,0.003188524012
2986,-0.000411618607,0.006690825745
2987,-0.01067231764,0.002657797387
2988,-0.07992309084,-0.01516856434
2989,0.01675176934,0.008005376434
2990,0.003382133481,-0.004647494807
2991,0.006450745168,-0.004768196407
2992,-0.009440558555,0.005762054095
2993,0.001871094689,0.001850990682
2994,0.006194310648,-0.00427395609
2995,-0.02142461095,0.007833277688
2996,0.00172789728,-0.003498838256
2997,0.0007500570554,0.004646853348
2998,0.02188064101,-0.007313561181
2999,-0.01171606433,0.003291736985
3000,0.008063978812,-0.001182591522
3001,-0.002124684106,-0.0005366018388
3002,0.00498433332,-0.0001410410152
3003,0.02068539951,-0.0130261744
3004,0.001622820754,-0.0006725494396
3005,0.02369129217,0.008193504468
3006,0.003371923944,0.001030085846
3007,-0.00598897919,0.005872754613
3008,0.004440795058,0.00198982326
3009,-0.01058601519,0.002497944768
3010,-0.01552152539,0.0001186030696
3011,-0.0001346254122,-0.00299469546
3012,-0.001203440211,0.003633519851
3013,-0.003939723123,0.008115233334
3014,-0.02029375498,0.003890302753
3015,-0.008187162802,0.004470364081
3016,0.003522241759,0.008308648102
3017,-0.003838127753,0.0007772042559
3018,0.01213408513,-0.006236431712
3019,-0.002477529576,0.00117526191
3020,0.0009114305995,0.005826278444
3021,0.01149707493,-0.01008417714
3022,-0.002470937774,0.001196846782
3023,-0.003275789506,-0.002387731685
3024,-0.002245370486,3.815150184e-05
3025,-0.004376771138,-0.002317122544
3026,-0.008941776555,0.003113343596
3027,0.003395679507,0.0008634483599
3028,-0.007129148645,0.004131403374
3029,-0.004945231467,0.002134361061
3030,-0.007051621984,-0.003598452994
3031,0.008185589302,-0.002114643784
3032,-0.01772136528,0.005293368207
3033,-0.002565260454,0.0002391698813
3034,-0.01223980213,0.005933557672
3035,-0.0112893736,0.0008203668987
3036,-0.002000741362,0.0004300217711
3037,0.005089573168,0.003144037038
3038,-0.0104664522,0.005526541025
3039,-0.0008470000049,0.003118973782
3040,-0.006966658307,-0.0004662803326
3041,0.005042653006,-0.004430564978
3042,0.002932772321,-0.002739966115
3043,-0.001770787101,0.007055689304
3044,-0.007054703109,0.0003283235476
3045,0.01033234078,-0.004389067143
3046,-0.01535290769,0.003978345493
3047,0.002481125681,0.000484713116
3048,0.003697665257,0.00130455397
3049,-0.01158864547,0.00150776341
3050,0.001709771115,0.000173916684
3051,-0.00189041009,0.005539958944
3052,-0.006835570615,0.0001155237607
3053,0.0314138278,-0.0130648625
3054,-0.006936508449,0.00244683894
3055,0.006701593861,0.0006625679039
3056,0.00694228387,-0.0004359297155
3057,0.01198731384,-0.005443797602
3058,0.02325168555,-0.01400370171
3059,-0.008720484257,0.004298145246
3060,-0.0006882568353,-0.002512508022
3061,-0.01847309862,0.006699506199
3062,0.009169338978,-0.003400874586
3063,0.006307366725,-0.0007361827367
3064,-0.0437150466,-0.0002172514536
3065,0.0001046941076,0.001388073795
3066,0.004795845774,-0.001801668325
3067,-0.009561701649,-0.0006037374311
3068,-0.02369268993,0.006494248453
3069,0.0007658099217,-0.001096287012
3070,0.002970350464,0.002992016821
3071,-0.0004101743375,0.005878046072
3072,-0.00827306788,-0.002721069248
3073,-0.0440811663,0.02542748903
3074,0.009503855688,-0.0001270851281
3075,-0.00499160447,0.005370231718
3076,0.009541338379,-0.003717267939
3077,0.00201295209,-0.002143954578
3078,-0.006691014474,-0.004049129687
3079,-0.002084279304,9.290902513e-05
3080,0.001019257128,-0.003294182911
3081,0.006743371265,-0.002489111648
3082,0.005584775115,-0.00557773418
3083,-0.001635745769,0.0004538919904
3084,-0.003241892883,0.001204836094
3085,-0.02514162117,0.009144386144
3086,-0.001242404745,0.003377711492
3087,0.007627106157,-0.006479877282
3088,-0.008221791515,0.006674154053
3089,0.009942321268,-0.003831544132
3090,0.007151321794,0.008882858758
3091,-0.0003234642565,-0.002770250763
3092,-0.02324329793,0.005479199799
3093,3.867751211e-05,-0.002946250793
3094,0.004027532967,-0.003130578688
3095,0.02342567428,-0.008132071545
3096,0.006367034045,-0.0009087189369
3097,0.007619941826,-0.002249468115
3098,-0.00591673048,0.002646091429
3099,-0.003175938017,-0.0009192292555
3100,0.01104202879,-0.006346665526
3101,0.002665624354,0.0009854030511
3102,-0.008135889406,0.00228801582
3103,0.003773598143,-0.006932592152
3104,-0.0008907763066,-0.006469071067
3105,-0.006433606035,0.005287470594
3106,0.003769886028,-0.003368766967
3107,-0.00876111118,5.01152595e-05
3108,-0.01490583168,0.006460040906
3109,-0.009405846397,0.0001758207366
3110,-0.06312936654,0.06036665003
3111,-0.01913509371,-0.003889283705
3112,-0.0004735681768,-0.0001009103377
3113,0.007898522188,0.007661915192
3114,-0.004940694408,0.005873271935
3115,0.006087535414,-0.002868482576
3116,0.008723682835,-0.004737498713
3117,0.007766213795,-0.003591778321
3118,-0.01041362667,0.003452916217
3119,-0.03183679599,0.04520583345
3120,0.01644670247,-0.006654881843
3121,0.01434154869,0.0003648717052
3122,-0.01060340853,0.005633807834
3123,-0.03535603596,0.002891860417
3124,0.003452064251,-0.01879234478
3125,-0.01164425143,0.00987939051
3126,-0.003567579804,0.002156059341
3127,-0.01892405116,0.008718892751
3128,-0.02998467869,0.01652822501
3129,-0.02376764086,0.01144820807
3130,-0.01476885458,0.00797283346
3131,-0.008279476188,0.001592132786
3132,0.004431606603,-0.01907699992
3133,0.008101562918,-0.01085469513
3134,-0.01496223231,0.0002191625876
3135,-0.002711204461,-0.001362240736
3136,-0.005669862207,-0.001231524961
3137,-0.005042092562,0.003386758567
3138,0.00151144983,-0.004206660752
3139,0.008973240684,-0.001864469308
3140,0.001836429361,-0.003323696568
3141,-0.001513130161,-0.000591827935
3142,-0.004752728115,-0.001297556112
3143,-0.007548682152,-0.003126111226
3144,0.008708165771,-0.004642239895
3145,0.00048818145,-0.00304041539
3146,-0.005189401003,-0.000382628408
3147,-0.001817627922,0.0007411950478
3148,0.003543287889,0.00645836179
3149,0.004210896312,-0.003286783685
3150,-0.005490246555,0.003591654231
3151,0.0006146128384,-5.843791055e-05
3152,0.01375255429,-0.01046306386
3153,-0.01314033408,0.005015948718
3154,0.02861523537,-0.009276436537
3155,0.006469165447,-0.004480521391
3156,-0.0153627182,0.01060004959
3157,-0.01557142085,-0.01209942884
3158,-0.01918546164,0.008053573114
3159,0.01083633853,-0.001100367937
3160,-0.0006912112814,-0.003416402817
3161,-0.002513801686,0.0006201289108
3162,-0.01265689387,-0.0005578991501
3163,-0.009181441429,-0.0007938307318
3164,-0.003241279565,0.0007290634463
3165,-0.005440135742,0.005552302961
3166,0.0009563008645,0.001913403175
3167,-0.007652362823,0.002667497253
3168,-0.002717913892,0.001135653055
3169,-0.01257017048,-0.002868383581
3170,-0.002754750471,0.0009078370324
3171,0.01009512652,-0.01239540629
3172,0.005017108072,-0.002131803493
3173,0.008489691535,-0.008473131781
3174,-0.004243928698,0.002714486572
3175,0.001229346083,-0.0007688275713
3176,-0.00611075244,0.002429953236
3177,-0.002044008264,0.0009921077065
3178,0.007125686241,-0.002271295563
3179,-0.0003523951165,0.00325825084
3180,-0.004076960002,0.001091540385
3181,0.01147593368,-0.01617314247
3182,0.01645311204,-0.001984169497
3183,-0.0007980096826,0.001598872008
3184,0.001899969576,-0.006266245647
3185,-0.006360559924,0.0003398751595
3186,-0.002699193129,-0.003394883808
3187,0.00773068921,-0.005140667696
3188,0.002064814578,-0.006083787734
3189,0.01106356109,-0.004756978765
3190,0.004151252598,-0.003087661821
3191,-0.01018378012,-0.002889375275
3192,0.04680038462,-0.02089690872
3193,-0.008174936596,0.0006176869461
3194,0.001592552668,-0.0007253836254
3195,-0.007682251825,-0.001969208877
3196,0.007525767859,-0.003095301857
3197,0.07732264651,-0.085266847
3198,-0.0001181581932,0.0008344825857
3199,-0.008009667435,0.007402064097
3200,-0.004036772625,0.004843822378
3201,0.003312109803,0.0001454951668
3202,0.007010802199,-0.003222705591
3203,0.007179194685,-0.005920653134
3204,-0.00192697814,-0.001269688151
3205,-0.02236451475,0.00819080504
3206,-0.07621844365,0.01485790345
3207,-0.003049758779,-0.000821096373
3208,-0.001523213971,0.001091260642
3209,-0.02048301718,0.008684315211
3210,0.003325797743,-0.004348834245
3211,0.007909168969,0.0004027432108
3212,-0.01108301534,0.002658587649
3213,0.02052178507,-0.004506763258
3214,-0.006088504455,0.003434126857
3215,-0.01165091054,0.002651921712
3216,0.02547610308,0.00102439738
3217,0.003135771784,-0.002591582857
3218,-0.0001597466792,-0.004521264328
3219,0.002776046068,0.001282636372
3220,-0.005558427094,-0.001243184903
3221,-0.006335135823,0.003561614019
3222,-0.006565210766,0.004473212281
3223,0.005729805843,-0.002669838738
3224,0.006651458548,-0.0009747370542
3225,0.002952823486,0.0001108752153
3226,-0.001800535264,0.001002596303
3227,-0.00868339668,0.00339214711
3228,0.001916432494,0.004149213077
3229,0.002810980784,-0.001403821257
3230,0.009763221659,0.002712588216
3231,0.01793069243,-0.01088846574
3232,0.02816827049,-0.009051072844
3233,0.001879975091,-0.002096237903
3234,0.007883670487,-0.008883574431
3235,-0.02672275164,0.01792770529
3236,-0.01472034247,0.0001854978863
3237,0.003734564653,-0.002459527849
3238,-0.01348778027,0.005178320512
3239,-0.01156746086,0.001663751278
3240,0.004998747159,0.00719295685
3241,0.0185446548,-0.007732769978
3242,0.003674436287,-0.0004613713129
3243,-0.0009239479754,-0.001702144497
3244,0.01161033874,-0.002731607197
3245,-0.02048414589,0.01116720178
3246,0.01428160752,-0.008225773244
3247,-0.004152107022,0.004895086601
3248,0.02799830677,-0.002211652568
3249,-0.005703036818,0.001852004568
3250,-0.01026800818,0.004476296524
3251,0.0003388253382,0.003171798952
3252,-0.01070362058,0.0036701652
3253,0.008489323367,0.002210000668
3254,0.007886555335,0.00232625024
3255,0.01546890185,-0.0004772637194
3256,0.004918795441,-0.003047990104
3257,-0.00178645299,-0.007374560794
3258,0.004299103283,-0.001586540729
3259,0.002345170818,-0.0005868602321
3260,0.01701950855,-0.005786945729
3261,-0.00566354634,0.0007801374466
3262,0.01136245191,-0.003871575922
3263,0.006288293803,-0.005543165018
3264,0.007248390398,-0.002673953889
3265,-0.004804501253,0.001930730458
3266,0.003373932646,-0.001139547363
3267,0.0006022233679,0.0001370077308
3268,-0.002984462238,0.007787401273
3269,0.009534898385,-0.003438511946
3270,0.01812868444,-0.01160685931
3271,-0.007620544059,0.001471667132
3272,-0.0008248269567,-3.76001162e-05
3273,0.007217884088,0.005973874613
3274,0.005495757766,-0.000605762948
3275,-0.01164714574,0.009521570158
3276,0.03974038219,-0.001321815452
3277,-0.003081954664,0.003123451722
3278,0.01003991138,-0.005786387762
3279,-0.006567066305,0.008507977579
3280,0.006670937647,-0.004368947191
3281,-0.09607012822,-0.1489437133
3282,-0.005213348964,0.00416591856
3283,0.001270287293,0.001824144773
3284,-0.0122375892,0.005013808312
3285,-0.002624465708,0.002430076836
3286,0.008863974187,-0.002839743035
3287,0.004969761827,-0.002475925045
3288,-0.04303596972,0.02596376853
3289,-0.003138459471,-0.003771293964
3290,0.008952378384,-0.0004563467822
3291,-0.01087258895,0.001045646749
3292,0.00846979609,-0.004757008077
3293,9.224459089e-05,0.002769523501
3294,-0.002026576949,0.002246410481
3295,0.006450396125,-0.002885417558
3296,-0.01569706009,0.02194547338
3297,-0.01789646343,0.005507506688
3298,0.01183277081,-0.0001200460881
3299,-0.004383989927,0.001032328444
3300,0.010650033,-0.005584499306
3301,0.002200303965,0.001189407467
3302,-0.003693042757,0.008788148863
3303,-0.02266338062,0.01311347189
3304,0.006557834996,0.0003059890767
3305,0.01005332326,-0.0002695912431
3306,-0.0001440493917,-0.0005916081259
3307,-0.001720225865,0.0002717239942
3308,0.002029108687,-0.0008184475065
3309,0.00370834397,-0.003607898233
3310,-0.009311233176,0.0005995212953
3311,0.008622234325,0.01512937368
3312,0.03482065917,-0.003171188699
3313,0.006985297762,-0.00350425091
3314,-0.01455606483,-6.494134323e-05
3315,0.007152671158,-0.006819238585
3316,0.007110177012,0.001424595608
3317,-0.007066062757,0.00222239034
3318,0.001930710862,0.002097493275
3319,0.01997016818,0.007768634266
3320,-0.007185260293,-0.00341666801
3321,-0.003613125476,0.005129441828
3322,-0.01493808721,0.004895536384
3323,0.00374202787,-0.0003298776232
3324,-0.004296291925,0.009512107753
3325,0.005522481581,0.006894036155
3326,-0.00402679274,0.003472988249
3327,-0.0098311826,-0.001469972668
3328,-0.0003383958272,0.001944811425
3329,-0.01085717007,0.009543140439
3330,0.02928851026,-0.03078033518
3331,0.002603497286,-0.0008351154823
3332,0.006506691821,-0.002907083673
3333,0.008210576436,0.007013509419
3334,-0.002332296714,-0.002211966543
3335,-0.01805708794,0.004404475771
3336,-0.003464342074,0.004833991202
3337,0.01597175735,-0.00804741147
3338,-0.006005053737,0.00569001716
3339,0.00478759195,-0.001392804458
3340,-0.00448769797,0.006854885283
3341,0.01153416123,-0.009267257767
3342,0.01288596183,-0.004123628844
3343,0.008593569866,-0.004996452528
3344,-0.008291313851,0.01807722111
3345,0.01898077092,8.134239966e-06
3346,0.004663851653,-0.0006659000427
3347,-0.0172018593,0.007278740466
3348,0.0006164193802,-0.0003115841553
3349,0.009741202269,-0.001319695501
3350,-0.008816587752,5.142182111e-05
3351,0.00132430616,-0.002167809335
3352,0.01122090422,-0.000662925495
3353,0.0002889047053,0.003172107934
3354,0.01056900812,-0.00291186038
3355,-0.005439771564,0.00597880535
3356,-0.002792230856,0.005284510519
3357,-0.008132260773,0.003612255926
3358,0.06068548118,-0.01644890626
3359,0.005770054753,-0.003270168313
3360,0.02749121665,-0.006712851347
3361,0.0009288313024,0.003161521872
3362,-0.002135092004,-0.001539264712
3363,0.01243782876,-0.01374306304
3364,-0.01554075758,0.006565446603
3365,0.0002410279835,0.001454046649
3366,-0.005712669081,-0.002039807613
3367,0.005512167675,0.00281769105
3368,0.001411712663,0.00240988244
3369,-0.0384750449,0.02792891094
3370,-0.01682297522,0.007368423142
3371,-0.00393889297,0.003283735029
3372,0.0005749899277,-0.002246737232
3373,-0.008153259362,0.003884691256
3374,-0.001965756964,-0.003985931158
3375,-0.002649633062,-0.002562518087
3376,-0.01877590673,0.004888685798
3377,0.005040226607,0.001038996899
3378,0.01120837607,-0.003897254583
3379,-0.02485722336,0.01377941161
3380,-0.03061588839,0.01444371669
3381,0.006093862814,-0.002361779209
3382,-0.002349660052,0.01018963448
3383,-0.002691122796,-6.05045931e-05
3384,-0.003065901692,0.002535394877
3385,0.000722400303,0.0004242824686
3386,0.0009173223875,-0.0001309688724
3387,-0.006990506522,0.002064505721
3388,-0.02359435525,0.001279169627
3389,-0.003082909784,0.002343016314
3390,-0.002431905286,0.004444236296
3391,0.01092808443,-0.004574374573
3392,0.01776649391,-0.00658891411
3393,0.009699105271,-0.003399308893
3394,-0.01077906088,0.02484759657
3395,0.002041855474,2.373046318e-05
3396,-0.004899407131,0.001498139815
3397,-0.01496758169,0.005506295741
3398,0.03831189738,-0.01475819361
3399,0.00698504416,-7.617138236e-05
3400,-0.008542201402,0.007643430461
3401,-0.00540540651,0.002100867352
3402,0.004414043622,-0.01020958948
3403,-0.01118780551,0.01132549736
3404,-0.009966534617,-0.00141298075
3405,-0.02347344225,0.008204871335
3406,0.002981867007,0.001082633738
3407,-0.001200356757,0.01164658255
3408,0.001461774692,-0.001971816395
3409,0.01710754181,-0.0107801834
3410,0.002009597414,-0.00247875929
3411,-0.005540587683,0.006136473193
3412,-0.007496337724,-0.006958613363
3413,-0.01403877929,0.01922151373
3414,-0.003068213033,0.000803862941
3415,-0.01615214406,0.009216906237
3416,0.007437205279,-0.003573667045
3417,0.002880899203,0.004615035455
3418,0.0008489364252,0.002355368093
3419,-0.01884600101,0.0147320554
3420,0.0001866013748,0.001907782414
3421,-0.00443655041,0.0002591107428
3422,-0.001870827338,0.003308110117
3423,-0.005808377649,0.002352922592
3424,-0.002747436605,0.002012967067
3425,-0.00510259785,0.004999315022
3426,0.001432900755,-0.0003034953226
3427,-0.0008572099465,-0.001954415583
3428,-0.002968058392,0.002472982143
3429,0.0006646674615,-0.0007357112626
3430,0.05520012805,0.007304657648
3431,-0.01526653491,0.007252703887
3432,0.009039416474,-0.003687217865
3433,-0.005300943092,0.009589009178
3434,-0.01747698255,0.003257017841
3435,-0.0165035383,0.002898783696
3436,-0.02062109147,0.01032444167
3437,0.009356589904,-0.00735554293
3438,0.0134559226,-0.01520316114
3439,0.006049725578,0.0008446063064
3440,0.004212877811,-0.002750897348
3441,-0.003245354381,-0.00872659128
3442,0.006976885722,-0.005864433635
3443,-0.004618763547,0.005117638256
3444,0.005621387501,3.634310428e-05
3445,0.001536457588,-0.00394388281
3446,0.000689388932,-0.00371069264
3447,-0.004679233545,-0.001137030537
3448,0.005169881252,-0.0003233409232
3449,0.01638587044,-0.003508505505
3450,-0.01102729454,0.0016020059
3451,0.003374523877,-0.00310690029
3452,-0.007930295908,0.01189784327
3453,-0.004021246189,-0.01507372086
3454,0.003567907571,-0.001366562136
3455,-0.001821360743,0.002076361415
3456,-0.005949386677,-0.001359350589
3457,0.02044628462,-0.006046472365
3458,0.002270036272,0.002858981505
3459,-0.00891209043,0.003783161284
3460,0.00934367077,-0.005138967536
3461,-0.02804646575,-0.006856883759
3462,-0.0008795652811,-0.00324959619
3463,-0.02451211958,-0.01610142777
3464,0.01619086516,-0.0007689171887
3465,0.01332771531,-0.01095161219
3466,0.03563798204,-0.03380025908
3467,-0.002238155114,0.004926985423
3468,-0.001428760401,-6.287626649e-05
3469,-0.001620757878,0.001041709766
3470,0.005030874317,-0.001443086374
3471,-0.003363957393,0.005410448186
3472,0.001418187072,-0.0001885298391
3473,-0.01188070998,-0.00132080699
3474,-0.003383802821,0.005635283548
3475,0.0277725553,-0.02359904868
3476,0.008415125198,-0.002495389607
3477,-0.01826109468,0.007412456564
3478,-0.002339910783,0.00117640166
3479,0.02560240068,0.000590838758
3480,0.00121410754,0.0008922840879
3481,-0.01061591112,0.006936231133
3482,-0.03413356678,-0.008383066614
3483,0.005159722945,-0.002031709828
3484,0.001283974101,0.0009063922754
3485,0.002653443598,-0.0007568796105
3486,0.01133891164,-0.0005836511546
3487,-0.01797480586,0.005003605507
3488,0.0130763208,-0.002709771396
3489,-0.00335463499,-0.003993332764
3490,-0.0002843337567,0.007594083287
3491,-0.007295615405,-0.004928341627
3492,0.004886675638,-0.006688139817
3493,-0.01051052961,0.0142452755
3494,-0.004422737028,0.0004952910384
3495,-0.003725994904,0.003739790357
3496,0.04105853092,-0.02357153424
3497,-0.001629227245,-0.001207276553
3498,0.007500994239,-0.006567429196
3499,0.01623592435,-0.007106325955
3500,0.006550613544,-0.004942013128
3501,0.00733171092,-0.008953291439
3502,-0.00304264855,-0.005524418345
3503,-0.01584610092,0.01027667116
3504,0.005357447209,-0.001353332041
3505,0.004718173005,-0.002727879689
3506,-0.002339780653,-0.006246777215
3507,0.03362661298,3.550298114e-05
3508,-0.001474515362,0.004703244038
3509,0.007271020745,-0.009293097431
3510,-0.006164271909,0.002400082227
3511,0.002246883604,-0.00313149038
3512,-0.02269963808,0.0222130489
3513,-0.01752923512,-0.001779079268
3514,-0.02307595874,0.007615113373
3515,0.02342478807,0.007240082292
3516,0.01307305573,-0.007303648498
3517,-0.01877666041,0.001949820749
3518,0.008576690716,-0.003895789645
3519,0.006471223473,-0.00698276858
3520,-0.01432042423,0.007531006045
3521,-0.006861375645,0.003733627134
3522,0.002309879755,-0.009598557434
3523,-0.01185036669,0.001496706543
3524,-0.0285929666,0.0145563146
3525,0.01050120808,-0.009726779547
3526,0.003109563395,-0.0004066741584
3527,-0.005203956056,-0.0001513427988
3528,-0.0008145989801,-0.001771377788
3529,0.005926091396,-0.0036493548
3530,0.007306672604,-0.004283328849
3531,0.02775294139,7.378257349e-05
3532,-0.008192618125,0.003326294637
3533,-0.01942611008,0.01172067141
3534,0.005718568971,-0.003463302606
3535,0.01071149929,-0.007198862637
3536,-0.01108066608,0.005197598001
3537,-0.009669239784,0.006174217384
3538,0.00131050133,0.00246989474
3539,-0.01896617994,0.004992139127
3540,-0.007023888176,0.0005570812864
3541,0.005645243612,-0.005929896092
3542,-0.001922740262,0.005004714254
3543,0.01675273114,-0.006685465604
3544,0.003551711236,0.0008485087547
3545,-0.04353939786,-0.01202006121
3546,0.005886086956,-0.006311308398
3547,-0.004035898536,0.0004518704479
3548,0.01172740882,-0.001584267469
3549,0.01727685745,-0.006901985001
3550,0.01662859694,-0.002125634539
3551,-0.01538088065,0.005088033373
3552,0.00347231693,-0.00108378769
3553,-0.01252411659,0.002807339049
3554,0.002571157135,-0.007214113944
3555,0.004960711108,-0.001828916297
3556,-0.0130934263,0.007185296199
3557,-0.00910887693,0.005760094328
3558,-0.01024419138,0.007846074924
3559,0.004346492361,-0.001471540854
3560,-0.006547858617,-0.005869514789
3561,0.01306747703,0.001890650976
3562,-0.01750191086,0.01579024036
3563,-0.001107708313,-0.003523676659
3564,-0.001232608617,0.004984066752
3565,3.117495423e-05,0.0007979538443
3566,-0.007462981692,0.003715872198
3567,-0.02333815504,0.01745638893
3568,0.0109028605,-0.001960372706
3569,0.01150402853,-0.006909502154
3570,0.007556275282,0.0003525237247
3571,0.002335727292,0.006362978677
3572,-0.0171404965,0.00560503581
3573,-0.0017645527,0.003789892914
3574,-0.01321053409,0.002151801897
3575,-0.002674502466,0.007443294161
3576,-0.01226164111,0.008893044399
3577,-0.04048170453,0.02004168872
3578,-0.005312836558,0.001958542777
3579,0.01062892386,-0.006908235012
3580,0.01302082513,-0.008073625713
3581,0.002835894965,0.009946473736
3582,0.0008682297521,0.002189097217
3583,0.001976062944,0.001655264146
