draw,midpoint_residual,valence_offset,markedness,markedness_ratio,apex_angle_deg,effective_vertices,step_cosine
0,0.8182783563,0.3321774674,0.747821903,1.495643806,60.7045807,5.930359717,-0.4893127298
1,0.7798957521,0.3722427395,0.6853267302,1.37065346,62.40280843,5.768971126,-0.4632525961
2,0.8859761746,0.3062988261,0.8313451817,1.662690363,57.23953987,6.289358733,-0.5411280055
3,0.8166538768,0.3325973286,0.7458569377,1.491713875,60.79542265,5.921498434,-0.4879293952
4,0.8028218556,0.4121989033,0.6889230697,1.377846139,60.20169284,5.979898289,-0.4969483222
5,0.806020197,0.2990095662,0.7485064043,1.497012809,61.89979994,5.815850784,-0.4710149614
6,0.8729437838,0.2792567711,0.8270710402,1.65414208,58.23879252,6.181446841,-0.5263802489
7,0.8584405756,0.4122228024,0.7529890988,1.505978198,57.11128073,6.303483225,-0.5430091302
8,0.8551120482,0.41677684,0.7466683873,1.493336775,57.19882482,6.293835601,-0.5417254509
9,0.8695317188,0.4817875112,0.7238550989,1.447710198,55.04056578,6.540630441,-0.5729963277
10,0.6998347099,0.3617517203,0.5990862326,1.198172465,68.18753289,5.27955749,-0.371569858
11,0.8074073984,0.3587693201,0.7233196264,1.446639253,60.94161472,5.907293426,-0.4857006193
12,0.8015450695,0.4757117978,0.645114551,1.290229102,58.68452412,6.134496366,-0.5197498865
13,0.7486383961,0.4631013658,0.5882147339,1.176429468,62.17492975,5.790115106,-0.4667736515
14,0.8875098687,0.3547244543,0.8135381543,1.627076309,56.53897031,6.367289641,-0.5513696817
15,0.7032032838,0.2966662692,0.6375609642,1.275121928,69.01894673,5.215959053,-0.358059211
16,0.8859430763,0.4359104074,0.7712828606,1.542565721,55.25816662,6.514874127,-0.5698796439
17,0.7568253303,0.4385397779,0.6168204307,1.233640861,62.37675896,5.771380335,-0.4636554701
18,0.8210646752,0.3379104324,0.7483072501,1.4966145,60.45505004,5.954837516,-0.4931062242
19,0.8220748169,0.3610172286,0.7385618222,1.477123644,60.03503059,5.996498985,-0.4994704195
20,0.8475244525,0.4267851542,0.7322240981,1.464448196,57.39884206,6.271903527,-0.5387878107
21,0.8295361206,0.4588161847,0.6910990407,1.382198081,57.62687665,6.247085057,-0.5354306736
22,0.7299969492,0.3669056606,0.631090946,1.262181892,65.8550093,5.466554539,-0.4090471246
23,0.9035049626,0.4450545455,0.7862872688,1.572574538,54.23678526,6.637561542,-0.5844368322
24,0.8419539542,0.4439230777,0.7154150978,1.430830196,57.32279708,6.280223896,-0.5399054539
25,0.7522499345,0.353039641,0.6642612256,1.328522451,64.56724147,5.575582785,-0.42945154
26,0.80074138,0.2651834455,0.7555557544,1.511111509,62.62727172,5.748294474,-0.4597771491
27,0.7525133072,0.3905320891,0.6432425398,1.28648508,63.8170905,5.641122106,-0.4412381939
28,0.8259475801,0.4884499396,0.6660375826,1.332075165,57.02060498,6.313507198,-0.5443373931
29,0.8666098574,0.3565260601,0.7898745555,1.579749111,57.61329132,6.248558133,-0.5356309157
30,0.796874692,0.4570765298,0.6527559426,1.305511885,59.46699616,6.053778116,-0.5080345992
31,0.8257404269,0.442248943,0.697325695,1.39465139,58.23045598,6.182331805,-0.5265039546
32,0.7475517054,0.439970427,0.6043670868,1.208734174,62.93281943,5.720385695,-0.4550349124
33,0.9116685504,0.3709132829,0.8328042281,1.665608456,55.09225996,6.534493235,-0.5722566619
34,0.810769546,0.4159216241,0.6959572252,1.39191445,59.65934723,6.034259789,-0.5051400973
35,0.8235371964,0.293894431,0.7693111057,1.538622211,60.89883745,5.911442895,-0.4863531094
36,0.8749832642,0.2864124242,0.8267790732,1.653558146,58.0515227,6.20138772,-0.5291564507
37,0.7425974467,0.2975254068,0.6803893004,1.360778601,66.10394669,5.445968327,-0.4050786095
38,0.7639609438,0.3831553608,0.66092987,1.32185974,63.21542998,5.694812171,-0.4506371475
39,0.8094869581,0.3643563118,0.7228510313,1.445702063,60.72266712,5.928593342,-0.489037409
40,0.8455629454,0.3309664774,0.7780988918,1.556197784,59.13828564,6.087427055,-0.5129677695
41,0.8281133178,0.4885124506,0.6686757456,1.337351491,56.90797223,6.326002947,-0.5459853942
42,0.8476342084,0.3580611824,0.768294176,1.536588352,58.62635921,6.140582578,-0.5206168963
43,0.9010079912,0.3021048961,0.8488510069,1.697702014,56.50125907,6.37153943,-0.5519186606
44,0.7471241512,0.4937504735,0.5607182602,1.12143652,61.20494171,5.881877998,-0.4816780917
45,0.7984003612,0.4204320231,0.6787341532,1.357468306,60.28089494,5.972041397,-0.4957482828
46,0.8355518552,0.5470577372,0.6315653053,1.263130611,54.64120254,6.588434794,-0.5786948479
47,0.9420605973,0.5180864236,0.7868066006,1.573613201,50.98528075,7.060861384,-0.6295200186
48,0.8994981411,0.364444228,0.8223608153,1.644721631,55.78946494,6.4528312,-0.5622354449
49,0.7901364388,0.3870362924,0.6888530324,1.377706065,61.48080195,5.855486405,-0.477453198
50,0.6917828481,0.311621864,0.6176206949,1.23524139,69.69194816,5.165589562,-0.3470674507
51,0.7974541857,0.4064672114,0.6860886126,1.372177225,60.64171778,5.936507295,-0.4902692818
52,0.8333023423,0.4175273355,0.7211544341,1.442308868,58.35762065,6.168860141,-0.5246157502
53,0.7979257697,0.3154883076,0.7329069939,1.465813988,62.18363835,5.789304221,-0.4666392264
54,0.7589195197,0.3776834001,0.6582659696,1.316531939,63.65639828,5.655362379,-0.4437532829
55,0.8411942054,0.4710085764,0.6969638528,1.393927706,56.71217581,6.347843208,-0.5488451899
56,0.7727042811,0.3342786505,0.6966560772,1.393312154,63.51765591,5.667715454,-0.4459220146
57,0.9041134997,0.4432847788,0.7879846605,1.575969321,54.24265235,6.636843599,-0.5843537377
58,0.8546026444,0.4588695045,0.7209607879,1.441921576,56.32615754,6.39134668,-0.5544645533
59,0.8624011126,0.4622722211,0.7280385104,1.456077021,55.85595981,6.445149295,-0.5612753144
60,0.9744793555,0.4493439695,0.8646964852,1.72939297,51.02431549,7.055459668,-0.628990525
61,0.7782079454,0.5082950913,0.5892738806,1.178547761,58.89038584,6.113052154,-0.5166770022
62,0.8434826279,0.2892193804,0.7923478362,1.584695672,59.78350184,6.021728218,-0.5032687913
63,0.8271160676,0.3980782877,0.7250204591,1.450040918,59.08806212,6.092601231,-0.5137200233
64,0.7921583122,0.3090433145,0.7293881144,1.458776229,62.63493812,5.747590894,-0.4596583226
65,0.8154895392,0.3910304347,0.715624474,1.431248948,59.88860378,6.011160342,-0.5016828072
66,0.8070667165,0.3276778652,0.7375526432,1.475105286,61.44613417,5.858790058,-0.4779847569
67,0.8131235896,0.4296234258,0.6903576494,1.380715299,59.22240358,6.078780635,-0.5117069585
68,0.8568707521,0.3371719174,0.7877452532,1.575490506,58.42093235,6.16217485,-0.5236747025
69,0.7972049059,0.3679806176,0.7071958195,1.414391639,61.40249917,5.862953542,-0.478653561
70,0.8392162964,0.3855357279,0.7454167926,1.490833585,58.64035703,6.139116783,-0.520408293
71,0.8165433891,0.4542096084,0.6785548894,1.357109779,58.44330546,6.159815862,-0.5233420017
72,0.892105304,0.3626289974,0.8150779617,1.630155923,56.19006302,6.40682677,-0.5564397272
73,0.7764485722,0.4508909616,0.632115279,1.264230558,60.82797351,5.918329663,-0.4874334143
74,0.9422391407,0.4077793508,0.8494295729,1.698859146,53.09806609,6.779907942,-0.6004472168
75,0.6886654933,0.3659486933,0.5833881346,1.166776269,68.97274698,5.219452838,-0.3588119711
76,0.8286811377,0.439859343,0.7023077576,1.404615515,58.12562362,6.193481937,-0.5280586077
77,0.91595364,0.329169081,0.8547624154,1.709524831,55.43135076,6.494519709,-0.5673932613
78,0.7925269544,0.3106801533,0.7290931462,1.458186292,62.58928615,5.751783127,-0.4603657911
79,0.7413690516,0.3489327322,0.6541207985,1.308241597,65.38927022,5.505490408,-0.4164510575
80,0.8837821957,0.3104884487,0.8274466102,1.65489322,57.30688072,6.281968159,-0.5401392585
81,0.767050635,0.4306563449,0.6347454522,1.269490904,61.93905584,5.812164798,-0.4704104674
82,0.827355395,0.3181499004,0.7637392163,1.527478433,60.36299512,5.963918776,-0.4945033329
83,0.8488011821,0.4103118973,0.7430394294,1.486078859,57.65961208,6.243538363,-0.5349480435
84,0.7415556234,0.4130085245,0.6158966645,1.231793329,64.03669508,5.621776694,-0.4377954242
85,0.8126094486,0.5288476156,0.616971892,1.233943784,56.37301558,6.386034104,-0.5537837663
86,0.7264796827,0.4369488488,0.5803864514,1.160772903,64.42424145,5.587958692,-0.431704151
87,0.7725183056,0.3692357721,0.6785642763,1.357128553,62.93041086,5.720604634,-0.4550723452
88,0.8194369812,0.4195186604,0.7039041553,1.407808311,59.08807408,6.092599998,-0.5137198442
89,0.8621618116,0.1953184739,0.8397462016,1.679492403,59.56717964,6.043596527,-0.5065277491
90,0.8332410631,0.4007646846,0.7305329129,1.461065826,58.69314648,6.133595174,-0.5196213155
91,0.7363814079,0.4068666783,0.6137728277,1.227545655,64.53781138,5.578125324,-0.4299153573
92,0.8685369232,0.411486459,0.7648759906,1.529751981,56.59929017,6.360503796,-0.5504910829
93,0.8567597851,0.4248131915,0.7440235761,1.488047152,56.95329284,6.320969027,-0.545322533
94,0.8205953167,0.1808936879,0.8004087377,1.600817475,62.12337171,5.794920496,-0.4675692756
95,0.8035030269,0.4927209639,0.6346992721,1.269398544,58.0641239,6.200041881,-0.5289698198
96,0.8017187758,0.4303195415,0.6764451846,1.352890369,59.85998447,6.014034303,-0.5021148389
97,0.7606928959,0.3124216634,0.693575076,1.387150152,64.64585499,5.568802517,-0.4282120382
98,0.764459448,0.4498634308,0.6180785882,1.236157176,61.58534042,5.845546969,-0.4758492586
99,0.8403084244,0.397279062,0.7404644455,1.480928891,58.36737105,6.16782962,-0.5244708647
100,0.8074760004,0.3433591918,0.7308364774,1.461672955,61.18574974,5.883722951,-0.4819716089
101,0.8718969688,0.3861773144,0.7817105641,1.563421128,56.86844882,6.3303995,-0.5465631863
102,0.8237093692,0.4355787507,0.6991196442,1.398239288,58.49546878,6.154322848,-0.5225659939
103,0.8308392733,0.352717965,0.752252574,1.504505148,59.65953495,6.034240802,-0.5051372697
104,0.7965825493,0.3670876616,0.7069585607,1.413917121,61.45641712,5.857809759,-0.4778271073
105,0.8825123489,0.4134935307,0.7796480912,1.559296182,55.85132043,6.445684672,-0.5613423278
106,0.8166544549,0.426431566,0.696477292,1.392954584,59.09446191,6.091941416,-0.5136241884
107,0.8254234223,0.3907779305,0.7270601317,1.454120263,59.32173088,6.068602427,-0.5102167603
108,0.6911603322,0.4132000641,0.5540472108,1.108094422,67.65829303,5.320855491,-0.3801295413
109,0.7570407026,0.4501239803,0.6086863132,1.217372626,62.03917378,5.802785209,-0.4688677717
110,0.8845367556,0.5131862906,0.720447849,1.440895698,53.53589153,6.724460726,-0.5943191138
111,0.7821747083,0.3974418864,0.6736744178,1.347348836,61.76194973,5.828831531,-0.4731359364
112,0.7816636247,0.3041554158,0.720060765,1.44012153,63.37338528,5.680618108,-0.4481743871
113,0.7769640321,0.4878909299,0.604678053,1.209356106,59.67685266,6.032489717,-0.5048763921
114,0.8606907554,0.4775159814,0.7160775544,1.432155109,55.57385833,6.477865868,-0.5653434095
115,0.8506590974,0.4741268086,0.706275208,1.412550416,56.15460072,6.410872758,-0.5569538854
116,0.80453786,0.4840947597,0.6425989665,1.285197933,58.27393471,6.177719108,-0.525858652
117,0.8158708939,0.4042313751,0.7086905608,1.417381122,59.60847916,6.039409243,-0.5059061159
118,0.8274649979,0.400736839,0.7239532504,1.447906501,59.01725454,6.099910998,-0.5147799169
119,0.8130138829,0.3579039693,0.7299974811,1.459994962,60.62031061,5.938603686,-0.4905948889
120,0.8148993051,0.2355388291,0.7801168743,1.560233749,62.0420791,5.802513475,-0.4688229829
121,0.7165516015,0.428136318,0.5745828843,1.149165769,65.3685487,5.507235623,-0.4167798354
122,0.8078987708,0.3942044943,0.7051973061,1.410394612,60.27162574,5.97295984,-0.4958887751
123,0.7224368512,0.3928389461,0.6062941253,1.212588251,65.84438804,5.467436341,-0.4092162755
124,0.847777456,0.3624466264,0.7663935398,1.53278708,58.55002637,6.148588179,-0.5217539044
125,0.830540417,0.333268236,0.760742839,1.521485678,59.96711863,6.003289939,-0.5004969193
126,0.8286649921,0.4857371352,0.6713755317,1.342751063,56.95864337,6.320375253,-0.5452442533
127,0.826175,0.4310292517,0.7048254498,1.4096509,58.46174739,6.15787273,-0.5230676997
128,0.7815213332,0.3727760002,0.6868869251,1.37377385,62.29006843,5.779412498,-0.4649955116
129,0.8397320424,0.4111769457,0.7321771796,1.464354359,58.13330338,6.192663742,-0.5279447777
130,0.8996396287,0.2976391537,0.8489772645,1.697954529,56.62097904,6.358067383,-0.5501750209
131,0.8376527495,0.4330462094,0.717030759,1.434061518,57.79291931,6.229136792,-0.5329808457
132,0.8350179777,0.4507648744,0.702898322,1.405796644,57.53135533,6.257457311,-0.5368379789
133,0.8149789309,0.3795811577,0.7211856922,1.442371384,60.13042944,5.986985348,-0.4980272659
134,0.8498677214,0.422291372,0.7375263663,1.475052733,57.36652535,6.275436726,-0.5392628898
135,0.8730384855,0.4534950143,0.7460150596,1.492030119,55.52743362,6.483281804,-0.5660115747
136,0.8312550948,0.3896998418,0.7342472785,1.468494557,59.01119527,6.100537336,-0.5148705794
137,0.8089552365,0.4330939156,0.6832556146,1.366511229,59.37935746,6.062712959,-0.5093514911
138,0.8756060298,0.3479554136,0.8035004354,1.607000871,57.25720974,6.287417805,-0.540868636
139,0.7990796522,0.3143223674,0.7346630111,1.469326022,62.12776818,5.794510418,-0.4675014457
140,0.8394090992,0.4549673505,0.7054164343,1.410832869,57.2001282,6.293692188,-0.5417063294
141,0.8233177332,0.4699898908,0.6759893434,1.351978687,57.66916473,6.242504147,-0.5348071725
142,0.7892572943,0.4014896464,0.6795094852,1.35901897,61.24122471,5.878393218,-0.4811230407
143,0.787051019,0.4171291043,0.6674223677,1.334844735,61.03343324,5.898406511,-0.4842991795
144,0.8404020651,0.454187075,0.7070995206,1.414199041,57.16674443,6.297367527,-0.542196
145,0.8007055381,0.4092302415,0.6882295897,1.376459179,60.3898969,5.96126204,-0.494095179
146,0.7974495615,0.424669308,0.674967986,1.349935972,60.2404149,5.976054458,-0.4963617391
147,0.8325175609,0.3339138171,0.7626185495,1.525237099,59.84318126,6.015722968,-0.5023684386
148,0.8849938113,0.3058420941,0.8304665312,1.660933062,57.2968729,6.283065406,-0.5402862478
149,0.8520843723,0.3280546858,0.7864018697,1.572803739,58.81141556,6.121260584,-0.517856577
150,0.8028867881,0.332464702,0.7308176355,1.461635271,61.63182346,5.841138227,-0.4751355577
151,0.8175865395,0.4494821325,0.6829447724,1.365889545,58.50374168,6.153452577,-0.5224428823
152,0.7732943479,0.3428531733,0.6931347993,1.386269599,63.34133662,5.683492316,-0.4486743499
153,0.855401434,0.2673450815,0.8125504419,1.625100884,59.3388832,6.066848255,-0.5099592703
154,0.7929853939,0.375285187,0.6985605653,1.397121131,61.52924872,5.850875924,-0.4767100738
155,0.8303384625,0.3111756715,0.769825736,1.539651472,60.27972508,5.972157297,-0.4957660149
156,0.7932717669,0.3648347654,0.704397395,1.40879479,61.69992582,5.83469097,-0.474089349
157,0.9283340154,0.4831403424,0.7927038878,1.585407776,52.33925828,6.878202173,-0.6109847612
158,0.8076843576,0.4458607077,0.6734703044,1.346940609,59.14447179,6.086790348,-0.5128750854
159,0.8372036513,0.3881263037,0.7418004624,1.483600925,58.70630488,6.132220393,-0.5194250833
160,0.8620391826,0.4489595266,0.7358986995,1.471797399,56.1747217,6.408576475,-0.556662183
161,0.836044707,0.4285934026,0.7178289819,1.435657964,57.97581509,6.209485791,-0.5302771835
162,0.8285200337,0.3937428667,0.7289801103,1.457960221,59.09075047,6.092324046,-0.5136797668
163,0.757871653,0.3885400462,0.6506966074,1.301393215,63.50394364,5.668939272,-0.4461362142
164,0.7860761753,0.3392511536,0.7091011269,1.418202254,62.57754544,5.752862268,-0.4605476896
165,0.8445628077,0.3237913231,0.7800291759,1.560058352,59.29245706,6.071598612,-0.5106561123
166,0.8701039483,0.3453340005,0.7986396615,1.597279323,57.58728026,6.251380485,-0.5360142237
167,0.8207462669,0.4110799238,0.7103785828,1.420757166,59.19084792,6.082021337,-0.5121800634
168,0.8643908407,0.4311582868,0.749182259,1.498364518,56.43099524,6.379472814,-0.5529408837
169,0.7733005836,0.3063256224,0.7100411295,1.420082259,63.89035448,5.634653352,-0.4400903431
170,0.8612144772,0.3595817554,0.7825543667,1.565108733,57.85825164,6.222102981,-0.5320156907
171,0.7823674602,0.4573676978,0.6347547809,1.269509562,60.29720036,5.970426452,-0.4955011117
172,0.873162781,0.3705138739,0.7906533446,1.581306689,57.05319654,6.309900616,-0.5438601327
173,0.7699809425,0.3268946198,0.6971445757,1.394289151,63.81105122,5.641656,-0.4413327812
174,0.8053669595,0.3385414212,0.7307568991,1.461513798,61.38825522,5.864313926,-0.4788718213
175,0.8895515007,0.2886955866,0.8414016465,1.682803293,57.24546541,6.288707715,-0.5410410324
176,0.8037069214,0.34630164,0.7252723554,1.450544711,61.36873944,5.866178828,-0.4791708139
177,0.9510756109,0.3103278848,0.8990224812,1.798044962,53.94303043,6.673707375,-0.5885893725
178,0.8803871037,0.4081477783,0.7800620766,1.560124153,56.05440772,6.422331706,-0.5584054024
179,0.8568074861,0.465597702,0.7192620163,1.438524033,56.05639087,6.422104499,-0.5583766888
180,0.8581866299,0.320686786,0.7960177617,1.592035523,58.568915,6.146605243,-0.5214726369
181,0.935550523,0.3861773714,0.8521278184,1.704255637,53.73037885,6.700120262,-0.5915857837
182,0.8452020164,0.4050788725,0.7418069531,1.483613906,57.95369489,6.211855874,-0.5306044638
183,0.7328858972,0.3756980003,0.6292636577,1.258527315,65.47363519,5.498396399,-0.4151119199
184,0.7960450028,0.3983480107,0.6892071596,1.378414319,60.89493137,5.911822083,-0.4864126762
185,0.7688013825,0.3307394153,0.6940223375,1.388044675,63.82963446,5.640013499,-0.4410417148
186,0.8187089286,0.3841341916,0.7229973946,1.445994789,59.83021219,6.017026964,-0.5025641427
187,0.7728172963,0.3730234652,0.6768309006,1.353661801,62.84001036,5.728834192,-0.456476725
188,0.7964063692,0.4664453724,0.6455167074,1.291033415,59.23551295,6.077435344,-0.5115103678
189,0.7509740337,0.4041310545,0.6329613654,1.265922731,63.61763233,5.658808523,-0.4443595099
190,0.8733912144,0.4561154241,0.744829466,1.489658932,55.45273873,6.49201479,-0.5670858368
191,0.7441343429,0.4674994302,0.5789474959,1.157894992,62.3169394,5.776920424,-0.4645802603
192,0.8277352077,0.4498754688,0.6948076256,1.389615251,57.94182312,6.213128628,-0.5307800804
193,0.7944422104,0.4521984669,0.653188313,1.306376626,59.73623923,6.026492539,-0.5039814306
194,0.851492167,0.4864162439,0.6988835011,1.397767002,55.7956162,6.4521198,-0.5621466576
195,0.7782934609,0.3429321192,0.6986689294,1.397337859,63.0162062,5.712816142,-0.453738459
196,0.8414245588,0.3297457542,0.7741208082,1.548241616,59.39004742,6.061621697,-0.5091909235
197,0.9300309907,0.3724914141,0.852178262,1.704356524,54.18464253,6.643948971,-0.5851750502
198,0.8046894066,0.3697615127,0.7147037602,1.42940752,60.91677122,5.909702579,-0.486079595
199,0.8834648228,0.499429335,0.7287526552,1.45750531,53.94650414,6.673277643,-0.5885403581
200,0.8843610504,0.3985785965,0.7894489026,1.578897805,56.0197351,6.426306718,-0.5589073145
201,0.7812832003,0.3720115783,0.6870304395,1.374060879,62.31932898,5.776698914,-0.4645433279
202,0.7659699384,0.4537521458,0.6171052882,1.234210576,61.38187991,5.864923012,-0.4789695007
203,0.7376497209,0.3631795164,0.6420496473,1.284099295,65.38717695,5.505666658,-0.416484273
204,0.8244014352,0.3814008512,0.7308701096,1.461740219,59.55110721,6.045227652,-0.5067695974
205,0.85939755,0.4220236524,0.7486388888,1.497277778,56.87140407,6.330070549,-0.5465199926
206,0.7691470302,0.4080212561,0.652001387,1.304002774,62.34970688,5.773884402,-0.4640737489
207,0.7325478504,0.3399705983,0.6488808407,1.297761681,66.1677935,5.440713389,-0.4040595401
208,0.8887028264,0.3099932181,0.832884697,1.665769394,57.05272067,6.309953246,-0.5438671024
209,0.8375407321,0.3999756472,0.7358627315,1.471725463,58.46960059,6.157045651,-0.5229508763
210,0.8109461721,0.4674328251,0.6626765788,1.325353158,58.40298927,6.164068047,-0.5239414685
211,0.8151118152,0.4623687562,0.671284146,1.342568292,58.31150994,6.173738262,-0.5253007242
212,1.012729744,0.4946263182,0.8837229993,1.767445999,48.72738599,7.388042529,-0.6596425066
213,0.8342478084,0.5002455528,0.6676254884,1.335250977,56.25733891,6.399165103,-0.555463727
214,0.8714462683,0.296015406,0.819630086,1.639260172,58.13811591,6.192151128,-0.527873441
215,0.7535792094,0.4301985729,0.61871707,1.23743414,62.80701521,5.731843789,-0.4569890249
216,0.8113448702,0.4007674033,0.7054544542,1.410908908,59.93996453,6.00600956,-0.5009071611
217,0.7552485203,0.4382625529,0.6150823214,1.230164643,62.48470367,5.761410055,-0.4619854033
218,0.7645736918,0.3375138704,0.6860446906,1.372089381,64.00225497,5.624801817,-0.438335773
219,0.8331401283,0.373546583,0.7447049239,1.489409848,59.1892588,6.082184628,-0.5122038846
220,0.8144086002,0.4044886522,0.7068594615,1.413718923,59.68755128,6.031408431,-0.5047152029
221,0.8300777889,0.3833813737,0.7362389951,1.47247799,59.19181225,6.081922251,-0.5121656077
222,0.871610191,0.4545534194,0.7436971924,1.487394385,55.57460937,6.477778325,-0.5653325971
223,0.7307072197,0.2708101,0.6786714454,1.357342891,67.29722477,5.349403355,-0.3859507267
224,0.8331660022,0.5320851144,0.6411326059,1.282265212,55.28645201,6.511541018,-0.5694739093
225,0.8365507723,0.3824159224,0.7440263819,1.488052764,58.84403521,6.11786732,-0.5173694582
226,0.7535889854,0.3068505154,0.6882870913,1.376574183,65.20939359,5.520677009,-0.4193032475
227,0.8539420309,0.3950589271,0.7570636937,1.514127387,57.66642333,6.24280091,-0.5348476009
228,0.8332407101,0.417892408,0.7208717059,1.441743412,58.35350133,6.169295617,-0.5246769564
229,0.8466240356,0.4664142734,0.7065620873,1.413124175,56.55026994,6.366017357,-0.5512051415
230,0.752084806,0.3287563467,0.676425029,1.352850058,64.98543378,5.539702962,-0.4228486573
231,0.7259093604,0.3995142202,0.6060798523,1.212159705,65.44226552,5.501032049,-0.4156099605
232,0.739913591,0.441327642,0.5938872238,1.187774448,63.39417256,5.678755404,-0.4478500282
233,0.7820647122,0.2136604847,0.7523127085,1.504625417,64.32711807,5.596395592,-0.4332325566
234,0.8302601756,0.4075561504,0.723346351,1.446692702,58.72716026,6.130042699,-0.5191140093
235,0.8337662847,0.4104977812,0.7257119189,1.451423838,58.47421391,6.156559891,-0.5228822444
236,0.7685752926,0.4088608096,0.6508001374,1.301600275,62.36696764,5.772286414,-0.4638068752
237,0.8695287413,0.4247589962,0.7587226286,1.517445257,56.29607276,6.394762234,-0.554901451
238,0.8034743479,0.3941679508,0.7001447382,1.400289476,60.53421853,5.947049599,-0.4919036733
239,0.8253990131,0.2949140824,0.7709145314,1.541829063,60.77542944,5.923446421,-0.4882339556
240,0.762084338,0.4301350085,0.6290917363,1.258183473,62.26488438,5.781750076,-0.4653846013
241,0.8598155836,0.419337062,0.7506259163,1.501251833,56.9023592,6.326626964,-0.5460674668
242,0.7064949144,0.4569589623,0.538816825,1.07763365,65.18539089,5.522709845,-0.4196835313
243,0.8010967106,0.3830540434,0.7035805139,1.407161028,60.89079607,5.912223574,-0.4864757359
244,0.8089243621,0.3762929179,0.7160742026,1.432148405,60.54709719,5.945784632,-0.4917079605
245,0.7680127179,0.298107162,0.7077963371,1.415592674,64.35233035,5.594203007,-0.4328359169
246,0.7843642649,0.4408231074,0.6487698267,1.297539653,60.62250825,5.938388403,-0.4905614654
247,0.8695313817,0.3693203431,0.7872022027,1.574404405,57.26342109,6.286735811,-0.5407774497
248,0.8531842811,0.4408059219,0.730488574,1.460977148,56.80521263,6.337446571,-0.5474870944
249,0.8551717983,0.3490731558,0.7806835059,1.561367012,58.34470947,6.170225257,-0.5248075798
250,0.7650831639,0.4737075983,0.6007939406,1.201587881,60.83053991,5.918079973,-0.4873943032
251,0.8065728049,0.3180930159,0.7411993813,1.482398763,61.61228258,5.842990796,-0.4754356266
252,0.8408457874,0.3756391747,0.7522744503,1.504548901,58.72048986,6.130739046,-0.5192135109
253,0.8074502403,0.4222952864,0.6882169583,1.376433917,59.71152163,6.028987207,-0.5043539931
254,0.7419676934,0.3428704367,0.6579938614,1.315987723,65.45308069,5.500123084,-0.4154382677
255,0.8276667433,0.3729513926,0.7388771865,1.477754373,59.51149717,6.049251272,-0.5073654552
256,0.8477012668,0.4390221103,0.7251599991,1.450319998,57.12950873,6.301472006,-0.5427419531
257,0.8529417585,0.3365500995,0.7837369929,1.567473986,58.64718438,6.138402104,-0.5203065368
258,0.8727844783,0.3643824419,0.793081447,1.586162894,57.16700532,6.297338788,-0.542192174
259,0.8060687745,0.3890750868,0.7059514474,1.411902895,60.47917711,5.952461942,-0.4927398392
260,0.8356283125,0.3519934291,0.7578755191,1.515751038,59.39617216,6.060996642,-0.5090989195
261,0.8692345757,0.4513518662,0.7428662333,1.485732467,55.76216794,6.455990026,-0.5626293717
262,0.8799524312,0.4133576587,0.7768215542,1.553643108,55.9825891,6.430570751,-0.5594448036
263,0.6955063165,0.3209621705,0.6170188987,1.234037797,69.25312743,5.198321193,-0.3542399941
264,0.8274386351,0.3904877569,0.7295025748,1.45900515,59.21252531,6.079794742,-0.5118550773
265,0.8501941176,0.387814322,0.7565910978,1.513182196,57.99676236,6.207243049,-0.5299671845
266,0.7555842045,0.3752806373,0.6557986988,1.311597398,63.9257213,5.631535987,-0.4395359818
267,0.8069384231,0.4889881677,0.6419035679,1.283807136,57.99719146,6.207197124,-0.5299608335
268,0.7589963722,0.3834537939,0.6550104434,1.310020887,63.53508637,5.666160551,-0.4456496962
269,0.7805168968,0.3977829761,0.6715469679,1.343093936,61.85792874,5.819787492,-0.471659484
270,0.9008154646,0.4739817081,0.7660351439,1.532070288,53.76029938,6.69639128,-0.5911646738
271,0.8052234787,0.4625800795,0.6590937115,1.318187423,58.84941285,6.117308272,-0.5172891362
272,0.7943196344,0.3224498391,0.725926844,1.451853688,62.31091751,5.777478721,-0.4646733287
273,0.719761661,0.336713135,0.6361455127,1.272291025,67.15057967,5.361085515,-0.3883105929
274,0.8244390686,0.3637415441,0.7398593562,1.479718712,59.85259031,6.014777274,-0.5022264394
275,0.7824778464,0.3490333495,0.7003194279,1.400638856,62.64771071,5.746419078,-0.4594603335
276,0.9680923759,0.2699203142,0.9297020341,1.859404068,53.52949906,6.725263757,-0.5944088376
277,0.8144077286,0.3559674403,0.7324937746,1.464987549,60.56908241,5.943626446,-0.4913738011
278,0.7924881418,0.4091901547,0.6786758226,1.357351645,60.88122524,5.913153006,-0.4866216733
279,0.8078757424,0.3178291415,0.7427299994,1.485459999,61.53613302,5.850221363,-0.476604448
280,0.8452773652,0.3408517191,0.7735075499,1.5470151,59.01504519,6.100139361,-0.5148129753
281,0.8254731732,0.4142850918,0.7139844693,1.427968939,58.85865591,6.11634762,-0.5171510685
282,0.7088094322,0.3218154265,0.6315422728,1.263084546,68.21471125,5.277453989,-0.3711294255
283,0.8306935327,0.4619815121,0.6903802052,1.38076041,57.48636269,6.262354812,-0.5375003338
284,0.8411379595,0.2947542079,0.7878026554,1.575605311,59.85430324,6.014605141,-0.5022005868
285,0.785217062,0.4457879307,0.6464046374,1.292809275,60.44311431,5.95601342,-0.4932874435
286,0.8724958348,0.4349497007,0.7563515979,1.512703196,55.9436307,6.435048914,-0.5600082646
287,0.7615730685,0.4136822243,0.6394220484,1.278844097,62.7026032,5.741388421,-0.4586091802
288,0.825750272,0.353452582,0.7462806335,1.492561267,59.94255635,6.00574987,-0.5008680091
289,0.8759276817,0.3704053937,0.793756353,1.587512706,56.90982601,6.325796883,-0.5459582874
290,0.784025366,0.3743461689,0.6888836769,1.377767354,62.10320637,5.796802147,-0.4678803566
291,0.8604239106,0.3763113744,0.7737693813,1.547538763,57.63800605,6.245878799,-0.5352666085
292,0.8198315252,0.2479224124,0.7814462279,1.562892456,61.6228499,5.841988817,-0.4752733621
293,0.8558900279,0.4406198687,0.7337587282,1.467517456,56.66955385,6.352617509,-0.5494668764
294,0.8509923213,0.3778065069,0.7625288023,1.525057605,58.12407608,6.193646837,-0.5280815443
295,0.8352530467,0.4223569514,0.7205985413,1.441197083,58.15077062,6.190803599,-0.5276858413
296,0.8323102926,0.4237476836,0.7163646584,1.432729317,58.2823684,6.176825168,-0.5257334458
297,0.7763046526,0.3059623961,0.7134675366,1.426935073,63.69798029,5.651670561,-0.4431027923
298,0.910885121,0.3471283294,0.8421482213,1.684296443,55.45754373,6.491452303,-0.5670167602
299,0.8043551347,0.469310486,0.6532494551,1.30649891,58.71247024,6.131576452,-0.5193331293
300,0.7653743194,0.3700285695,0.6699826166,1.339965233,63.37979621,5.680043508,-0.448074359
301,0.9283825267,0.3623840964,0.8547349779,1.709469956,54.40159663,6.617452838,-0.5821003117
302,0.8601521585,0.4103043061,0.755984201,1.511968402,57.05761798,6.309411657,-0.543795373
303,0.7342441883,0.3975744362,0.6172917428,1.234583486,64.90350553,5.546695776,-0.4241440165
304,0.8040400992,0.3213770338,0.7370191879,1.474038376,61.72190944,5.832612815,-0.473751487
305,0.783677758,0.4919069123,0.6100642737,1.220128547,59.16678295,6.084495084,-0.5125407582
306,0.8267264686,0.4512669718,0.6927010712,1.385402142,57.96259924,6.210901593,-0.5304727285
307,0.8410000687,0.3038199566,0.7842031302,1.56840626,59.75286964,6.024815246,-0.5037307115
308,0.7931732492,0.3475272115,0.7129857226,1.425971445,61.99858604,5.806584037,-0.4694933523
309,0.8481522421,0.3604959097,0.7677271162,1.535454232,58.55980417,6.147561542,-0.5216083118
310,0.8115234252,0.3733242464,0.7205548395,1.441109679,60.44582012,5.955746804,-0.4932463632
311,0.752690241,0.4472485567,0.60540179,1.21080358,62.39656683,5.769548202,-0.4633491357
312,0.7921240446,0.2736407585,0.7433580815,1.486716163,63.07956503,5.707078034,-0.4527527467
313,0.8995210024,0.4032737683,0.8040573994,1.608114799,55.18541587,6.523462664,-0.5709225655
314,0.7879214079,0.4292933395,0.6607021823,1.321404365,60.69661208,5.931138291,-0.4894340167
315,0.6366226481,0.3673774282,0.5199252074,1.039850415,73.37045652,4.906607061,-0.2861824702
316,0.7324812073,0.243136026,0.6909512225,1.381902445,67.47683417,5.335164348,-0.383056944
317,0.8101014518,0.4848761006,0.6489680495,1.297936099,57.95277651,6.211954313,-0.53061805
318,0.8002103439,0.4772930801,0.6422833566,1.284566713,58.71158194,6.131669222,-0.5193463783
319,0.7439511534,0.3742761592,0.6429468682,1.285893736,64.73324361,5.561284742,-0.4268332334
320,0.8599521082,0.2949134267,0.8078017697,1.615603539,58.78466838,6.124045775,-0.5182558754
321,0.8101016826,0.3895265424,0.7103054336,1.420610867,60.23226518,5.976863047,-0.4964852144
322,0.8376125205,0.497901373,0.6735643676,1.347128735,56.15991789,6.410265783,-0.5568768068
323,0.8730697412,0.397665326,0.7772471045,1.554494209,56.61280864,6.358984984,-0.5502940937
324,0.9203766975,0.3639902946,0.8453427297,1.690685459,54.76518646,6.573519115,-0.5769287159
325,0.810353902,0.4387125507,0.6813257256,1.362651451,59.16763532,6.084407431,-0.512527984
326,0.8129507242,0.3884781505,0.7141243635,1.428248727,60.0849792,5.991514099,-0.4987149904
327,0.775246285,0.4146340657,0.6550461006,1.310092201,61.81534459,5.823796702,-0.4723147228
328,0.8702493874,0.4424119515,0.7494035371,1.498807074,55.90263925,6.43976751,-0.5606008505
329,0.7957025409,0.3578632786,0.7106872782,1.421374556,61.67020452,5.837502937,-0.4745460189
330,0.8016880086,0.3443300379,0.7239754749,1.44795095,61.5234116,5.851431035,-0.4767996274
331,0.7852550664,0.358605106,0.698589935,1.39717987,62.30915604,5.777642049,-0.4647005511
332,0.887615162,0.282365771,0.8415047517,1.683009503,57.41469583,6.270171683,-0.5385546862
333,0.7802098638,0.4104707032,0.6635067696,1.327013539,61.60196052,5.84396985,-0.4755941094
334,0.7455740883,0.4465012949,0.597090709,1.194181418,62.87460917,5.725681714,-0.4559393635
335,0.8316709382,0.4731326289,0.6839751932,1.367950386,57.147673,6.299469097,-0.5424756557
336,0.8716902352,0.4149869109,0.7665701077,1.533140215,56.3722204,6.386124184,-0.5537953223
337,0.8143642704,0.4076151466,0.7050099695,1.410019939,59.62647164,6.037586832,-0.5056352139
338,0.8753891021,0.2734658523,0.8315783232,1.663156646,58.16489352,6.189300421,-0.5274764459
339,0.8181937773,0.379469075,0.7248753537,1.449750707,59.94465726,6.005539384,-0.5008362719
340,0.7570785292,0.3326900804,0.6800626513,1.360125303,64.58278675,5.574240724,-0.4292065011
341,0.7967748539,0.4566778234,0.6529131132,1.305826226,59.48339294,6.052109374,-0.507788083
342,0.7747381634,0.3885932493,0.6702346667,1.340469333,62.41148127,5.768169457,-0.4631184431
343,0.861526268,0.3206626228,0.7996267834,1.599253567,58.38472917,6.165995888,-0.5242128949
344,0.848378613,0.3643670507,0.766148108,1.532296216,58.48640424,6.155276678,-0.5227008736
345,0.7972305297,0.384736115,0.6982511291,1.396502258,61.09237908,5.89271535,-0.4833988246
346,0.6940133276,0.2744515111,0.6374408733,1.274881747,70.02818166,5.140787486,-0.3415579021
347,0.7643180412,0.3753150378,0.6658233177,1.331646635,63.34755805,5.682934135,-0.4485773058
348,0.9013503849,0.3408420409,0.8344214879,1.668842976,56.01849855,6.426448572,-0.5589252108
349,0.8771558629,0.4530540389,0.7510954971,1.502190994,55.3351163,6.505814464,-0.5687755285
350,0.8139550237,0.37494965,0.7224510645,1.444902129,60.27344032,5.972780019,-0.4958612727
351,0.8451543725,0.4006746429,0.7441409436,1.488281887,58.03905307,6.202720082,-0.5293411077
352,0.8545884567,0.4650780399,0.7169545641,1.433909128,56.18001781,6.407972337,-0.5565853917
353,0.7885890933,0.4260441321,0.6635956266,1.327191253,60.73413911,5.927473498,-0.4888627513
354,0.7281281543,0.3779910502,0.6223289926,1.244657985,65.76287166,5.474213503,-0.4105140124
355,0.6980571061,0.2726494357,0.6426087523,1.285217505,69.73329824,5.162526499,-0.3463905258
356,0.8210837478,0.4856049888,0.662092377,1.324184754,57.35378967,6.276830216,-0.5394500665
357,0.8031198453,0.3652506344,0.7152576179,1.430515236,61.09029623,5.89291626,-0.4834306473
358,0.7270260519,0.4064247561,0.6028148951,1.20562979,65.19786224,5.521653435,-0.4194859522
359,0.8031755777,0.3649416685,0.7154778734,1.430955747,61.09226692,5.892726168,-0.4834005382
360,0.7957087841,0.327005666,0.7254100657,1.450820131,62.1575495,5.791734116,-0.4670418992
361,0.8283565454,0.3911218198,0.7302042785,1.460408557,59.14876597,6.086348449,-0.5128107442
362,0.8074693762,0.3279431152,0.7378754006,1.475750801,61.41771662,5.861500879,-0.4784203509
363,0.8318000744,0.363552922,0.7481447967,1.496289593,59.43179773,6.057363461,-0.508563647
364,0.7534939503,0.4318467787,0.6174637583,1.234927517,62.76918859,5.735297972,-0.457576154
365,0.9383805318,0.3979433977,0.8498229666,1.699645933,53.4250467,6.738412453,-0.5958738684
366,0.824650493,0.4310850983,0.7030036086,1.406007217,58.54462137,6.149155834,-0.5218343789
367,0.7965187769,0.3975112861,0.6902368719,1.380473744,60.88344599,5.912937321,-0.4865878121
368,0.8203847986,0.3415826175,0.7458904297,1.491780859,60.44029157,5.956291584,-0.4933302978
369,0.7616780859,0.3332758376,0.6848946799,1.36978936,64.26360686,5.601926465,-0.4342313433
370,0.8969801777,0.408611115,0.7985051007,1.597010201,55.21945745,6.519441093,-0.5704346754
371,0.7597949612,0.2989923673,0.6984926251,1.39698525,64.89391072,5.547515877,-0.4242956625
372,0.8509193361,0.4390832203,0.7288824612,1.457764922,56.96010343,6.320213242,-0.5452228915
373,0.7705914451,0.2532542394,0.7277866896,1.455573379,64.71364438,5.562969038,-0.4271425536
374,0.7975094221,0.4394770526,0.6654931995,1.330986399,59.88399774,6.011622697,-0.5017523475
375,0.7853195738,0.3917031702,0.6806581076,1.361316215,61.68497969,5.836104701,-0.4743190132
376,0.8689615573,0.4777082769,0.725871194,1.451742388,55.16804789,6.525516377,-0.5711714088
377,0.8635933378,0.3402749268,0.7937294422,1.587458884,58.00954028,6.205875762,-0.529778049
378,0.7940594031,0.4177153036,0.6753104922,1.350620984,60.59919959,5.940672524,-0.4909159242
379,0.8037372823,0.4642809734,0.6560768223,1.312153645,58.88573763,6.113534694,-0.5167464594
380,0.7874681168,0.4658895154,0.6348645481,1.269729096,59.75916153,6.024180909,-0.5036358444
381,0.7879287417,0.463823893,0.6369451297,1.273890259,59.79188482,6.020883956,-0.5031423546
382,0.8769786598,0.4458077168,0.7552132476,1.510426495,55.49753267,6.486774865,-0.5664417257
383,0.8524452068,0.416193251,0.7439395193,1.487879039,57.35117853,6.277115994,-0.5394884391
384,0.7843072213,0.3838288271,0.6839687485,1.367937497,61.90439906,5.815418702,-0.4709441519
385,0.8227227149,0.3652914252,0.7371803309,1.474360662,59.92652457,6.007356552,-0.5011101693
386,0.9422699966,0.2574544503,0.9064159931,1.812831986,54.86477309,6.561587331,-0.5755081627
387,0.818970368,0.4513195309,0.6833909164,1.366781833,58.38251316,6.166229929,-0.5242458311
388,0.7685845437,0.2700035913,0.7195972912,1.439194582,64.66290783,5.567333918,-0.4279430592
389,0.9049406423,0.372817449,0.8245754761,1.649150952,55.39618448,6.498642522,-0.5678985592
390,0.8032805095,0.438842974,0.6728123224,1.345624645,59.56688243,6.043626682,-0.5065322217
391,0.7914933855,0.3058636892,0.7300062897,1.460012579,62.71999485,5.73979639,-0.4583394205
392,0.8146801289,0.3002737401,0.7573238365,1.514647673,61.35351944,5.867634054,-0.4794039542
393,0.7426975313,0.3484691578,0.6558726013,1.311745203,65.30490822,5.512602495,-0.4177892452
394,0.7407835319,0.4776948632,0.5661871236,1.132374247,62.18071139,5.789576734,-0.4666844078
395,0.7980780598,0.4197221103,0.6787944753,1.357588951,60.31585714,5.968579692,-0.4952182477
396,0.824487635,0.38159275,0.730867179,1.461734358,59.54272664,6.04607851,-0.5068956873
397,0.8736663216,0.5501590724,0.6786883207,1.357376641,52.89973707,6.805326831,-0.6032116479
398,0.8470532273,0.4030466639,0.7450184941,1.490036988,57.89172528,6.218505292,-0.5315209162
399,0.830525219,0.3695800983,0.7437625228,1.487525046,59.40501077,6.060094853,-0.5089661382
400,0.8639708422,0.4007533771,0.7654033883,1.530806777,57.03229572,6.312213027,-0.5441662179
401,0.8305603707,0.3014521936,0.7739231902,1.54784638,60.38987221,5.961264478,-0.4940955537
402,0.7369777001,0.2926252255,0.6763923476,1.352784695,66.5689695,5.407925085,-0.397644874
403,0.8594526196,0.3961732991,0.762696219,1.525392438,57.35234845,6.276987948,-0.5394712464
404,0.8979729164,0.441546159,0.781915819,1.563831638,54.56706643,6.597385998,-0.5797496115
405,0.8831840309,0.387765193,0.7935062618,1.587012524,56.25948069,6.39892149,-0.5554326428
406,0.8672541275,0.4411663902,0.7466605239,1.493321048,56.07914077,6.419499213,-0.5580472482
407,0.7368517738,0.4636963468,0.5726571702,1.14531434,62.90736986,5.722699913,-0.455430397
408,0.8551222848,0.3616246299,0.7748946696,1.549789339,58.15840993,6.189990415,-0.5275725798
409,0.87394639,0.4674510087,0.7384252481,1.476850496,55.17053524,6.525222176,-0.571135774
410,0.7791019345,0.3163535457,0.7119833274,1.423966655,63.37008143,5.680914272,-0.448225934
411,0.8087476474,0.3111876431,0.7464817532,1.492963506,61.573187,5.846700773,-0.4760358107
412,0.8773753024,0.2827788106,0.8305561785,1.661112357,57.96041012,6.211136175,-0.5305051166
413,0.8027278262,0.3188160478,0.7367009506,1.473401901,61.83889292,5.821578994,-0.471952419
414,0.8464146028,0.2071803758,0.8206667848,1.64133357,60.38870264,5.961379931,-0.4941133006
415,0.8883705662,0.4856242716,0.7438893263,1.487778653,54.06382055,6.658796888,-0.586883741
416,0.8484107162,0.4067349188,0.74455856,1.48911712,57.74893894,6.233880771,-0.5336301778
417,0.8812503289,0.3880931537,0.7911926732,1.582385346,56.35305199,6.388296415,-0.5540738568
418,0.8483116616,0.4027622271,0.7466024803,1.493204961,57.8290231,6.22524782,-0.5324475697
419,0.7824291523,0.3102345525,0.7182965271,1.436593054,63.24083355,5.692524589,-0.4502412983
420,0.8287345428,0.3096612107,0.7687072765,1.537414553,60.39355217,5.96090124,-0.4940397128
421,0.9287438294,0.3752529497,0.8495588999,1.6991178,54.20692606,6.641217759,-0.5848596272
422,0.7175760013,0.4447527982,0.5631254443,1.126250889,64.80594816,5.555045644,-0.4256853547
423,0.7885008261,0.3816650988,0.6899748584,1.379949717,61.68581536,5.836025639,-0.4743061731
424,0.7993343433,0.4548477096,0.6573043082,1.314608616,59.3866525,6.061968218,-0.5092419186
425,0.9140898012,0.5300712629,0.7447043849,1.48940877,51.8220724,6.946846843,-0.6181056091
426,0.7267797131,0.3658071353,0.6280078751,1.25601575,66.1065611,5.445752948,-0.4050368904
427,0.8145278996,0.3228540884,0.7478107627,1.495621525,61.06231474,5.895616659,-0.4838580997
428,0.9033721925,0.4323581172,0.7931883614,1.586376723,54.48537373,6.607277795,-0.5809107614
429,0.8254444474,0.4901863076,0.6641354677,1.328270935,56.99612147,6.316219256,-0.5446958059
430,0.7891745709,0.2902023683,0.7338794783,1.467758957,63.07031614,5.707914944,-0.452896672
431,0.8052861481,0.3311237074,0.7340591739,1.468118348,61.50457151,5.853223446,-0.4770886397
432,0.789302427,0.3661154901,0.6992551532,1.398510306,61.92354277,5.81362086,-0.4706493765
433,0.8903619154,0.4402473544,0.7739034871,1.547806974,54.95773165,6.550488698,-0.5741805866
434,0.8051819325,0.3494346045,0.7254056808,1.450811362,61.22895195,5.879571486,-0.4813108088
435,0.7809548352,0.3032725279,0.7196639691,1.439327938,63.43122489,5.675438251,-0.4472717278
436,0.8390166339,0.4160063973,0.7286203329,1.457240666,58.07604893,6.198768797,-0.5287931799
437,0.77181382,0.4078720395,0.6552381035,1.310476207,62.18435325,5.789237665,-0.4666281907
438,0.7732589074,0.3834447082,0.6714905015,1.342981003,62.60930073,5.74994443,-0.4600556611
439,0.8013760599,0.4780766949,0.6431533746,1.286306749,58.62459877,6.140766975,-0.5206431293
440,0.7972440425,0.3802071742,0.7007428687,1.401485737,61.17731267,5.884534385,-0.4821006262
441,0.871507752,0.356474102,0.7952684933,1.590536987,57.35245426,6.276976368,-0.5394696915
442,0.776676632,0.4324796703,0.6451262864,1.290252573,61.29793194,5.872955067,-0.4802551572
443,0.7948098071,0.4838055722,0.6305987612,1.261197522,58.8120708,6.121192386,-0.5178467938
444,0.8859116689,0.5053481951,0.7276418672,1.455283734,53.68295244,6.706039509,-0.5922529454
445,0.8267259436,0.5227564195,0.6404697586,1.280939517,55.90949908,6.438977382,-0.5605017026
446,0.7898222084,0.3988239803,0.6817320248,1.36346405,61.26239676,5.876361668,-0.4807990653
447,0.8417778017,0.5112597399,0.6687326415,1.337465283,55.55924252,6.479569981,-0.5655538068
448,0.9010172971,0.442904781,0.7846448398,1.56928968,54.39605897,6.618126512,-0.5821788971
449,0.7406948143,0.3216146827,0.6672277001,1.3344554,65.88830675,5.46379195,-0.4085167483
450,0.8543756314,0.3332556267,0.786700964,1.573401928,58.61308654,6.141973085,-0.5208146645
451,0.8052730879,0.3938953339,0.7023611692,1.404722338,60.43281649,5.957028332,-0.4934437773
452,0.8708726829,0.2752445732,0.8262322039,1.652464408,58.39407499,6.165009037,-0.5240739811
453,0.7879032325,0.4601411322,0.6395792697,1.279158539,59.89729326,6.010288286,-0.5015516077
454,0.7276635743,0.3807360839,0.6201083065,1.240216613,65.73803001,5.476282145,-0.4109093251
455,0.8832972143,0.5275315162,0.7084662788,1.416932558,53.18893205,6.768325403,-0.5991782663
456,0.8419997486,0.5062668554,0.6727982222,1.345596444,55.69931732,6.463274908,-0.5635358919
457,0.8297151167,0.3861932702,0.7343581775,1.468716355,59.16191599,6.084995626,-0.512613695
458,0.7442349193,0.3663438937,0.6478254137,1.295650827,64.86939952,5.549612031,-0.4246830076
459,0.8676708569,0.3882219714,0.775974495,1.55194899,57.05565787,6.309628413,-0.5438240826
460,0.821457702,0.3911874296,0.7223331303,1.444666261,59.54088385,6.046265637,-0.5069234116
461,0.7585818684,0.3430850591,0.6765641827,1.353128365,64.3111334,5.597786588,-0.433483984
462,0.8136683271,0.3094068265,0.7525447244,1.505089449,61.29707444,5.873037226,-0.4802682845
463,0.7706749142,0.3519243957,0.6856303983,1.371260797,63.35981337,5.681834918,-0.4483861275
464,0.6828223686,0.3476614256,0.5876886252,1.17537725,69.79836208,5.157714154,-0.3453250277
465,0.8667909409,0.4578048284,0.7360307564,1.472061513,55.74037258,6.458514419,-0.5629438118
466,0.8375174383,0.4524398823,0.7047933118,1.409586624,57.35955366,6.276199465,-0.5393653562
467,0.7941056454,0.5082606132,0.6101433644,1.220286729,58.04433227,6.202155937,-0.5292629335
468,0.7602654107,0.4528503998,0.6106799572,1.221359914,61.75922375,5.829088809,-0.4731778511
469,0.7704259365,0.4059749676,0.6547827496,1.309565499,62.31457895,5.777139252,-0.4646167417
470,0.8107366649,0.41939368,0.6938320265,1.387664053,59.58617296,6.041670107,-0.5062418975
471,0.8402862689,0.4775941623,0.6913644695,1.382728939,56.58786393,6.361788111,-0.5506575605
472,0.7648793437,0.452302345,0.6168168279,1.233633656,61.49023001,5.854588606,-0.4773086079
473,0.7793469548,0.4326812586,0.6482041379,1.296408276,61.13023957,5.889065748,-0.4828202633
474,0.8265793913,0.429032106,0.7065160594,1.413032119,58.48350143,6.155582193,-0.5227440644
475,0.7672508052,0.4280654765,0.6367367948,1.27347359,61.99194457,5.807206121,-0.469595695
476,0.8019766829,0.4135545287,0.6871238984,1.374247797,60.22216781,5.97786518,-0.4966381843
477,0.8050787884,0.4858721642,0.6419346506,1.283869301,58.1912645,6.186495569,-0.5270853667
478,0.8489498132,0.4079452712,0.7445108736,1.489021747,57.69694583,6.239498379,-0.5343974055
479,0.7976689975,0.4725903943,0.6425995245,1.285199049,58.98931758,6.102799876,-0.5151978791
480,0.8850022104,0.4957989729,0.7330840954,1.466168191,53.96869867,6.67053327,-0.5882271397
481,0.8704215005,0.3905342596,0.7778923965,1.555784793,56.87251436,6.329946971,-0.5465037643
482,0.8376831648,0.4835459706,0.6840295161,1.368059032,56.56039445,6.364877818,-0.5510576948
483,0.7966496022,0.3544300567,0.7134633302,1.42692666,61.66949256,5.83757033,-0.4745569566
484,0.8852949281,0.4122876685,0.7834321848,1.56686437,55.73365721,6.459292607,-0.5630406775
485,0.8872466649,0.4946967443,0.7365336215,1.473067243,53.89405396,6.679772138,-0.5892802058
486,0.8970641146,0.4018369302,0.802029368,1.604058736,55.33030804,6.506379826,-0.5688445501
487,0.8110359611,0.3574310449,0.7280263582,1.456052716,60.7461072,5.926305678,-0.4886805196
488,0.7710257701,0.3968452127,0.6610556824,1.322111365,62.47566502,5.762243585,-0.4621253077
489,0.8561955,0.4328361463,0.7387310774,1.477462155,56.81854035,6.335960019,-0.5472924261
490,0.7990997148,0.3553303907,0.7157518199,1.43150364,61.50378227,5.853298556,-0.4771007457
491,0.8374592417,0.516612798,0.6591276041,1.318255208,55.59858608,6.474984804,-0.564987365
492,0.7317858131,0.4110183781,0.6054538538,1.210907708,64.75310431,5.559579017,-0.4265197355
493,0.7438987102,0.451143388,0.5914853629,1.182970726,62.84575776,5.728310276,-0.4563874725
494,0.7758774596,0.3403291597,0.6972531071,1.394506214,63.21453953,5.694892389,-0.4506510213
495,0.8769820905,0.4478855562,0.7539868139,1.507973628,55.45374017,6.491897551,-0.5670714405
496,0.8513210889,0.476880982,0.7052177858,1.410435572,56.0518406,6.422625844,-0.5584425705
497,0.7964749578,0.3179396675,0.7302648329,1.460529666,62.24008032,5.784054232,-0.4657677321
498,0.788129941,0.4719674823,0.6311857885,1.262371577,59.54369205,6.045980483,-0.5068811628
499,0.7962547221,0.5388619036,0.5862161985,1.172432397,56.77178346,6.341178277,-0.5479752397
500,0.7594063949,0.3779554841,0.658671181,1.317342362,63.6187863,5.658705878,-0.4443414668
501,0.8431597332,0.2820537588,0.794584176,1.589168352,59.88305579,6.011717258,-0.5017665684
502,0.8447347244,0.5504418901,0.6407733454,1.281546691,54.11559764,6.652425838,-0.5861518172
503,0.808253177,0.3292545872,0.738149453,1.476298906,61.35089588,5.867884972,-0.4794441385
504,0.7290017753,0.439087151,0.5819330393,1.163866079,64.18993193,5.608356158,-0.4353892976
505,0.8251465851,0.4000734893,0.7216703472,1.443340694,59.16106075,6.085083591,-0.5126265112
506,0.9705770602,0.2506131076,0.9376635324,1.875327065,53.57171935,6.719963525,-0.5938161023
507,0.8644925681,0.3971682456,0.7678572687,1.535714537,57.06854135,6.308203985,-0.5436353672
508,0.8301766917,0.3517565486,0.7519711896,1.503942379,59.71267606,6.028870648,-0.5043365948
509,0.7913295475,0.3692306023,0.6999080048,1.39981601,61.7418497,5.830729105,-0.4734449688
510,0.7419118378,0.3349026403,0.6620222025,1.324044405,65.59091474,5.488565016,-0.4132488297
511,0.7696778681,0.4686309956,0.6105645016,1.221129003,60.71633106,5.929212021,-0.4891338652
512,0.7584080162,0.4076041239,0.6395635991,1.279127198,63.04918144,5.709828293,-0.4532255121
513,0.8417022061,0.4270938932,0.7252953951,1.45059079,57.70282841,6.238862287,-0.5343106223
514,0.878555385,0.3273809989,0.8152798575,1.630559715,57.37674588,6.27431888,-0.5391126591
515,0.7823788641,0.2973742034,0.7236610188,1.447322038,63.41682523,5.676726937,-0.4474964951
516,0.8135799837,0.3832085505,0.7176793132,1.435358626,60.14631004,5.985404587,-0.4977868967
517,0.8466281785,0.4063436247,0.7427409584,1.485481917,57.85248654,6.222723024,-0.5321008864
518,0.9133278921,0.35781916,0.8403173729,1.680634746,55.19392943,6.522456432,-0.5708005664
519,0.7370545866,0.4892786374,0.5512312388,1.102462478,61.98747264,5.807625068,-0.4696646025
520,0.7701402961,0.3444588132,0.688813619,1.377627238,63.52090417,5.667425625,-0.4458712697
521,0.7496160885,0.1836030773,0.7267834548,1.45356691,66.77173456,5.391502892,-0.3943952941
522,0.9422822238,0.4277706905,0.8395880095,1.679176019,52.77343331,6.821614162,-0.6049683819
523,0.8141867655,0.470056061,0.6647912369,1.329582474,58.15569293,6.190279607,-0.5276128635
524,0.8811597837,0.461265153,0.7507842719,1.501568544,54.96223846,6.549951568,-0.5741161847
525,0.7354519976,0.3264849063,0.6590123267,1.318024653,66.1832203,5.4394452,-0.403813235
526,0.8333368579,0.3467230802,0.7577819108,1.515563822,59.60774533,6.039483594,-0.5059171636
527,0.8350483627,0.3209789844,0.7708944543,1.541788909,59.87586881,6.012438853,-0.5018750673
528,0.8940540846,0.4422029549,0.7770387718,1.554077544,54.74134634,6.576381914,-0.5772685248
529,0.7953371922,0.4654505462,0.6449163034,1.289832607,59.32378583,6.068392214,-0.510185914
530,0.8709321766,0.450842311,0.7451604303,1.490320861,55.68904113,6.464467563,-0.5636840451
531,0.8633426576,0.3133750195,0.8044604661,1.608920932,58.37659199,6.166855373,-0.5243338326
532,0.7361155355,0.3212217251,0.6623312502,1.3246625,66.21860028,5.436538956,-0.4032482462
533,0.7849268763,0.4382848767,0.6511655458,1.302331092,60.65363862,5.935340537,-0.4900879339
534,0.7626202651,0.4180188058,0.6378479025,1.275695805,62.53202014,5.757050535,-0.4612528291
535,0.9148297274,0.4109566975,0.8173298128,1.634659626,54.31838634,6.627590109,-0.583280582
536,0.780720521,0.3892090484,0.6767871516,1.353574303,62.02175648,5.80441478,-0.4691362541
537,0.802432535,0.4345176083,0.6746053819,1.349210764,59.71960454,6.028171197,-0.5042321715
538,0.8522944705,0.3773283919,0.7642179984,1.528435997,58.0609988,6.200375595,-0.5290161067
539,0.8653437963,0.4107573284,0.7616418469,1.523283694,56.77812419,6.340470122,-0.5478826644
540,0.8189746725,0.402402364,0.7132964683,1.426592937,59.4668677,6.053791194,-0.5080365304
541,0.7473366506,0.3696556905,0.6495126941,1.299025388,64.59274687,5.573381183,-0.4290494841
542,0.8862601933,0.4315811958,0.7740767414,1.548153483,55.32697606,6.506771663,-0.5688923776
543,0.7819303034,0.4903117944,0.6091053634,1.218210727,59.31706284,6.069080005,-0.5102868289
544,0.8555510184,0.428824019,0.7403225687,1.480645137,56.93491852,6.323008961,-0.5455913177
545,0.927684245,0.4342342459,0.8197796522,1.639559304,53.32008254,6.751677471,-0.5973440828
546,0.7305419837,0.207225975,0.7005347851,1.40106957,67.95380901,5.297716276,-0.3753539531
547,0.8564401212,0.2387302738,0.8224947037,1.644989407,59.55157459,6.045180207,-0.5067625651
548,0.8142959366,0.4173359828,0.6992199582,1.398439916,59.42669867,6.057883209,-0.5086402723
549,0.8754133018,0.4020677091,0.7776181623,1.555236325,56.41532872,6.381244392,-0.5531686925
550,0.7957221985,0.3966245278,0.6898280953,1.379656191,60.94945893,5.906533156,-0.4855809406
551,0.8523950619,0.4290811681,0.7365233823,1.473046765,57.09457128,6.305328018,-0.5432540006
552,0.8082467341,0.4681560203,0.6588571347,1.317714269,58.53069691,6.150618718,-0.5220416774
553,0.8153470702,0.3996918579,0.7106597382,1.421319476,59.72916818,6.027205986,-0.5040880203
554,0.8439891913,0.4036049388,0.7412292549,1.48245851,58.04748272,6.201819324,-0.5292162797
555,0.8214329803,0.4425489343,0.6920278765,1.384055753,58.45927377,6.158133291,-0.5231044951
556,0.8374336228,0.4858291385,0.6821034531,1.364206906,56.51047731,6.370500076,-0.5517844888
557,0.8662592783,0.4179543958,0.7587616624,1.517523325,56.59505292,6.360980005,-0.5505528211
558,0.7640059015,0.3285798625,0.6897392924,1.379478585,64.1816871,5.609076612,-0.4355188374
559,0.8426394759,0.3285546271,0.7759466111,1.551893222,59.33725218,6.067015017,-0.5099837572
560,0.8081540914,0.3907664271,0.7073999116,1.414799823,60.32327393,5.967845851,-0.4951057837
561,0.776268556,0.4330258519,0.644268176,1.288536352,61.30914564,5.871880879,-0.4800834798
562,0.8011922107,0.4171943729,0.6840013258,1.368002652,60.18879213,5.981180004,-0.4971436987
563,0.8124180828,0.3759746689,0.7201848301,1.44036966,60.34582383,5.965615799,-0.4947637988
564,0.8732798189,0.4949919529,0.7194446529,1.438889306,54.52942388,6.601940281,-0.5802847954
565,0.85118079,0.4070311891,0.7475522378,1.495104476,57.5946642,6.250579025,-0.5359054226
566,0.8123859865,0.4044587661,0.7045453126,1.409090625,59.80511343,6.019552165,-0.5029428114
567,0.8701638019,0.2594199773,0.8305939546,1.661187909,58.5905363,6.144337,-0.5211506081
568,0.8189146419,0.3318258217,0.7486740377,1.497348075,60.67178517,5.933565314,-0.4898118357
569,0.8971536541,0.3462510606,0.827644176,1.655288352,56.16057051,6.410191292,-0.556867346
570,0.8010740018,0.3330531945,0.7285568791,1.457113758,61.7346348,5.831410539,-0.4735558816
571,0.7454526447,0.3235032126,0.6715990745,1.343198149,65.52583782,5.494015979,-0.4142828489
572,0.82760067,0.3305235056,0.7587338672,1.517467734,60.17772073,5.982280413,-0.4973113511
573,0.8240841043,0.4284821933,0.703930125,1.40786025,58.63358582,6.13982575,-0.5205092053
574,0.7926369498,0.3933664484,0.6881396453,1.376279291,61.20221467,5.882140081,-0.4817198016
575,0.8027694852,0.3850792651,0.7043811511,1.408762302,60.75207764,5.925723268,-0.4885896031
576,0.8779911071,0.2900699063,0.8286904329,1.657380866,57.8488321,6.223116127,-0.5321548883
577,0.797642266,0.4377138156,0.6668131674,1.333626335,59.91961237,6.008049548,-0.5012145661
578,0.8785300189,0.407157473,0.7784842878,1.556968576,56.16620669,6.409548039,-0.556785637
579,0.8075334305,0.405846798,0.6981393972,1.396278794,60.05916988,5.994088842,-0.4991053811
580,0.8053495831,0.5065744483,0.6260752984,1.252150597,57.51731905,6.258984353,-0.5370446481
581,0.7799240014,0.4444862826,0.6408692476,1.281738495,60.79238888,5.921793939,-0.487975613
582,0.839409646,0.2988279153,0.7844172556,1.568834511,59.90558908,6.009455971,-0.501426341
583,0.8219523399,0.3311104664,0.7523107789,1.504621558,60.5018064,5.950235561,-0.4923961195
584,0.8256759493,0.4051729688,0.7194272991,1.438854598,59.03130167,6.098459459,-0.5145697129
585,0.7012079808,0.4116728384,0.567642587,1.135285174,66.93651381,5.378230498,-0.3917508475
586,0.8726452825,0.431027781,0.7587653399,1.51753068,56.01473658,6.426880175,-0.558979655
587,0.8481388762,0.4841837052,0.696351702,1.392703404,56.02011442,6.426263205,-0.5589018248
588,0.8611586085,0.3910988458,0.7672260696,1.534452139,57.35059746,6.277179592,-0.5394969782
589,0.8471895294,0.4049381683,0.7441472828,1.488294566,57.8487878,6.223120893,-0.5321555429
590,0.7914355905,0.4426313944,0.6560851642,1.312170328,60.15879958,5.98416196,-0.4975978278
591,0.8518092884,0.3775121811,0.7635860245,1.527172049,58.08439337,6.197878278,-0.528669564
592,0.8031285428,0.4520460129,0.6638296908,1.327659382,59.24500935,6.076461189,-0.5113679412
593,0.8116810743,0.5299647658,0.6147873724,1.229574745,56.37657439,6.38563098,-0.5537320462
594,0.8513864925,0.4059770793,0.7483592524,1.496718505,57.60350765,6.249619419,-0.5357751042
595,0.7525891177,0.3771619569,0.6512597318,1.302519464,64.08892045,5.617195569,-0.4369757318
596,0.792200634,0.3465178871,0.7123953947,1.424790789,62.0756389,5.799376476,-0.4683055326
597,0.8617004253,0.443783054,0.7386367335,1.477273467,56.30439432,6.393817114,-0.5547806188
598,0.9350953049,0.3399184583,0.8711249456,1.742249891,54.36787712,6.621557049,-0.5825787436
599,0.7839598596,0.359235236,0.6968092327,1.393618465,62.37998501,5.771081861,-0.463605582
600,0.8456086565,0.3767072632,0.7570638268,1.514127654,58.43816033,6.160358196,-0.5234185197
601,0.8862682009,0.429712931,0.7751245841,1.550249168,55.36251989,6.502594187,-0.5683820793
602,0.8422242468,0.445119391,0.7149897969,1.429979594,57.28148221,6.284753573,-0.5405122655
603,0.7517399969,0.3700273696,0.6543644006,1.308728801,64.28658595,5.599924069,-0.4338700322
604,0.9228074605,0.4100989723,0.8266755361,1.653351072,53.95653549,6.672036979,-0.5883988025
605,0.7938233002,0.3477033834,0.7136230021,1.427246004,61.95524285,5.810646257,-0.4701611424
606,0.8066153674,0.4409877401,0.6753948208,1.350789642,59.32457703,6.06831128,-0.5101740372
607,0.806946058,0.4943062203,0.637827015,1.27565403,57.83211871,6.224914598,-0.5324018357
608,0.8415101888,0.311540139,0.7817174295,1.563434859,59.62680663,6.037552912,-0.5056301697
609,0.8045446236,0.4244464173,0.6834744254,1.366948851,59.83129195,6.016918376,-0.5025478501
610,0.8380323917,0.4402294781,0.7130892624,1.426178525,57.61385908,6.248496555,-0.5356225477
611,0.8181302123,0.3924751881,0.717844183,1.435688366,59.70816563,6.029326077,-0.5044045701
612,0.838482347,0.3690168332,0.7529138218,1.505827644,58.96331424,6.105491264,-0.5155868026
613,0.7614829694,0.3918658656,0.6529145857,1.305829171,63.19682435,5.696488767,-0.4509270121
614,0.8240209306,0.3671898446,0.7376870014,1.475374003,59.81935784,6.018118766,-0.5027279157
615,0.7458595753,0.3114306891,0.6777296157,1.355459231,65.67894667,5.481208489,-0.4118492259
616,0.8613549036,0.5207350623,0.6861248172,1.372249634,54.36053707,6.622451127,-0.5826828617
617,0.8027832036,0.3948180404,0.6989846829,1.397969366,60.56248218,5.944274195,-0.4914741274
618,0.8535551059,0.5336646902,0.6661518725,1.332303745,54.30694116,6.628986872,-0.5834428263
619,0.7660592041,0.3713199671,0.6700508833,1.340101767,63.31049599,5.686260933,-0.4491553348
620,0.7684299965,0.4810591562,0.5992217851,1.19844357,60.39426726,5.96083066,-0.4940288616
621,0.7813071219,0.377116815,0.6842687532,1.368537506,62.2218334,5.78575044,-0.4660495238
622,0.8402398282,0.4265753345,0.7239036213,1.447807243,57.79226305,6.229207527,-0.5329905371
623,0.8433318156,0.3483873989,0.7680070127,1.536014025,59.01406823,6.100240346,-0.5148275931
624,0.7643478904,0.3996063353,0.6515692399,1.30313848,62.84407847,5.728463346,-0.456413551
625,0.8047889198,0.3756131714,0.7117583514,1.423516703,60.806324,5.920436828,-0.4877633077
626,0.7493594134,0.4632728589,0.5889972738,1.177994548,62.12420212,5.794843036,-0.4675564641
627,0.8089855678,0.3181294492,0.7438086464,1.487617293,61.46416797,5.857071069,-0.4777082676
628,0.8734842258,0.4182279279,0.7668507632,1.533701526,56.21997914,6.403417531,-0.5560058159
629,0.849272673,0.4707249617,0.7068819446,1.413763889,56.30940257,6.393248438,-0.5547078915
630,0.8960590314,0.4245250938,0.7891135739,1.578227148,54.98156271,6.547649471,-0.5738400028
631,0.795127628,0.3983335204,0.688155761,1.376311522,60.95053762,5.906428623,-0.4855644824
632,0.7912693841,0.2690149676,0.7441358649,1.48827173,63.18667985,5.697403327,-0.4510850373
633,0.7880822598,0.2893741686,0.7330322222,1.466064444,63.1506746,5.700651692,-0.4516457923
634,0.8417455987,0.3631122344,0.7593978918,1.518795784,58.87580109,6.114566483,-0.5168949277
635,0.7840908716,0.4439140793,0.6463271503,1.292654301,60.55884737,5.944630977,-0.4915293753
636,0.7472484241,0.4025166245,0.6295717388,1.259143478,63.90321509,5.63351937,-0.4398887773
637,0.8117994077,0.3928363974,0.7104208916,1.420841783,60.0692109,5.993086884,-0.4989535131
638,0.8192230425,0.4493751879,0.6849732358,1.369946472,58.41650519,6.162641856,-0.5237405273
639,0.8018638636,0.4691530291,0.6502930809,1.300586162,58.854557,6.116773591,-0.5172122973
640,0.7560706412,0.3934479048,0.6456326825,1.291265365,63.51832379,5.667655859,-0.4459115809
641,0.8012074377,0.3708450987,0.7102163551,1.42043271,61.10786142,5.891222367,-0.4831622583
642,0.8057233844,0.4040514718,0.697088646,1.394177292,60.20224425,5.979843517,-0.4969399706
643,0.8123954583,0.3950584213,0.7098698644,1.419739729,59.99135497,6.000864628,-0.5001306639
644,0.9040172791,0.3941808168,0.813553148,1.627106296,55.11399127,6.531916701,-0.5719455805
645,0.8892346953,0.4941332248,0.7393041996,1.478608399,53.81769431,6.689249784,-0.5903564308
646,0.8126113513,0.3048621836,0.7532570991,1.506514198,61.42063712,5.861222171,-0.47837559
647,0.8195798141,0.3504633757,0.7408687427,1.481737485,60.35096666,5.965107437,-0.4946857936
648,0.7619931458,0.4453189475,0.6183240164,1.236648033,61.86545263,5.819079708,-0.4715436875
649,0.8516358653,0.4718230017,0.7089899168,1.417979834,56.16339313,6.409869133,-0.5568264266
650,0.8978085211,0.4311402001,0.7875139799,1.57502796,54.77425376,6.572430938,-0.5767994475
651,0.8606430133,0.4076686176,0.7579661567,1.515932313,57.08102787,6.306824061,-0.5434524402
652,0.8097571136,0.3156381067,0.7457071601,1.49141432,61.45132585,5.858295082,-0.4779051643
653,0.7631970677,0.391044313,0.6554037758,1.310807552,63.10247163,5.705006329,-0.4523962385
654,0.8576266458,0.458130792,0.7250100972,1.450020194,56.19064167,6.406760793,-0.5564313358
655,0.8802150965,0.4569163799,0.7523337277,1.504667455,55.10290273,6.533231139,-0.572104322
656,0.9049513599,0.4536035975,0.7830585802,1.56611716,53.99944433,6.666735269,-0.5877930984
657,0.7913690298,0.1494698468,0.7771252834,1.554250567,64.16487636,5.61054615,-0.4357829338
658,0.7407582823,0.387843794,0.6311101522,1.262220304,64.67044164,5.566685349,-0.4278242142
659,0.8133212256,0.4434621873,0.6817864068,1.363572814,58.88696626,6.113407141,-0.5167281006
660,0.7829256927,0.2587436996,0.7389345967,1.477869193,63.83923159,5.63916562,-0.4408913782
661,0.8175214473,0.2991324518,0.7608292141,1.521658428,61.19584127,5.882752693,-0.4818172783
662,0.7999272202,0.4131906845,0.6849503747,1.369900749,60.35084859,5.965119107,-0.4946875844
663,0.8087828316,0.4455105661,0.6750185214,1.350037043,59.09128784,6.092268643,-0.5136717199
664,0.8097825763,0.3830685328,0.7134467885,1.426893577,60.37246505,5.962983286,-0.4943596676
665,0.8245125147,0.4187557181,0.7102566687,1.420513337,58.81923552,6.120446769,-0.5177398145
666,0.9236233366,0.3524084954,0.8537495653,1.707499131,54.76300251,6.573781266,-0.5769598493
667,0.8836529821,0.3450926669,0.8134824178,1.626964836,56.87331335,6.329858044,-0.5464920859
668,0.7843250822,0.4029796958,0.6728842392,1.345768478,61.51187138,5.85252882,-0.4769766638
669,0.833346238,0.3837840242,0.7397133061,1.479426612,58.99992275,6.101702905,-0.5150392307
670,0.7777295253,0.4149104272,0.6578089022,1.315617804,61.65480411,5.838961054,-0.474782597
671,0.7774343493,0.3711031064,0.6831446786,1.366289357,62.58046186,5.752594169,-0.4605025074
672,0.7651991406,0.3642928276,0.6729193566,1.345838713,63.49832861,5.669440564,-0.4462239192
673,0.7847560372,0.3812667541,0.6859137702,1.37182754,61.92612393,5.813378541,-0.4706096277
674,0.8870553538,0.4880323972,0.7407371868,1.481474374,54.06636916,6.658483001,-0.5868477249
675,0.8374390067,0.419640957,0.7247106714,1.449421343,58.08795392,6.197498374,-0.528616814
676,0.7370170475,0.3320381975,0.6579853826,1.315970765,65.98254937,5.455988037,-0.4070148636
677,0.806254911,0.2777462057,0.7569042388,1.513808478,62.14218193,5.793166393,-0.4672790472
678,0.7523649956,0.4667280212,0.5901000261,1.180200052,61.82683662,5.822714207,-0.4721379216
679,0.8457433284,0.411801904,0.7387157568,1.477431514,57.79513308,6.228898193,-0.5329481531
680,0.8528640121,0.4353094491,0.7334048723,1.466809745,56.93968887,6.322479225,-0.545521541
681,0.7720712617,0.2975477301,0.7124320188,1.424864038,64.08987259,5.617112119,-0.4369607844
682,0.7711723664,0.3074072069,0.707253581,1.414507162,64.01595742,5.623597842,-0.4381208072
683,0.8180360866,0.4076158778,0.7092477248,1.41849545,59.41585687,6.05898861,-0.508803182
684,0.8155333155,0.3719637112,0.7257668952,1.45153379,60.23306534,5.976783649,-0.4964730917
685,0.801471064,0.3739333749,0.7088932907,1.417786581,61.03649723,5.898110415,-0.4842523919
686,0.7680937069,0.3944899624,0.6590490211,1.318098042,62.71322491,5.740416005,-0.4584444332
687,0.8496468327,0.3698670482,0.7649170589,1.529834118,58.32834848,6.171955994,-0.5250506273
688,0.8389285192,0.4034535295,0.7355449067,1.471089813,58.32711506,6.172086509,-0.5250689484
689,0.7992655004,0.3638113978,0.7116646731,1.423329346,61.34955837,5.868012901,-0.4794646244
690,0.8458885153,0.4653107477,0.7064087262,1.412817452,56.61488997,6.358751208,-0.5502637621
691,0.7981427043,0.5058867052,0.6173414111,1.234682822,57.91503866,6.216002067,-0.5311762137
692,0.8838831206,0.347488487,0.8127122014,1.625424403,56.82837213,6.334863845,-0.5471488014
693,0.8194446027,0.3311056838,0.7495722,1.4991444,60.65066119,5.935631911,-0.4901332306
694,0.7706927392,0.373335659,0.674231254,1.348462508,62.97104389,5.716913326,-0.4544407381
695,0.8434731529,0.371114059,0.7574439352,1.51488787,58.64955867,6.138153605,-0.520271148
696,0.751580651,0.2437456293,0.7109581866,1.421916373,66.1121146,5.445295498,-0.4049482682
697,0.8122877083,0.4226705397,0.6936576504,1.387315301,59.42550526,6.058004866,-0.5086582054
698,0.7700313621,0.4088170104,0.6525465122,1.305093024,62.2756585,5.780749793,-0.4652181537
699,0.8308079373,0.5197051216,0.6481885645,1.296377129,55.81612746,6.449748781,-0.5618505513
700,0.755726026,0.4687078982,0.5928193085,1.185638617,61.55622194,5.848312139,-0.4762961844
701,0.8262179075,0.4505675555,0.6925495712,1.385099142,58.00696024,6.206151788,-0.5298162402
702,0.8066996886,0.3974967927,0.7019691499,1.4039383,60.27732618,5.972394975,-0.4958023756
703,0.8026526531,0.3289658243,0.7321425872,1.464285174,61.697991,5.834873943,-0.4741190816
704,0.8917095331,0.3754526897,0.8088146692,1.617629338,56.01979588,6.426299746,-0.5589064349
705,0.8225179193,0.3404113218,0.7487695637,1.497539127,60.33204734,5.966978014,-0.4949727379
706,0.8241121109,0.4325865318,0.7014482617,1.402896523,58.54083001,6.14955408,-0.5218908253
707,0.7883888147,0.4001606461,0.6792851982,1.358570396,61.32212493,5.870638051,-0.4798847491
708,0.7775859105,0.3961074874,0.6691328019,1.338265604,62.07644617,5.799301059,-0.4682930836
709,0.7587338807,0.5040020308,0.5671499402,1.13429988,60.13406796,5.986623094,-0.4979721965
710,0.7473903228,0.2164040234,0.7153751416,1.430750283,66.66601975,5.400052401,-0.3960901334
711,0.8146366059,0.4208449277,0.6975115386,1.395023077,59.33154518,6.067598592,-0.5100694341
712,0.8083216248,0.4209778353,0.6900445719,1.380089144,59.69044671,6.031115862,-0.5046715762
713,0.8019601704,0.4767338623,0.6448759101,1.28975182,58.63197594,6.139994333,-0.5205331964
714,0.8281002752,0.3524368558,0.7493586114,1.498717223,59.82211125,6.017841772,-0.5026863733
715,0.7986281072,0.3795069591,0.7026957532,1.405391506,61.10637736,5.891365445,-0.4831849359
716,0.8087069429,0.4603268967,0.6649105712,1.329821142,58.71667775,6.131137077,-0.5192703726
717,0.7788029833,0.3729323686,0.6837071999,1.3674144,62.45922521,5.763760258,-0.4623797413
718,0.7985528017,0.3933415489,0.6949597133,1.389919427,60.8448294,5.916690105,-0.4871765177
719,0.8735237125,0.4366248189,0.7565728279,1.513145656,55.85820035,6.444890772,-0.5612429497
720,0.783200473,0.2955928803,0.7252777605,1.450555521,63.386679,5.679426745,-0.4479669624
721,0.7538595329,0.3899914422,0.6451440694,1.290288139,63.73897475,5.648035623,-0.4424612644
722,0.8509798704,0.3948603178,0.7538249592,1.507649918,57.82951679,6.225194675,-0.5324402761
723,0.7706909229,0.4095726026,0.6528512708,1.305702542,62.21682249,5.786216422,-0.4661269003
724,0.8740958825,0.3467902274,0.8023591153,1.604718231,57.35372436,6.276837364,-0.5394510263
725,0.8264110068,0.4654954616,0.6828390202,1.36567804,57.62319515,6.247484179,-0.5354849404
726,0.8059593927,0.3863455817,0.707324278,1.414648556,60.53770726,5.946706875,-0.4918506586
727,0.8331030483,0.4157147182,0.7219708873,1.443941775,58.40568631,6.163783405,-0.523901374
728,0.8400645535,0.5102501766,0.6673478938,1.334695788,55.67220254,6.466422803,-0.5639267701
729,0.878228702,0.4140169883,0.7745163565,1.549032713,56.05760601,6.421965289,-0.5583590945
730,0.904924225,0.4004307964,0.8115066422,1.623013284,54.96851718,6.549203407,-0.5740264564
731,0.862143383,0.4597651666,0.7293196861,1.458639372,55.92669108,6.436998025,-0.5602531841
732,0.7503552909,0.471056754,0.5840707124,1.168141425,61.81088935,5.824216474,-0.4723832603
733,0.8308131573,0.4480138758,0.6996671133,1.399334227,57.82072659,6.226141061,-0.5325701331
734,0.8382734154,0.5291480602,0.6501574035,1.300314807,55.15064075,6.527576019,-0.5714207606
735,0.7306911528,0.4393348191,0.5838616938,1.167723388,64.06812146,5.619019128,-0.4373022216
736,0.6910201189,0.3154968178,0.6147931055,1.229586211,69.69262813,5.165539163,-0.3470563206
737,0.8754936255,0.4758475161,0.734886542,1.469773084,54.89988644,6.557390613,-0.5750068736
738,0.8121980359,0.1483764892,0.7985299412,1.597059882,62.84105229,5.728739206,-0.456460545
739,0.8061680919,0.4087817558,0.6948413262,1.389682652,60.07797448,5.992212672,-0.4988209534
740,0.8010342776,0.4428785259,0.6674687448,1.33493749,59.59653082,6.040620067,-0.5060859872
741,0.8816904615,0.3949602961,0.788279414,1.576558828,56.21651626,6.403811975,-0.5560560503
742,0.7359839577,0.3957235887,0.6205442993,1.241088599,64.82522272,5.553393955,-0.4253809278
743,0.8664920086,0.3331412938,0.7998907921,1.599781584,57.94948349,6.212307311,-0.5306667647
744,0.8366143896,0.4541371993,0.7026258187,1.405251637,57.36669508,6.275418159,-0.5392603951
745,0.7908041515,0.338582432,0.7146559611,1.429311922,62.28941485,5.77947314,-0.4650056105
746,0.8196988052,0.4397517499,0.6917546745,1.383509349,58.62068575,6.14117688,-0.5207014366
747,0.767533763,0.4535939626,0.6191612023,1.238322405,61.29094303,5.873624751,-0.4803621454
748,0.8826625389,0.4514886945,0.7584531075,1.516906215,55.10056195,6.533508684,-0.5721378295
749,0.7472116201,0.2817938957,0.6920385867,1.384077173,65.98550703,5.455743484,-0.4069677115
750,0.8014947592,0.3486537465,0.7216885852,1.44337717,61.46635357,5.856862805,-0.4776747554
751,0.9748765277,0.3884265835,0.8941526903,1.788305381,51.92862246,6.932592912,-0.6166426799
752,0.8042852738,0.5019088448,0.6284602717,1.256920543,57.72744984,6.236201339,-0.5339473315
753,0.8106782808,0.4966610333,0.640723882,1.281447764,57.5628155,6.254037383,-0.5363746442
754,0.8119233536,0.4464114961,0.6781860425,1.356372085,58.89309039,6.112771423,-0.5166365869
755,0.8048131439,0.4571204979,0.6623934231,1.324786846,59.01792066,6.099842149,-0.5147699496
756,0.7407990603,0.3296656283,0.6634032117,1.326806423,65.75417219,5.474937757,-0.4106524584
757,0.743496045,0.3971583879,0.6285312911,1.257062582,64.2781928,5.600655282,-0.4340020098
758,0.8605067372,0.373334677,0.7753019178,1.550603836,57.68171808,6.241145582,-0.534622028
759,0.7793136208,0.3614442409,0.6904257964,1.380851593,62.63618549,5.747476434,-0.459638988
760,0.80742233,0.4261659384,0.6857940011,1.371588002,59.62624373,6.03760991,-0.5056386458
761,0.7572451224,0.4168693577,0.6321709532,1.264341906,62.90560587,5.722860387,-0.4554578058
762,0.8012294302,0.3845522366,0.702914061,1.405828122,60.85448762,5.915751066,-0.4870292999
763,0.8186292721,0.431581319,0.6956230662,1.391246132,58.86817148,6.115358961,-0.5170089162
764,0.8013995847,0.4104380522,0.6883181675,1.376636335,60.32314681,5.967858426,-0.4951077113
765,0.7715274925,0.3351935523,0.6949100332,1.389820066,63.58026845,5.662134005,-0.4449436185
766,0.8226000937,0.3676970252,0.7358463236,1.471692647,59.89325629,6.010693395,-0.5016125619
767,0.7764128428,0.4720537994,0.6164268918,1.232853784,60.21498794,5.978577964,-0.4967469462
768,0.8180178125,0.3588149029,0.7351224435,1.470244887,60.30901587,5.969256749,-0.4953219774
769,0.7594183826,0.4337492064,0.6233601734,1.246720347,62.34001368,5.774782178,-0.4642235997
770,0.8493664975,0.3787291551,0.760255006,1.520510012,58.19753015,6.18582952,-0.5269924313
771,0.8068146407,0.3202931001,0.7405148172,1.481029634,61.56678293,5.847308936,-0.4761341029
772,0.866056946,0.4727844665,0.7256235125,1.451247025,55.42780251,6.49493546,-0.5674442552
773,0.8707492232,0.3977469571,0.7745976813,1.549195363,56.73160208,6.345669553,-0.5485617363
774,0.8047400339,0.3614179343,0.7190157154,1.438031431,61.05796571,5.896036591,-0.4839245261
775,0.828115686,0.2665984831,0.7840285953,1.568057191,60.93399692,5.90803194,-0.485816835
776,0.7745117055,0.43807916,0.6387135755,1.277427151,61.28737725,5.873966486,-0.4804167286
777,0.8026943835,0.2683331253,0.7565154375,1.513030875,62.47013856,5.762753346,-0.4622108432
778,0.7987695868,0.4747761423,0.6423554059,1.284710812,58.86474396,6.115715041,-0.5170601213
779,0.9222875372,0.3824085343,0.8392723123,1.678544625,54.41108924,6.616298351,-0.5819655887
780,0.8881745791,0.4368257196,0.7733287617,1.546657523,55.13128595,6.529867639,-0.5716979501
781,0.8072498946,0.2791160643,0.7574606359,1.514921272,62.06470384,5.800398258,-0.4684741553
782,0.8250597804,0.3737534276,0.735548786,1.471097572,59.64755656,6.035452595,-0.5053176876
783,0.8009563,0.3218211444,0.7334590278,1.466918056,61.90605798,5.815262864,-0.4709186098
784,0.8096793743,0.4847752901,0.6485164664,1.297032933,57.978235,6.209226617,-0.5302413747
785,0.7814285472,0.4484920232,0.6399105246,1.279821049,60.59595487,5.940990628,-0.4909652607
786,0.90007533,0.4166146169,0.7978520293,1.595704059,54.9290536,6.553908658,-0.5745903099
787,0.8462463236,0.4736762493,0.7012586192,1.402517238,56.38766033,6.384375551,-0.5535709208
788,0.7726304483,0.3475193784,0.6900638313,1.380127663,63.3071666,5.68655998,-0.4492072515
789,0.9331353274,0.3587492432,0.8614177383,1.722835477,54.22330711,6.639211424,-0.5846276974
790,0.7346616424,0.3848722074,0.625780403,1.251560806,65.15651165,5.525157668,-0.4201409781
791,0.7732791234,0.4333794741,0.6404239487,1.280847897,61.48350459,5.855229015,-0.4774117512
792,0.7737956703,0.4814262611,0.6057957532,1.211591506,60.07074383,5.992933948,-0.4989303265
793,0.7893907963,0.3771336866,0.6934753144,1.386950629,61.71666594,5.833108359,-0.4738320797
794,0.8445618941,0.3924731924,0.7478299179,1.495659836,58.22155491,6.183276976,-0.526636025
795,0.8699392714,0.4929343023,0.7168054893,1.433610979,54.73900418,6.576663302,-0.5773019037
796,0.7700969689,0.3513670115,0.6852667836,1.370533567,63.40713323,5.677594643,-0.4476477636
797,0.8612234587,0.4957106675,0.7042561891,1.408512378,55.07757335,6.536235679,-0.5724668526
798,0.795066677,0.4622884599,0.6468542345,1.293708469,59.4274062,6.057811085,-0.5086296402
799,0.7792923023,0.4317198691,0.6487791974,1.297558395,61.15748867,5.886441838,-0.4824037283
800,0.7862579869,0.3203297635,0.7180462831,1.436092566,62.85203939,5.727737771,-0.4562899184
801,0.8215423307,0.2703535116,0.7757839776,1.551567955,61.28849572,5.87385929,-0.4803996077
802,0.8917856824,0.3998785657,0.7971065399,1.59421308,55.62489339,6.471922516,-0.5646084617
803,0.8415343194,0.2611149957,0.7999993561,1.599998712,60.1991339,5.980152482,-0.4969870783
804,0.8171334788,0.4888259602,0.6547948555,1.309589711,57.46535808,6.264643814,-0.5378094378
805,0.7658107551,0.2373770832,0.7280921871,1.456184374,65.19738728,5.52169366,-0.4194934772
806,0.7365022066,0.2477209752,0.6935919685,1.387183937,67.13851063,5.362049242,-0.3885046992
807,0.8411255161,0.3825480843,0.7490988567,1.498197713,58.58661484,6.144748267,-0.52120902
808,0.7693826653,0.3437239191,0.6883338966,1.376667793,63.58278801,5.661909634,-0.4449042362
809,0.8321163234,0.5069836111,0.6598372479,1.319674496,56.15834481,6.410445344,-0.5568996109
810,0.8464099376,0.4470069686,0.7187451235,1.437490247,57.01955921,6.313622992,-0.5443527042
811,0.8581772274,0.466742836,0.7201522608,1.440304522,55.96068412,6.433087902,-0.5597616503
812,0.8351919614,0.4264165603,0.7181326685,1.436265337,58.06853293,6.199571124,-0.5289045136
813,0.7535093454,0.3768725954,0.6524901383,1.304980277,64.03295,5.622105494,-0.4378541905
814,0.9361260905,0.4426208862,0.8248750259,1.649750052,52.79040135,6.819421538,-0.6047325475
815,0.8536354622,0.3835353196,0.7626232103,1.525246421,57.88378198,6.219358648,-0.5316383428
816,0.8211684826,0.3414992494,0.7467904254,1.493580851,60.39526303,5.960732381,-0.4940137511
817,0.8106590331,0.4530492454,0.672245825,1.34449165,58.79741063,6.122718605,-0.5180656653
818,0.7516801412,0.3916211248,0.6416041843,1.283208369,63.84929412,5.638276898,-0.440733738
819,0.785650116,0.2978592436,0.7269979201,1.45399584,63.19918183,5.696276274,-0.4508902865
820,0.7952978173,0.4639235563,0.6459671447,1.291934289,59.36881468,6.063789582,-0.5095098305
821,0.8661958081,0.494873944,0.7109113569,1.421822714,54.86450128,6.561619838,-0.5755120422
822,0.8021365165,0.4339683219,0.6746069127,1.349213825,59.74975488,6.02512932,-0.5037776726
823,0.8374713849,0.3347202623,0.767672239,1.535344478,59.54629962,6.045715726,-0.5068419314
824,0.8215307842,0.4033071584,0.7157207314,1.431441463,59.30302115,6.070517033,-0.510497578
825,0.8479403525,0.4573823456,0.7140057642,1.428011528,56.70063243,6.349135531,-0.5490135923
826,0.8109377923,0.4223124915,0.6922949245,1.384589849,59.5106168,6.049340763,-0.5073786961
827,0.843618983,0.3978560939,0.7439109605,1.487821921,58.17504708,6.188220175,-0.5273258828
828,0.7371317366,0.352524629,0.6473712869,1.294742574,65.62183647,5.485978744,-0.4127573217
829,0.8171066813,0.4550045913,0.6787003392,1.357400678,58.39240093,6.165185783,-0.5240988649
830,0.845707284,0.5724910801,0.6224747171,1.244949434,53.22655333,6.763541455,-0.5986524408
831,0.78939354,0.3969581108,0.6823242773,1.364648555,61.32710742,5.870161094,-0.4798084538
832,0.8115620647,0.4578375839,0.6700878537,1.340175707,58.62432532,6.140795618,-0.520647204
833,0.756648613,0.3193763117,0.685941612,1.371883224,64.81795381,5.554016732,-0.4254957402
834,0.848305637,0.4311094922,0.730593635,1.46118727,57.2672644,6.286313896,-0.5407210244
835,0.849318995,0.5009032005,0.6858853687,1.371770737,55.50301837,6.486133738,-0.5663628207
836,0.70505429,0.4658813459,0.5292032912,1.058406582,64.9706595,5.540962687,-0.423082316
837,0.8882979569,0.3409785228,0.8202480766,1.640496153,56.686779,6.350687168,-0.5492156659
838,0.8148462914,0.470920232,0.6649876794,1.329975359,58.09651611,6.196584996,-0.5284899558
839,0.8674409379,0.2985966303,0.8144285317,1.628857063,58.32789178,6.17200432,-0.5250574111
840,0.7616355252,0.4310504299,0.6279205364,1.255841073,62.26974949,5.78129835,-0.465309443
841,0.7934121024,0.2462487874,0.7542309321,1.508461864,63.29005011,5.688097882,-0.4494741332
842,0.7651859898,0.4097281015,0.6462449085,1.292489817,62.56311026,5.754189625,-0.4607713069
843,0.8269990085,0.2943484918,0.7728430147,1.545686029,60.68714182,5.932063847,-0.489578147
844,0.787649663,0.40381198,0.6762602135,1.352520427,61.29020093,5.873695868,-0.4803735052
845,0.8497343902,0.4949389718,0.6907126379,1.381425276,55.65042143,6.468953707,-0.5642406684
846,0.8089252893,0.4470000007,0.6742040663,1.348408133,59.04638725,6.096901381,-0.5143439347
847,0.7512432482,0.4948868039,0.5652021491,1.130404298,60.91711207,5.909669513,-0.4860743962
848,0.8609699121,0.3557085166,0.7840539782,1.568107956,57.92974061,6.214424512,-0.530958791
849,0.776495125,0.4998004539,0.5942593587,1.188518717,59.2929225,6.071550951,-0.5106491279
850,0.7862699936,0.3979390911,0.6781334549,1.35626691,61.49842882,5.853808088,-0.4771828593
851,0.8283833878,0.3981799042,0.7264102154,1.452820431,59.01462101,6.100183206,-0.5148193221
852,0.7220640078,0.3236190499,0.6454821004,1.290964201,67.19692678,5.357387864,-0.3875650326
853,0.8255704066,0.3881002082,0.7286595396,1.457319079,59.36282069,6.064401856,-0.5095998452
854,0.8342574504,0.4399304769,0.7088347262,1.417669452,57.82266832,6.225931983,-0.5325414493
855,0.8369040498,0.3810929797,0.7451016906,1.490203381,58.84735261,6.117522438,-0.5173199091
856,0.8076158858,0.4907564209,0.6414059201,1.28281184,57.90703629,6.216861077,-0.5312945434
857,0.783853044,0.438888263,0.649463384,1.298926768,60.70243272,5.930569565,-0.4893454241
858,0.8065902765,0.4255275201,0.6852110651,1.37042213,59.68860332,6.031302124,-0.5046993514
859,0.8239041201,0.4771239422,0.6716924467,1.343384893,57.4452609,6.266835494,-0.5381051202
860,0.8290445147,0.3813184512,0.7361460767,1.472292153,59.28715466,6.072141631,-0.5107356784
861,0.8031063062,0.4119257882,0.6894177863,1.378835573,60.1908358,5.980976925,-0.4971127499
862,0.8973012462,0.4252535659,0.7901322238,1.580264448,54.90799517,6.556422227,-0.5748910801
863,0.7853130287,0.5102142291,0.5969907818,1.193981564,58.43863103,6.160308577,-0.5234115196
864,0.8203919357,0.4134309773,0.708602678,1.417205356,59.16237351,6.084948568,-0.5126068386
865,0.7823949977,0.4461779541,0.6427030151,1.28540603,60.60017627,5.94057678,-0.4909010734
866,0.7748993434,0.2963113608,0.7160087778,1.432017556,63.91936889,5.632095658,-0.4396355657
867,0.8307083945,0.3782302121,0.7396068843,1.479213769,59.24676284,6.076281349,-0.511341641
868,0.8011443646,0.3134677613,0.737272172,1.474544344,62.01104423,5.805417478,-0.4693013587
869,0.8312530988,0.4193235311,0.7177391522,1.435478304,58.43327321,6.160873424,-0.5234911968
870,0.7995221166,0.4251959712,0.677084929,1.354169858,60.10670879,5.989348066,-0.498386231
871,0.8556722112,0.4700883193,0.7149768563,1.429953713,56.00457426,6.428046365,-0.5591267148
872,0.7809201596,0.4077828451,0.6659950802,1.33199016,61.61770363,5.842476736,-0.4753523867
873,0.755163868,0.4873237228,0.5768778526,1.153755705,60.96173342,5.905343891,-0.4853936512
874,0.8004590628,0.5163931055,0.6116149702,1.22322994,57.42722666,6.268803509,-0.5383703952
875,0.8201318722,0.4265878303,0.7004563589,1.400912718,58.8955623,6.112514864,-0.5165996473
876,0.795266759,0.3844462361,0.6961683054,1.392336611,61.21722794,5.880697512,-0.4814901608
877,0.7972416773,0.4079207106,0.6849780915,1.369956183,60.62356141,5.938285242,-0.490545448
878,0.7274802887,0.3958126825,0.6103768433,1.220753687,65.41744499,5.503119237,-0.4160039355
879,0.7402696289,0.3740964596,0.638788668,1.277577336,64.99063849,5.539259321,-0.422766337
880,0.7326797886,0.4259373542,0.5961518623,1.192303725,64.30693329,5.598152199,-0.4335500433
881,0.8606341835,0.4583403274,0.728433485,1.45686697,56.03479641,6.424579423,-0.5586893159
882,0.9139197135,0.4184528142,0.8124939908,1.624987982,54.23433807,6.637861045,-0.5844714894
883,0.8754898412,0.3230902992,0.8136922763,1.627384553,57.59509889,6.250531849,-0.5358990172
884,0.791334083,0.4499917931,0.6509354938,1.301870988,59.97413867,6.002587248,-0.5003908428
885,0.8144171494,0.425170406,0.6946261002,1.3892522,59.24901366,6.076050515,-0.5113078806
886,0.7503492947,0.4466825781,0.6029085656,1.205817131,62.56211451,5.75428121,-0.4607867313
887,0.7504719687,0.4262093553,0.6177003814,1.235400763,63.11247682,5.704101917,-0.4522404994
888,0.8249548213,0.5235535392,0.6375281553,1.275056311,55.96713382,6.432346547,-0.5596683665
889,0.8272078335,0.4119475761,0.7173367371,1.434673474,58.80945462,6.121464692,-0.5178858551
890,0.8649966694,0.4654312366,0.7291042463,1.458208493,55.65400958,6.468536638,-0.5641889635
891,0.8782284258,0.4036349698,0.7799769092,1.559953818,56.24384233,6.400700683,-0.5556595892
892,0.8762250419,0.4403995259,0.7575081396,1.515016279,55.64669695,6.46938668,-0.5642943356
893,0.799165861,0.4276184039,0.675135967,1.350271934,60.07158424,5.992850107,-0.4989176147
894,0.8009461426,0.4632516827,0.6533854926,1.306770985,59.06956283,6.0945093,-0.5139970084
895,0.7874072661,0.4230962062,0.6640781603,1.328156321,60.87437957,5.913817973,-0.4867260486
896,0.8513483275,0.4471225592,0.7244828443,1.448965689,56.76094125,6.342389539,-0.5481335216
897,0.8563988162,0.4975420019,0.6970443951,1.39408879,55.25765701,6.51493421,-0.5698869526
898,0.7854346325,0.3060009885,0.7233747003,1.446749401,63.10512592,5.704766368,-0.4523549236
899,0.8207263476,0.4142387616,0.7085181621,1.417036324,59.12665978,6.088624004,-0.5131419381
900,0.8522411317,0.3714142892,0.7670504366,1.534100873,58.16097907,6.189716985,-0.5275344873
901,0.8436151928,0.3677431679,0.7592440688,1.518488138,58.69675141,6.133218472,-0.5195675577
902,0.8447734516,0.4563765582,0.7108886141,1.421777228,56.88757376,6.328271294,-0.5462836317
903,0.8505259732,0.5029134738,0.6859099569,1.371819914,55.38772879,6.499634627,-0.5680200256
904,0.7924705182,0.4030420289,0.6823244427,1.364648885,61.01343275,5.900340036,-0.484604556
905,0.8185923653,0.4023782677,0.7128710895,1.425742179,59.4892429,6.051514231,-0.5077001221
906,0.818094591,0.4011677804,0.7129818874,1.425963775,59.54176025,6.046176641,-0.5069102264
907,0.8390829761,0.3897790221,0.7430562258,1.486112452,58.57210042,6.146270962,-0.5214251976
908,0.809533693,0.4648650197,0.6627558476,1.325511695,58.54983499,6.148608277,-0.5217567539
909,0.8329533372,0.3631958397,0.7495999226,1.499199845,59.3717445,6.063490353,-0.5094658301
910,0.9103200298,0.359465334,0.8363415752,1.67268315,55.31981459,6.507614002,-0.5689951675
911,0.7268282228,0.3148687367,0.655085448,1.310170896,66.98429122,5.374394406,-0.3909834885
912,0.8415828975,0.3608056922,0.7603163986,1.520632797,58.92157528,6.109816282,-0.5162108566
913,0.8532012612,0.3323137027,0.7858244047,1.571648809,58.69128846,6.133789348,-0.5196490221
914,0.8349871261,0.4764930115,0.6856806187,1.371361237,56.8874569,6.328284293,-0.5462853399
915,0.8143700048,0.4134331305,0.7016206606,1.403241321,59.50531411,6.049879836,-0.5074584457
916,0.7907314889,0.3867386373,0.6897024822,1.379404964,61.45008264,5.858413602,-0.4779242241
917,0.665191195,0.2708891794,0.6075346726,1.215069345,72.42074054,4.970951654,-0.3020248248
918,0.8842463346,0.4652866922,0.7519307643,1.503861529,54.72564289,6.578268997,-0.5774923017
919,0.8523141293,0.3009882514,0.7973991771,1.594798354,59.142034,6.087041241,-0.5129116103
920,0.8395485605,0.4673033416,0.697473564,1.394947128,56.89051839,6.327943745,-0.5462405837
921,0.8319885819,0.4292078589,0.7127310954,1.425462191,58.18298975,6.187375409,-0.5272080925
922,0.937237786,0.3562361885,0.8668970212,1.733794042,54.06159982,6.659070416,-0.5869151227
923,0.7717140371,0.3658762548,0.6794682636,1.358936527,63.04445651,5.710256221,-0.45329902
924,0.7995984477,0.4182811065,0.6814679696,1.362935939,60.25845207,5.974265644,-0.4960884246
925,0.8746118842,0.4522966628,0.7485811091,1.497162218,55.47607305,6.489284122,-0.5667503459
926,0.8087390208,0.451160696,0.6712025255,1.342405051,58.95237989,6.106623697,-0.5157503124
927,0.7725775048,0.4725219716,0.6112274431,1.222454886,60.42477562,5.957821048,-0.4935658368
928,0.8040021834,0.3869904415,0.7047396037,1.409479207,60.6420313,5.936476603,-0.4902645126
929,0.8570779906,0.36183535,0.776954221,1.553908442,58.0484046,6.201720831,-0.5292026275
930,0.8222113016,0.4597666448,0.6816495117,1.363299023,57.9945878,6.207475795,-0.5299993691
931,0.8177490166,0.407709759,0.7088626148,1.41772523,59.43035408,6.057510603,-0.5085853416
932,0.8157371367,0.5018648843,0.6430853085,1.286170617,57.1379192,6.300544455,-0.5426186581
933,0.8017910148,0.4038420547,0.6926618413,1.385323683,60.43865375,5.956452992,-0.4933551623
934,0.8480575783,0.3684866801,0.7638188416,1.527637683,58.43826149,6.160347533,-0.5234170153
935,0.7563387339,0.4390597896,0.6158528895,1.231705779,62.39355817,5.769826414,-0.4633956691
936,0.7931095371,0.3474271537,0.712963611,1.425927222,62.00418138,5.806060043,-0.4694071251
937,0.7390597202,0.4169457456,0.6102175967,1.220435193,64.10733054,5.615582446,-0.4366866935
938,0.8286093145,0.506039254,0.656138453,1.312276906,56.36027427,6.387477788,-0.5539689178
939,0.8806265527,0.5332780965,0.7007978291,1.401595658,53.13508646,6.775184234,-0.5999304065
940,0.6918785387,0.3733641439,0.5824904534,1.164980907,68.56416221,5.250556389,-0.3654590766
941,0.7875005839,0.384984623,0.6869818118,1.373963624,61.68347789,5.836246792,-0.4743420883
942,0.8202705101,0.4473230304,0.6875651359,1.375130272,58.40901933,6.163431677,-0.5238518231
943,0.8817655781,0.3763464428,0.7974170111,1.594834022,56.51440535,6.370057293,-0.5517273116
944,0.8045588265,0.4883822121,0.6393729116,1.278745823,58.14262754,6.191670643,-0.5278065614
945,0.7185527325,0.396954094,0.5989536514,1.197907303,66.02821305,5.452214794,-0.4062867543
946,0.741176721,0.2614690603,0.6935249543,1.387049909,66.6537492,5.401046517,-0.3962867699
947,0.788723423,0.3501373685,0.7067449761,1.413489952,62.23424819,5.784596271,-0.4658578044
948,0.8579988054,0.354521394,0.7813299759,1.562659952,58.10915131,6.195237616,-0.5283027299
949,0.7660281046,0.4241417096,0.6378893848,1.27577877,62.16640529,5.790909066,-0.4669052238
950,0.7667180355,0.3305844631,0.6917878711,1.383575742,63.96996275,5.627641233,-0.4388422784
951,0.7532377075,0.3826430552,0.6488076266,1.297615253,63.93423228,5.630786312,-0.4394025504
952,0.8620818936,0.4905780396,0.7088853069,1.417770614,55.17291904,6.524940247,-0.5711016217
953,0.8578309108,0.4910745636,0.7033630958,1.406726192,55.36379942,6.502443903,-0.5683637051
954,0.9468995141,0.3403116829,0.8836326433,1.767265287,53.80433413,6.690910795,-0.5905446236
955,0.8612629067,0.3210668026,0.7991807697,1.598361539,58.39404512,6.16501219,-0.5240744251
956,0.8206567332,0.211516216,0.7929302391,1.585860478,61.89481855,5.816318853,-0.4710916531
957,0.6753478872,0.2930257722,0.6084658294,1.216931659,71.28813508,5.04992871,-0.3208091338
958,0.8615239669,0.4178898806,0.7533867488,1.506773498,56.84149676,6.333401133,-0.5469570491
959,0.8487796416,0.3126717732,0.7890901356,1.578180271,59.19813828,6.081272324,-0.5120707748
960,0.7397900167,0.3836712376,0.6325232409,1.265046482,64.82622725,5.553307901,-0.4253650606
961,0.8337082802,0.3253434731,0.7676074003,1.535214801,59.89424307,6.010594367,-0.5015976627
962,0.7985284406,0.3765269755,0.704184001,1.408368002,61.16756741,5.885471913,-0.4822496351
963,0.8988383651,0.5694179652,0.6954664531,1.390932906,51.26305219,7.02260175,-0.6257457954
964,0.7593193823,0.4616497553,0.6028643528,1.205728706,61.55601328,5.848331964,-0.4762993866
965,0.8567189382,0.2876478723,0.8069857747,1.613971549,59.04794554,6.096740482,-0.5143206105
966,0.8566344367,0.3495664399,0.7820651265,1.564130253,58.25710072,6.179504224,-0.5261085346
967,0.8227376652,0.451535134,0.6877596154,1.375519231,58.17183253,6.188562133,-0.5273735519
968,0.8070908147,0.4493327263,0.6704443931,1.340888786,59.09100988,6.092297301,-0.5136758823
969,0.8376574331,0.3787438053,0.7471432963,1.494286593,58.84581086,6.117682716,-0.517342937
970,0.8193217737,0.4099987149,0.7093583175,1.418716635,59.29390785,6.071450053,-0.5106343414
971,0.8199375459,0.4486333893,0.6863130927,1.372626185,58.39546124,6.164862685,-0.5240533749
972,0.7330928633,0.4160128443,0.6036211226,1.207242245,64.53769823,5.578135103,-0.4299171402
973,0.78044357,0.3794935512,0.6819654027,1.363930805,62.23073609,5.784922735,-0.4659120434
974,0.7719502233,0.4273721261,0.6428531816,1.285706363,61.71614498,5.833157598,-0.4738400866
975,0.7622748925,0.4751560458,0.5960618624,1.192123725,60.95145375,5.906339847,-0.4855505043
976,0.8244543138,0.4028085733,0.7193539941,1.438707988,59.1469125,6.086539175,-0.5128385156
977,0.8434407771,0.4475134357,0.7149294156,1.429858831,57.16310885,6.29776804,-0.5422493153
978,0.8225504262,0.3164075184,0.7592598277,1.518519655,60.67059854,5.933681365,-0.4898298916
979,0.7834430731,0.321716399,0.7143399803,1.428679961,63.01218587,5.713180634,-0.453800987
980,0.8454975237,0.4307410881,0.7275494331,1.455098866,57.4235486,6.269205035,-0.5384244911
981,0.8964417042,0.3730155595,0.8151485272,1.630297054,55.81763234,6.449574891,-0.5618288235
982,0.7429555521,0.4037819937,0.6236529917,1.247305983,64.16297718,5.610712218,-0.4358127676
983,0.8985160468,0.4714571948,0.7648916263,1.529783253,53.92139991,6.676384527,-0.588894533
984,0.8514488552,0.4587087737,0.7173223919,1.434644784,56.49001364,6.372807808,-0.5520823189
985,0.8331478207,0.3932323343,0.734509103,1.469018206,58.8399239,6.118294793,-0.5174308629
986,0.7710690833,0.3139340159,0.7042676799,1.40853536,63.93082112,5.631086755,-0.4394560303
987,0.8751834882,0.385633087,0.7856419415,1.571283883,56.70632583,6.348498068,-0.548930536
988,0.8930916917,0.5006522032,0.7395675367,1.479135073,53.48190305,6.73124888,-0.5950766564
989,0.9113786084,0.2206792861,0.8842576664,1.768515333,56.71076301,6.348001347,-0.5488658019
990,0.841285142,0.4858513384,0.6868108671,1.373621734,56.31647199,6.392445892,-0.5546052256
991,0.8510752942,0.3270796399,0.7857150028,1.571430006,58.88099327,6.114027294,-0.5168173499
992,0.8719368419,0.3759708009,0.786714569,1.573429138,57.03200508,6.312245195,-0.5441704738
993,0.8066202419,0.4840469948,0.6452400495,1.290480099,58.16342679,6.1894565,-0.5274981941
994,0.8489043628,0.401587719,0.7479076956,1.495815391,57.81887364,6.226340593,-0.5325975051
995,0.7655618065,0.3511810541,0.6802622633,1.360524527,63.70823672,5.650760695,-0.4429423093
996,0.9591500611,0.4804013278,0.8301707077,1.660341415,51.09558928,7.04561793,-0.6280229662
997,0.7819593608,0.3813801559,0.6826489717,1.365297943,62.09892382,5.797201914,-0.4679464139
998,0.7578008717,0.4691932603,0.5950796969,1.190159394,61.41379349,5.861875314,-0.4784804769
999,0.7211001015,0.3437779913,0.6338785759,1.267757152,66.92958492,5.378787279,-0.3918621105
1000,0.7910383973,0.3494627563,0.7096601496,1.419320299,62.10024981,5.797078129,-0.467925961
1001,0.7156303106,0.3635396061,0.6164135756,1.232827151,66.96262308,5.376133482,-0.391331537
1002,0.744360283,0.386516662,0.6361423591,1.272284718,64.45248022,5.585510422,-0.4312595318
1003,0.7974012154,0.4196075536,0.6780694649,1.35613893,60.35838933,5.964373868,-0.4945732011
1004,0.7125150106,0.3772437721,0.6044541147,1.208908229,66.91154061,5.380237799,-0.3921518366
1005,0.7969050903,0.4786466872,0.6371460365,1.274292073,58.85343064,6.116890657,-0.5172291224
1006,0.8467107291,0.453912704,0.7147603206,1.429520641,56.84531695,6.332975508,-0.5469012303
1007,0.7437578933,0.31207983,0.6751162741,1.350232548,65.81648747,5.469754066,-0.4096605445
1008,0.8049621667,0.4100278704,0.692705735,1.38541147,60.1223436,5.987790536,-0.4981496387
1009,0.8143277981,0.4505835378,0.6783098394,1.356619679,58.65617792,6.137460925,-0.5201724838
1010,0.7852819557,0.4589985064,0.6371719713,1.274343943,60.08124299,5.991886687,-0.4987715104
1011,0.7208424065,0.3710106173,0.6180330872,1.236066174,66.43100951,5.419155943,-0.3998530219
1012,0.7878153971,0.3381537833,0.711551206,1.423102412,62.48460792,5.761418883,-0.4619868853
1013,0.9143931118,0.3738119931,0.8344934732,1.668986946,54.91733337,6.555307367,-0.5747577155
1014,0.884317133,0.4115526031,0.782714026,1.565428052,55.79574946,6.452104389,-0.562144734
1015,0.644675674,0.3660652551,0.5306627494,1.061325499,72.66814785,4.954027461,-0.2979056034
1016,0.7996402722,0.4482749642,0.6621737849,1.32434757,59.54020404,6.046334671,-0.5069336391
1017,0.8257733773,0.4158602382,0.7134156804,1.426831361,58.80929811,6.121480983,-0.5178881918
1018,0.8156782571,0.4619202165,0.6722802486,1.344560497,58.29245706,6.175756147,-0.5255836551
1019,0.7728039813,0.4434913057,0.6328834453,1.265766891,61.24900869,5.877646148,-0.4810039376
1020,0.8238787775,0.3164941524,0.760662666,1.521325332,60.59057584,5.941518049,-0.4910470465
1021,0.8711072152,0.4442499011,0.7493128891,1.498625778,55.82117546,6.449165519,-0.5617776658
1022,0.799665286,0.3077688858,0.7380669906,1.476133981,62.18020172,5.78962419,-0.4666922752
1023,0.8292631252,0.4118817587,0.7197435291,1.439487058,58.69614064,6.133282292,-0.5195766659
1024,0.789367816,0.4207673097,0.6678745541,1.335749108,60.81052062,5.920028251,-0.4876993655
1025,0.7790097992,0.4724090155,0.6194239172,1.238847834,60.05332845,5.994671891,-0.4991937244
1026,0.7697554251,0.3728848601,0.6734094561,1.346818912,63.04026162,5.710636199,-0.4533642794
1027,0.9017457402,0.3339312965,0.8376367167,1.675273433,56.08695517,6.418604806,-0.5579340678
1028,0.8622050091,0.4380566295,0.7426330635,1.485266127,56.4003613,6.382937834,-0.553386297
1029,0.8675634413,0.4890681379,0.7165742677,1.433148535,54.95090409,6.551302585,-0.574278145
1030,0.7972867731,0.4069623228,0.6856003693,1.371200739,60.64123131,5.936554918,-0.4902766818
1031,0.8034217091,0.3789417559,0.7084416619,1.416883324,60.82762977,5.918363109,-0.4874386529
1032,0.7656256344,0.3954851011,0.6555716184,1.311143237,62.85086924,5.72784441,-0.4563080914
1033,0.7855137603,0.4040905411,0.6736042623,1.347208525,61.41502362,5.861757902,-0.4784616242
1034,0.8090151856,0.3826019691,0.7128262788,1.425652558,60.42650871,5.957650172,-0.4935395295
1035,0.82472011,0.3176476163,0.761093458,1.522186916,60.52525203,5.947930623,-0.4920399195
1036,0.7684736473,0.4733302599,0.6054008686,1.210801737,60.64125735,5.936552369,-0.4902762857
1037,0.8438014362,0.3889809335,0.7487954975,1.497590995,58.32574439,6.172231555,-0.5250893078
1038,0.897477857,0.4589418974,0.7712579585,1.542515917,54.23824757,6.637382588,-0.5844161223
1039,0.8582297063,0.5673150363,0.6439812717,1.287962543,52.92723246,6.801791502,-0.6028288311
1040,0.7896294521,0.4423407635,0.6541019192,1.308203838,60.27214839,5.972908044,-0.4958808536
1041,0.7906903386,0.3267437218,0.7200206607,1.440041321,62.47670319,5.762147835,-0.462109239
1042,0.8525677674,0.455351006,0.7207823939,1.441564788,56.51125892,6.370411966,-0.5517731118
1043,0.7611894759,0.455733215,0.6096857018,1.219371404,61.61792126,5.842456101,-0.4753490449
1044,0.8241666824,0.4551550872,0.6870841046,1.374168209,58.00522265,6.206337697,-0.5298419603
1045,0.8476029078,0.4283390755,0.7314070862,1.462814172,57.36241287,6.27588663,-0.5393233339
1046,0.7511613959,0.3722831202,0.6524175971,1.304835194,64.2817446,5.600345825,-0.4339461608
1047,0.9012436485,0.3192234152,0.8428146446,1.685629289,56.29281941,6.395131808,-0.5549486876
1048,0.7811951967,0.415881897,0.6612928119,1.322585624,61.41887847,5.861389999,-0.4784025441
1049,0.7460345661,0.4505918935,0.5945876884,1.189175377,62.72450813,5.739383389,-0.4582694087
1050,0.7568696388,0.3904840053,0.6483624694,1.296724939,63.5290222,5.666701415,-0.4457444422
1051,0.8171464169,0.4860764304,0.6568546038,1.313709208,57.5455812,6.255910401,-0.536628485
1052,0.8590440913,0.4486127687,0.7326003922,1.465200784,56.33395286,6.390462265,-0.554351323
1053,0.7909472299,0.3786192176,0.6944386284,1.388877257,61.59259772,5.844858203,-0.4757378506
1054,0.7569845888,0.2657271035,0.7088122277,1.417624455,65.4999113,5.496190649,-0.4146946514
1055,0.8133285995,0.4100190147,0.7024157019,1.404831404,59.63650989,6.036570561,-0.5054840523
1056,0.8251817374,0.4317634292,0.7032106662,1.406421332,58.50018663,6.153826522,-0.5224957874
1057,0.8715873336,0.3429386311,0.8012849526,1.602569905,57.54123414,6.256383016,-0.5366925045
1058,0.7784041043,0.4673530875,0.6224901936,1.244980387,60.24094737,5.976001635,-0.4963536713
1059,0.7895811206,0.4326263233,0.6605095082,1.321019016,60.51708464,5.948733355,-0.4921640127
1060,0.7915335306,0.4682548076,0.6381714231,1.276342846,59.45911607,6.054580421,-0.5081530571
1061,0.8840919694,0.4208339849,0.7775071494,1.555014299,55.6377272,6.470429655,-0.5644235736
1062,0.8269590738,0.5151124793,0.64693156,1.29386312,56.15242279,6.41112141,-0.5569854556
1063,0.846569045,0.3658203474,0.763449161,1.526898322,58.56350175,6.147173398,-0.5215532505
1064,0.8705701191,0.4218260421,0.7615478465,1.523095693,56.29984098,6.394334225,-0.5548467365
1065,0.7658389891,0.3562424424,0.6779385514,1.355877103,63.60150954,5.660243014,-0.4446115803
1066,0.8769431171,0.3341191541,0.8107981386,1.621596277,57.37482061,6.274529423,-0.5391409599
1067,0.6884781765,0.3630145189,0.5849979988,1.169995998,69.04760465,5.213794191,-0.3575921533
1068,0.8749403193,0.376908859,0.7895950066,1.579190013,56.85978647,6.331363911,-0.5466897865
1069,0.8300139834,0.3760415188,0.7399432335,1.479886467,59.32421853,6.068347951,-0.5101794186
1070,0.8405166855,0.4242024408,0.7256173839,1.451234768,57.82699755,6.225465877,-0.532477494
1071,0.8078436157,0.405892621,0.6984715367,1.396943073,60.04009343,5.995993335,-0.4993938657
1072,0.8983002399,0.3275039638,0.8364714428,1.672942886,56.34334442,6.389397074,-0.554214893
1073,0.888467886,0.3727315334,0.8065025657,1.613005131,56.22606834,6.40272405,-0.5559174779
1074,0.8441299543,0.4868470899,0.6895906691,1.379181338,56.14755404,6.411677341,-0.5570560279
1075,0.9142901859,0.4760852091,0.7805571201,1.56111424,53.10621175,6.778868011,-0.6003335236
1076,0.8402402871,0.3590586359,0.7596582364,1.519316473,59.0246653,6.099145131,-0.5146690246
1077,0.8659319862,0.479154317,0.7212831242,1.442566248,55.27863105,6.512462287,-0.5695861094
1078,0.7985633008,0.3364062403,0.7242473244,1.448494649,61.83901109,5.821567869,-0.4719506006
1079,0.8254530311,0.3950484493,0.7247823324,1.449564665,59.23992757,6.076982447,-0.5114441593
1080,0.8642240447,0.4251425941,0.7524207427,1.504841485,56.56004718,6.364916897,-0.5510627525
1081,0.8380618048,0.3608915054,0.7563761697,1.512752339,59.11864359,6.089449591,-0.5132620174
1082,0.8285164958,0.4873141364,0.6700481447,1.340096289,56.92156675,6.324492114,-0.545786596
1083,0.8168317109,0.4378662271,0.6895558071,1.379111614,58.8240679,6.119943976,-0.5176676559
1084,0.9260986966,0.3974343996,0.8364835288,1.672967058,54.0036791,6.666212488,-0.5877333022
1085,0.8352919445,0.3780225934,0.7448567321,1.489713464,58.99109623,6.102615869,-0.5151712725
1086,0.8953678995,0.4446456165,0.7771576103,1.554315221,54.63006317,6.589778212,-0.578853394
1087,0.7307581574,0.4622071857,0.566014136,1.132028272,63.35399096,5.682357094,-0.4484769575
1088,0.8652521285,0.313196728,0.8065786108,1.613157222,58.27387805,6.177725115,-0.5258594932
1089,0.7976963748,0.3604157517,0.7116319219,1.423263844,61.5040483,5.853273239,-0.4770966652
1090,0.8511111591,0.3071982741,0.7937376302,1.58747526,59.13466319,6.087799957,-0.5130220402
1091,0.9194887469,0.4219353469,0.8169639641,1.633927928,53.9128594,6.677442154,-0.5890149981
1092,0.7914861974,0.3958304909,0.6853966904,1.370793381,61.22244816,5.880196085,-0.4814103052
1093,0.8410104957,0.4083151526,0.735239682,1.470479364,58.11953573,6.194130691,-0.5281488362
1094,0.8196266489,0.4375856875,0.6930415642,1.386083128,58.67514039,6.135477437,-0.5198897973
1095,0.815192013,0.4084684127,0.7054725891,1.410945178,59.56136467,6.044186563,-0.5066152539
1096,0.8578120246,0.419741014,0.7481035695,1.496207139,56.9990664,6.315892922,-0.5446527006
1097,0.7655133875,0.333408273,0.6890933681,1.378186736,64.00554472,5.624512713,-0.4382841651
1098,0.7954554987,0.4647757521,0.6455485657,1.291097131,59.33605492,6.067137434,-0.5100017315
1099,0.772459324,0.4642368467,0.6173957867,1.234791573,60.68397807,5.932373115,-0.4896262942
1100,0.7377654688,0.4397875072,0.5923553288,1.184710658,63.58059109,5.662105272,-0.4449385755
1101,0.8597250768,0.3614993718,0.7800291096,1.560058219,57.90970678,6.216574388,-0.5312550565
1102,0.8170158626,0.4942230323,0.6505832107,1.301166421,57.30948535,6.281682654,-0.5401010005
1103,0.8266451733,0.4131588362,0.7159902365,1.431980473,58.81621245,6.120761351,-0.5177849542
1104,0.753604871,0.3960887193,0.6411193556,1.282238711,63.62396075,5.658245664,-0.4442605591
1105,0.896549883,0.3848602074,0.8097433627,1.619486725,55.63089789,6.471223972,-0.5645219624
1106,0.8103611305,0.4356730529,0.6832818985,1.366563797,59.23915371,6.077061832,-0.5114557655
1107,0.8836346884,0.3693191459,0.8027537798,1.60550756,56.52585922,6.368766525,-0.5515605726
1108,0.802633909,0.2492365461,0.7629563132,1.525912626,62.67450259,5.743962618,-0.4590449559
1109,0.7455821504,0.3551735218,0.655549016,1.311098032,64.98526911,5.539717,-0.4228512619
1110,0.7977551683,0.3671237304,0.7082608807,1.416521761,61.38397979,5.864722379,-0.478937328
1111,0.8409855436,0.397595525,0.7410630763,1.482126153,58.32425132,6.17238956,-0.525111485
1112,0.7778763499,0.3948572078,0.6702084759,1.340416952,62.08434489,5.798563239,-0.4681712709
1113,0.9188450913,0.2477851142,0.8848044072,1.769608814,56.11283147,6.415644882,-0.5575592126
1114,0.7860646723,0.4405107487,0.6510360584,1.302072117,60.52939605,5.94752341,-0.4919769524
1115,0.7820742214,0.4749563198,0.621334517,1.242669034,59.79898309,6.020169264,-0.5030352861
1116,0.7326424524,0.2840629576,0.6753319178,1.350663836,66.99255485,5.373731466,-0.3908507378
1117,0.9491116581,0.3725398148,0.8729415937,1.745883187,53.29399516,6.754982413,-0.5977091732
1118,0.7888471155,0.254788918,0.7465670626,1.493134125,63.49660931,5.669594076,-0.4462507733
1119,0.8149278464,0.3219644607,0.7486296019,1.497259204,61.05065325,5.8967428,-0.4840362094
1120,0.8741721218,0.4644642617,0.7405739991,1.481147998,55.22794189,6.518439538,-0.5703130435
1121,0.8827924716,0.4233832979,0.7746412918,1.549282584,55.65469261,6.468457252,-0.5641791208
1122,0.7699651785,0.3760334196,0.6718967506,1.343793501,62.966304,5.717343676,-0.4545144275
1123,0.8524647595,0.3923240162,0.7568210042,1.513642008,57.79454997,6.228961039,-0.5329567644
1124,0.8660035704,0.4577608664,0.7351307184,1.470261437,55.78039172,6.453880815,-0.5623663959
1125,0.8412022348,0.495042815,0.6801130871,1.360226174,56.06494965,6.421124111,-0.5582527596
1126,0.7820423384,0.3536705565,0.6975007932,1.395001586,62.59740053,5.751037534,-0.4602400639
1127,0.8706959676,0.4447963374,0.7485103113,1.497020623,55.83015139,6.448128673,-0.5616480563
1128,0.8769615934,0.4436533712,0.7564610515,1.512922103,55.54321572,6.481439638,-0.5657844732
1129,0.8657001796,0.3992350482,0.7681459349,1.53629187,56.96869018,6.319260612,-0.5450972531
1130,0.7480214633,0.3918404216,0.6371790907,1.274358181,64.08991812,5.617108128,-0.4369600697
1131,0.8211217795,0.4020949693,0.7159333855,1.431866771,59.35027051,6.065684232,-0.5097882993
1132,0.7869995924,0.3129037463,0.7221215992,1.444243198,62.91005722,5.722455454,-0.4553886398
1133,0.9291755128,0.4181538699,0.8297677233,1.659535447,53.52806161,6.725444359,-0.5944290125
1134,0.8429237712,0.4304191495,0.7247481216,1.449496243,57.56724855,6.253555782,-0.5363093427
1135,0.8239949397,0.3910495831,0.7252915857,1.450583171,59.39816155,6.060793644,-0.5090690342
1136,0.8627321681,0.3984505042,0.7652084615,1.530416923,57.13848414,6.30048216,-0.5426103758
1137,0.8060831562,0.4054016744,0.6967205588,1.393441118,60.15330355,5.984708715,-0.4976810307
1138,0.8088610544,0.4207013156,0.6908448512,1.381689702,59.66544793,6.033642795,-0.5050482005
1139,0.8008518889,0.5317255455,0.598858658,1.197717316,56.83473941,6.334154141,-0.5470557783
1140,0.8065557595,0.390042419,0.7059738696,1.411947739,60.43171849,5.957136567,-0.4934604454
1141,0.7857141961,0.4670748765,0.631813151,1.263626302,59.82556022,6.017494841,-0.502634335
1142,0.7544710286,0.3710624493,0.6569164267,1.313832853,64.082707,5.617740211,-0.4370732727
1143,0.8044036256,0.4183334681,0.6870679023,1.374135805,59.9758418,6.002416793,-0.5003651066
1144,0.8262347709,0.4008555658,0.7224809423,1.444961885,59.0843557,6.092983426,-0.5137755228
1145,0.7703432353,0.4383064988,0.6334951565,1.266990313,61.53711163,5.850128329,-0.4765894327
1146,0.809763542,0.4924651272,0.6428025298,1.28560506,57.7411517,6.234721501,-0.5337451169
1147,0.8498389216,0.4389448331,0.7277043536,1.455408707,57.01941707,6.31363873,-0.5443547852
1148,0.8865748019,0.4930444041,0.7368324741,1.473664948,53.96567398,6.670907143,-0.5882698306
1149,0.8180193846,0.4313208544,0.6950669278,1.390133856,58.90818795,6.111204784,-0.5164109573
1150,0.7820406736,0.3719983873,0.6878988406,1.375797681,62.27175805,5.781111876,-0.4652784131
1151,0.7569114285,0.3487668916,0.6717712155,1.343542431,64.32678825,5.596424286,-0.4332377448
1152,0.8643671205,0.5114417713,0.6968198,1.3936396,54.49488924,6.606124079,-0.5807755722
1153,0.8628289087,0.4371357477,0.7438992296,1.487798459,56.38780496,6.384359176,-0.5535688187
1154,0.8425496853,0.3581752872,0.7626273243,1.525254649,58.90860728,6.111161283,-0.5164046901
1155,0.7654782563,0.3497346489,0.6809130901,1.36182618,63.73864458,5.648064881,-0.4424664323
1156,0.7195847507,0.3315245834,0.6386655337,1.277331067,67.25095154,5.353084109,-0.3866956462
1157,0.8092210641,0.438317199,0.6802328745,1.360465749,59.24112358,6.07685976,-0.5114262215
1158,0.8112395311,0.4219279538,0.6928826587,1.385765317,59.50181107,6.05023601,-0.5075111273
1159,0.7356582429,0.3530382097,0.6454123277,1.290824655,65.71635701,5.478088202,-0.411254151
1160,0.7203118139,0.4426996891,0.5682130714,1.136426143,64.67890268,5.565957138,-0.4276907337
1161,0.8536543858,0.3614590014,0.7733519255,1.546703851,58.24136929,6.181173354,-0.5263420099
1162,0.8394796674,0.4325104772,0.7194864829,1.438972966,57.70650719,6.23846456,-0.5342563479
1163,0.8260097514,0.3888883679,0.7287372275,1.457474455,59.32328037,6.068443919,-0.5101935014
1164,0.7811931909,0.2573792403,0.7375762524,1.475152505,63.96720011,5.627884281,-0.4388856041
1165,0.8449337543,0.5219521755,0.6644388427,1.328877685,55.07714753,6.536286213,-0.5724729463
1166,0.8256577057,0.4009512407,0.7217677948,1.44353559,59.11510911,6.089813677,-0.5133149593
1167,0.8851187761,0.3773274538,0.8006617516,1.601323503,56.32674301,6.391280247,-0.5544560494
1168,0.8221776373,0.3708235282,0.7338024109,1.467604822,59.86461485,6.013569133,-0.5020449481
1169,0.8512867463,0.2812525071,0.8034837594,1.606967519,59.42588614,6.057966037,-0.5086524819
1170,0.8114595211,0.3985573901,0.7068370117,1.413674023,59.97726712,6.00227415,-0.5003435681
1171,0.8156700235,0.5106427769,0.6360515243,1.272103049,56.8569827,6.331676127,-0.5467307609
1172,0.8339401116,0.4530938976,0.7001157259,1.400231452,57.53300647,6.257277728,-0.5368136653
1173,0.8655790633,0.3979452594,0.7686785319,1.537357064,56.99782747,6.316030206,-0.5446708351
1174,0.8553894301,0.270090558,0.8116293289,1.623258658,59.31143961,6.069655405,-0.5103712307
1175,0.8351191239,0.4343260279,0.7132915621,1.426583124,57.90132595,6.217474196,-0.5313789752
1176,0.7197335107,0.3481064572,0.629950967,1.259901934,66.95238903,5.376955255,-0.3914959038
1177,0.7937599389,0.4432474051,0.658472914,1.316945828,60.00748414,5.999251679,-0.499886873
1178,0.7789252586,0.3573195602,0.6921324226,1.384264845,62.73345369,5.738564973,-0.4581306331
1179,0.7646957848,0.3329361641,0.688413505,1.37682701,64.06741169,5.619081378,-0.4373133621
1180,0.8724852072,0.4606816495,0.7409472684,1.481894537,55.3955387,6.49871828,-0.5679078363
1181,0.8237783875,0.3897385088,0.7257511463,1.451502293,59.43494275,6.057042933,-0.5085163837
1182,0.8863290189,0.3870440537,0.7973556485,1.594711297,56.11097297,6.415857379,-0.5575861393
1183,0.7728107877,0.4406831506,0.6348502771,1.269700554,61.32318765,5.870536314,-0.4798684764
1184,0.8159583427,0.4160748342,0.7019043734,1.403808747,59.35871614,6.064821199,-0.509661482
1185,0.7947677808,0.4139745152,0.6784400682,1.356880136,60.64011102,5.936664593,-0.4902937233
1186,0.8582932446,0.4776949635,0.7130742006,1.426148401,55.68678407,6.464729577,-0.563716583
1187,0.7863034633,0.3280299702,0.7146114154,1.429222831,62.73580268,5.738350107,-0.4580941906
1188,0.7767158681,0.3027373948,0.7152884799,1.43057696,63.7148115,5.650177588,-0.4428394258
1189,0.8320425525,0.4085951278,0.7248067541,1.449613508,58.60743699,6.14256515,-0.5208988366
1190,0.829742408,0.5253210407,0.6422696224,1.284539245,55.67895128,6.465639021,-0.5638294943
1191,0.8588237492,0.3219389237,0.7961994484,1.592398897,58.51744622,6.152011464,-0.5222389166
1192,0.8542050575,0.4961914145,0.6953131384,1.390626277,55.3998953,6.498207226,-0.5678452492
1193,0.7683440653,0.4803473341,0.5996824504,1.199364901,60.42271827,5.958023908,-0.4935970656
1194,0.7782218937,0.3386295745,0.7006848986,1.401369797,63.09014332,5.706121132,-0.4525881199
1195,0.9370358519,0.4377112123,0.8285198141,1.657039628,52.83707471,6.813397637,-0.6040835731
1196,0.8068886764,0.3407775918,0.7313959044,1.462791809,61.26133339,5.876463669,-0.4808153386
1197,0.7847195545,0.4755095773,0.6242398746,1.248479749,59.63104927,6.037123351,-0.5055662833
1198,0.8460405039,0.3611579776,0.7650813352,1.53016267,58.66678009,6.136351772,-0.520014437
1199,0.7663565499,0.4355144946,0.6305786918,1.261157384,61.85726242,5.819850183,-0.4716697388
1200,0.8348873827,0.4874126556,0.6778390996,1.355678199,56.59502766,6.360982844,-0.5505531892
1201,0.7239607025,0.402593263,0.6016957399,1.20339148,65.50705318,5.495591429,-0.4145812221
1202,0.8168395799,0.5043929408,0.6425065451,1.28501309,57.00136298,6.315638454,-0.5446190841
1203,0.8001694019,0.3670094394,0.7110380743,1.422076149,61.23871447,5.87863418,-0.4811614482
1204,0.7852767626,0.4521768683,0.6420246675,1.284049335,60.26935912,5.973184472,-0.495923128
1205,0.8191265452,0.4891517137,0.657037973,1.314075946,57.3520617,6.277019331,-0.5394754604
1206,0.8073433534,0.3454782124,0.7296904103,1.459380821,61.16066544,5.886136088,-0.4823551604
1207,0.8429719693,0.3976476854,0.7432886784,1.486577357,58.21429869,6.184047701,-0.5267436805
1208,0.7980961275,0.4608110619,0.6516215112,1.303243022,59.29656188,6.071178304,-0.5105945138
1209,0.770621846,0.4965446019,0.5893229062,1.178645812,59.7373006,6.026385464,-0.5039654307
1210,0.8672379194,0.4939796225,0.7128013337,1.425602667,54.83890006,6.564683092,-0.5758773958
1211,0.8731001198,0.5242351208,0.6981986517,1.396397303,53.73061105,6.700091306,-0.5915825161
1212,0.8298544785,0.3848108435,0.7352408246,1.470481649,59.17890587,6.083248662,-0.5123590665
1213,0.8088061235,0.3543078746,0.7270717127,1.454143425,60.93102898,5.908319719,-0.485862111
1214,0.7388142717,0.4239308515,0.6050860775,1.210172155,63.94446666,5.629885099,-0.4392420876
1215,0.8365868349,0.4604505837,0.6984717548,1.39694351,57.21488609,6.292068806,-0.5414898034
1216,0.8422557989,0.4309817327,0.7236363568,1.447272714,57.59090007,6.250987562,-0.5359608876
1217,0.8039310881,0.3016220225,0.7452042338,1.490408468,61.99562007,5.806861833,-0.4695390577
1218,0.769590726,0.4352724138,0.63467142,1.26934284,61.66260326,5.838222536,-0.4746627922
1219,0.8022796257,0.3575376225,0.7182057131,1.436411426,61.27260433,5.875382709,-0.4806428453
1220,0.8190710855,0.4361402614,0.6932958355,1.386591671,58.73941871,6.128763408,-0.518931133
1221,0.8058535402,0.3972505627,0.7011361627,1.402272325,60.33213907,5.966968941,-0.4949713468
1222,0.7477422917,0.3599144614,0.6554236151,1.31084723,64.74995069,5.559849794,-0.4265695184
1223,0.8494180962,0.3996763428,0.7495131241,1.499026248,57.82641847,6.225528219,-0.5324860488
1224,0.7395011136,0.4074905105,0.6171007866,1.234201573,64.30969959,5.597911393,-0.4335065353
1225,0.7622566027,0.2272897459,0.7275812668,1.455162534,65.53540098,5.493214272,-0.4141309315
1226,0.860937884,0.4367112577,0.7419550643,1.483910129,56.49330459,6.372436567,-0.5520344268
1227,0.8015896129,0.2966471178,0.7446787193,1.489357439,62.20473475,5.78734081,-0.4663135397
1228,0.8323198704,0.4697831283,0.6870663571,1.374132714,57.20163127,6.293526811,-0.5416842783
1229,0.7960035181,0.4266470579,0.6720073577,1.344014715,60.27971597,5.972158199,-0.495766153
1230,0.853960636,0.3922669164,0.758535058,1.517070116,57.71496163,6.237550712,-0.5341316082
1231,0.7476132315,0.4325828993,0.6097520636,1.219504127,63.13134601,5.702397031,-0.4519467472
1232,0.7887084775,0.3765662121,0.6930071792,1.386014358,61.76957894,5.828111608,-0.4730186243
1233,0.7883577201,0.4396038315,0.6544129936,1.308825987,60.41657894,5.958629341,-0.4936902513
1234,0.726644804,0.3214247285,0.6516892013,1.303378403,66.8967516,5.38142722,-0.3923892655
1235,0.7884267059,0.3541438143,0.7044138197,1.408827639,62.18591094,5.789092651,-0.4666041452
1236,0.7763606094,0.4196527385,0.6531671875,1.306334375,61.6292209,5.841384894,-0.4751755257
1237,0.7585789437,0.4688959352,0.5963041303,1.192608261,61.37582643,5.865501468,-0.4790622438
1238,0.8533855619,0.4754709041,0.7086567128,1.417313426,55.98489178,6.430306259,-0.5594114915
1239,0.7827408078,0.4546584276,0.6371568774,1.274313755,60.35055264,5.965148358,-0.4946920734
1240,0.8331456594,0.4946784831,0.6703915931,1.340783186,56.47568954,6.374424163,-0.5522907514
1241,0.8127712186,0.4481244446,0.6780719253,1.356143851,58.80357974,6.122076268,-0.5179735667
1242,0.7106232426,0.3597175576,0.6128528956,1.225705791,67.40961412,5.340484509,-0.3841404043
1243,0.8992087355,0.454457121,0.7759156367,1.551831273,54.25014495,6.63592697,-0.5842476125
1244,0.7516898156,0.3027249782,0.6880371839,1.376074368,65.39796491,5.504758451,-0.4163130872
1245,0.8301541491,0.4358075361,0.7065604735,1.413120947,58.13737718,6.19222981,-0.5278843916
1246,0.9232270461,0.4247817228,0.8197003517,1.639400703,53.69008539,6.705148584,-0.5921526299
1247,0.7878461559,0.3762637936,0.6921900917,1.384380183,61.82877818,5.822531361,-0.4721080494
1248,0.8764762721,0.3977410238,0.7810331193,1.562066239,56.43597157,6.378910294,-0.5528685137
1249,0.8295127506,0.3386738071,0.7572261589,1.514452318,59.94857367,6.005147044,-0.5007771072
1250,0.7614065529,0.4169901957,0.6370707304,1.274141461,62.63447441,5.747633446,-0.4596655101
1251,0.8888432678,0.4635874927,0.758372594,1.516745188,54.54506979,6.600046556,-0.5800623797
1252,0.8210515115,0.3817203964,0.7269216764,1.453843353,59.73839149,6.026275416,-0.5039489857
1253,0.7317954113,0.451059725,0.5762548469,1.152509694,63.64236322,5.656609557,-0.4439727885
1254,0.7809752495,0.3674641179,0.6891244173,1.378248835,62.42241436,5.767159179,-0.4629493129
1255,0.7094688669,0.3088810786,0.6387006751,1.27740135,68.36382521,5.2659429,-0.3687115114
1256,0.8648968826,0.4979717433,0.7071568146,1.414313629,54.84317605,6.564171259,-0.5758163813
1257,0.8486279621,0.4742455805,0.7037475026,1.407495005,56.25335643,6.399618135,-0.5555215239
1258,0.8042318484,0.3721197027,0.7129626869,1.425925374,60.90252022,5.911085431,-0.4862969461
1259,0.7882624965,0.2838789191,0.7353710102,1.47074202,63.20650975,5.69561587,-0.4507761253
1260,0.809156417,0.4018496016,0.7023183074,1.404636615,60.04588334,5.995415172,-0.4993063133
1261,0.8971577485,0.3202615665,0.8380480623,1.676096125,56.49048747,6.372754354,-0.5520754235
1262,0.8546655256,0.4978493393,0.6946935986,1.389387197,55.33209469,6.506169737,-0.5688189035
1263,0.8775205744,0.4078508222,0.7769813803,1.553962761,56.20516065,6.405105792,-0.5562207662
1264,0.8980418333,0.4798531995,0.7590915895,1.518183179,53.75539258,6.697002529,-0.5912337446
1265,0.8071153038,0.3492941832,0.7276185038,1.455237008,61.11399646,5.890630966,-0.4830685066
1266,0.8843884596,0.4650289367,0.7522572934,1.504514587,54.72460777,6.578393426,-0.5775070509
1267,0.7992292192,0.4965244208,0.6262833579,1.252566716,58.16992875,6.188764671,-0.5274017825
1268,0.6772527733,0.3598160732,0.5737627667,1.147525533,70.01422001,5.14181262,-0.3417869143
1269,0.8629644005,0.4260010905,0.7504869269,1.500973854,56.60784361,6.359542725,-0.5503664469
1270,0.8547234518,0.3958699636,0.7575217165,1.515043433,57.61001516,6.248913475,-0.5356792004
1271,0.8523547606,0.3918656582,0.7569345704,1.513869141,57.80859162,6.22744803,-0.5327493817
1272,0.8033765307,0.4689615043,0.652295146,1.304590292,58.77623609,6.124924356,-0.5183817344
1273,0.8687755036,0.3498814878,0.7952067783,1.590413557,57.59397487,6.250653836,-0.5359155801
1274,0.7906741222,0.3220974058,0.7220933656,1.444186731,62.54574495,5.755787229,-0.4610402767
1275,0.8410600288,0.3609845059,0.7596526565,1.519305313,58.94812483,6.107064492,-0.5158139366
1276,0.85741178,0.3688338572,0.7740261922,1.548052384,57.92076164,6.215387882,-0.5310915824
1277,0.8126496765,0.5262287522,0.6192598785,1.238519757,56.46653666,6.375457417,-0.5524239183
1278,0.7578194583,0.3969072894,0.6455655931,1.291131186,63.32801044,5.6846883,-0.4488821985
1279,0.7932620183,0.362787707,0.7054429171,1.410885834,61.73635851,5.831247723,-0.473529384
1280,0.7881386361,0.3594490045,0.7013978349,1.40279567,62.11330605,5.795859582,-0.4677245609
1281,0.8466076729,0.4635980517,0.7083935335,1.416787067,56.62001216,6.358175957,-0.5501891124
1282,0.8103351921,0.354957903,0.7284559085,1.456911817,60.82860367,5.918268352,-0.4874238111
1283,0.83437647,0.4733201401,0.6871332758,1.374266552,57.00266706,6.315493969,-0.5445999952
1284,0.8664296507,0.4351117763,0.7492516811,1.498503362,56.24649124,6.400399244,-0.5556211507
1285,0.8657844191,0.3591847559,0.7877620018,1.575524004,57.61795968,6.248051857,-0.5355621093
1286,0.766984452,0.4552571849,0.6172568713,1.234513743,61.27666021,5.874993819,-0.4805807685
1287,0.78094008,0.4651581412,0.627292047,1.254584094,60.15779657,5.984261733,-0.4976130124
1288,0.927239903,0.4532485857,0.808912577,1.617825154,52.99031124,6.793694763,-0.6019500644
1289,0.8584760407,0.4291492111,0.7435133267,1.487026653,56.77628601,6.3406754,-0.5479095027
1290,0.7975366909,0.3631712699,0.7100502813,1.420100563,61.46642458,5.856856039,-0.4776736665
1291,0.7995736909,0.395392352,0.6949697657,1.389939531,60.7427004,5.926638059,-0.4887323953
1292,0.8722160858,0.3236050906,0.8099633607,1.619926721,57.76457007,6.232193878,-0.5333994337
1293,0.8941471435,0.5430040402,0.7103842105,1.420768421,52.27719433,6.886368035,-0.6118419256
1294,0.8157720877,0.4456502987,0.6832861116,1.366572223,58.69757378,6.133132544,-0.5195552939
1295,0.811214302,0.388467456,0.7121528483,1.424305697,60.18698461,5.98135963,-0.497171071
1296,0.884004199,0.4617639958,0.7538152532,1.507630506,54.81496159,6.567549981,-0.5762189162
1297,0.7994719251,0.5008747744,0.623121031,1.246242062,58.01414555,6.205383128,-0.5297098765
1298,0.8400885315,0.3728366387,0.7528224104,1.505644821,58.80984137,6.121424435,-0.5178800806
1299,0.8485597709,0.4663118795,0.7089477525,1.417895505,56.45442467,6.376825237,-0.5526001163
1300,0.7233492574,0.3013589,0.6575841859,1.315168372,67.43652699,5.338353205,-0.3837066831
1301,0.7426317797,0.4518542968,0.5893468034,1.178693607,62.90632073,5.722795354,-0.4554466983
1302,0.7731196414,0.3976044779,0.6630419739,1.326083948,62.3264824,5.776035902,-0.4644327627
1303,0.840226972,0.3455779359,0.7658702597,1.531740519,59.23141384,6.077855932,-0.5115718417
1304,0.9476287854,0.342197973,0.8836859523,1.767371905,53.74768227,6.697963239,-0.5913422702
1305,0.8485316356,0.4712212854,0.7056602843,1.411320569,56.33434947,6.390417275,-0.5543455619
1306,0.7436632872,0.3913693385,0.6323488955,1.264697791,64.39526491,5.590473158,-0.4321602774
1307,0.8401697072,0.3857173992,0.7463961581,1.492792316,58.58417701,6.145003965,-0.5212453314
1308,0.7633034896,0.3377610752,0.6845068834,1.369013767,64.08282983,5.617729444,-0.4370713446
1309,0.8003772852,0.441471124,0.6676129457,1.335225891,59.66915457,6.033267985,-0.5049923633
1310,0.7524702622,0.3769218022,0.6512614302,1.30252286,64.10171316,5.616074552,-0.4367748911
1311,0.7679433189,0.427296693,0.638086575,1.27617315,61.96778817,5.809469898,-0.4699678839
1312,0.8913975373,0.4456774474,0.7719852216,1.543970443,54.79931111,6.56942565,-0.576442141
1313,0.9157247848,0.3060696406,0.8630604015,1.726120803,55.70851851,6.46220739,-0.5634032217
1314,0.815353475,0.4666778962,0.6685903307,1.337180661,58.18404983,6.187262679,-0.5271923708
1315,0.7518222062,0.5091263872,0.5531970279,1.106394056,60.32355787,5.96781776,-0.4951014779
1316,0.8348993571,0.3143197842,0.7734726949,1.54694539,59.9726586,6.002735386,-0.5004132081
1317,0.7575738188,0.3813678735,0.6545812677,1.309162535,63.67159529,5.654012568,-0.4435155747
1318,0.8388993336,0.4402709142,0.714082358,1.428164716,57.56674198,6.253610811,-0.5363168049
1319,0.7630909679,0.4334276956,0.6280511587,1.256102317,62.11625847,5.795584101,-0.4676790148
1320,0.7600936889,0.4302335881,0.626611104,1.253222208,62.38865163,5.770280181,-0.4634715532
1321,0.8884998308,0.4119629674,0.7872219908,1.574443982,55.57969878,6.477185157,-0.5652593247
1322,0.8707031844,0.4912448094,0.7188898195,1.437779639,54.74665463,6.575744262,-0.5771928709
1323,0.7967501965,0.4622070127,0.648980395,1.29796079,59.33431254,6.067315598,-0.5100278893
1324,0.8694902304,0.3399471646,0.800280692,1.600561384,57.69504832,6.239703587,-0.5344253975
1325,0.8132742091,0.4364524381,0.6862391773,1.372478355,59.05641896,6.095865722,-0.5141937756
1326,0.8868564508,0.4864329183,0.7415506593,1.483101319,54.11413683,6.652605421,-0.5861724739
1327,0.841718192,0.4541355976,0.7086962493,1.417392499,57.09923914,6.304812558,-0.5431855996
1328,0.8153054321,0.4603875151,0.6728791002,1.3457582,58.35277125,6.169372804,-0.524687804
1329,0.7754887739,0.3674065403,0.6829313821,1.365862764,62.77320838,5.734930702,-0.4575137699
1330,0.717016887,0.3750474911,0.6111076793,1.222215359,66.62659359,5.403247872,-0.396721876
1331,0.8641297007,0.4199295793,0.7552345915,1.510469183,56.66695609,6.352908729,-0.5495047577
1332,0.8331554433,0.4365641395,0.7096194366,1.419238873,57.95771365,6.211425146,-0.5305450098
1333,0.9098017661,0.3552021755,0.8375981543,1.675196309,55.40375478,6.497754555,-0.567789801
1334,0.774457937,0.4800874363,0.6077015302,1.21540306,60.07582908,5.992426664,-0.4988534064
1335,0.8676705578,0.4375289266,0.7492800779,1.498560156,56.13389318,6.4132377,-0.5572540197
1336,0.8480607219,0.372343515,0.7619496669,1.523899334,58.3753266,6.166989051,-0.5243526383
1337,0.8554399127,0.3919310221,0.7603732755,1.520746551,57.64138755,6.245512388,-0.5352167558
1338,0.8317616081,0.3931016378,0.7330064631,1.466012926,58.92008555,6.109970762,-0.516233125
1339,0.8100605811,0.4446804502,0.6770948548,1.35418971,59.03990017,6.097571286,-0.5144410279
1340,0.761771708,0.3589968475,0.6718760292,1.343752058,63.8211396,5.640764208,-0.4411747742
1341,0.8337135992,0.5272935938,0.6457862119,1.291572424,55.4252377,6.495236014,-0.567481114
1342,0.8320252163,0.2358655315,0.7978931079,1.595786216,61.0007367,5.901568071,-0.4847983745
1343,0.8502460768,0.3868902835,0.7571223809,1.514244762,58.01002509,6.205823898,-0.5297708725
1344,0.8867148466,0.3578148022,0.8113148504,1.622629701,56.53607778,6.367615408,-0.551411798
1345,0.8531554588,0.4297682911,0.737003021,1.474006042,57.04054383,6.311300276,-0.5440454358
1346,0.8130710935,0.4731588619,0.6612150138,1.322430028,58.13033152,6.192980336,-0.5279888279
1347,0.8296186614,0.4647336436,0.687233413,1.374466826,57.47325318,6.263783239,-0.5376932618
1348,0.7903528598,0.3319838431,0.7172477751,1.43449555,62.4194789,5.767430397,-0.4629947248
1349,0.832910429,0.2789303186,0.7848169596,1.569633919,60.51594572,5.948845312,-0.4921813165
1350,0.9286473051,0.5315667015,0.7614608717,1.522921743,51.19289154,7.032226333,-0.6267004959
1351,0.9123096134,0.4826031299,0.7742112436,1.548422487,53.0520138,6.785793304,-0.6010897644
1352,0.8387362033,0.5307927137,0.6494132073,1.298826415,55.07380776,6.536682584,-0.5725207386
1353,0.7376538312,0.3817726302,0.6311757548,1.26235151,65.01408758,5.537261437,-0.4223954108
1354,0.8552078319,0.487869309,0.702398728,1.404797456,55.57568337,6.477653142,-0.565317135
1355,0.8397992346,0.4224717035,0.7257963999,1.4515928,57.90161279,6.217443394,-0.531374734
1356,0.7784658808,0.42653139,0.6512143279,1.302428656,61.33523262,5.869383462,-0.4796840274
1357,0.7945920576,0.3195504585,0.7275053557,1.455010711,62.33534542,5.775214649,-0.4642957633
1358,0.8445931159,0.4262943873,0.7291163329,1.458232666,57.56493146,6.253807498,-0.5363434752
1359,0.8918669654,0.4635310686,0.761948576,1.523897152,54.40372473,6.617193984,-0.5820701102
1360,0.7351952776,0.3663904623,0.6373932266,1.274786453,65.497375,5.496403482,-0.414734932
1361,0.7444265604,0.4100977314,0.621281542,1.242563084,63.91426517,5.632545396,-0.4397155706
1362,0.8315201101,0.361088128,0.7490267401,1.49805348,59.48777906,6.051663143,-0.5077221331
1363,0.9217796081,0.4396408808,0.8101811783,1.620362357,53.49199863,6.729978487,-0.5949350398
1364,0.8283227569,0.5465356715,0.6224285898,1.24485718,54.98212837,6.547582109,-0.5738319174
1365,0.8875294803,0.3995543402,0.7925054622,1.585010924,55.84342352,6.446596166,-0.5614563858
1366,0.851586779,0.5128082971,0.6798732915,1.359746583,55.04822846,6.539719989,-0.5728867158
1367,0.8659253863,0.4850325847,0.717335463,1.434670926,55.1318924,6.529795811,-0.5716892659
1368,0.8444904577,0.4995419383,0.6808979256,1.361795851,55.77546379,6.454451035,-0.5624375133
1369,0.7410970158,0.3633601012,0.6459057391,1.291811478,65.14341527,5.526268442,-0.4203483896
1370,0.8617241411,0.4050853298,0.7605750265,1.521150053,57.07183902,6.307839491,-0.543587059
1371,0.883012271,0.2996531972,0.8306134072,1.661226814,57.47294468,6.263816862,-0.5376978016
1372,0.7809000025,0.3363936951,0.7047298034,1.409459607,62.95309262,5.718543522,-0.4547198041
1373,0.7957415032,0.304160068,0.7353170697,1.470634139,62.47409178,5.762388692,-0.462149658
1374,0.7333654394,0.4128684548,0.6061060194,1.212212039,64.59810474,5.572918919,-0.4289650142
1375,0.7697328716,0.4032288383,0.6556639365,1.311327873,62.41950298,5.767428173,-0.4629943524
1376,0.7937880884,0.3111690272,0.7302556852,1.46051137,62.50293348,5.759729663,-0.4617031986
1377,0.8196695244,0.4002360066,0.7153106097,1.430621219,59.46980187,6.053492506,-0.5079924199
1378,0.9001894552,0.3431494507,0.8322196283,1.664439257,56.0472585,6.42315092,-0.5585089096
1379,0.8161868418,0.4785269607,0.6611905236,1.322381047,57.81321425,6.226950095,-0.5326811025
1380,0.8207352219,0.3883765566,0.7230283223,1.446056645,59.63490578,6.036732938,-0.505508209
1381,0.8452277395,0.4490441125,0.7160791274,1.432158255,57.03475405,6.311940956,-0.5441302203
1382,0.7306890696,0.4499582915,0.5757117788,1.151423558,63.75024929,5.647036741,-0.442284788
1383,0.7805665756,0.3012082954,0.7201095346,1.440219069,63.48401953,5.670718437,-0.4464474036
1384,0.8728364824,0.4193826397,0.7654813692,1.530962738,56.23110498,6.402150555,-0.555844405
1385,0.8024901338,0.3304554769,0.7312930962,1.462586192,61.68605299,5.836003157,-0.4743025219
1386,0.8087945675,0.3588458207,0.7248298624,1.449659725,60.85695612,5.915511109,-0.4869916709
1387,0.8323828824,0.337984536,0.7606758287,1.521351657,59.79227233,6.020844934,-0.5031365096
1388,0.8063359153,0.433769435,0.6797217707,1.359443541,59.51308797,6.049089575,-0.5073415293
1389,0.8387790646,0.4104661531,0.7314833261,1.462966652,58.19935266,6.185635811,-0.5269653978
1390,0.9111933451,0.3679617315,0.8335931119,1.667186224,55.15780007,6.52672876,-0.5713182121
1391,0.7439361251,0.3719237241,0.6442931799,1.28858636,64.78110228,5.557176203,-0.4260777052
1392,0.8706713685,0.5226602706,0.6963439333,1.392687867,53.88464524,6.680938483,-0.5894128703
1393,0.7985137149,0.4744551219,0.6422744664,1.284548933,58.88826594,6.113272215,-0.5167086798
1394,0.8464887743,0.4241100017,0.732580338,1.465160676,57.50900785,6.259888902,-0.5371670065
1395,0.7291847,0.4584051991,0.5670758327,1.134151665,63.58286288,5.661902967,-0.444903066
1396,0.8038482658,0.3753584946,0.710829118,1.421658236,60.8674176,5.914494391,-0.4868321899
1397,0.8591226482,0.4812430417,0.7116859276,1.423371855,55.55671138,6.479865188,-0.5655902393
1398,0.7567202812,0.451945891,0.6069353306,1.213870661,62.00645144,5.805847483,-0.469372141
1399,0.8515284361,0.4146307602,0.7437620655,1.487524131,57.43035465,6.268462074,-0.5383243877
1400,0.7950023753,0.3996190617,0.6872651469,1.374530294,60.93171337,5.908253356,-0.4858516707
1401,0.7973630989,0.3469196813,0.7179377732,1.435875546,61.74838802,5.830111709,-0.4733444503
1402,0.8795210347,0.4128177128,0.7766201044,1.553240209,56.01418109,6.426943909,-0.5589876939
1403,0.8248498088,0.4106408633,0.7153679393,1.430735879,58.96818708,6.104986736,-0.5155139292
1404,0.8216448707,0.5221852191,0.6343681032,1.268736206,56.17332305,6.408736042,-0.5566824621
1405,0.8763094368,0.3256998203,0.8135341763,1.627068353,57.51804834,6.258904994,-0.537033911
1406,0.870029713,0.4316519541,0.7553994255,1.510798851,56.13427356,6.413194242,-0.5572485071
1407,0.803092119,0.4503125247,0.6649628423,1.329925685,59.29166119,6.071680111,-0.5106680551
1408,0.850907221,0.3221183236,0.7875803987,1.575160797,58.9563474,6.106212747,-0.5156909854
1409,0.7988533288,0.4301490713,0.673155567,1.346311134,60.03064499,5.996937065,-0.4995367296
1410,0.8679835563,0.318811619,0.8073132016,1.614626403,58.05463766,6.20105498,-0.5291103187
1411,0.7717473448,0.4913543373,0.5951175342,1.190235068,59.85560146,6.01447469,-0.502180993
1412,0.8591823067,0.3716512449,0.7746415871,1.549283174,57.78006994,6.230522053,-0.5331705881
1413,0.8166341483,0.4325105266,0.692694721,1.385389442,58.95879214,6.105959552,-0.5156544274
1414,0.8330241642,0.3867413771,0.7378078106,1.475615621,58.96523059,6.105292838,-0.5155581441
1415,0.7544084415,0.414925764,0.630054527,1.260109054,63.13710009,5.701877335,-0.451857159
1416,0.7922298449,0.3804093432,0.6949221963,1.389844393,61.47987168,5.855575006,-0.477467464
1417,0.8638486323,0.4807854738,0.7176905933,1.435381187,55.33876591,6.505385404,-0.5687231365
1418,0.9002506186,0.4042529995,0.8043821783,1.608764357,55.13324573,6.529635527,-0.5716698861
1419,0.732063775,0.4093859816,0.6068941331,1.213788266,64.77413787,5.557773702,-0.4261876684
1420,0.8356044241,0.384465655,0.7419035743,1.483807149,58.86095152,6.116109079,-0.5171167758
1421,0.7898896719,0.2719946788,0.7415824893,1.483164979,63.24153875,5.692461112,-0.4502303083
1422,0.7596951444,0.3735485622,0.6615120438,1.323024088,63.6862817,5.652708722,-0.4432858235
1423,0.8072085128,0.4719988701,0.654830245,1.30966049,58.48059706,6.155887903,-0.5227872772
1424,0.8213422786,0.4111246508,0.7110412507,1.422082501,59.15617438,6.085586226,-0.5126997346
1425,0.8136896945,0.3979241341,0.7097515779,1.419503156,59.85999702,6.014033042,-0.5021146495
1426,0.7729840078,0.4003165892,0.6612495027,1.322499005,62.27687465,5.780636907,-0.4651993647
1427,0.8603640341,0.4184504312,0.7517483008,1.503496602,56.89103016,6.327886822,-0.546233102
1428,0.7922958417,0.244506659,0.7536240405,1.507248081,63.37897893,5.680116753,-0.4480871112
1429,0.8264556745,0.4576392803,0.6881825856,1.376365171,57.82043602,6.22617235,-0.5325744256
1430,0.8757792664,0.3945683033,0.7818600753,1.563720151,56.52612716,6.368736337,-0.5515566719
1431,0.7563070295,0.3917983561,0.646911409,1.293822818,63.53816202,5.665886273,-0.4456016406
1432,0.8381250243,0.4287017803,0.7201863231,1.440372646,57.86110731,6.221795896,-0.5319734881
1433,0.8894310946,0.5207105482,0.7210743354,1.442148671,53.11576834,6.777648357,-0.6002001218
1434,0.824015181,0.2391280847,0.7885548666,1.577109733,61.45228589,5.85820356,-0.4778904458
1435,0.8232125636,0.4406807023,0.6953268609,1.390653722,58.4053213,6.163821925,-0.5239068002
1436,0.8368086691,0.3145089441,0.7754565577,1.550913115,59.85951786,6.014081183,-0.5021218817
1437,0.832231272,0.3908082536,0.7347637709,1.469527542,58.935973,6.108323689,-0.5159956222
1438,0.7938515172,0.4237281885,0.6713081659,1.342616332,60.47463973,5.952908552,-0.4928087489
1439,0.7533847918,0.3671532824,0.6578655727,1.315731145,64.23078764,5.604788813,-0.4347472541
1440,0.8693790851,0.3698403377,0.7867897548,1.57357951,57.26340415,6.28673767,-0.5407776983
1441,0.8242644028,0.464485692,0.6809293999,1.3618588,57.76340195,6.232319909,-0.5334166787
1442,0.8896305252,0.3784630219,0.8051137885,1.610227577,56.07899922,6.419515416,-0.5580492982
1443,0.8724039524,0.4499522582,0.7474166319,1.494833264,55.63540983,6.470699166,-0.5644569604
1444,0.8578950098,0.3438814918,0.7859576117,1.571915223,58.27011349,6.17812423,-0.525915378
1445,0.7718559579,0.3505322389,0.6876690841,1.375338168,63.30664338,5.686606978,-0.4492154102
1446,0.7434550229,0.3578247403,0.6516800031,1.303360006,65.08368458,5.531340186,-0.4212940841
1447,0.795816969,0.4111630271,0.6813733289,1.362746658,60.63891531,5.936781655,-0.4903119117
1448,0.797381547,0.3499892731,0.716466915,1.43293383,61.69754224,5.834916383,-0.4741259776
1449,0.7792821915,0.3678259089,0.6870115244,1.374023049,62.52328774,5.757854601,-0.4613880515
1450,0.747193463,0.4659374326,0.5841236,1.1682472,62.17508921,5.790100257,-0.4667711902
1451,0.8704191244,0.3996880819,0.7732262859,1.546452572,56.71476991,6.347552861,-0.5488073424
1452,0.8527224907,0.3927880685,0.756870649,1.513741298,57.77243092,6.23134589,-0.5332833781
1453,0.8597988042,0.4628590172,0.7245795428,1.449159086,55.9718075,6.431809443,-0.5596007653
1454,0.8621829063,0.3234009983,0.7992316049,1.59846321,58.31329379,6.173549402,-0.5252742313
1455,0.8373958179,0.3981750378,0.736673873,1.473347746,58.51145555,6.152641335,-0.5223280799
1456,0.8067821436,0.4123182336,0.693463122,1.386926244,59.96739704,6.003262069,-0.5004927126
1457,0.7900199094,0.3781528811,0.6936366886,1.387273377,61.65861139,5.838600512,-0.4747241135
1458,0.837686852,0.3088725952,0.7786635871,1.557327174,59.88107048,6.011916573,-0.5017965406
1459,0.8324721885,0.4110503887,0.723911267,1.447822534,58.53473535,6.150194373,-0.5219815588
1460,0.8220328451,0.3329136459,0.7516026229,1.503205246,60.47103705,5.953263208,-0.492863461
1461,0.7403058506,0.3452861482,0.6548513024,1.309702605,65.52754924,5.493872488,-0.4142556626
1462,0.805747087,0.5165773038,0.6183657958,1.236731592,57.15296689,6.298885597,-0.5423980341
1463,0.8303492877,0.5007757537,0.662347027,1.324694054,56.43496408,6.379024172,-0.5528831658
1464,0.7756108789,0.38746303,0.6718962985,1.343792597,62.37901935,5.771171201,-0.4636205154
1465,0.838714317,0.2784329918,0.7911490218,1.582298044,60.18111354,5.981943152,-0.4972599764
1466,0.8122064065,0.399008633,0.7074400027,1.414880005,59.92482287,6.007527144,-0.5011358711
1467,0.8612856833,0.3644507173,0.7803772824,1.560754565,57.77985738,6.230544974,-0.5331737266
1468,0.8174325688,0.4461791092,0.6849235046,1.369847009,58.59287533,6.144091717,-0.521115766
1469,0.8509696974,0.4601204757,0.7158481499,1.4316963,56.48108812,6.373814882,-0.5522121997
1470,0.8484116393,0.3495385809,0.7730621516,1.546124303,58.7122766,6.131596676,-0.5193360176
1471,0.847316928,0.2997607782,0.7925209476,1.585041895,59.4401671,6.056510564,-0.5084378691
1472,0.7706309958,0.4070446224,0.6543598452,1.30871969,62.27765995,5.780564014,-0.465187232
1473,0.7840560192,0.4530501717,0.6399135748,1.27982715,60.31732588,5.968434355,-0.4951959772
1474,0.7601463673,0.42619897,0.6294258795,1.258851759,62.4882465,5.761083406,-0.4619305625
1475,0.7820272027,0.4230882427,0.6576951305,1.315390261,61.20029515,5.882324573,-0.48174916
1476,0.8604333896,0.4229132471,0.7493263664,1.498652733,56.79999016,6.338029267,-0.5475633672
1477,0.82377669,0.5096099454,0.6472292781,1.294458556,56.48668597,6.373183234,-0.5521307435
1478,0.9009765457,0.3860014381,0.8141017293,1.628203459,55.39296358,6.499020394,-0.567944829
1479,0.7964882634,0.3897772447,0.6945986275,1.389197255,61.03968932,5.897801971,-0.4842036467
1480,0.8193325778,0.3305137905,0.7497109492,1.499421898,60.66585332,5.934145492,-0.4899020936
1481,0.833312179,0.4616748432,0.6937330372,1.387466074,57.3561527,6.276571615,-0.5394153389
1482,0.8083832628,0.4651690155,0.6611363601,1.32227272,58.60478977,6.142842614,-0.5209382755
1483,0.7911343317,0.4889034363,0.6219863027,1.243972605,58.85359544,6.116873529,-0.5172266607
1484,0.794593009,0.4858957494,0.6287156517,1.257431303,58.75905744,6.126715024,-0.5186381054
1485,0.772143169,0.4022910214,0.6590652528,1.318130506,62.28718382,5.779680151,-0.4650400829
1486,0.8020542787,0.4338606711,0.674578375,1.34915675,59.75706198,6.024392566,-0.5036675013
1487,0.8136863999,0.4320401839,0.6895120281,1.379024056,59.13542983,6.087721034,-0.5130105547
1488,0.8302923761,0.4355113845,0.7069054135,1.413810827,58.13649293,6.192323992,-0.527897499
1489,0.8932613123,0.4698558027,0.7597047431,1.519409486,54.20002824,6.64206296,-0.5849572752
1490,0.7729800202,0.3729915119,0.6770343003,1.354068601,62.83015081,5.729733183,-0.4566298254
1491,0.7904654985,0.2865136235,0.7367127309,1.473425462,63.03323861,5.711272464,-0.4534735298
1492,0.8471325636,0.3054991371,0.7901290132,1.580258026,59.38106136,6.062538994,-0.5093258991
1493,0.8089544675,0.3269067142,0.7399590062,1.479918012,61.34221897,5.86871499,-0.4795770332
1494,0.870293544,0.4475020078,0.7464266914,1.492853383,55.79266008,6.452461658,-0.562189327
1495,0.8854230613,0.5042986058,0.7277753181,1.455550636,53.73223458,6.699888862,-0.5915596702
1496,0.877149562,0.4080938314,0.7764346585,1.552869317,56.21969154,6.403450288,-0.556009988
1497,0.7530283958,0.413286218,0.6294809503,1.258961901,63.26689601,5.690179584,-0.44983509
1498,0.8749595782,0.3832134224,0.7865759571,1.573151914,56.75751648,6.342772241,-0.5481835147
1499,0.8527763418,0.452782434,0.7226448344,1.445289669,56.55962274,6.364964661,-0.5510689341
1500,0.8665062357,0.5003802929,0.7074267588,1.414853518,54.70285977,6.581008772,-0.5778168883
1501,0.7996723742,0.3000304583,0.7412540929,1.482508186,62.28129142,5.780226964,-0.4651311253
1502,0.7279315908,0.4108140827,0.6009294387,1.201858877,65.02613166,5.536235831,-0.4222048658
1503,0.7387702685,0.5008918818,0.5430366769,1.086073354,61.42372997,5.860927042,-0.4783281862
1504,0.832892883,0.4873669997,0.6754139191,1.350827838,56.69724238,6.34951516,-0.5490630444
1505,0.742053677,0.5137275049,0.5354696166,1.070939233,60.68762235,5.932016877,-0.4895708341
1506,0.8179131445,0.3625485257,0.7331715205,1.466343041,60.25354241,5.974752448,-0.4961628248
1507,0.8378563443,0.4554229353,0.7032732071,1.406546414,57.27059359,6.285948467,-0.5406721451
1508,0.7632090429,0.3588483099,0.6735843923,1.347168785,63.72858933,5.648956046,-0.4426238087
1509,0.8181028706,0.3704394005,0.7294291997,1.458858399,60.10874232,5.98914544,-0.4983554609
1510,0.7979114352,0.3643643362,0.7098600488,1.419720098,61.42275241,5.86102032,-0.4783431693
1511,0.8510812298,0.425047908,0.7373422107,1.474684421,57.24643771,6.288600906,-0.5410267609
1512,0.8681006432,0.5225004574,0.6932474297,1.386494859,54.00405799,6.666165718,-0.587727952
1513,0.8012352012,0.2838247139,0.7492805746,1.498561149,62.38418217,5.770693588,-0.4635406746
1514,0.8755248915,0.5017214583,0.7175091734,1.435018347,54.24941396,6.636016387,-0.5842579666
1515,0.7996843061,0.2945136984,0.7434760728,1.486952146,62.35069018,5.773793345,-0.4640585468
1516,0.8473044719,0.538249177,0.6543796233,1.308759247,54.43271541,6.613669689,-0.5816586015
1517,0.8416251125,0.4412648155,0.7166716073,1.433343215,57.39987426,6.271790742,-0.5387726338
1518,0.8436077276,0.4853331982,0.690018612,1.380037224,56.21452068,6.404039306,-0.5560849983
1519,0.8538642261,0.354024076,0.777014202,1.554028404,58.34323663,6.170381021,-0.5248294611
1520,0.7253410757,0.3285602156,0.6466589988,1.293317998,66.87779634,5.382952485,-0.3926935428
1521,0.8094982154,0.252442453,0.7691294876,1.538258975,62.21332776,5.786541453,-0.4661808624
1522,0.777468729,0.3639093451,0.6870426574,1.374085315,62.70997967,5.740713072,-0.4584947699
1523,0.8113464776,0.4055512316,0.7027170876,1.405434175,59.84313921,6.015727195,-0.5023690732
1524,0.8159182755,0.4216827282,0.6985029055,1.397005811,59.24048498,6.076925267,-0.5114357993
1525,0.8189823306,0.2226605463,0.7881334525,1.576266905,61.9052055,5.815342944,-0.4709317353
1526,0.812991835,0.524179567,0.6214430829,1.242886166,56.52363016,6.369017683,-0.5515930237
1527,0.8897807648,0.4467294496,0.7695080301,1.53901606,54.85564155,6.562679605,-0.575638492
1528,0.7983644146,0.257765208,0.7556075939,1.511215188,62.85664281,5.727318289,-0.4562184236
1529,0.7090611643,0.3996669555,0.5856910955,1.171382191,66.65633637,5.400836884,-0.3962453118
1530,0.844722721,0.3807121593,0.7540654661,1.508130932,58.41916909,6.162360841,-0.5237009196
1531,0.8230269438,0.39189884,0.7237324433,1.447464887,59.43760084,6.056772059,-0.5084764369
1532,0.8028453407,0.3309310128,0.7314679117,1.462935823,61.65716097,5.838737858,-0.4747463936
1533,0.8457602148,0.3314514258,0.7781068649,1.55621373,59.12044421,6.089264125,-0.5132350457
1534,0.9016686107,0.5427688952,0.7200057014,1.440011403,51.97647763,6.926210017,-0.6159849356
1535,0.7859105939,0.3438505006,0.7066981639,1.413396328,62.51456608,5.758657903,-0.4615230971
1536,0.8457312021,0.4959078038,0.68508154,1.37016308,55.81829232,6.449498633,-0.5618192945
1537,0.824565695,0.438668554,0.6981965949,1.39639319,58.37767073,6.166741419,-0.5243178006
1538,0.7990644144,0.3675048444,0.7095379678,1.419075936,61.29731314,5.873014355,-0.4802646302
1539,0.8135127735,0.3906484767,0.713580269,1.427160538,60.01100509,5.998899693,-0.4998336489
1540,0.8351085494,0.3632250593,0.7519799502,1.5039599,59.24858012,6.076094975,-0.5113143833
1541,0.7183662405,0.4170896131,0.5848814496,1.169762899,65.5402278,5.492809715,-0.4140542498
1542,0.7634808118,0.2304483659,0.7278712116,1.455742423,65.42229312,5.502711428,-0.4159269875
1543,0.8509317726,0.4213000291,0.7393180419,1.478636084,57.33013169,6.279420427,-0.5397976977
1544,0.7232637812,0.3827825966,0.613667647,1.227335294,66.00872316,5.453824627,-0.406597553
1545,0.8307496854,0.4196932417,0.7169397623,1.433879525,58.45332371,6.158760138,-0.5231929988
1546,0.6957437855,0.453964213,0.5272342064,1.054468413,66.06173585,5.449448086,-0.4057520675
1547,0.7800294217,0.3216760917,0.7106126869,1.421225374,63.2327963,5.693248141,-0.4503665477
1548,0.799030352,0.3889141186,0.6979937763,1.395987553,60.90306149,5.911032897,-0.4862886914
1549,0.8470905967,0.4183228163,0.7365924928,1.473184986,57.59408539,6.250641842,-0.5359139516
1550,0.7881762728,0.4298337716,0.6606548008,1.321309602,60.66837408,5.933898929,-0.4898637388
1551,0.7581251331,0.4666208776,0.5975103965,1.195020793,61.47541524,5.855999485,-0.4775358036
1552,0.8451041699,0.4199488662,0.7333784888,1.466756978,57.66772489,6.24266001,-0.5348284065
1553,0.8885765399,0.4210613277,0.7824804315,1.564960863,55.41135419,6.496863418,-0.5676806146
1554,0.8309147722,0.4268625038,0.7128869206,1.425773841,58.29235455,6.175767007,-0.5255851772
1555,0.8163644061,0.285967458,0.7646394291,1.529278858,61.42565852,5.86074303,-0.4782986267
1556,0.8333107428,0.4322009874,0.7124669119,1.424933824,58.04582579,6.201996355,-0.5292408167
1557,0.7839512801,0.2855503482,0.7300963007,1.460192601,63.46437212,5.672473988,-0.4467542184
1558,0.7819067954,0.4687907394,0.6257902839,1.251580568,59.99464089,6.000535959,-0.5000810007
1559,0.816877541,0.3759922209,0.7252025695,1.450405139,60.08344066,5.991667522,-0.4987382651
1560,0.849246042,0.3622033339,0.7681325308,1.536265062,58.47253545,6.156736615,-0.522907215
1561,0.8136454453,0.3599319389,0.7297039879,1.459407976,60.54925785,5.945572461,-0.4916751232
1562,0.8172799641,0.3888454398,0.7188503068,1.437700614,59.82586553,6.017464132,-0.5026297283
1563,0.8030711279,0.507684947,0.6222372787,1.244474557,57.59741034,6.250281008,-0.5358649564
1564,0.8703762243,0.4303188167,0.7565583175,1.513116635,56.14339484,6.412152329,-0.557116312
1565,0.8083867348,0.4431989597,0.6760649341,1.352129868,59.17040002,6.084123141,-0.5124865499
1566,0.8332375229,0.4190025025,0.720223349,1.440446698,58.33077511,6.171699233,-0.5250145817
1567,0.8580369882,0.4451535524,0.7335296776,1.467059355,56.46119478,6.376060609,-0.5525016319
1568,0.7790614311,0.429088268,0.6502460855,1.300492171,61.23649019,5.878847708,-0.4811954796
1569,0.797996979,0.4273812072,0.6739024279,1.347804856,60.14550722,5.98548448,-0.4977990491
1570,0.7332416216,0.409674542,0.6081200912,1.216240182,64.6856604,5.565375661,-0.4275841177
1571,0.7813237247,0.3821032528,0.6815158596,1.363031719,62.12478101,5.794789038,-0.4675475328
1572,0.8115152203,0.5300345819,0.614508173,1.229016346,56.38197617,6.385019193,-0.5536535382
1573,0.7984771128,0.3118852372,0.7350464601,1.47009292,62.19880056,5.787892962,-0.4664051583
1574,0.7948926871,0.4084544812,0.6819232514,1.363846503,60.75262158,5.925670212,-0.4885813197
1575,0.7481607239,0.3912826454,0.6376851576,1.275370315,64.09264304,5.616869315,-0.4369172909
1576,0.7150881955,0.4252868812,0.5748758092,1.149751618,65.55241576,5.491788454,-0.4138606115
1577,0.8402844111,0.2703110585,0.7956191446,1.591238289,60.17709339,5.982342777,-0.4973208503
1578,0.7799392916,0.4923070485,0.6049289782,1.209857956,59.36132971,6.064554176,-0.5096222351
1579,0.7700786812,0.4786478977,0.6032556384,1.206511277,60.37672069,5.962562986,-0.4942951021
1580,0.8036795411,0.3440338514,0.7263205311,1.452641062,61.40620312,5.862599896,-0.4785968005
1581,0.7776294835,0.3860795539,0.6750186602,1.35003732,62.27905112,5.780434889,-0.4651657383
1582,0.898461988,0.3049354273,0.845132137,1.690264274,56.60132425,6.360275219,-0.5504614445
1583,0.8011856296,0.2742306921,0.7527920965,1.505584193,62.49882321,5.760108455,-0.4617668314
1584,0.8611736109,0.4627919654,0.7262531134,1.452506227,55.90488701,6.439508587,-0.5605683635
1585,0.814537492,0.4654528756,0.6684496589,1.336899318,58.26102596,6.17908789,-0.5260502726
1586,0.8633908247,0.4218142592,0.7533368748,1.50667375,56.66845801,6.352740354,-0.5494828564
1587,0.7874078051,0.3551333883,0.7027740235,1.405548047,62.2331613,5.784697298,-0.4658745899
1588,0.7833712801,0.4024582944,0.6720847295,1.344169459,61.58181611,5.845881507,-0.4759033581
1589,0.8210087325,0.4309935086,0.6987846122,1.397569224,58.74865605,6.127799752,-0.5187933111
1590,0.8645490527,0.4206513972,0.7553128269,1.510625654,56.63130944,6.356907576,-0.550024453
1591,0.7917508112,0.468521709,0.6382450589,1.276490118,59.43910508,6.056618778,-0.5084538301
1592,0.8126322811,0.4303526892,0.6893241524,1.378648305,59.23364552,6.077626944,-0.5115383738
1593,0.8517626306,0.4920963699,0.6952271152,1.39045423,55.62988032,6.471342342,-0.5645366217
1594,0.7604456994,0.4802343651,0.5896207394,1.179241479,60.89265805,5.91204279,-0.4864473426
1595,0.8018722281,0.3710595256,0.7108543441,1.421708688,61.06378788,5.895474429,-0.4838355984
1596,0.7984983895,0.4094380651,0.685536395,1.37107279,60.51634679,5.948805886,-0.4921752229
1597,0.7076273078,0.2260299099,0.6705571464,1.341114293,69.49809867,5.179997826,-0.350238464
1598,0.8150070699,0.5001148694,0.6435228368,1.287045674,57.23056119,6.290345447,-0.5412597806
1599,0.8254672301,0.5244950442,0.6374175214,1.274835043,55.91035326,6.438879009,-0.5604893561
1600,0.7737758974,0.4015976528,0.6613988696,1.322797739,62.19911375,5.787863819,-0.466400323
1601,0.742273877,0.274864086,0.6895072463,1.379014493,66.41868925,5.420161164,-0.4000501039
1602,0.8072926497,0.3339883825,0.7349647493,1.469929499,61.33960266,5.868965308,-0.4796171022
1603,0.8178619678,0.3934015387,0.7170309809,1.434061962,59.70600927,6.029543833,-0.5044370668
1604,0.7657995943,0.5122815593,0.5692245802,1.13844916,59.41413074,6.059164638,-0.5088291172
1605,0.8016647253,0.3683070264,0.7120507469,1.424101494,61.12509417,5.889561478,-0.4828989045
1606,0.8568730636,0.4152656478,0.7495237747,1.499047549,57.13543175,6.300818756,-0.5426551246
1607,0.7934367729,0.4095549317,0.6795635883,1.359127177,60.81627855,5.919467758,-0.4876116298
1608,0.7949402028,0.2618462629,0.7505774182,1.501154836,63.03081684,5.711491903,-0.4535112015
1609,0.8258928264,0.3563028585,0.7450820315,1.490164063,59.88906446,6.011114103,-0.5016758518
1610,0.9422727517,0.3001614508,0.8931858944,1.786371789,54.46707923,6.60949706,-0.581170631
1611,0.7905582885,0.3681228268,0.699619891,1.399239782,61.80957301,5.82434051,-0.4724035096
1612,0.8245611726,0.2770948348,0.7766077387,1.553215477,61.0327193,5.898475508,-0.4843100813
1613,0.7461966053,0.3757295736,0.6446988919,1.289397784,64.55042816,5.577035044,-0.429716531
1614,0.8152905695,0.4661301375,0.6688956627,1.337791325,58.20211417,6.185342322,-0.5269244347
1615,0.7278656651,0.4419040105,0.5783677653,1.156735531,64.18438191,5.608841112,-0.4354764985
1616,0.8072884138,0.4351221415,0.6799877242,1.359975448,59.42679053,6.057873844,-0.5086388918
1617,0.7715578799,0.3745879772,0.6745260627,1.349052125,62.89130784,5.724161452,-0.4556799534
1618,0.8761347618,0.4500058756,0.7517358796,1.503471759,55.45041878,6.492286405,-0.5671191869
1619,0.7976161507,0.3779105189,0.7024066939,1.404813388,61.19748346,5.882594833,-0.4817921628
1620,0.7877392813,0.4338131417,0.6575251579,1.315050316,60.59756682,5.940832593,-0.4909407511
1621,0.8084542819,0.3521897829,0.727709202,1.455418404,60.98659915,5.902936137,-0.4850141709
1622,0.7700265413,0.4118493911,0.6506311961,1.301262392,62.20675608,5.787152758,-0.466282331
1623,0.8040061583,0.4439456255,0.6703269233,1.340653847,59.40027451,6.060578053,-0.5090372919
1624,0.8442325986,0.4370624704,0.7222915461,1.444583092,57.35476038,6.276723982,-0.5394358008
1625,0.8224797016,0.4249490365,0.7041954103,1.408390821,58.80018098,6.122430135,-0.5180243075
1626,0.8505886117,0.4251411444,0.7367197525,1.473439505,57.27052848,6.285955614,-0.5406731011
1627,0.8845986391,0.4619615828,0.7543913098,1.50878262,54.78224282,6.57147246,-0.5766855391
1628,0.8198066951,0.3887568007,0.7217694696,1.443538939,59.68136359,6.03203376,-0.504808431
1629,0.7803330917,0.379704802,0.6817213487,1.363442697,62.23362644,5.784654062,-0.4658674064
1630,0.8324949218,0.3788410726,0.7413010431,1.482602086,59.13482442,6.087783358,-0.5130196247
1631,0.8754335928,0.4748963071,0.7354301279,1.470860256,54.92529887,6.554356688,-0.5746439431
1632,0.7948912958,0.4385776593,0.6629493261,1.325898652,60.05848835,5.994156861,-0.4991156885
1633,0.8248111187,0.4455679312,0.6941056117,1.388211223,58.20300107,6.185248069,-0.5269112786
1634,0.7580557938,0.4020214909,0.6426720061,1.285344012,63.19917633,5.69627677,-0.4508903722
1635,0.8157538068,0.2191522423,0.7857649572,1.571529914,62.13343256,5.793982164,-0.4674140501
1636,0.8311709797,0.3469099221,0.7553136457,1.510627291,59.72966601,6.027155751,-0.5040805163
1637,0.7944587268,0.3354593078,0.7201608996,1.440321799,62.10875615,5.796284168,-0.4677947485
1638,0.8492653859,0.4431242985,0.7244946872,1.448989374,56.95778166,6.320470874,-0.5452568608
1639,0.8161420754,0.4461459067,0.6834045048,1.36680901,58.66503505,6.136534304,-0.5200404516
1640,0.8306947389,0.4416335236,0.7035720148,1.40714403,57.97580871,6.209486474,-0.5302772778
1641,0.7953584951,0.4015974742,0.6865235643,1.373047129,60.86935928,5.914305724,-0.4868025881
1642,0.7880741766,0.3786032397,0.691173274,1.382346548,61.77058081,5.82801708,-0.4730032181
1643,0.8216858902,0.3518109643,0.7425609386,1.485121877,60.20586621,5.979483772,-0.4968851125
1644,0.7616169388,0.368512186,0.6665276665,1.333055333,63.6556725,5.655426859,-0.4437646346
1645,0.8287496179,0.4432815497,0.7002338159,1.400467632,58.04290276,6.202308687,-0.5292841021
1646,0.7279718902,0.3635829067,0.6306746727,1.261349345,66.06458327,5.449213212,-0.405706645
1647,0.7977393691,0.4477771628,0.6602148995,1.320429799,59.66186778,6.034004858,-0.5051021301
1648,0.8191894097,0.4175343813,0.7047952393,1.409590479,59.14431075,6.086806921,-0.5128774982
1649,0.8261400136,0.4109558217,0.7166747064,1.433349413,58.88936235,6.113158398,-0.5166922962
1650,0.8168800789,0.3611438226,0.7327129061,1.465425812,60.33771582,5.966417441,-0.4948867712
1651,0.7742529721,0.4281341536,0.645111472,1.290222944,61.55485454,5.848442055,-0.476317169
1652,0.8664099381,0.4276472969,0.7535144128,1.507028826,56.39829077,6.383172169,-0.5534163965
1653,0.8140694699,0.385971653,0.716753085,1.43350617,60.06650201,5.993357162,-0.4989944859
1654,0.8147916212,0.3268369074,0.7463665466,1.492733093,60.99015581,5.902591906,-0.4849598846
1655,0.798261413,0.365411185,0.7097154003,1.419430801,61.38308285,5.864808075,-0.4789510702
1656,0.7517833154,0.3958728344,0.6391109859,1.278221972,63.74974805,5.647081142,-0.4422926341
1657,0.841623923,0.5021566078,0.675403264,1.350806528,55.83905836,6.447100122,-0.5615194289
1658,0.8252544382,0.337522121,0.7530761619,1.506152324,60.21408972,5.978667147,-0.4967605521
1659,0.772465491,0.4400946949,0.6348382426,1.269676485,61.35981077,5.867032436,-0.4793075877
1660,0.8574604135,0.3942866425,0.7614304986,1.522860997,57.49177759,6.261764988,-0.5374206364
1661,0.7606216876,0.4828176952,0.5877349954,1.175469991,60.79469902,5.921568917,-0.4879404194
1662,0.7527469493,0.3084015297,0.6866705659,1.373341132,65.24528616,5.517639989,-0.4187344509
1663,0.7997392447,0.4440893727,0.6651071256,1.330214251,59.64059439,6.036157145,-0.5054225412
1664,0.7722743901,0.4425915011,0.6328668871,1.265733774,61.30534746,5.872244672,-0.4801416306
1665,0.8647793893,0.4670697356,0.7277975365,1.455595073,55.62626972,6.471762385,-0.5645886351
1666,0.8553783779,0.411152775,0.7500837054,1.500167411,57.29313145,6.283475713,-0.5403411958
1667,0.7887526193,0.3710818723,0.6960092949,1.39201859,61.86821506,5.818819884,-0.4715011702
1668,0.8631613456,0.4553587222,0.7332775345,1.466555069,55.97607827,6.43131872,-0.5595389887
1669,0.8424453291,0.3456342006,0.7682780303,1.536556061,59.10498508,6.090856795,-0.5134665932
1670,0.8860362904,0.4163601875,0.782115402,1.564230804,55.62321231,6.472118115,-0.5646326779
1671,0.7530245546,0.4227909846,0.6231322197,1.246264439,63.03327776,5.711268917,-0.4534729209
1672,0.7294116891,0.4439161757,0.5787744302,1.15754886,64.01965533,5.623273011,-0.4380627896
1673,0.8020584902,0.3297624721,0.731132364,1.462264728,61.72287183,5.832521873,-0.4737366947
1674,0.8046162918,0.4240670251,0.6837942199,1.36758844,59.83571161,6.016473947,-0.5024811594
1675,0.8196506203,0.294682864,0.7648458335,1.529691667,61.12242223,5.889818938,-0.4829397405
1676,0.8677627117,0.4796941155,0.7231221746,1.446244349,55.17708008,6.524448185,-0.5710420047
1677,0.8436238555,0.385416222,0.750436903,1.500873806,58.39837461,6.164555134,-0.5240100679
1678,0.8309921378,0.4432658607,0.7028963721,1.405792744,57.92212429,6.215241661,-0.5310714308
1679,0.818676344,0.3582840748,0.736113767,1.472227534,60.27891641,5.972237416,-0.4957782722
1680,0.8082781374,0.4103145411,0.6963874818,1.392774964,59.9226771,6.007742267,-0.5011682795
1681,0.7812475089,0.4700026415,0.624055436,1.248110872,59.9966194,6.000338079,-0.5000510969
1682,0.8146969223,0.4361878907,0.6880924351,1.37618487,58.98266308,6.103488401,-0.5152974184
1683,0.8554680996,0.4177988991,0.746505023,1.493010046,57.16010453,6.29809905,-0.5422933716
1684,0.8512979834,0.3598044403,0.7715238307,1.543047661,58.39657221,6.164745401,-0.5240368606
1685,0.7871532106,0.4328915864,0.6574306438,1.314861288,60.6551287,5.935194726,-0.4900652643
1686,0.852381731,0.4521107587,0.7225998043,1.445199609,56.59514629,6.36096951,-0.5505514607
1687,0.8030698796,0.4259400369,0.6808056379,1.361611276,59.88286877,6.011736034,-0.5017693918
1688,0.8430314814,0.4203379565,0.7307654076,1.461530815,57.77112207,6.231487067,-0.5333027024
1689,0.7954427179,0.3544691091,0.7120960386,1.424192077,61.74337518,5.830585045,-0.4734215169
1690,0.8685900295,0.4764885623,0.7262281249,1.45245625,55.21559289,6.51989739,-0.570490073
1691,0.8306761549,0.419976173,0.7166888365,1.433377673,58.45147255,6.158955187,-0.5232205326
1692,0.8876577594,0.4282718315,0.7775085441,1.555017088,55.32172979,6.507388713,-0.5689676791
1693,0.8481510005,0.4649026849,0.7093839674,1.418767935,56.50959861,6.370599134,-0.5517972788
1694,0.7512947196,0.4065116894,0.6318164307,1.263632861,63.54129,5.665607356,-0.4455527661
1695,0.8789226789,0.4542758565,0.7524217711,1.504843542,55.2226846,6.519060104,-0.5703884128
1696,0.7612664604,0.4392997102,0.6217253319,1.243450664,62.0755327,5.799386398,-0.4683071704
1697,0.8310439047,0.3541016151,0.7518284497,1.503656899,59.62615193,6.037619205,-0.5056400281
1698,0.8005354797,0.3718662888,0.708923492,1.417846984,61.1303453,5.889055562,-0.4828186472
1699,0.8227816128,0.5164276491,0.640524836,1.281049672,56.31284163,6.392857998,-0.5546579487
1700,0.7439566957,0.4326068597,0.6052461234,1.210492247,63.37072584,5.680856503,-0.4482158801
1701,0.8091925543,0.3467023102,0.731156685,1.46231337,61.02963187,5.898773906,-0.4843572251
1702,0.8242403948,0.4255124249,0.7059117541,1.411823508,58.68985865,6.133938781,-0.5196703429
1703,0.9008571182,0.4489311726,0.7810277521,1.562055504,54.28461001,6.631713849,-0.5837593208
1704,0.7605004678,0.4235692182,0.6316249512,1.263249902,62.53156757,5.757092201,-0.4612598374
1705,0.8391206041,0.3922346318,0.7418054879,1.483610976,58.52558975,6.151155443,-0.5221177018
1706,0.7766235714,0.3357522506,0.7002960787,1.400592157,63.23917816,5.6926736,-0.450267096
1707,0.8496955913,0.4391869663,0.727390821,1.454781642,57.02164175,6.313392405,-0.5443222136
1708,0.8398653414,0.4217381808,0.7262993175,1.452598635,57.91318718,6.216200791,-0.531203592
1709,0.788496259,0.3803722885,0.6906831927,1.381366385,61.71082014,5.833660923,-0.473921925
1710,0.832766486,0.4287545155,0.713911469,1.427822938,58.15039495,6.190843593,-0.5276914107
1711,0.875153847,0.4337255839,0.7601160265,1.520232053,55.83508065,6.447559416,-0.5615768735
1712,0.7594600574,0.2628246248,0.7125326627,1.425065325,65.36300617,5.507702615,-0.4168677667
1713,0.8147828365,0.4946913674,0.6474191236,1.294838247,57.41072497,6.270605365,-0.5386130803
1714,0.8213488878,0.4644219833,0.6774409324,1.354881865,57.92087733,6.215375468,-0.5310898716
1715,0.844599006,0.374248688,0.7571561268,1.514312254,58.53513324,6.150152568,-0.5219756355
1716,0.767184842,0.3651439952,0.6747165661,1.349433132,63.35251528,5.682489454,-0.4484999774
1717,0.7507428964,0.3488620687,0.6647632312,1.329526462,64.74349947,5.560403793,-0.4266713527
1718,0.7242416617,0.3596551228,0.6286288072,1.257257614,66.40881659,5.420966951,-0.4002080193
1719,0.8660297695,0.3200596202,0.8047169696,1.609433939,58.1454198,6.191373306,-0.5277651676
1720,0.8608904496,0.3770906216,0.7739089284,1.547817857,57.60027309,6.249970368,-0.5358227707
1721,0.7825018277,0.354087215,0.6978046679,1.395609336,62.56108332,5.754376058,-0.4608027043
1722,0.7921610344,0.3932259254,0.6876717792,1.375343558,61.23402715,5.879084175,-0.481233163
1723,0.7611117798,0.3571406206,0.6721173398,1.34423468,63.89833262,5.633949827,-0.4399653035
1724,0.858786744,0.3192002608,0.7972614786,1.594522957,58.55477498,6.148089548,-0.5216831989
1725,0.773439749,0.4785612006,0.6076086097,1.215217219,60.18379069,5.981677058,-0.4972194371
1726,0.7863382402,0.4090547262,0.6715668686,1.343133737,61.25697623,5.876881658,-0.4808820168
1727,0.685234799,0.3903033423,0.5632140185,1.126428037,68.70364187,5.239896899,-0.363192009
1728,0.9156143773,0.4038596663,0.8217341772,1.643468354,54.39788883,6.617903889,-0.58215293
1729,0.8460750472,0.4253963768,0.7313555278,1.462711056,57.50456254,6.260372814,-0.5372324463
1730,0.8048847997,0.371559063,0.7139911788,1.427982358,60.8732242,5.913930217,-0.4867436636
1731,0.8560547398,0.4675959362,0.7170660764,1.434132153,56.04601613,6.423293301,-0.5585268957
1732,0.8019722703,0.4842734401,0.6392485882,1.278497176,58.40707698,6.163636645,-0.5238806996
1733,0.7870344055,0.5003147293,0.6075428603,1.215085721,58.69784448,6.133104259,-0.519551257
1734,0.7794870466,0.3908659613,0.674406299,1.348812598,62.06548629,5.800325132,-0.4684620902
1735,0.8293068544,0.4212038504,0.7143788737,1.428757747,58.50128734,6.153710737,-0.5224794073
1736,0.8218278935,0.3897228108,0.7235448965,1.447089793,59.54702054,6.045642532,-0.5068310848
1737,0.7789197491,0.4162783308,0.6583527374,1.316705475,61.54978856,5.848923423,-0.4763949107
1738,0.7562687986,0.317908794,0.6862044115,1.372408823,64.86571475,5.549927282,-0.4247412305
1739,0.7876614459,0.4193206352,0.6667688942,1.333537788,60.9464866,5.906821215,-0.4856262904
1740,0.7681876901,0.290567159,0.7111139525,1.422227905,64.43909386,5.586670737,-0.431470313
1741,0.7804008521,0.3951473311,0.6729666237,1.345933247,61.92022506,5.813932356,-0.4707004664
1742,0.8616294994,0.3518436536,0.7865185552,1.57303711,57.9510903,6.212135063,-0.5306429948
1743,0.8321845159,0.4989725439,0.6660011028,1.332002206,56.39755341,6.383255624,-0.5534271153
1744,0.792590154,0.3408335971,0.7155638415,1.431127683,62.14206728,5.793177082,-0.4672808163
1745,0.8025583179,0.3457418906,0.7242668007,1.448533601,61.44778375,5.858632778,-0.477959468
1746,0.7689558912,0.4716549011,0.6073177231,1.214635446,60.66540409,5.934189435,-0.4899089289
1747,0.8500922261,0.4170409661,0.7407655672,1.481531134,57.45946605,6.265286205,-0.5378961319
1748,0.7215006551,0.4083949385,0.5947913663,1.189582733,65.53980233,5.492845373,-0.4140610092
1749,0.8357652702,0.4156207902,0.7250951287,1.450190257,58.26136579,6.179051849,-0.5260452285
1750,0.8188122885,0.4308885067,0.696267663,1.392535326,58.87357747,6.114797426,-0.5169281501
1751,0.8253491584,0.3418829307,0.751210553,1.502421106,60.14381029,5.985653357,-0.4978247355
1752,0.8121791685,0.3433707781,0.7360241236,1.472048247,60.90182879,5.911152541,-0.4863074908
1753,0.8307027515,0.4632394802,0.6895478557,1.379095711,57.45412157,6.265869013,-0.5379747646
1754,0.7800548627,0.2583936084,0.736015171,1.472030342,64.03101088,5.622275755,-0.4378846176
1755,0.7584008921,0.4833888654,0.5843861035,1.168772207,60.90697839,5.910652761,-0.486228955
1756,0.8036266498,0.4033015519,0.6950997414,1.390199483,60.34119537,5.966073389,-0.4948339988
1757,0.7650149534,0.3244156375,0.6928220356,1.385644071,64.17824344,5.609377582,-0.4355729402
1758,0.7812423297,0.3364682883,0.70507352,1.41014704,62.92993858,5.720647567,-0.4550796851
1759,0.9127921092,0.476137849,0.7787696601,1.55753932,53.17192884,6.770489764,-0.5994158322
1760,0.8077840952,0.4311813342,0.6830796451,1.36615929,59.49063,6.051373133,-0.5076792648
1761,0.8873837847,0.4280018764,0.7773444379,1.554688876,55.34031546,6.50520325,-0.5687008912
1762,0.7734771239,0.3889694745,0.6685578577,1.337115715,62.48397674,5.761477083,-0.4619966555
1763,0.8492024217,0.3547080518,0.7715743327,1.543148665,58.59059991,6.144330328,-0.5211496605
1764,0.8283748299,0.4382785306,0.7029344126,1.405868825,58.17839428,6.187864145,-0.5272762448
1765,0.8229784922,0.4141905082,0.7111538663,1.422307733,59.00063658,6.101629082,-0.5150285514
1766,0.7274754423,0.1760494363,0.705852049,1.411704098,68.41726987,5.26182937,-0.3678442863
1767,0.7925099439,0.3576652532,0.7072111268,1.414422254,61.87123266,5.818536088,-0.4714547244
1768,0.8269420321,0.3692795851,0.7399092596,1.479818519,59.61550222,6.038697765,-0.5058003798
1769,0.7939903228,0.2854079382,0.7409203341,1.481840668,62.82206933,5.73047026,-0.4567553055
1770,0.7674807044,0.4284467186,0.6367574428,1.273514886,61.96797315,5.809452556,-0.4699650342
1771,0.787030403,0.3957877042,0.6802712315,1.360542463,61.49611592,5.854028253,-0.4772183342
1772,0.805264846,0.2965672618,0.7486650329,1.497330066,61.97737977,5.808570826,-0.4698201117
1773,0.8122911881,0.3138912013,0.7491924239,1.498384848,61.32082746,5.870762267,-0.4799046163
1774,0.8263260879,0.4612595553,0.6856051533,1.371210307,57.73624413,6.235251451,-0.5338175473
1775,0.7908183267,0.3725003925,0.697593781,1.395187562,61.71413256,5.83334781,-0.4738710164
1776,0.7502628232,0.4074393591,0.6299900575,1.259980115,63.58799649,5.661445868,-0.4448228217
1777,0.8162019597,0.4015840759,0.7105743234,1.421148647,59.64235843,6.035978615,-0.5053959747
1778,0.7840320058,0.3717062078,0.6903192603,1.380638521,62.15182358,5.792267697,-0.4671302639
1779,0.7705580225,0.3138249878,0.7037567357,1.407513471,63.96616695,5.62797518,-0.4389018065
1780,0.7699125118,0.4478820407,0.6262323479,1.252464696,61.30611894,5.872170776,-0.4801298193
1781,0.8584679459,0.3187825802,0.7970852405,1.594170481,58.5777847,6.14567454,-0.5213405401
1782,0.8776346726,0.5275175114,0.7014042299,1.40280846,53.43508704,6.73714632,-0.5957331304
1783,0.8229813132,0.4339132831,0.6992978654,1.398595731,58.57344429,6.146129946,-0.5214051835
1784,0.7878655296,0.369230731,0.6959890516,1.391978103,61.95713617,5.810468692,-0.4701319776
1785,0.8458176307,0.4611640855,0.7090381871,1.418076374,56.71939893,6.34703482,-0.5487398029
1786,0.8102084357,0.4620401465,0.6655498571,1.331099714,58.58843967,6.144556879,-0.5211818386
1787,0.8629853565,0.3902911153,0.7696860209,1.539372042,57.26764084,6.286272574,-0.5407154976
1788,0.8073830719,0.3528204615,0.7262128798,1.45242576,61.04099262,5.897676046,-0.4841837441
1789,0.8159365545,0.4749253325,0.663474483,1.326948966,57.92754197,6.21466038,-0.5309913082
1790,0.9060492286,0.5310904752,0.7340763665,1.468152733,52.12613881,6.906323933,-0.6139251495
1791,0.7840249716,0.3476422245,0.7027375327,1.405475065,62.57233325,5.753341473,-0.4606284357
1792,0.751743038,0.2865619135,0.694981917,1.389963834,65.60958553,5.487003113,-0.4129520676
1793,0.7854327901,0.4104585288,0.669648015,1.33929603,61.28136777,5.87454251,-0.4805087145
1794,0.7722706995,0.3547045116,0.6859932527,1.371986505,63.20785883,5.695494305,-0.4507551073
1795,0.8312085147,0.3412694391,0.7579200254,1.515840051,59.81199492,6.018859603,-0.502838999
1796,0.8293893203,0.3050999286,0.7712332191,1.542466438,60.4131895,5.958963646,-0.4937416956
1797,0.8710263782,0.3754138022,0.7859716462,1.571943292,57.08874231,6.305971816,-0.5433394112
1798,0.8124903518,0.4462173585,0.6789923716,1.357984743,58.86621976,6.115561717,-0.517038074
1799,0.9027211741,0.430391862,0.7935164544,1.587032909,54.55288091,6.599101532,-0.5799513239
1800,0.7275184741,0.3577432557,0.6334847221,1.266969444,66.20885361,5.437339274,-0.4034039078
1801,0.7782445434,0.2500373152,0.7369843352,1.47396867,64.23830008,5.604133353,-0.4346291729
1802,0.8222074888,0.3600835876,0.7391650455,1.478330091,60.04257257,5.995745761,-0.4993563778
1803,0.8269944757,0.4625211721,0.6855611047,1.371122209,57.66859521,6.242565796,-0.5348155714
1804,0.7697009698,0.4005536512,0.6572642965,1.314528593,62.48015136,5.761829831,-0.4620558674
1805,0.8493247577,0.2835527637,0.8005937635,1.601187527,59.51239302,6.049160212,-0.5073519816
1806,0.8793178396,0.3651758892,0.7999040149,1.59980803,56.8121715,6.336670303,-0.547385455
1807,0.7737831304,0.4111527364,0.6555103052,1.31102061,61.98641964,5.807723726,-0.4696808277
1808,0.846702353,0.4744787304,0.7012665748,1.40253315,56.34423374,6.389296226,-0.5542019733
1809,0.8149301681,0.4509507254,0.6787890852,1.35757817,58.61374317,6.141904279,-0.5208048811
1810,0.8498417138,0.374880767,0.7626895496,1.525379099,58.2356437,6.181781073,-0.5264269754
1811,0.7577328457,0.4729491572,0.5920119595,1.184023919,61.2968738,5.873056449,-0.480271356
1812,0.7988388121,0.3779429288,0.7037773727,1.407554745,61.12262603,5.8897993,-0.4829366257
1813,0.7615255925,0.2851967348,0.7061048438,1.412209688,64.9560841,5.542206015,-0.4233128017
1814,0.9144727089,0.5478051371,0.7322362099,1.46447242,51.31770893,7.015122217,-0.6250014118
1815,0.7577976296,0.2800499357,0.7041514616,1.408302923,65.27423173,5.515193216,-0.4182756251
1816,0.8587348734,0.4863951005,0.707704309,1.415408618,55.44318866,6.493133038,-0.5672231165
1817,0.8974662784,0.4094274929,0.7986331128,1.597266226,55.18156133,6.52391834,-0.5709777967
1818,0.8170071071,0.4288357808,0.6954138956,1.390827791,59.02096266,6.099527757,-0.5147244308
1819,0.7419620699,0.4137982532,0.6158560862,1.231712172,63.98988261,5.625889364,-0.4385298506
1820,0.852550994,0.3196337617,0.7903653939,1.580730788,58.89658197,6.112409039,-0.5165844094
1821,0.8562502855,0.4435669682,0.732402141,1.464804282,56.58722586,6.361859846,-0.5506668563
1822,0.7410592441,0.3557891847,0.6500637348,1.30012747,65.28742364,5.514078821,-0.4180664802
1823,0.8243894078,0.4266648175,0.7053899837,1.410779967,58.65648807,6.137428473,-0.5201678606
1824,0.7260742353,0.3631798718,0.628716292,1.257432584,66.20863133,5.437357528,-0.4034074576
1825,0.8545950388,0.4067989684,0.751563224,1.503126448,57.41688725,6.269932371,-0.5385224588
1826,0.8201286829,0.4629214166,0.6769895262,1.353979052,58.02550731,6.204168076,-0.5295416722
1827,0.7380040174,0.3534724939,0.647848073,1.295696146,65.54332719,5.492549973,-0.4140050095
1828,0.8475197014,0.4219232429,0.7350308983,1.470061797,57.4987071,6.261010346,-0.5373186397
1829,0.8593017685,0.4447411339,0.7352583582,1.470516716,56.40567447,6.382336589,-0.5533090555
1830,0.823705405,0.489955044,0.6621439791,1.324287958,57.09204355,6.305607185,-0.5432910396
1831,0.8174820952,0.3009907688,0.7600536382,1.520107276,61.1748853,5.884767879,-0.482137743
1832,0.7730978868,0.4207980549,0.6485440151,1.29708803,61.80452258,5.824816453,-0.4724811987
1833,0.7555522507,0.3277805172,0.6807489523,1.361497905,64.76396775,5.558646459,-0.4263482363
1834,0.8738830494,0.3426215799,0.8039166853,1.607833371,57.42300007,6.269264921,-0.5384325585
1835,0.7820633837,0.4272018063,0.655073853,1.310147706,61.09980283,5.891999374,-0.483285396
1836,0.7881367117,0.3346721127,0.713550316,1.427100632,62.51840685,5.758304124,-0.4614636282
1837,0.8170963275,0.4287050172,0.6955993219,1.391198644,59.01887555,6.099743458,-0.5147556614
1838,0.8424985255,0.4975455989,0.6798912726,1.359782545,55.92989828,6.436628907,-0.560206817
1839,0.787148984,0.4225059396,0.6641477652,1.32829553,60.90371366,5.9109696,-0.4862787453
1840,0.8753886219,0.3754984201,0.790763034,1.581526068,56.85866475,6.331488817,-0.5467061795
1841,0.7825764788,0.335286254,0.7071131968,1.414226394,62.86290753,5.726747524,-0.4561211228
1842,0.8219862102,0.5205323027,0.6361662138,1.272332428,56.21336296,6.404171198,-0.5561017918
1843,0.8068838483,0.4227637613,0.6872643937,1.374528787,59.73377851,6.026740799,-0.5040185246
1844,0.834791317,0.4311593155,0.7148273831,1.429654766,57.98830995,6.20814782,-0.5300922804
1845,0.753758703,0.437442424,0.6138373629,1.227674726,62.60227231,5.750589982,-0.4601645743
1846,0.7753763548,0.5071337881,0.5865354317,1.173070863,59.08746707,6.092662588,-0.5137289337
1847,0.8859810552,0.4207094696,0.7797217275,1.559443455,55.54621379,6.481089807,-0.5657413268
1848,0.7849473402,0.3738339427,0.6902104825,1.380420965,62.05497805,5.801307345,-0.4686241162
1849,0.8026283151,0.3581689993,0.7182807112,1.436561422,61.24080868,5.878433152,-0.4811294062
1850,0.8930620454,0.359276247,0.8176065039,1.635213008,56.18935683,6.406907291,-0.5564499681
1851,0.7996206692,0.3153796815,0.7347985242,1.469597048,62.07945431,5.799020046,-0.4682466936
1852,0.751133549,0.3894181591,0.6423045273,1.284609055,63.93311059,5.630885103,-0.4394201363
1853,0.755009993,0.3942230042,0.6439163862,1.287832772,63.57164997,5.662901626,-0.4450783241
1854,0.9338905249,0.3811290918,0.8525796901,1.70515938,53.88071328,6.681426026,-0.589468307
1855,0.7830224339,0.4857506289,0.6141420508,1.228284102,59.40542371,6.060052728,-0.5089599343
1856,0.8678987239,0.4454733206,0.7448501296,1.489700259,55.95558997,6.433673564,-0.5598353234
1857,0.7877981887,0.4277287345,0.6615694338,1.323138868,60.74147605,5.926757521,-0.4887510382
1858,0.7922111267,0.4155809599,0.674456029,1.348912058,60.75744106,5.925200168,-0.4885079254
1859,0.8748582541,0.4967059973,0.7201806142,1.440361228,54.41166343,6.616228531,-0.581957439
1860,0.7356938659,0.3418162135,0.6514653794,1.302930759,65.91239242,5.461795374,-0.4081330152
1861,0.8761189449,0.5047228569,0.7161279519,1.432255904,54.14232473,6.649141901,-0.5857738142
1862,0.820034717,0.4291841123,0.6987545597,1.397509119,58.84344681,6.117928495,-0.5173782464
1863,0.752754335,0.2186938453,0.7202861174,1.440572235,66.2696219,5.432353312,-0.4024332026
1864,0.8050691206,0.3505703625,0.7247321643,1.449464329,61.21752312,5.880669156,-0.4814856453
1865,0.7854645436,0.3833817177,0.6855457737,1.371091547,61.84103279,5.821377551,-0.4719194918
1866,0.7514645134,0.4502233675,0.6016625585,1.203325117,62.38823469,5.770318743,-0.4634780014
1867,0.8467442223,0.34614132,0.7727625538,1.545525108,58.85568294,6.116656574,-0.5171954785
1868,0.8663111486,0.4748130282,0.7246016798,1.44920336,55.36648648,6.502128325,-0.5683251178
1869,0.9455461777,0.326412313,0.8874190533,1.774838107,54.02917339,6.663066958,-0.5873732475
1870,0.7706895266,0.4111321978,0.6518685929,1.303737186,62.18136304,5.789516061,-0.4666743489
1871,0.8633328545,0.3016400303,0.8089233028,1.617846606,58.51880999,6.151868093,-0.522218618
1872,0.8074880522,0.2957108579,0.7513934009,1.502786802,61.85075945,5.82046208,-0.4717698156
1873,0.8417798162,0.4721815302,0.6968772213,1.393754443,56.65232691,6.354549224,-0.5497180633
1874,0.8671097537,0.4723478954,0.727163524,1.454327048,55.38703913,6.499715558,-0.568029932
1875,0.8529926483,0.4657092369,0.7146407242,1.429281448,56.24507872,6.400559981,-0.555641648
1876,0.8245589062,0.4454179027,0.6939022134,1.387804427,58.22029531,6.183410752,-0.5266547134
1877,0.8114001441,0.4605656481,0.6680190699,1.33603814,58.56192238,6.147339182,-0.5215767695
1878,0.843962934,0.4016278765,0.7422725125,1.484545025,58.08612199,6.197693832,-0.5286439546
1879,0.7661325245,0.420695045,0.6402926864,1.280585373,62.24405956,5.78368446,-0.4657062735
1880,0.9235900268,0.4463621279,0.8085662548,1.61713251,53.28488747,6.756137004,-0.5978366053
1881,0.8087545313,0.4279252586,0.6862680707,1.372536141,59.50984972,6.049418738,-0.5073902327
1882,0.8449439554,0.4428036227,0.7196215946,1.439243189,57.19067292,6.294732718,-0.5418450375
1883,0.7884170902,0.4208584507,0.6666930872,1.333386174,60.86557126,5.914673806,-0.4868603378
1884,0.7924096012,0.3915764668,0.6888982847,1.377796569,61.25189009,5.877369653,-0.480959847
1885,0.8005114915,0.4701794878,0.6478810827,1.295762165,58.9005322,6.111999104,-0.5165253754
1886,0.867106755,0.3401738707,0.7975937953,1.595187591,57.82045071,6.226170768,-0.5325742085
1887,0.8457249795,0.4193786625,0.7344196882,1.468839376,57.64597151,6.24501575,-0.5351491725
1888,0.7462237477,0.4353001944,0.6061052898,1.21221058,63.14850357,5.700847678,-0.4516795987
1889,0.8110047033,0.4100547162,0.6997026215,1.399405243,59.76991665,6.023096905,-0.5034736677
1890,0.7935135908,0.351292417,0.7115177134,1.423035427,61.9157465,5.814352896,-0.47076943
1891,0.8463346051,0.2518699357,0.8079874995,1.615974999,60.0111452,5.998885687,-0.499831531
1892,0.7826444251,0.414865245,0.66364081,1.32728162,61.35319611,5.867664977,-0.4794089067
1893,0.7615841966,0.3508211319,0.6759696901,1.35193938,63.97822694,5.626914299,-0.4387126672
1894,0.8533243529,0.4473619019,0.7266565764,1.453313153,56.65384974,6.354378417,-0.5496958609
1895,0.7658786667,0.4475305108,0.6215195685,1.243039137,61.56322278,5.847647081,-0.4761887431
1896,0.7311110912,0.4027797085,0.6101573027,1.220314605,64.99981452,5.538477343,-0.4226211957
1897,0.8005796213,0.4037245472,0.6913278673,1.382655735,60.51298225,5.949136641,-0.4922263396
1898,0.7665789607,0.4592344355,0.6137972273,1.227594455,61.18527704,5.883768406,-0.4819788375
1899,0.798811498,0.4857616269,0.6341415073,1.268283015,58.53302548,6.150374034,-0.5220070133
1900,0.8525270012,0.3702734602,0.7679191705,1.535838341,58.16378549,6.189418329,-0.5274928755
1901,0.9071424256,0.4250581786,0.801394363,1.602788726,54.43947064,6.612849018,-0.5815626929
1902,0.7428012638,0.4036160508,0.62357662,1.24715324,64.17728861,5.609461039,-0.4355879413
1903,0.861978407,0.4583562637,0.730011171,1.460022342,55.96721365,6.432337373,-0.5596672119
1904,0.784279721,0.249735067,0.7434561702,1.48691234,63.84537877,5.638622668,-0.4407950777
1905,0.9208218915,0.3457501182,0.8534458458,1.706891692,54.9854187,6.547190301,-0.5737848852
1906,0.7685697065,0.3582583478,0.6799634917,1.359926983,63.3865923,5.679434513,-0.4479683152
1907,0.8741088068,0.4185136487,0.7674063669,1.534812734,56.18286501,6.407647597,-0.5565441065
1908,0.8130052475,0.369794657,0.724036908,1.448073816,60.41990696,5.958301132,-0.4936397378
1909,0.7262138419,0.3473497161,0.6377575707,1.275515141,66.49383046,5.414036122,-0.3988478146
1910,0.8266865192,0.5057153086,0.6539591942,1.307918388,56.46562519,6.37556033,-0.5524371787
1911,0.7482485213,0.3102373143,0.680902826,1.361805652,65.52992918,5.49367296,-0.4142178562
1912,0.8374998431,0.3077910051,0.7788906755,1.557781351,59.90556928,6.009457957,-0.5014266401
1913,0.7610193219,0.4553655673,0.6097479876,1.219495975,61.63921205,5.840438059,-0.4750220844
1914,0.7999740331,0.309200861,0.7378030097,1.475606019,62.14175373,5.793206313,-0.4672856547
1915,0.8979674496,0.3386889291,0.8316461687,1.663292337,56.21870277,6.403562912,-0.5560243318
1916,0.8238300625,0.4509416344,0.6894545773,1.378909155,58.12706371,6.193328495,-0.5280372633
1917,0.7940177824,0.4226652683,0.672174315,1.34434863,60.48926247,5.951469489,-0.4925866607
1918,0.7866756282,0.4236992975,0.6628253536,1.325650707,60.90431073,5.910911652,-0.4862696395
1919,0.723452757,0.3963351949,0.6052291342,1.210458268,65.69115723,5.480189651,-0.4116550156
1920,0.7986330261,0.2733860135,0.7503831009,1.500766202,62.66907143,5.744460414,-0.459129168
1921,0.8661735233,0.3939368218,0.7714080326,1.542816065,57.03667155,6.311728756,-0.5441021413
1922,0.8531211008,0.4150083063,0.7453748844,1.490749769,57.33847712,6.278506478,-0.5396750801
1923,0.7825897874,0.4604120167,0.632825055,1.26565011,60.19833314,5.980232031,-0.4969992061
1924,0.8752090758,0.4678353568,0.7396762842,1.479352568,55.10075013,6.533486371,-0.5721351358
1925,0.8223356422,0.4220801851,0.7057508241,1.411501648,58.87025981,6.115142028,-0.5169777168
1926,0.8493190055,0.4715360209,0.7063968814,1.412793763,56.28683067,6.395812231,-0.555035636
1927,0.7688254577,0.4099432116,0.6504145968,1.300829194,62.32643526,5.776040271,-0.4644334914
1928,0.9491382483,0.4101874122,0.8559262242,1.711852448,52.74991562,6.824655466,-0.6052951603
1929,0.7951524831,0.3807543473,0.6980641793,1.396128359,61.29441177,5.873292354,-0.4803090459
1930,0.8876836887,0.2465500407,0.8527575322,1.705515064,57.75324886,6.233415558,-0.5335665595
1931,0.9403906723,0.4581271561,0.8212515604,1.642503121,52.31750608,6.881061942,-0.6112852622
1932,0.8242938077,0.4373496287,0.6987027864,1.397405573,58.42288126,6.161969287,-0.5236457242
1933,0.82852452,0.3332442206,0.7585520217,1.517104043,60.08489619,5.991522377,-0.4987162462
1934,0.8951106945,0.2994772355,0.8435262538,1.687052508,56.83639555,6.333969572,-0.5470315818
1935,0.7729650673,0.4344296929,0.6393323371,1.278664674,61.4760672,5.855937381,-0.4775258059
1936,0.7854768602,0.4516802843,0.6426187195,1.285237439,60.27103715,5.973018169,-0.4958976958
1937,0.823435011,0.4283837373,0.7032301124,1.406460225,58.67177646,6.135829214,-0.5199399499
1938,0.8372281874,0.3945437051,0.7384350361,1.476870072,58.58822278,6.144579626,-0.5211850693
1939,0.9414749929,0.4535142113,0.8250454668,1.650090934,52.35623185,6.875972301,-0.6107502145
1940,0.8567047147,0.4206506573,0.7463216415,1.492643283,57.03911056,6.311458865,-0.5440664248
1941,0.7792105276,0.4379424599,0.6444962747,1.288992549,61.00551362,5.90110596,-0.4847254526
1942,0.8352943395,0.4529595167,0.7018150111,1.403630022,57.46452333,6.264734816,-0.5378217204
1943,0.857049711,0.1993332189,0.8335469243,1.667093849,59.83090321,6.01695747,-0.5025537158
1944,0.8439215649,0.4624981911,0.7059029898,1.41180598,56.78445187,6.339763583,-0.5477902728
1945,0.8182117382,0.5021541709,0.6459966232,1.291993246,57.00278641,6.315480746,-0.5445982482
1946,0.791614482,0.4265540179,0.6668621731,1.333724346,60.54160477,5.946324042,-0.4917914301
1947,0.8564985582,0.4616402773,0.7214416363,1.442883273,56.16564481,6.409612161,-0.5567937831
1948,0.7573245424,0.4129866681,0.6348090063,1.269618013,62.99361467,5.714864941,-0.4540897951
1949,0.8374058986,0.4522359271,0.704791675,1.40958335,57.37026374,6.275027803,-0.5392079416
1950,0.798003993,0.4876794832,0.6316479198,1.26329584,58.51741064,6.152015204,-0.5222394462
1951,0.8279957504,0.466943508,0.6837694955,1.367538991,57.50192214,6.26066028,-0.5372713142
1952,0.7724576918,0.3598406177,0.6835244074,1.367048815,63.10538937,5.704742552,-0.4523508228
1953,0.7804324502,0.2890245496,0.7249411142,1.449882228,63.65005742,5.65592577,-0.443852456
1954,0.8522888421,0.3759904816,0.7648708571,1.529741714,58.08347676,6.197976087,-0.5286831434
1955,0.7911745818,0.5280642051,0.5891565277,1.178313055,57.45691648,6.265564218,-0.5379336439
1956,0.8095521225,0.2315884621,0.7757199386,1.551439877,62.40939482,5.768362296,-0.4631507176
1957,0.8591644999,0.4483591234,0.7328968101,1.46579362,56.33344088,6.390520344,-0.5543587601
1958,0.8254650389,0.4296675911,0.7048250077,1.409650015,58.53102433,6.150584312,-0.5220368034
1959,0.7965143424,0.4258683146,0.6731056947,1.346211389,60.26774404,5.973344544,-0.4959476058
1960,0.8851500078,0.3353334356,0.8191715469,1.638343094,56.92556459,6.32404795,-0.5457281282
1961,0.8110102624,0.5368029064,0.6079311518,1.215862304,56.15035828,6.411357132,-0.5570153811
1962,0.8381487104,0.3956301611,0.7388978525,1.477795705,58.51713628,6.152044049,-0.5222435299
1963,0.8137839576,0.4039193594,0.7064654845,1.412930969,59.73512442,6.026605008,-0.5039982358
1964,0.8737621264,0.3557555669,0.7980590392,1.596118078,57.24332606,6.288942743,-0.5410724338
1965,0.7939561963,0.497076808,0.6190969944,1.238193989,58.43388789,6.160808616,-0.5234820559
1966,0.7893876142,0.3951648838,0.6833575345,1.366715069,61.36419434,5.866613322,-0.4792404394
1967,0.867851186,0.3125983818,0.8095973893,1.619194779,58.13900266,6.192056683,-0.5278602962
1968,0.8472610386,0.4154320297,0.7384223021,1.476844604,57.64237845,6.245405024,-0.5352021468
1969,0.8579817771,0.4680515227,0.7190691914,1.438138383,55.93901213,6.43558022,-0.5600750465
1970,0.8221396129,0.3708875061,0.7337274705,1.467454941,59.8657258,6.013457537,-0.5020281789
1971,0.875405942,0.4523069095,0.7495025169,1.499005034,55.43687361,6.493872698,-0.567313885
1972,0.8389511685,0.4353804107,0.717135246,1.434270492,57.67232453,6.242162128,-0.5347605723
1973,0.7564388434,0.2430213555,0.7163381496,1.432676299,65.78239527,5.472588806,-0.410203273
1974,0.8169058395,0.4255548685,0.6973078262,1.394615652,59.09969595,6.091401897,-0.5135458056
1975,0.829594345,0.3738104667,0.7406028033,1.481205607,59.38650371,6.061983405,-0.5092441534
1976,0.7291885541,0.3191856649,0.6556191415,1.311238283,66.74706866,5.393495283,-0.3947908626
1977,0.7641524521,0.3698039239,0.6687107207,1.337421441,63.4641831,5.672490882,-0.4467571698
1978,0.8169555004,0.4318221912,0.6935026207,1.387005241,58.95644315,6.10620283,-0.5156895536
1979,0.8067498841,0.2850046334,0.7547302395,1.509460479,62.02674641,5.803947826,-0.4690593403
1980,0.8135853438,0.4227538225,0.695126116,1.390252232,59.34966607,6.065746007,-0.5097973749
1981,0.7529267408,0.4350691617,0.6145026457,1.229005291,62.71986692,5.739808098,-0.458341405
1982,0.7890924582,0.4158533273,0.6706212923,1.341242585,60.93889879,5.907556703,-0.485742054
1983,0.8393466479,0.5063946076,0.6693782912,1.338756582,55.82379207,6.44886323,-0.5617398843
1984,0.7655300981,0.3459444452,0.682904658,1.365809316,63.79962306,5.642666567,-0.4415117557
1985,0.7945885849,0.4087736108,0.681377395,1.36275479,60.76399858,5.924560733,-0.4884080575
1986,0.7850572603,0.3971917726,0.6771658569,1.354331714,61.58869516,5.845228561,-0.4757977603
1987,0.8422631482,0.3059089932,0.7847463914,1.569492783,59.65438735,6.034761499,-0.5052148052
1988,0.7808742661,0.4382847493,0.6462747852,1.29254957,60.89643382,5.911676225,-0.4863897644
1989,0.7485970858,0.4560753849,0.5936268527,1.187253705,62.39568116,5.769630098,-0.463362834
1990,0.8863152025,0.5248463682,0.7142065023,1.428413005,53.13524922,6.775163479,-0.5999281337
1991,0.7724720318,0.3568348025,0.6851145624,1.370229125,63.15758878,5.700027613,-0.4515381229
1992,0.8333164221,0.4923383494,0.6723237383,1.344647477,56.53468749,6.367771999,-0.5514320406
1993,0.8865700264,0.3657025907,0.8076311205,1.615262241,56.42867474,6.379735155,-0.552974629
1994,0.8452067719,0.4524808308,0.7138876557,1.427775311,56.9565299,6.320609781,-0.5452751745
1995,0.762016289,0.279818211,0.7087810618,1.417562124,64.98945755,5.539359976,-0.4227850156
1996,0.8486208133,0.3898584477,0.7537689802,1.50753796,58.04648227,6.201926214,-0.5292310951
1997,0.8185395893,0.5008330707,0.6474359385,1.294871877,57.02756818,6.312736304,-0.544235441
1998,0.7383916971,0.4356132683,0.5962074965,1.192414993,63.65690359,5.655317487,-0.4437453795
1999,0.8716877143,0.3433722263,0.8012084532,1.602416906,57.52984879,6.257621175,-0.5368601625
