draw,midpoint_residual,valence_offset,markedness,markedness_ratio,apex_angle_deg,effective_vertices,step_cosine
0,0.6669356563,0.21203466,0.6323325649,1.26466513,72.87746511,4.939798598,-0.2944162235
1,0.6447575508,0.1903281388,0.6160255668,1.232051134,74.9437177,4.803604772,-0.25976776
2,0.6127623959,0.1636238372,0.5905124839,1.181024968,78.00367154,4.615167375,-0.2078490102
3,0.648481863,0.1939576315,0.6187965447,1.237593089,74.59279155,4.826203612,-0.2656774094
4,0.6620308003,0.2268305456,0.6219587479,1.243917496,73.15742831,4.920894683,-0.289743021
5,0.6651617686,0.2232897399,0.6265635406,1.253127081,72.92639643,4.936484149,-0.2935999558
6,0.6196116893,0.1765501162,0.5939265123,1.187853025,77.29343365,4.657575463,-0.2199580035
7,0.6795570525,0.2585288715,0.6284589168,1.256917834,71.3755996,5.043740466,-0.319362904
8,0.6885932349,0.2474339639,0.6426018026,1.285203605,70.76954831,5.086933696,-0.3293685195
9,0.6760456378,0.2620516756,0.6231906801,1.24638136,71.62237334,5.026362339,-0.3152784877
10,0.6385500031,0.2551164176,0.5853731459,1.170746292,74.91822064,4.805239592,-0.2601974654
11,0.6142981961,0.2404148155,0.5652990273,1.130598055,77.30321821,4.656985936,-0.2197914098
12,0.6615184778,0.2579366015,0.60915959,1.21831918,72.88240966,4.939463468,-0.2943337488
13,0.6733770366,0.2624211773,0.6201385,1.240277,71.83790649,5.011281892,-0.3117063552
14,0.6273222848,0.1844027491,0.5996072674,1.199214535,76.53792688,4.703550445,-0.2328016535
15,0.6672888431,0.2187163193,0.6304264999,1.260853,72.7896501,4.945758078,-0.2958806065
16,0.6659011234,0.1777267548,0.6417456714,1.283491343,73.22701639,4.916218327,-0.2885803648
17,0.6432597949,0.2159179137,0.605939451,1.211878902,74.87460529,4.808038702,-0.2609324011
18,0.7046787721,0.2137638341,0.6714738975,1.342947795,69.83624183,5.154916567,-0.3447044962
19,0.6758222862,0.2598659927,0.623863309,1.247726618,71.66584115,5.023313677,-0.3145584328
20,0.6560447399,0.2490931754,0.606916214,1.213832428,73.44638515,4.901534627,-0.2849124413
21,0.668094298,0.2828165606,0.6052807481,1.210561496,72.02720123,4.998111739,-0.3085654445
22,0.6434708238,0.211575815,0.6076926654,1.215385331,74.8923862,4.806897179,-0.260632804
23,0.6621964427,0.2002788818,0.6311834109,1.262366822,73.37164451,4.906527616,-0.2861626031
24,0.701165808,0.2298605495,0.6624180086,1.324836017,69.95929762,5.145849261,-0.3426876057
25,0.6466328407,0.2468460334,0.5976630041,1.195326008,74.28769222,4.846024815,-0.2708072367
26,0.6158692489,0.1957973143,0.583916384,1.167832768,77.51461098,4.644285709,-0.2161906419
27,0.6246909649,0.1855872783,0.5964865159,1.192973032,76.76958032,4.689357406,-0.2288677339
28,0.6314414828,0.2545148381,0.5778758893,1.155751779,75.56791042,4.763926884,-0.2492323213
29,0.6614850032,0.2203770579,0.6236957286,1.247391457,73.26252646,4.913835455,-0.2879869094
30,0.6687822373,0.2480801022,0.621068389,1.242136778,72.37861334,4.973844944,-0.3027256649
31,0.6641804853,0.2332766795,0.6218663103,1.243732621,72.91475941,4.937272,-0.2937941029
32,0.6481152331,0.2433795567,0.6006827339,1.201365468,74.19317586,4.852198276,-0.2723948489
33,0.7057319758,0.237338416,0.6646262844,1.329252569,69.53298102,5.177399196,-0.3496681491
34,0.6626252484,0.2047317437,0.6302040407,1.260408081,73.29983764,4.911334208,-0.2873632341
35,0.6754307056,0.2098154237,0.6420156744,1.284031349,72.19369332,4.986585163,-0.3058001062
36,0.6912168159,0.1944268399,0.6633090461,1.326618092,71.04750062,5.067032575,-0.3247841679
37,0.6513739989,0.2219855991,0.6123809927,1.224761985,74.11326126,4.857430288,-0.2737366138
38,0.6713580079,0.2389653743,0.6273891333,1.254778267,72.2588863,4.982086196,-0.3047165833
39,0.6388373458,0.2524046654,0.5868603235,1.173720647,74.92128955,4.805042761,-0.2601457473
40,0.659965412,0.2426146378,0.6137527862,1.227505572,73.17848942,4.919478427,-0.2893911834
41,0.6823099537,0.2702010218,0.6265287549,1.25305751,71.01506727,5.069346744,-0.325319497
42,0.6465339864,0.2018063596,0.6142315433,1.228463087,74.70247688,4.819117318,-0.2638313522
43,0.6770804957,0.1763550843,0.6537100901,1.30742018,72.31491632,4.978226047,-0.3037850358
44,0.7014411052,0.3075707701,0.6304124407,1.260824881,68.99786436,5.217552794,-0.3584027475
45,0.6642116515,0.2459685836,0.6169899302,1.23397986,72.78416876,4.946130541,-0.295971989
46,0.7064211076,0.2782281539,0.6493226283,1.298645257,69.01698475,5.216107329,-0.3580911834
47,0.7490021716,0.2388446734,0.7098996233,1.419799247,66.34196179,5.426429824,-0.4012770639
48,0.6712901796,0.2147327294,0.6360191507,1.272038301,72.49226222,4.966047258,-0.3008345959
49,0.688656056,0.2394944176,0.645669875,1.29133975,70.84740938,5.081343173,-0.3280851102
50,0.6652470154,0.2253287326,0.6259237603,1.251847521,72.90047668,4.938239314,-0.2940323733
51,0.6300991122,0.2287773479,0.5870994944,1.174198989,75.94079457,4.740535071,-0.2429244017
52,0.6585112657,0.2290503438,0.6173921178,1.234784236,73.43541871,4.902266594,-0.2850959035
53,0.6878990626,0.2393647634,0.64491056,1.28982112,70.90913809,5.076919699,-0.3270671852
54,0.6770361275,0.2405983864,0.6328430567,1.265686113,71.77469903,5.015695013,-0.3127543817
55,0.6691861545,0.2844988463,0.6056983703,1.211396741,71.91390052,5.005986289,-0.310445816
56,0.6462392129,0.2527414049,0.5947662588,1.189532518,74.26037977,4.84780715,-0.2712660859
57,0.6911174134,0.1981947504,0.6620892085,1.324178417,71.02571385,5.068586861,-0.3251437812
58,0.6779496839,0.2428787695,0.63294998,1.26589996,71.67653732,5.022564056,-0.3143812203
59,0.6642814277,0.1838761595,0.6383254445,1.276650889,73.31951802,4.91001591,-0.2870342174
60,0.719010264,0.2663130257,0.6678720926,1.335744185,68.21139171,5.277710819,-0.3711832241
61,0.6780139123,0.2522715347,0.62933452,1.25866904,71.57122197,5.02995464,-0.3161255904
62,0.6488993625,0.228841078,0.6072084845,1.214416969,74.26574506,4.847456922,-0.2711759539
63,0.6836170694,0.1987798471,0.654078642,1.308157284,71.61977551,5.026544658,-0.3153215157
64,0.6709937015,0.2263798535,0.6316523643,1.263304729,72.41148812,4.971586821,-0.3021787648
65,0.6886665419,0.250582918,0.6414591235,1.282918247,70.72977687,5.089794085,-0.3300238505
66,0.6711665502,0.2374198743,0.6277709307,1.255541861,72.29028614,4.979922189,-0.3041945696
67,0.6446855259,0.1994410919,0.6130600934,1.226120187,74.8823065,4.807544223,-0.2608026437
68,0.7091098164,0.2163788658,0.6752902474,1.350580495,69.47349986,5.181831932,-0.3506405685
69,0.7133963293,0.2077588303,0.6824738758,1.364947752,69.22298065,5.200585075,-0.3547319865
70,0.6641772232,0.2063206793,0.6313185892,1.262637178,73.15633835,4.920968,-0.2897612282
71,0.6561995718,0.2322632687,0.6137195223,1.227439045,73.60254316,4.89113534,-0.2822988759
72,0.6762772792,0.2128162009,0.6419191717,1.283838343,72.098649,4.993158748,-0.3073790557
73,0.7221002366,0.2646608527,0.6718507161,1.343701432,68.00121389,5.294023142,-0.3745869497
74,0.7264966802,0.2283102401,0.6896896843,1.379379369,68.06110868,5.289364323,-0.3736174948
75,0.6537070598,0.2454286704,0.6058858702,1.21177174,73.68610662,4.885588566,-0.2808994393
76,0.6515120251,0.1916199502,0.6226955223,1.245391045,74.34809776,4.84208757,-0.2697922054
77,0.6355878068,0.2055848713,0.6014205857,1.202841171,75.63993119,4.759390898,-0.2480147915
78,0.6261496753,0.2063477545,0.5911717349,1.18234347,76.48757103,4.706647043,-0.2336562912
79,0.6680591794,0.2115374042,0.6336836702,1.26736734,72.78801991,4.945868845,-0.2959077846
80,0.7016466803,0.1903598472,0.6753304321,1.350660864,70.26205074,5.123676241,-0.3377187576
81,0.6721036734,0.2376405023,0.6286893823,1.257378765,72.21047093,4.985426565,-0.3055212961
82,0.6995875841,0.187510714,0.6739899999,1.34798,70.44333573,5.110490528,-0.3347389476
83,0.6528303253,0.2755240499,0.5918394474,1.183678895,73.42201341,4.903161644,-0.2853201525
84,0.6180268081,0.2067355681,0.5824238494,1.164847699,77.23427214,4.661143169,-0.220965161
85,0.6838618648,0.2611533893,0.6320331932,1.264066386,70.99671216,5.070657345,-0.3256224112
86,0.6408391215,0.2465211887,0.5915252177,1.183050435,74.80352382,4.812607503,-0.2621298274
87,0.6115552662,0.1736700092,0.5863774991,1.172754998,78.05970893,4.611854245,-0.2068922335
88,0.6889965143,0.1776855232,0.6656906575,1.331381315,71.3469379,5.045766652,-0.3198369086
89,0.6469502657,0.1683496554,0.6246623406,1.249324681,74.90018712,4.806396537,-0.2605013555
90,0.6502265467,0.2496174601,0.6004046017,1.200809203,73.94434739,4.8685263,-0.2765709195
91,0.5877784219,0.2069154005,0.5501540605,1.100308121,80.15395623,4.491356596,-0.1710013332
92,0.7044985196,0.2283893992,0.6664506332,1.332901266,69.71583803,5.163819445,-0.3466763817
93,0.6954492473,0.2568920303,0.6462632129,1.292526426,70.12307701,5.133830621,-0.340000803
94,0.6712569642,0.1762340979,0.6477093906,1.295418781,72.79302872,4.945528526,-0.2958242783
95,0.6283105365,0.2440034024,0.578996088,1.157992176,75.96141807,4.739248017,-0.2425752201
96,0.632728046,0.2938208338,0.5603696082,1.120739216,74.98147583,4.80118584,-0.2591313229
97,0.6252631077,0.1844966659,0.5974235801,1.19484716,76.72461687,4.692105542,-0.2296315942
98,0.667428088,0.2421060748,0.6219685693,1.243937139,72.55411808,4.961813464,-0.2998048429
99,0.6452585787,0.2058867437,0.611530279,1.223060558,74.78171939,4.814010736,-0.2624970604
100,0.6091865418,0.1863818034,0.5799741943,1.159948389,78.20517597,4.603275877,-0.2044076224
101,0.6679184539,0.2516831856,0.6186846007,1.237369201,72.41205455,4.971547931,-0.3021693408
102,0.6455037727,0.257404131,0.591961345,1.18392269,74.274681,4.846873728,-0.2710258329
103,0.6802217741,0.2460391342,0.6341659139,1.268331828,71.4583511,5.037899622,-0.3179939189
104,0.688167226,0.2628412673,0.6359941817,1.271988363,70.631647,5.096865432,-0.3316400975
105,0.634609624,0.2406239193,0.5872218527,1.174443705,75.42105952,4.773202634,-0.251713652
106,0.6472297039,0.1901303308,0.6186733766,1.237346753,74.72960904,4.817367636,-0.2633745554
107,0.707172069,0.2469724356,0.6626439098,1.32528782,69.32269693,5.193104365,-0.3531042529
108,0.6609057089,0.2647376177,0.6055661399,1.21113228,72.85680247,4.941199556,-0.2947608513
109,0.6713329976,0.242750614,0.6259074477,1.251814895,72.22231796,4.984608777,-0.3053244065
110,0.6963872665,0.2368864553,0.6548587881,1.309717576,70.26264203,5.123633123,-0.3377090439
111,0.613010937,0.1904869351,0.582663828,1.165327656,77.81822331,4.626165757,-0.211013912
112,0.6218523445,0.1525772467,0.6028436963,1.205687393,77.22371629,4.661780309,-0.2211448377
113,0.6538776965,0.2434942896,0.606849712,1.213699424,73.69123586,4.885248507,-0.2808135204
114,0.7094974921,0.2546846946,0.6622102367,1.324420473,69.06125837,5.2127634,-0.3573695978
115,0.6834409625,0.2479715713,0.6368686278,1.273737256,71.17712406,5.057804804,-0.3226436291
116,0.7090593059,0.2591899016,0.6599891622,1.319978324,69.043974,5.214068356,-0.3576513294
117,0.7006572131,0.2436694025,0.6569214204,1.313842841,69.85990308,5.153170619,-0.3443168104
118,0.704190915,0.204472908,0.6738513743,1.347702749,69.95323827,5.146294995,-0.3427869559
119,0.6641508987,0.2312942859,0.6225747903,1.245149581,72.93637709,4.935808637,-0.293433433
120,0.6342461422,0.2021746357,0.6011601996,1.202320399,75.78645259,4.75018935,-0.2455366013
121,0.6745107067,0.2231705296,0.6365214907,1.273042981,72.15105214,4.989532229,-0.3065085987
122,0.6953526821,0.2644766487,0.6430921044,1.286184209,70.04336277,5.139673279,-0.3413088644
123,0.6586229417,0.2285787661,0.6176859453,1.235371891,73.43033158,4.902606216,-0.285181005
124,0.6306358224,0.1795550545,0.604534137,1.209068274,76.27030258,4.720054698,-0.2373416853
125,0.6757950775,0.224925699,0.6372655779,1.274531156,72.02937488,4.99796091,-0.3085293581
126,0.6856837642,0.256008772,0.6360988391,1.272197678,70.9085861,5.07695922,-0.3270762893
127,0.6938739504,0.2607138067,0.6430313912,1.286062782,70.20350915,5.127948793,-0.3386802942
128,0.6613496823,0.1741274573,0.6380149143,1.276029829,73.63261682,4.889137661,-0.2817953016
129,0.6370112456,0.2312954645,0.5935366334,1.187073267,75.29350585,4.78128885,-0.2538675772
130,0.6211983716,0.1696645903,0.597579571,1.195159142,77.18899862,4.663877061,-0.2217357323
131,0.6533804622,0.2486201369,0.6042301349,1.20846027,73.68106577,4.885922811,-0.2809838753
132,0.7059008877,0.194836876,0.6784796644,1.356959329,69.89942175,5.150257198,-0.3436691722
133,0.6981646208,0.1867931917,0.672712525,1.34542505,70.55951925,5.102075578,-0.3328274568
134,0.6538102386,0.2125175879,0.6183074502,1.2366149,73.98535748,4.865827676,-0.2758830071
135,0.6919343333,0.2436639154,0.6476117803,1.295223561,70.5438973,5.103205434,-0.3330845543
136,0.6503569829,0.2160102934,0.6134360263,1.226872053,74.25368987,4.848243914,-0.2713784667
137,0.7011694573,0.2722753002,0.6461460893,1.292292179,69.49576136,5.180172042,-0.3502766737
138,0.6831757636,0.2552740051,0.633691018,1.267382036,71.11876193,5.061955386,-0.3236075982
139,0.6396692536,0.149942469,0.6218472562,1.243694512,75.64205941,4.75925699,-0.2479788073
140,0.7021939852,0.2862046146,0.641220174,1.282440348,69.23907699,5.19937607,-0.3544693081
141,0.6686324173,0.2358224572,0.6256653084,1.251330617,72.51684421,4.964363851,-0.3004254062
142,0.6594709936,0.2658624168,0.6035057305,1.207011461,72.96599133,4.933805372,-0.2929392806
143,0.6495095387,0.1944205196,0.6197284102,1.23945682,74.5002797,4.832196623,-0.267233672
144,0.6666174088,0.2492844509,0.6182524017,1.236504803,72.54683423,4.962311641,-0.2999261199
145,0.6400564597,0.1992063298,0.6082673013,1.216534603,75.2915106,4.781415556,-0.2539012599
146,0.6562327757,0.2556749381,0.6043771851,1.20875437,73.35919384,4.907360361,-0.2863708139
147,0.6776596945,0.2280447203,0.6381365584,1.276273117,71.84749189,5.010613322,-0.3115473891
148,0.6237627162,0.191630664,0.5935971822,1.187194364,76.81345305,4.686679035,-0.2281222674
149,0.6025515247,0.2094409383,0.5649803831,1.129960766,78.6830212,4.575319993,-0.196236727
150,0.6672824539,0.2311853903,0.6259546219,1.251909244,72.67474489,4.95357776,-0.2977956893
151,0.6690972994,0.2529345237,0.6194475949,1.23889519,72.29997891,4.979254564,-0.3040334115
152,0.6159520781,0.2081442023,0.5797179948,1.15943599,77.41744945,4.650114445,-0.2178460156
153,0.6910630299,0.1819121494,0.6666903938,1.333380788,71.15317328,5.059507305,-0.3230392654
154,0.6797637041,0.2302119019,0.6395945384,1.279189077,71.65535515,5.024048786,-0.3147321526
155,0.6692812067,0.2044086033,0.6373024843,1.274604969,72.74592872,4.948730552,-0.2966094354
156,0.6777171477,0.2018455845,0.6469612757,1.293922551,72.07291952,4.994941268,-0.3078063485
157,0.6932400829,0.27144417,0.6378870395,1.275774079,70.12621691,5.133600754,-0.3399492656
158,0.6939939581,0.2391500942,0.6514866433,1.302973287,70.42781745,5.111616589,-0.3349941557
159,0.6612184827,0.2088451102,0.6273703864,1.254740773,73.3846821,4.905655918,-0.2859445626
160,0.6809725621,0.2895052327,0.6163686807,1.232737361,70.87619474,5.079279458,-0.3276104782
161,0.6633751705,0.2126285753,0.6283754498,1.2567509,73.17085053,4.91999201,-0.2895187999
162,0.6276986384,0.2156144641,0.589504863,1.179009726,76.27250052,4.71991868,-0.23730442
163,0.6176015863,0.2398721363,0.5691160494,1.138232099,76.99608828,4.675562201,-0.2250175765
164,0.6565313989,0.2113262038,0.6215904708,1.243180942,73.76220267,4.880548397,-0.2796245394
165,0.6781094504,0.1986189268,0.6483694538,1.296738908,72.06681358,4.99536447,-0.3079077415
166,0.7033222417,0.2114171346,0.6707942836,1.341588567,69.96131567,5.145700828,-0.3426545166
167,0.6598705039,0.2067454328,0.6266461584,1.253292317,73.51613751,4.896884034,-0.2837452792
168,0.6807228829,0.2080636715,0.6481459341,1.296291868,71.77733839,5.015510578,-0.3127106267
169,0.6980923754,0.2428692356,0.6544826193,1.308965239,70.06799623,5.137866349,-0.3409047149
170,0.6425400278,0.1776095354,0.6175050933,1.235010187,75.22551903,4.785610052,-0.2550151181
171,0.6377900189,0.2190172389,0.5990054735,1.198010947,75.33312036,4.778774572,-0.2531987641
172,0.6950046418,0.2297794641,0.6559213749,1.31184275,70.44122467,5.110643684,-0.3347736667
173,0.5752895896,0.1507446214,0.5551884104,1.110376821,81.70354871,4.406173363,-0.1442949128
174,0.6463461571,0.1691504346,0.6238200745,1.247640149,74.94763065,4.80335398,-0.2597018101
175,0.6690287745,0.218723378,0.6322654387,1.264530877,72.64460892,4.955632707,-0.2982977563
176,0.6884526536,0.1656791935,0.6682196204,1.336439241,71.47040228,5.037050143,-0.3177944969
177,0.6840115099,0.1834081607,0.658963726,1.317927452,71.70467685,5.020593019,-0.3139149567
178,0.635357803,0.1742097854,0.6110077647,1.222015529,75.88191933,4.744213156,-0.2439210594
179,0.6874247952,0.2415649046,0.6435831306,1.287166261,70.9244712,5.075822123,-0.3268142786
180,0.6545033772,0.2374475,0.6099125802,1.21982516,73.69794459,4.884803803,-0.2807011405
181,0.6730083682,0.2114421736,0.6389307246,1.277861449,72.3788596,4.973828021,-0.3027215686
182,0.6577929473,0.2800215038,0.5952138431,1.190427686,72.93695244,4.935769702,-0.2934238334
183,0.6228195458,0.2214465896,0.5821216321,1.164243264,76.67236773,4.695303023,-0.2305190494
184,0.6898887243,0.2451745443,0.6448533901,1.28970678,70.6903444,5.092633273,-0.3306734393
185,0.6596986114,0.1837434989,0.6335933905,1.267186781,73.70611617,4.884262239,-0.2805642508
186,0.6912675575,0.1785621979,0.667807141,1.335614282,71.16074009,5.058969307,-0.3229142775
187,0.6115705686,0.1818367486,0.583912628,1.167825256,78.00900363,4.614851918,-0.2077579792
188,0.6595668872,0.2215663337,0.6212381495,1.242476299,73.41445591,4.90366639,-0.2854465705
189,0.6639152591,0.2112679041,0.6294039593,1.258807919,73.13701578,4.922268104,-0.2900839861
190,0.7011545892,0.2350880326,0.6605689782,1.321137956,69.90888599,5.149559958,-0.3435140466
191,0.6593300074,0.2192876831,0.6217949587,1.243589917,73.4549432,4.900963561,-0.2847692626
192,0.6984509667,0.2621991202,0.6473680362,1.294736072,69.8273903,5.15557002,-0.3448495121
193,0.6550023234,0.2438597482,0.6079148516,1.215829703,73.59054854,4.891932553,-0.2824997006
194,0.6276645908,0.2137931637,0.5901316138,1.180263228,76.29044579,4.718808447,-0.2370001509
195,0.6595566012,0.1996743304,0.628605657,1.257211314,73.59947958,4.891338934,-0.2823501704
196,0.6392451403,0.1606920323,0.6187183691,1.237436738,75.61959477,4.760670843,-0.2483586237
197,0.6828179741,0.2098400793,0.6497749818,1.299549964,71.5929329,5.02842928,-0.3157660729
198,0.6588007735,0.1711271184,0.6361870546,1.272374109,73.8673747,4.873599495,-0.2778616942
199,0.6687626924,0.2257351764,0.6295134382,1.259026876,72.60281906,4.958485148,-0.2989938415
200,0.6778627487,0.231783869,0.6370040378,1.274008076,71.79499717,5.014276958,-0.312417865
201,0.6865204025,0.1752768491,0.6637682496,1.327536499,71.56084221,5.030684225,-0.3162974558
202,0.6700347132,0.2841595791,0.6067947351,1.21358947,71.84751378,5.010611795,-0.311547026
203,0.5895586309,0.219990333,0.5469768118,1.093953624,79.88497758,4.506479327,-0.1756248476
204,0.6269716454,0.2536640194,0.5733655111,1.146731022,75.98707724,4.737647677,-0.2421407345
205,0.7122256989,0.2527877596,0.6658556862,1.331711372,68.87505459,5.226856111,-0.3604029628
206,0.6526303326,0.2398932424,0.6069411696,1.213882339,73.83538116,4.875711269,-0.2783980545
207,0.6692681884,0.2642808768,0.6148784645,1.229756929,72.15743249,4.989091041,-0.3064025986
208,0.7172085314,0.2337158208,0.6780597265,1.356119453,68.69826624,5.240306921,-0.3632794231
209,0.6445152598,0.2343787251,0.6003886519,1.200777304,74.59775295,4.825882627,-0.2655939276
210,0.6827526219,0.2402713946,0.6390780857,1.278156171,71.31326165,5.048149414,-0.3203937412
211,0.6765820594,0.2858689675,0.6132228115,1.226445623,71.28333525,5.050268745,-0.3208884777
212,0.7021443277,0.1954388371,0.6743962617,1.348792523,70.18427791,5.129353906,-0.3389960873
213,0.6698087662,0.1944961851,0.6409485294,1.281897059,72.78066291,4.946368797,-0.2960304358
214,0.6995630158,0.1656889043,0.6796584437,1.359316887,70.59678312,5.099382494,-0.3322140887
215,0.6567962912,0.2354891421,0.6131282346,1.226256469,73.52023306,4.896611246,-0.2836767356
216,0.6392020951,0.2756939399,0.5766907056,1.153381411,74.62473022,4.824138043,-0.2651399664
217,0.642677687,0.2376625527,0.5971190169,1.194238034,74.72845223,4.817442209,-0.2633940326
218,0.6716320355,0.2694058782,0.6152317156,1.230463431,71.89992679,5.006959201,-0.3106776441
219,0.6718290149,0.2022615443,0.6406594204,1.281318841,72.5524761,4.961925758,-0.2998321825
220,0.6602522833,0.2101780845,0.6259059437,1.251811887,73.45529881,4.900939834,-0.284763313
221,0.7068931664,0.2032112866,0.6770547406,1.354109481,69.75601374,5.160845362,-0.3460185829
222,0.6982034579,0.2616606749,0.6473189012,1.294637802,69.8529454,5.153683899,-0.3444308169
223,0.6362108799,0.190777562,0.606933444,1.213866888,75.69478007,4.755942215,-0.2470872939
224,0.6737194465,0.2621998272,0.6206038536,1.241207707,71.81218773,5.013076629,-0.3121328372
225,0.6964794181,0.2391525074,0.6541327526,1.308265505,70.2324728,5.125834043,-0.3382046149
226,0.6915495997,0.253020583,0.6436003679,1.287200736,70.47389941,5.10827417,-0.3342362367
227,0.6513676953,0.2494968434,0.6016902855,1.203380571,73.84631568,4.874989316,-0.2782147509
228,0.6748617362,0.2027801038,0.6436758443,1.287351689,72.29877227,4.979337666,-0.3040534744
229,0.6968310558,0.290482227,0.6333984498,1.2667969,69.598828,5.172500893,-0.3485912196
230,0.6480695847,0.1721917735,0.6247753034,1.249550607,74.77895105,4.814188952,-0.2625436824
231,0.639595936,0.2119572498,0.6034542946,1.206908589,75.23164791,4.785220184,-0.2549116843
232,0.6692092782,0.2203830813,0.6318800167,1.263760033,72.61470924,4.957673228,-0.2987958053
233,0.62258698,0.2097689323,0.5861838814,1.172367763,76.78829373,4.688214603,-0.2285497801
234,0.6658079942,0.2131326848,0.6307731318,1.261546264,72.9623284,4.934053064,-0.2930004056
235,0.6546338601,0.1878540536,0.6271015431,1.254203086,74.10752855,4.857806042,-0.2738328454
236,0.6254440482,0.2610254324,0.5683713408,1.136742682,76.05037194,4.733704659,-0.2410687606
237,0.6576179501,0.2196496193,0.6198511217,1.239702243,73.5975108,4.89146978,-0.2823831337
238,0.6651979727,0.2315273524,0.623605186,1.247210372,72.84610131,4.941925423,-0.2949393187
239,0.6812499042,0.2023107974,0.6505165434,1.301033087,71.78231834,5.015162624,-0.312628068
240,0.6121590828,0.2116364443,0.5744116626,1.148823325,77.74792865,4.630348438,-0.2122130008
241,0.6682309055,0.2159273064,0.6323827492,1.264765498,72.73574809,4.949423213,-0.2967791201
242,0.6340651312,0.2130358371,0.5972054276,1.194410855,75.71686225,4.754555185,-0.246713819
243,0.6406043293,0.2672792981,0.5821818303,1.164363661,74.59869065,4.825821966,-0.2655781494
244,0.6572378962,0.2247660218,0.6176098183,1.235219637,73.58384862,4.892377971,-0.2826118712
245,0.6399788907,0.2391767217,0.5936054888,1.187210978,74.95346301,4.802980217,-0.2596035075
246,0.6534092235,0.2278380073,0.6123997516,1.224799503,73.88415274,4.87249277,-0.2775803817
247,0.714271145,0.1745890896,0.6926051678,1.385210336,69.41086609,5.186507823,-0.3516641193
248,0.6408179337,0.2094658383,0.605616782,1.211233564,75.14370271,4.790820615,-0.2563956091
249,0.6918747528,0.1679392702,0.6711833394,1.342366679,71.1846076,5.057273084,-0.322519999
250,0.6197468392,0.2668344108,0.5593617272,1.118723454,76.51982892,4.704662897,-0.2331088321
251,0.6781938601,0.2404732698,0.6341289446,1.268257889,71.6813661,5.022225713,-0.3143012142
252,0.6891398879,0.2661982207,0.6356510776,1.271302155,70.51458369,5.105326886,-0.3335669146
253,0.6608942591,0.236276366,0.6172152789,1.234430558,73.16317477,4.920508181,-0.289647027
254,0.6537702592,0.2163906523,0.6169202845,1.233840569,73.95568441,4.86777998,-0.276380764
255,0.6796490224,0.1916254811,0.6520755084,1.304151017,71.9959772,5.000279377,-0.3090837684
256,0.7037124742,0.2577707296,0.6548018763,1.309603753,69.47000006,5.182092985,-0.3506977726
257,0.6781275616,0.1446736955,0.6625152916,1.325030583,72.42398754,4.970728791,-0.3019708001
258,0.651701618,0.2083676366,0.6174932606,1.234986521,74.20154476,4.851651016,-0.2722543045
259,0.6512037851,0.2382813846,0.6060431927,1.212086385,73.97499425,4.866509334,-0.2760568555
260,0.6955596294,0.2112770248,0.6626954179,1.325390836,70.56683118,5.101546916,-0.3327071126
261,0.6756241619,0.226803487,0.636418248,1.272836496,72.02580256,4.998208797,-0.3085886646
262,0.7258207171,0.2843016886,0.667823527,1.335647054,67.48578368,5.334456834,-0.382912655
263,0.6498273202,0.21668743,0.6126353759,1.225270752,74.29380219,4.845626275,-0.2707045808
264,0.6836401897,0.2815842398,0.6229560376,1.245912075,70.76492756,5.087265859,-0.3294446657
265,0.66126141,0.1907282071,0.6331582767,1.266316553,73.52357744,4.896388513,-0.2836207625
266,0.6844886657,0.2319474908,0.6439915333,1.287983067,71.25645703,5.052173726,-0.3213327477
267,0.6623122595,0.3019451417,0.5894799916,1.178959983,72.25321837,4.982477018,-0.3048108014
268,0.6517492426,0.2082008264,0.6175997823,1.235199565,74.19880158,4.851830385,-0.2723003732
269,0.662334677,0.2064922808,0.6293235752,1.25864715,73.3099314,4.910657985,-0.2871944908
270,0.7444378577,0.2777677709,0.6906756036,1.381351207,66.23032155,5.435576811,-0.4030610332
271,0.6949664935,0.2550033073,0.6464918718,1.292983744,70.18218991,5.129506509,-0.3390303716
272,0.6702827636,0.1978284748,0.6404239828,1.280847966,72.7155679,4.950796788,-0.297115444
273,0.6359930922,0.2301255193,0.5928991977,1.185798395,75.39560738,4.774813978,-0.2521435476
274,0.6618903232,0.2537795721,0.6113057571,1.222611514,72.89686683,4.938483856,-0.2940925914
275,0.6747046624,0.2059847979,0.6424925248,1.28498505,72.28536334,4.980261333,-0.3042764159
276,0.6557040905,0.2250551403,0.6158717709,1.231743542,73.71248392,4.883840306,-0.2804575747
277,0.6666801201,0.2482044002,0.6187543602,1.23750872,72.55308745,4.961883948,-0.2998220034
278,0.7261390407,0.25277866,0.6807208351,1.36144167,67.83746609,5.306801989,-0.3772352732
279,0.6375148199,0.2198088406,0.598422275,1.19684455,75.3508929,4.777647432,-0.2528986703
280,0.6889033606,0.2171963345,0.6537687608,1.307537522,71.04097117,5.067498291,-0.3248919482
281,0.730206723,0.2250356843,0.6946659622,1.389331924,67.82022934,5.308150732,-0.3775138674
282,0.6025268282,0.1623390951,0.5802452903,1.160490581,78.97618425,4.558336205,-0.1912170053
283,0.6580586588,0.220675221,0.6199545509,1.239909102,73.55079701,4.894576465,-0.2831651675
284,0.6886075752,0.1934508924,0.6608760435,1.321752087,71.26218995,5.051767287,-0.3212379942
285,0.6515179785,0.2432758491,0.604394356,1.208788712,73.89770649,4.871599094,-0.2773531124
286,0.6699741042,0.208647851,0.6366564023,1.273312805,72.65334028,4.955037148,-0.2981522999
287,0.6858293739,0.2392745195,0.6427360534,1.285472107,71.07573183,5.065019954,-0.3243181125
288,0.6676508086,0.1846582379,0.6416065284,1.283213057,73.03277044,4.92929404,-0.2918246965
289,0.7932028133,0.2710571397,0.7454520307,1.490904061,63.04004744,5.710655601,-0.4533676113
290,0.6645517046,0.2169521405,0.6281406982,1.256281396,73.03445081,4.929180626,-0.2917966448
291,0.7030690659,0.2757463004,0.6467380376,1.293476075,69.30587866,5.194364561,-0.3533788636
292,0.6516088467,0.1901083585,0.6232598985,1.246519797,74.3508218,4.841910167,-0.2697464247
293,0.6735497114,0.244754474,0.6275065427,1.255013085,72.01817301,4.998738304,-0.3087153238
294,0.6600338355,0.2042361436,0.6276402326,1.255280465,73.52273287,4.896444759,-0.2836348977
295,0.716169682,0.2429231029,0.6737116441,1.347423288,68.68303596,5.241468945,-0.3635270682
296,0.7137463984,0.2487915788,0.668981817,1.337963634,68.8035009,5.232291893,-0.3615676023
297,0.6637996649,0.2291908271,0.622977977,1.245955954,72.98599575,4.932453087,-0.2926054363
298,0.7046872715,0.2895987774,0.6424303065,1.284860613,69.00168984,5.217263531,-0.358340415
299,0.7086491457,0.2754797707,0.6529123277,1.305824655,68.88123452,5.226387165,-0.3603023491
300,0.623478351,0.216608653,0.5846417241,1.169283448,76.65157818,4.69657649,-0.2308721081
301,0.7192748081,0.1874730595,0.6944134947,1.388826989,68.94278751,5.221720981,-0.359299994
302,0.6890911697,0.229550948,0.6497330239,1.299466048,70.91130743,5.076764384,-0.3270314052
303,0.6739148661,0.2060930432,0.6416283226,1.283256645,72.34932596,4.975858382,-0.3032128017
304,0.6885852938,0.2345025091,0.6474243431,1.294848686,70.90324573,5.077341612,-0.3271643683
305,0.6583714903,0.2709610221,0.6000276191,1.200055238,72.99946152,4.931543226,-0.2923806923
306,0.6744785906,0.2112145555,0.6405542762,1.281108552,72.25987218,4.982018223,-0.3047001947
307,0.6495706289,0.1871227271,0.6220346348,1.24406927,74.54820596,4.829090054,-0.2664275284
308,0.6797936799,0.1183825883,0.669406461,1.338812922,72.41779398,4.971153914,-0.30207385
309,0.7169098466,0.2383346453,0.6761333633,1.352266727,68.67452769,5.242118324,-0.3636654018
310,0.6653637299,0.2717120548,0.6073561165,1.214712233,72.396213,4.972635793,-0.3024328918
311,0.6219627297,0.2249687876,0.5798505684,1.159701137,76.72182797,4.692276104,-0.2296789686
312,0.6323429092,0.2086930209,0.5969127054,1.193825411,75.90691224,4.742651089,-0.2434980034
313,0.7049082618,0.2731216581,0.6498463029,1.299692606,69.19674825,5.20255661,-0.3551600167
314,0.6776953056,0.2328442623,0.6364389026,1.272877805,71.79833754,5.014043672,-0.3123624823
315,0.6416433062,0.2110797677,0.6059302469,1.211860494,75.05757186,4.796318227,-0.2578483345
316,0.6233471648,0.09949602719,0.6153553677,1.230710735,77.31015806,4.656567896,-0.2196732469
317,0.6594165555,0.2260219924,0.6194709458,1.238941892,73.38658986,4.90552839,-0.285912656
318,0.6825357487,0.2407613928,0.6386618823,1.277323765,71.3257667,5.047264357,-0.3201869847
319,0.6411079685,0.2197590724,0.6022668656,1.204533731,75.03173607,4.797969751,-0.2582839802
320,0.7041069038,0.1888142116,0.6783183069,1.356636614,70.08366647,5.136717557,-0.3406475879
321,0.6491042023,0.2131955488,0.6130937313,1.226187463,74.38635336,4.839597369,-0.2691492179
322,0.6763610399,0.2523237572,0.6275324516,1.255064903,71.70594728,5.020504068,-0.3138939042
323,0.6166022179,0.1815714517,0.589262338,1.178524676,77.54060123,4.642729026,-0.2157477317
324,0.7303025358,0.1934737385,0.7042085673,1.408417135,68.08236785,5.287712684,-0.3732732964
325,0.6623676007,0.2531657752,0.6120767343,1.224153469,72.86311185,4.940771686,-0.2946556226
326,0.6852998911,0.2316538898,0.644959236,1.289918472,71.19411644,5.056597624,-0.3223629026
327,0.6180130762,0.2409312419,0.5691153654,1.138230731,76.94748691,4.678515367,-0.2258439955
328,0.6873631096,0.2151502619,0.6528234136,1.305646827,71.18200445,5.05745803,-0.3225630044
329,0.6682199533,0.2433576307,0.6223302737,1.244660547,72.47505479,4.967226324,-0.3011209965
330,0.6334788989,0.2262388603,0.5917022,1.1834044,75.65704494,4.758314316,-0.2477254214
331,0.6453416755,0.182924302,0.6188736364,1.237747273,74.94480193,4.803535279,-0.2597494863
332,0.6214045749,0.140050023,0.6054169116,1.210833823,77.32638692,4.655590599,-0.2193969097
333,0.6720350303,0.2664917935,0.6169385755,1.233877151,71.90130283,5.006863378,-0.310654816
334,0.6576245125,0.2363539658,0.6136829819,1.227365964,73.44089497,4.901901048,-0.2850042902
335,0.6996722593,0.2588142889,0.6500434095,1.300086819,69.77113665,5.159726748,-0.3457709308
336,0.720414396,0.2950848839,0.6572075876,1.314415175,67.74057744,5.314392254,-0.3788008217
337,0.6587284433,0.2364751829,0.614819201,1.229638402,73.34544657,4.908280157,-0.2866006921
338,0.712647095,0.2459760145,0.6688510165,1.337702033,68.91657277,5.223707238,-0.3597269368
339,0.7044886406,0.2462754687,0.6600398763,1.320079753,69.53615053,5.177163206,-0.3496163222
340,0.6288778793,0.1997687126,0.5963051639,1.192610328,76.2887673,4.718912269,-0.2370286113
341,0.632298148,0.2654832425,0.5738637433,1.147727487,75.37002487,4.776434672,-0.252575595
342,0.6756234474,0.2652755329,0.6213661838,1.242732368,71.61942732,5.026569096,-0.3153272828
343,0.6717084702,0.1428574606,0.6563413859,1.312682772,72.9578119,4.934358509,-0.2930757728
344,0.6605630965,0.1400611804,0.6455435463,1.291087093,73.89860441,4.871539901,-0.2773380555
345,0.6912638179,0.2316629826,0.6512894352,1.30257887,70.71823316,5.09062492,-0.3302140315
346,0.6147553498,0.1590578255,0.5938221521,1.187644304,77.84284676,4.624702397,-0.2105938092
347,0.6795266071,0.229232602,0.6396943207,1.279388641,71.68403654,5.022038621,-0.3142569678
348,0.6764109398,0.2011864728,0.6457985465,1.291597093,72.18483788,4.987196904,-0.3059472553
349,0.6563922017,0.1993925768,0.6253745459,1.250749092,73.87077308,4.873375287,-0.2778047164
350,0.6451588813,0.2023981218,0.6125887547,1.225177509,74.81800521,4.811675999,-0.2618859091
351,0.68277851,0.2430171104,0.6380667502,1.2761335,71.28285625,5.050302681,-0.3208963957
352,0.67121023,0.2558436768,0.6205378199,1.24107564,72.09206425,4.993614814,-0.3074884154
353,0.6195879042,0.2277963316,0.5761926781,1.152385356,76.91840196,4.680284442,-0.2263384793
354,0.6835657777,0.2322603372,0.6428975877,1.285795175,71.32772315,5.047125915,-0.3201546357
355,0.5599673669,0.2094988732,0.5193011401,1.03860228,83.02159959,4.336220957,-0.1214951607
356,0.6811396741,0.2308774037,0.6408173532,1.281634706,71.5372558,5.032342881,-0.3166879548
357,0.6518218928,0.242514418,0.6050277159,1.210055432,73.87906564,4.872828275,-0.2776656781
358,0.6378126583,0.1769695409,0.6127697518,1.225539504,75.64628581,4.758991088,-0.247907346
359,0.648015595,0.1700816401,0.6252970871,1.250594174,74.79703455,4.813025037,-0.2622391246
360,0.6719357306,0.2375861111,0.6285304017,1.257060803,72.22491181,4.984429762,-0.3052812968
361,0.6889892993,0.1935503017,0.6612446864,1.322489373,71.23104988,5.053975768,-0.3217526373
362,0.6293564839,0.1622009692,0.6080957404,1.216191481,76.49120628,4.706423359,-0.2335945998
363,0.6500740521,0.1799126663,0.6246820837,1.249364167,74.55481272,4.82866212,-0.2663163849
364,0.6417183785,0.2737472684,0.5804006464,1.160801293,74.42274101,4.837231135,-0.2685375148
365,0.6987345621,0.2368426346,0.6573701808,1.314740362,70.07955799,5.137018701,-0.3407150048
366,0.6790160837,0.1840221544,0.6536043823,1.307208765,72.10362151,4.992814403,-0.3072964695
367,0.6961566071,0.2663405157,0.6431926238,1.286385248,69.95823863,5.145927156,-0.3427049693
368,0.6659636827,0.2122183567,0.6312455907,1.262491181,72.95713797,4.93440409,-0.2930870188
369,0.630312566,0.2338493752,0.5853276011,1.170655202,75.87516029,4.744635776,-0.2440354621
370,0.6798604608,0.1754266457,0.6568376802,1.31367536,72.0954617,4.993379493,-0.307431991
371,0.6529993755,0.2305060325,0.6109624811,1.221924962,73.89455284,4.871807003,-0.2774059941
372,0.6628261631,0.1886687893,0.6354074365,1.270814873,73.40701124,4.904163702,-0.2855710961
373,0.6674131038,0.2049923381,0.6351522593,1.270304519,72.89654695,4.938505527,-0.2940979275
374,0.6759145899,0.2308188713,0.63528197,1.27056394,71.96371312,5.002521193,-0.3096192607
375,0.6381218407,0.1512720567,0.6199324547,1.239864909,75.77112617,4.751150183,-0.2457959003
376,0.7063254774,0.2815586192,0.6477811545,1.295562309,68.98182499,5.218765958,-0.358664076
377,0.6978402675,0.2036458791,0.6674649016,1.334929803,70.45277455,5.109805856,-0.3345837082
378,0.6819916144,0.2382390514,0.6390263817,1.278052763,71.3954557,5.04233773,-0.3190344787
379,0.6756927258,0.2328804639,0.6342927945,1.268585589,71.96189823,5.002647357,-0.3096493798
380,0.6649962576,0.2775213035,0.6043194095,1.208638819,72.35533655,4.975445035,-0.303112834
381,0.6539893061,0.2639012304,0.5983796062,1.196759212,73.46005262,4.900622681,-0.2846837775
382,0.6918745366,0.2337398582,0.6511958638,1.302391728,70.64947804,5.095579047,-0.3313464837
383,0.6815424377,0.2181067374,0.6457008173,1.291401635,71.62364996,5.02627275,-0.3152573429
384,0.6715560142,0.2313205794,0.6304587772,1.260917554,72.31794767,4.978017375,-0.3037346287
385,0.6250053881,0.230649246,0.5808895424,1.161779085,76.39070419,4.712615282,-0.2352998033
386,0.7095984755,0.1608885858,0.6911185567,1.382237113,69.854938,5.153536891,-0.3443981673
387,0.666197958,0.2744061789,0.607059279,1.214118558,72.29294288,4.979739179,-0.304150398
388,0.6570072307,0.197044997,0.62676293,1.25352586,73.8365055,4.875637025,-0.2783792068
389,0.7011127434,0.1855227044,0.6761215905,1.352243181,70.33963148,5.118025108,-0.3364439629
390,0.7326689207,0.2249539909,0.6972800365,1.394560073,67.64175814,5.322156164,-0.3803964503
391,0.6620658285,0.1946973375,0.6327907301,1.26558146,73.42594343,4.902899209,-0.2852544113
392,0.650731181,0.2144467012,0.6143807307,1.228761461,74.23464307,4.849487855,-0.2716984061
393,0.6579140588,0.1920680229,0.6292541485,1.258508297,73.79700422,4.878246804,-0.2790413158
394,0.6349947262,0.2804310311,0.5697163672,1.139432734,74.94716103,4.803384078,-0.2597097252
395,0.6575810505,0.2731092445,0.5981840674,1.196368135,73.0412125,4.928724314,-0.291683765
396,0.6657648057,0.2053104291,0.6333169856,1.266633971,73.03158207,4.929374249,-0.2918445345
397,0.658604046,0.2188658276,0.62117392,1.24234784,73.52042212,4.896598654,-0.2836735714
398,0.6933240059,0.2247917279,0.6558710667,1.311742133,70.62102484,5.097632055,-0.3318149914
399,0.6796720916,0.1993553082,0.6497781261,1.299556252,71.93395062,5.004590974,-0.3101131469
400,0.6973742228,0.1798658976,0.6737796862,1.347559372,70.67148499,5.093992295,-0.3309840634
401,0.6473193967,0.1599246726,0.6272531391,1.254506278,74.91903032,4.80518766,-0.2601838204
402,0.6090589652,0.1922636454,0.5779165284,1.155833057,78.17912431,4.604809828,-0.2048526881
403,0.6709363711,0.2112645456,0.6368068042,1.273613608,72.55147417,4.961994282,-0.2998488649
404,0.6890073437,0.2638135721,0.6365009968,1.273001994,70.55326489,5.102527864,-0.3329303905
405,0.6926368388,0.2023532663,0.662419011,1.324838022,70.87199661,5.079580331,-0.3276797049
406,0.7026868193,0.2716009764,0.6480753626,1.296150725,69.38658027,5.18832314,-0.3520608812
407,0.6197565605,0.2197891079,0.5794747124,1.158949425,76.97034792,4.677125799,-0.2254552864
408,0.650264078,0.1981034531,0.6193532053,1.238706411,74.40713618,4.83824561,-0.2687998567
409,0.6554530351,0.2333996047,0.6124894331,1.224978866,73.65569475,4.887605789,-0.281408816
410,0.6521872541,0.2350049435,0.6083756167,1.216751233,73.92176972,4.870013277,-0.2769495822
411,0.7055273101,0.2070890918,0.6744500673,1.348900135,69.828477,5.155489787,-0.344831709
412,0.6434678333,0.1897116836,0.614866107,1.229732214,75.06105281,4.796095798,-0.2577896343
413,0.6728111982,0.2362496685,0.6299690489,1.259938098,72.16587399,4.988507449,-0.3062623496
414,0.6278669513,0.1834144439,0.60047985,1.2009597,76.49508769,4.706184552,-0.2335287302
415,0.642049314,0.2547805568,0.5893336826,1.178667365,74.60923751,4.825139782,-0.2654006778
416,0.701904454,0.1991702899,0.6730535329,1.346107066,70.17320035,5.130163626,-0.3391779727
417,0.6881941263,0.2394558795,0.6451914733,1.290382947,70.88465161,5.078673476,-0.32747102
418,0.6905346314,0.2243887662,0.6530603025,1.306120605,70.84551874,5.081478778,-0.3281162814
419,0.6360706909,0.1785406336,0.6104991122,1.220998224,75.79065972,4.749925668,-0.2454654203
420,0.6536906695,0.2503904144,0.6038345235,1.207669047,73.63551822,4.888945019,-0.2817467144
421,0.737899223,0.2253911985,0.7026336677,1.405267335,67.25995147,5.352367823,-0.3865507825
422,0.6852272974,0.2702105659,0.6297004837,1.259400967,70.77959052,5.086211963,-0.3292030247
423,0.6632960548,0.2364898121,0.61970495,1.2394099,72.95783099,4.934357219,-0.2930754544
424,0.6563614304,0.2379249997,0.6117205423,1.223441085,73.5335494,4.895724509,-0.2834538616
425,0.7496741315,0.2892738348,0.6916154653,1.383230931,65.71824209,5.477931067,-0.411224161
426,0.6392996086,0.2442388851,0.5908056843,1.181611369,74.9639864,4.802305978,-0.2594261324
427,0.6566412654,0.2370470767,0.6123613597,1.224722719,73.51823296,4.896744461,-0.2837102098
428,0.758958857,0.2806522991,0.7051615656,1.410323131,65.18740277,5.522539397,-0.4196516591
429,0.7029141059,0.2744575701,0.6471176729,1.294235346,69.33387693,5.192266983,-0.3529216876
430,0.6409171772,0.2217072655,0.6013490804,1.202698161,75.03166708,4.797974162,-0.2582851434
431,0.6241254556,0.1631221134,0.60243154,1.20486308,76.95934652,4.677794398,-0.2256423494
432,0.6697935294,0.2051125243,0.6376144795,1.275228959,72.69765922,4.952016391,-0.29741388
433,0.7187345725,0.2537166019,0.6724635839,1.344927168,68.37553413,5.265041137,-0.3685215429
434,0.6562621108,0.2097394712,0.6218434789,1.243686958,73.79849382,4.878148338,-0.2790163499
435,0.6223590442,0.1798317556,0.5958114798,1.19162296,77.02037381,4.674087935,-0.2246045638
436,0.6798679108,0.2457933454,0.6338816984,1.267763397,71.48971548,5.035689366,-0.3174748742
437,0.65167065,0.2283424398,0.6103559341,1.220711868,74.0296794,4.862914481,-0.2751393822
438,0.6297785701,0.2346994216,0.5844118657,1.168823731,75.91596163,4.742085752,-0.2433448124
439,0.6263637453,0.2586562851,0.5704633797,1.140926759,75.99063466,4.737425889,-0.242080493
440,0.6461021049,0.2540162943,0.5940737767,1.188147553,74.2587738,4.847911992,-0.2712930643
441,0.7044427697,0.1882658806,0.6788192499,1.3576385,70.06191424,5.138312362,-0.3410045052
442,0.6746552764,0.2404699361,0.6303443121,1.260688624,71.97135563,5.001989984,-0.3094924255
443,0.6628769965,0.2240296371,0.6238722899,1.24774458,73.11185419,4.923962112,-0.2905042278
444,0.7112068165,0.2605704743,0.6617538544,1.323507709,68.86492213,5.227625167,-0.3605679175
445,0.6884946402,0.2533624226,0.6401814995,1.280362999,70.71303591,5.090999069,-0.330299651
446,0.7054360873,0.2247585516,0.6686730642,1.337346128,69.67811528,5.166615064,-0.3472938627
447,0.6604849162,0.2066947497,0.6273098158,1.254619632,73.4645139,4.900325081,-0.2846091346
448,0.6962192812,0.2275031735,0.6579996912,1.315999382,70.36769402,5.115984047,-0.3359826915
449,0.6409229132,0.225128534,0.6000827642,1.200165528,75.00084731,4.799945773,-0.2588047606
450,0.6700030023,0.2137485997,0.6349925662,1.269985132,72.60744291,4.958169377,-0.2989168307
451,0.7182143477,0.2775393423,0.6624226466,1.324845293,68.13428626,5.28368344,-0.372432491
452,0.6976652596,0.1702023671,0.6765855221,1.353171044,70.71509292,5.090850978,-0.330265764
453,0.6985637208,0.2776423864,0.6410194828,1.282038966,69.63155167,5.170070053,-0.3480558516
454,0.6667977333,0.2180686511,0.6301311614,1.260262323,72.83643032,4.942581596,-0.2951005967
455,0.6761112677,0.2715555872,0.6191801106,1.238360221,71.50402126,5.034681878,-0.3172380983
456,0.711169207,0.3023093425,0.6437163214,1.287432643,68.3310648,5.268467586,-0.369242943
457,0.6509834194,0.2241293015,0.6111836619,1.222367324,74.12782321,4.856476076,-0.2734921584
458,0.6696378005,0.2336802643,0.627541487,1.255082974,72.45419395,4.968656476,-0.301468168
459,0.6824581701,0.2118773405,0.6487350357,1.297470071,71.60447463,5.027618761,-0.3155749316
460,0.6808484116,0.2560592868,0.6308630606,1.261726121,71.29843594,5.04919912,-0.3206388474
461,0.6395567896,0.1861105725,0.6118788621,1.223757724,75.43066208,4.772594991,-0.2515514486
462,0.6887542346,0.2211618587,0.6522804825,1.304560965,71.01694713,5.069212555,-0.3252884717
463,0.6200727307,0.2156154196,0.5813778308,1.162755662,76.97487638,4.676850642,-0.2253782841
464,0.7031960499,0.2531971626,0.6560303967,1.312060793,69.56094386,5.17531793,-0.3492108722
465,0.6698399734,0.1918998843,0.6417632152,1.28352643,72.79782557,4.945202651,-0.2957443035
466,0.7166452346,0.2537420958,0.6702203676,1.340440735,68.53156489,5.253053839,-0.3659885937
467,0.719505757,0.2944982915,0.6564748972,1.312949794,67.81600602,5.308481303,-0.377582123
468,0.6449084078,0.2364144174,0.6000125646,1.200025129,74.54357843,4.829389836,-0.2665053741
469,0.6756692946,0.21947801,0.6390292628,1.278058526,72.08959461,4.993785885,-0.3075294302
470,0.6552648674,0.2268635891,0.6147397485,1.229479497,73.7335291,4.88244635,-0.2801049894
471,0.6753269145,0.2713368398,0.618419567,1.236839134,71.57117296,5.029958084,-0.316126402
472,0.6432379862,0.2515336375,0.5920185268,1.184037054,74.53830563,4.829731464,-0.2665940722
473,0.6726661145,0.2605189747,0.6201689813,1.240337963,71.91859634,5.005659431,-0.3103679069
474,0.663426647,0.1978909053,0.6332251618,1.266450324,73.28686337,4.912203681,-0.2875801194
475,0.5865793259,0.1980724754,0.5521255292,1.104251058,80.33037586,4.481492787,-0.1679667765
476,0.6867214644,0.2504131895,0.6394369431,1.278873886,70.88708145,5.078499391,-0.3274309494
477,0.6261570365,0.2629715067,0.5682592904,1.136518581,75.96301523,4.739148373,-0.242548177
478,0.6660568569,0.2546655662,0.6154487679,1.230897536,72.53544582,4.963090748,-0.3001157286
479,0.6446697876,0.2264548538,0.6035870561,1.207174112,74.65793461,4.82199249,-0.2645811371
480,0.6604677077,0.2083471626,0.6267448067,1.253489613,73.45233174,4.901137806,-0.2848129537
481,0.6886349215,0.2010592385,0.6586298184,1.317259637,71.19983039,5.05619182,-0.3222684976
482,0.697471444,0.2735103915,0.6416061728,1.283212346,69.76844225,5.159926012,-0.3458150561
483,0.6953756567,0.2195025971,0.6598226381,1.319645276,70.50834497,5.105778616,-0.3336695626
484,0.639091811,0.174519368,0.6148018649,1.22960373,75.54894779,4.76512262,-0.2495528242
485,0.6837800297,0.23580304,0.6418349128,1.283669826,71.27549549,5.050824236,-0.3210180684
486,0.6839867503,0.2759431701,0.6258540098,1.25170802,70.80878164,5.084115157,-0.3287218997
487,0.6744354479,0.2380980891,0.6310090913,1.262018183,72.01347923,4.999064118,-0.3087932432
488,0.6257976259,0.2159835895,0.5873446668,1.174689334,76.44341017,4.709366042,-0.2344056391
489,0.6934509639,0.1987974259,0.6643446567,1.328689313,70.83654707,5.082122363,-0.3282641936
490,0.6655309965,0.2329533367,0.6234294268,1.246858854,72.80437277,4.944757936,-0.2956351432
491,0.7091500093,0.2673955291,0.6568054253,1.313610851,68.9414979,5.221818657,-0.3593209989
492,0.6555588525,0.2324805342,0.6129520457,1.225904091,73.65543118,4.887623278,-0.2814132303
493,0.6371172752,0.2364368971,0.5916215142,1.183243028,75.23573866,4.784959999,-0.2548426452
494,0.6116924705,0.217286947,0.5717989691,1.143597938,77.74828212,4.630327387,-0.212206972
495,0.6605595627,0.2642731468,0.6053913112,1.210782622,72.89167861,4.938835363,-0.2941791374
496,0.6804174248,0.2280241391,0.6410716528,1.282143306,71.62320131,5.026304234,-0.3152647739
497,0.6701533702,0.1804126283,0.6454121343,1.290824269,72.8553383,4.941298859,-0.2947852705
498,0.667811003,0.2393286081,0.6234527673,1.246905535,72.55036621,4.96207006,-0.2998673126
499,0.647499229,0.2632576587,0.5915662742,1.183132548,74.0334455,4.862667104,-0.2750761877
500,0.6996128672,0.23553993,0.658770905,1.31754181,70.0241831,5.141081039,-0.3416234924
501,0.6196489754,0.1630000225,0.5978259323,1.195651865,77.36943188,4.653000433,-0.2186638759
502,0.6816543724,0.2842630084,0.6195540537,1.239108107,70.89068113,5.078241516,-0.3273715859
503,0.6600545607,0.1891481225,0.6323725253,1.264745051,73.6371397,4.888837365,-0.2817195607
504,0.6645800514,0.2702903019,0.6071324381,1.214264876,72.4795281,4.966919756,-0.3010465453
505,0.7013216847,0.1980840577,0.6727665357,1.345533071,70.22705171,5.126229726,-0.3382936538
506,0.6889780483,0.1523103848,0.6719317657,1.343863531,71.51031267,5.034238931,-0.3171339624
507,0.6452023192,0.1982730466,0.6139819474,1.227963895,74.8459967,4.809876492,-0.261414385
508,0.7148096251,0.2146886985,0.6818075703,1.363615141,69.05631591,5.213136485,-0.3574501622
509,0.6379048554,0.1355482084,0.6233372183,1.246674437,75.86964551,4.744980652,-0.2441288019
510,0.6217113119,0.1868032666,0.5929835537,1.185967107,77.03450438,4.67323056,-0.2243642333
511,0.7027989399,0.2582895615,0.6536152173,1.307230435,69.53464492,5.177275305,-0.3496409416
512,0.7115721913,0.2207850641,0.6764532053,1.352906411,69.24631223,5.19883281,-0.3543512261
513,0.624914714,0.2420237735,0.576144854,1.152289708,76.29348347,4.718620564,-0.2369486435
514,0.6965980031,0.2020239323,0.6666596648,1.33331933,70.56324144,5.101806445,-0.3327661954
515,0.6592699809,0.1941835892,0.6300235244,1.260047049,73.66606421,4.886917794,-0.281235144
516,0.6846018528,0.2555643443,0.635111457,1.270222914,71.0005416,5.070383858,-0.3255592168
517,0.6336820136,0.257358746,0.5790676733,1.158135347,75.33357841,4.778745516,-0.2531910302
518,0.6654834059,0.2301954439,0.6244022911,1.248804582,72.83489423,4.942685835,-0.2951262123
519,0.6595836731,0.2348750837,0.6163475618,1.232695124,73.2882749,4.912109072,-0.2875565241
520,0.6165716997,0.2050813161,0.5814656607,1.162931321,77.38238722,4.652221428,-0.2184432289
521,0.6218702007,0.1670889445,0.5990023632,1.198004726,77.14247839,4.666689579,-0.2225273787
522,0.6712104766,0.2668466996,0.6158866314,1.231773263,71.96552307,5.002395378,-0.3095892232
523,0.6581203977,0.2673825664,0.6013559853,1.202711971,73.06367391,4.927209114,-0.2913087644
524,0.6850001547,0.2043698989,0.6538028421,1.307605684,71.46329429,5.037551145,-0.317912121
525,0.6357516075,0.1538235313,0.6168617573,1.233723515,75.96684534,4.738909433,-0.2424833244
526,0.6280494251,0.1959986365,0.5966830104,1.193366021,76.39153954,4.712563749,-0.2352856331
527,0.6308588063,0.2459380596,0.5809451818,1.161890364,75.70909787,4.75504279,-0.2468451417
528,0.6411793621,0.2051537057,0.6074725767,1.214945153,75.14625138,4.790658129,-0.2563526131
529,0.6902255981,0.2510053687,0.6429678694,1.285935739,70.60105866,5.09907368,-0.3321437039
530,0.6624782385,0.1889945373,0.634947621,1.269895242,73.43387498,4.90236965,-0.2851217285
531,0.6868259826,0.2448755758,0.6416898649,1.28337973,70.93788837,5.074862084,-0.3265929547
532,0.6755218093,0.2268587708,0.6362898812,1.272579762,72.03367702,4.997662411,-0.3084579338
533,0.6482272818,0.2422586619,0.6012564757,1.202512951,74.19469091,4.852099194,-0.272369406
534,0.6636831181,0.257316639,0.611770732,1.223541464,72.70598343,4.951449427,-0.2972751662
535,0.66608138,0.2658324382,0.6107352287,1.221470457,72.40615619,4.971952924,-0.3022674727
536,0.6645913724,0.2724600496,0.6061742436,1.212348487,72.45223823,4.968790596,-0.3015007135
537,0.6237720175,0.2077937429,0.5881439366,1.176287873,76.69444643,4.693951345,-0.2301440644
538,0.6625856884,0.2417887375,0.6168938328,1.233787666,72.96463635,4.933896995,-0.292961892
539,0.6456712113,0.1865431305,0.6181366949,1.23627339,74.89090821,4.806992045,-0.2606577082
540,0.6310218989,0.1974841804,0.5993234814,1.198646963,76.11161508,4.729895689,-0.2400312526
541,0.659064047,0.2102225314,0.6246374191,1.249274838,73.55572395,4.894248614,-0.2830826947
542,0.6809803603,0.2293206056,0.6412069174,1.282413835,71.56516281,5.030380508,-0.3162259177
543,0.7001110338,0.2433305397,0.6564645521,1.312929104,69.90588484,5.149781035,-0.3435632385
544,0.6486174012,0.1701954067,0.6258898119,1.251779624,74.7442583,4.816423471,-0.263127896
545,0.7350957759,0.3184865664,0.6625195142,1.325039028,66.33335812,5.42713365,-0.4014146015
546,0.6134839093,0.2129082029,0.5753543292,1.150708658,77.61304741,4.638395373,-0.2145129135
547,0.6734029977,0.1057200031,0.665052538,1.330105076,72.98860547,4.932276726,-0.2925618813
548,0.6673126863,0.2172649976,0.6309533597,1.261906719,72.80053614,4.945018527,-0.2956991111
549,0.6450404998,0.1349680534,0.630762135,1.26152427,75.24902862,4.784114913,-0.2546183432
550,0.721453862,0.2267307811,0.6849005971,1.369801194,68.44887913,5.25939949,-0.3673312248
551,0.6864267146,0.308328974,0.6132820544,1.226564109,70.16804023,5.130540896,-0.3392626939
552,0.6569172589,0.2534733444,0.6060458305,1.212091661,73.32447742,4.909683815,-0.2869513008
553,0.6365689219,0.2601761526,0.5809719115,1.161943823,75.04150299,4.797345278,-0.2581192955
554,0.6952184406,0.2481374371,0.6494278193,1.298855639,70.23747593,5.125468921,-0.3381224381
555,0.6920491339,0.2333804778,0.651510212,1.303020424,70.6392046,5.096320125,-0.3315156546
556,0.6935144191,0.2195354404,0.6578498612,1.315699722,70.65451092,5.095216078,-0.3312636043
557,0.682386349,0.2262999531,0.6437697264,1.287539453,71.48008908,5.036367534,-0.3176341902
558,0.61842887,0.1935386118,0.5873645146,1.174729029,77.29202064,4.65766061,-0.2199820612
559,0.685851504,0.1795806528,0.661923768,1.323847536,71.58444905,5.029025225,-0.3159065648
560,0.6877113931,0.151810707,0.6707462035,1.341492407,71.61389139,5.026957662,-0.3154189723
561,0.6492519863,0.2479900361,0.6000242359,1.200048472,74.04642545,4.861814704,-0.2748583773
562,0.6877683768,0.2440706208,0.6430045662,1.286009132,70.87096004,5.079654626,-0.3276967975
563,0.6431581329,0.1939919651,0.6132042901,1.22640858,75.05713493,4.796346148,-0.2578557025
564,0.6748413627,0.2079724675,0.6419955744,1.283991149,72.25757244,4.982176786,-0.304738424
565,0.6365546947,0.1925743699,0.6067264551,1.21345291,75.65130735,4.758675198,-0.2478224385
566,0.6816076302,0.2499401008,0.6341284629,1.268256926,71.3041897,5.048791684,-0.3205437259
567,0.6458749342,0.1177073629,0.6350585858,1.270117172,75.25358943,4.783824967,-0.2545413648
568,0.7041876602,0.2150421058,0.6705498889,1.341099778,69.86279513,5.152957297,-0.3442694205
569,0.6751294728,0.1817014442,0.6502187249,1.30043745,72.43697381,4.969837654,-0.3017547199
570,0.6833753876,0.2398500038,0.6399014737,1.279802947,71.2672924,5.051405601,-0.3211536584
571,0.6516818423,0.2519901787,0.6009909928,1.201981986,73.79250997,4.878543908,-0.2791166387
572,0.6723521907,0.1539417413,0.6544917178,1.308983436,72.84327407,4.942117232,-0.2949864678
573,0.702383464,0.2521039915,0.655580741,1.311161482,69.63576856,5.169756972,-0.3479868539
574,0.6400218766,0.2084043005,0.6051410167,1.210282033,75.22276112,4.785785507,-0.2550616609
575,0.6808285753,0.258275083,0.6299377195,1.259875439,71.27508189,5.050853545,-0.321024905
576,0.6766816528,0.1739625059,0.6539381514,1.307876303,72.36365459,4.974873119,-0.3029744836
577,0.649903128,0.2674756696,0.5923097517,1.184619503,73.77393949,4.879771943,-0.2794278589
578,0.6673909546,0.171062392,0.6450956087,1.290191217,73.14752608,4.921560841,-0.2899084297
579,0.6336841157,0.1907998291,0.6042772408,1.208554482,75.92037216,4.741810264,-0.2432701474
580,0.6539647806,0.257246803,0.6012437248,1.20248745,73.53737842,4.895469593,-0.2833897728
581,0.700670679,0.2405653887,0.6580787902,1.31615758,69.89103526,5.150875197,-0.343806625
582,0.6646184844,0.2411885495,0.6193107567,1.238621513,72.79923795,4.945106709,-0.2957207555
583,0.6916209059,0.2175004734,0.6565310514,1.313062103,70.82248278,5.083131597,-0.3284960495
584,0.6429288203,0.1898890754,0.6142471872,1.228494374,75.10706243,4.793157772,-0.2570136732
585,0.6344025003,0.192212446,0.6045832515,1.209166503,75.84601644,4.746458903,-0.2445287081
586,0.6792489339,0.198280717,0.6496644298,1.29932886,71.97684187,5.001608721,-0.3094013724
587,0.6589733142,0.2380730598,0.614464846,1.228929692,73.30876534,4.910736095,-0.287213985
588,0.712095611,0.2378240762,0.6712077681,1.342415536,69.04259558,5.214172454,-0.357673796
589,0.6770661653,0.1919061894,0.6493000899,1.29860018,72.20390872,4.985879662,-0.3056303499
590,0.6665504745,0.2519685367,0.6170910724,1.234182145,72.52352581,4.963906484,-0.3003141752
591,0.6627452874,0.1789374255,0.6381322071,1.276264414,73.48283692,4.899103179,-0.2843025485
592,0.7157514059,0.2464806263,0.6719727494,1.343945499,68.67714443,5.241918589,-0.3636228578
593,0.6796444349,0.2678608147,0.624633606,1.249267212,71.25970435,5.051943497,-0.3212790765
594,0.7142482974,0.2372034093,0.6737100065,1.347420013,68.88611639,5.226016778,-0.360222866
595,0.6760305826,0.2223585205,0.6384152543,1.276830509,72.03380378,4.997653617,-0.3084558293
596,0.653820407,0.2153807645,0.617326697,1.234653394,73.96008248,4.867490515,-0.2763069923
597,0.6693945117,0.2220290236,0.631499901,1.262999802,72.5843919,4.959743969,-0.2993007283
598,0.6607848668,0.2357822486,0.6172871062,1.234574212,73.1773181,4.919557171,-0.2894107521
599,0.6504560929,0.2581164127,0.5970502879,1.194100576,73.83239587,4.875908411,-0.2784480974
600,0.6474947172,0.2957456619,0.5760068682,1.152013736,73.62550962,4.889609619,-0.2819143166
601,0.6570639634,0.2551085202,0.6055185339,1.211037068,73.29402896,4.911723439,-0.2874603371
602,0.6080539279,0.1869307541,0.578607356,1.157214712,78.30894888,4.59717574,-0.2026343506
603,0.6775490854,0.2388476575,0.6340540668,1.268108134,71.75056337,5.017382207,-0.3131544684
604,0.6995217306,0.2400575536,0.6570411117,1.314082223,69.98558315,5.143916558,-0.3422565793
605,0.6450749939,0.2036957192,0.6120700954,1.224140191,74.81517096,4.811858282,-0.2619336493
606,0.6803867507,0.2675703549,0.6255655327,1.251131065,71.20277001,5.055983074,-0.3222199283
607,0.7018803754,0.2761683455,0.6452651442,1.290530288,69.3924661,5.187883069,-0.351964729
608,0.6637690314,0.2289573093,0.6230312012,1.246062402,72.99078513,4.932129437,-0.2925255033
609,0.676372887,0.2685240151,0.6207859015,1.241571803,71.51924018,5.033610524,-0.3169861872
610,0.6713894322,0.226778666,0.631929748,1.263859496,72.37497315,4.97409511,-0.3027862165
611,0.6624104921,0.2766625936,0.6018683156,1.203736631,72.58495618,4.959705412,-0.2992913312
612,0.6900995703,0.2020042281,0.6598724943,1.319744989,71.07571151,5.065021402,-0.324318448
613,0.6734335919,0.266233619,0.6185729244,1.237145849,71.78860133,5.014723693,-0.3125239038
614,0.6968209119,0.2589255564,0.646928852,1.293857704,69.99245059,5.143411853,-0.3421439562
615,0.6607615387,0.2328205402,0.6183853225,1.236770645,73.20812873,4.917486709,-0.2888959761
616,0.7362314548,0.2789068168,0.6813572797,1.362714559,66.79952744,5.389259682,-0.3939494904
617,0.6705864072,0.2475738495,0.6232120975,1.246424195,72.23379314,4.983816914,-0.3051336844
618,0.6504215415,0.2800128398,0.5870613181,1.174122636,73.57605405,4.892896264,-0.2827423636
619,0.6664330509,0.2217008009,0.6284757483,1.256951497,72.83434326,4.942723225,-0.2951354003
620,0.673023697,0.3001662996,0.6023795227,1.204759045,71.37968585,5.043451729,-0.3192953195
621,0.6982022909,0.1927649336,0.6710649144,1.342129829,70.5113892,5.105558182,-0.3336194753
622,0.6525120147,0.2382689192,0.6074535796,1.214907159,73.8617444,4.873970997,-0.2779560904
623,0.658504914,0.2190024235,0.6210206601,1.24204132,73.52765294,4.896117115,-0.2835525518
624,0.6553089264,0.2336833954,0.6122269675,1.224453935,73.66534002,4.886965836,-0.2812472733
625,0.6695693502,0.2180923498,0.6330551649,1.26611033,72.60530331,4.958315489,-0.2989524663
626,0.6430569562,0.2440866356,0.594931898,1.189863796,74.63127205,4.823715181,-0.2650298744
627,0.675792959,0.180713563,0.6511825639,1.302365128,72.38970024,4.973083171,-0.3025412359
628,0.6497734889,0.2443814414,0.6020658585,1.204131717,74.03817285,4.862356622,-0.2749968619
629,0.7040619234,0.239439945,0.6620964466,1.324192893,69.6401708,5.16943017,-0.3479148213
630,0.7109183981,0.242923528,0.668126581,1.336253162,69.07962792,5.21137723,-0.3570701424
631,0.6630119907,0.1925014833,0.6344510058,1.268902012,73.36294758,4.907109268,-0.2863080422
632,0.6125946048,0.195096261,0.5806975106,1.161395021,77.82631044,4.625685041,-0.2108759411
633,0.640713295,0.1645293397,0.6192282477,1.238456495,75.46789716,4.770240242,-0.2509224181
634,0.6393051797,0.1905196516,0.6102568108,1.220513622,75.42188431,4.773150437,-0.2516997203
635,0.6836891568,0.247182199,0.6374416238,1.274883248,71.16552936,5.05862885,-0.3228351658
636,0.6783736622,0.258667155,0.6271221002,1.2542442,71.4705322,5.037040986,-0.3177923468
637,0.6545700409,0.1923994132,0.62565518,1.25131036,74.07972625,4.859629189,-0.2742995076
638,0.651944631,0.2404716902,0.6059745607,1.211949121,73.88898303,4.872174243,-0.277499389
639,0.6524348621,0.2586456449,0.5989771946,1.197954389,73.65435876,4.887694443,-0.281431191
640,0.6764258276,0.2250209935,0.6379008173,1.275801635,71.97681972,5.00161026,-0.3094017402
641,0.6877702934,0.2551425097,0.6386941961,1.277388392,70.75112115,5.088258591,-0.3296721715
642,0.6479280772,0.2218991443,0.6087458936,1.217491787,74.41345727,4.837834623,-0.2686935917
643,0.6692939484,0.1892754923,0.641972879,1.283945758,72.86268623,4.940800547,-0.2946627213
644,0.6953005891,0.2265685929,0.6573504255,1.314700851,70.44867386,5.110103289,-0.334651153
645,0.7355998471,0.2176333304,0.7026683916,1.405336783,67.49635607,5.333621264,-0.382742189
646,0.65906407,0.1807479194,0.6337946339,1.267589268,73.78073751,4.879322329,-0.2793139352
647,0.6521975534,0.2201175162,0.6139299046,1.227859809,74.05865045,4.861012155,-0.2746532223
648,0.65577603,0.2136295574,0.6200037207,1.240007441,73.80728911,4.877567031,-0.2788689363
649,0.6588099377,0.2550537192,0.6074357039,1.214871408,73.14513394,4.921721796,-0.289948387
650,0.6410691149,0.2369999815,0.5956514239,1.191302848,74.87754004,4.807850255,-0.2608829541
651,0.7403505609,0.1708832558,0.7203595393,1.440719079,67.51790742,5.331918802,-0.3823946612
652,0.650695579,0.1447444061,0.6343924601,1.26878492,74.71221844,4.818488964,-0.2636673502
653,0.7024361948,0.1966830484,0.6743384804,1.348676961,70.15188975,5.131722057,-0.3395278416
654,0.6440294244,0.2470719441,0.594751506,1.189503012,74.51478726,4.831255825,-0.2669896673
655,0.734261208,0.2583000688,0.6873285939,1.374657188,67.18489921,5.358346954,-0.3877585379
656,0.6551528657,0.264375469,0.599442148,1.198884296,73.35403047,4.907705789,-0.2864571564
657,0.6583573112,0.170741683,0.6358314454,1.271662891,73.90740073,4.8709601,-0.27719055
658,0.584328621,0.2019103042,0.5483358153,1.096671631,80.53253003,4.470243266,-0.1644876097
659,0.6133784579,0.1994634223,0.580040926,1.160081852,77.72227856,4.631876557,-0.2126504615
660,0.6381193847,0.1833720911,0.6112045691,1.222409138,75.57663654,4.763376838,-0.2490848249
661,0.685084968,0.184931189,0.6596528395,1.319305679,71.60749846,5.027406455,-0.3155248521
662,0.6050269588,0.2320545153,0.5587560495,1.117512099,78.26610117,4.599692519,-0.2033666133
663,0.6301359502,0.1828214148,0.603032044,1.206064088,76.29390624,4.718594417,-0.236941475
664,0.6506006471,0.1953714409,0.620573285,1.24114657,74.39879855,4.838787817,-0.2689400174
665,0.6847410759,0.2795011452,0.6250995527,1.250199105,70.70297271,5.091723675,-0.3304654246
666,0.6822478935,0.2352445958,0.6404078141,1.280815628,71.40472985,5.041682823,-0.3188810686
667,0.6575702582,0.1220221182,0.6461495548,1.29229911,74.23639677,4.849373295,-0.2716689495
668,0.6528523071,0.2030051017,0.6204877626,1.240975525,74.14565776,4.855307929,-0.273192741
669,0.6389631014,0.2354909494,0.5939847285,1.187969457,75.07957766,4.794912428,-0.257477229
670,0.682711208,0.289606738,0.6182414826,1.236482965,70.73389398,5.089497831,-0.3299560185
671,0.6918486413,0.2193202862,0.6561654933,1.312330987,70.78804375,5.085604587,-0.3290637082
672,0.6848001809,0.2157860652,0.6499135803,1.299827161,71.38169293,5.043309919,-0.3192621227
673,0.6040281289,0.1766969926,0.5776055344,1.155211069,78.75409393,4.571190932,-0.1950202419
674,0.6762331793,0.2994701829,0.6063076136,1.212615227,71.12488686,5.061519475,-0.3235064482
675,0.6679834434,0.2152541412,0.6323508009,1.264701602,72.76225317,4.947620288,-0.2963373294
676,0.6885142022,0.2219527032,0.6517582406,1.303516481,71.02881296,5.06836571,-0.32509263
677,0.6524386155,0.2200680748,0.6142037036,1.228407407,74.03827295,4.862350047,-0.2749951821
678,0.6506862411,0.2339042865,0.6071913777,1.214382755,74.06251417,4.860758563,-0.2745883803
679,0.6360305571,0.2314287736,0.5924319306,1.184863861,75.3802661,4.775785741,-0.2524026432
680,0.7161248628,0.271861613,0.6625149677,1.325029935,68.36064172,5.26618813,-0.3687631586
681,0.6418960008,0.1746027524,0.6176927672,1.235385534,75.30157846,4.780776278,-0.2537312969
682,0.6840354773,0.1652237788,0.6637813172,1.327562634,71.82615063,5.012102094,-0.3119013049
683,0.6742365334,0.2329757863,0.6327062399,1.26541248,72.08062048,4.994407617,-0.3076784641
684,0.6666684903,0.2516489821,0.6173489012,1.234697802,72.51709481,4.964346695,-0.3004212344
685,0.6857400535,0.2647905823,0.6325546368,1.265109274,70.80318364,5.084517129,-0.328814172
686,0.6369813232,0.2351869388,0.5919732341,1.183946468,75.2598067,4.783429772,-0.2544364257
687,0.6742586146,0.2552324893,0.6240841736,1.248168347,71.84672068,5.010667106,-0.3115601793
688,0.6278276239,0.1784016358,0.6019471586,1.203894317,76.53125113,4.703960731,-0.2329149645
689,0.5915340972,0.2225462712,0.54807458,1.09614916,79.66857549,4.518720183,-0.179341811
690,0.7323238304,0.2542405029,0.6867750427,1.373550085,67.37004693,5.343621037,-0.3847779057
691,0.6660612102,0.2749176417,0.6066776953,1.213355391,72.29811559,4.979382894,-0.3040643931
692,0.6719274256,0.2287125347,0.6318045915,1.263609183,72.31218996,4.978413739,-0.3038303707
693,0.680425979,0.2150160208,0.6455599304,1.291119861,71.74153337,5.018013737,-0.3133041406
694,0.6247707987,0.2224618787,0.5838229727,1.167645945,76.48375753,4.706881718,-0.2337210064
695,0.6537912334,0.2080038482,0.6198204385,1.239640877,74.02457502,4.863249805,-0.2752250309
696,0.6465016167,0.2170315929,0.6089840951,1.21796819,74.58057285,4.826994299,-0.2658829958
697,0.6635334854,0.2595379043,0.6106691105,1.221338221,72.69363365,4.952290619,-0.2974809593
698,0.7002869234,0.1920975663,0.6734243091,1.346848618,70.35424318,5.116962158,-0.3362037966
699,0.7023785078,0.2717814633,0.647665349,1.295330698,69.40820388,5.186706756,-0.3517076154
700,0.6845737706,0.2876348953,0.6212144673,1.242428935,70.61008529,5.098421826,-0.3319950992
701,0.681660635,0.273764749,0.6242708414,1.248541683,71.02400104,5.068709094,-0.3251720508
702,0.6817738606,0.2492729433,0.6345696154,1.269139231,71.29792356,5.049235406,-0.3206473179
703,0.6068628892,0.2078477744,0.5701595119,1.140319024,78.27993891,4.598879419,-0.2031301402
704,0.6618800117,0.2270783544,0.6217077858,1.243415572,73.16786825,4.920192546,-0.2895686209
705,0.657831679,0.2090290406,0.6237382288,1.247476458,73.67049691,4.886623752,-0.2811609004
706,0.690340822,0.2522526802,0.642603327,1.285206654,70.57826029,5.100720796,-0.3325189945
707,0.649892154,0.2449078193,0.6019800428,1.203960086,74.02244566,4.863389703,-0.2752607598
708,0.6833862139,0.2951830385,0.6163470541,1.232694108,70.60275767,5.098950974,-0.3321157339
709,0.6328578365,0.2728273418,0.5710291436,1.142058287,75.23408565,4.785065132,-0.2548705429
710,0.6603844253,0.1748603361,0.6368135143,1.273627029,73.7090941,4.884064909,-0.2805143631
711,0.6111115879,0.1992054586,0.5777322548,1.15546451,77.93771272,4.619073199,-0.2089749298
712,0.6787265075,0.1982884575,0.6491158291,1.298231658,72.01923092,4.998664876,-0.3086977617
713,0.6667812772,0.2437414207,0.6206346682,1.241269336,72.59141291,4.959264265,-0.2991838038
714,0.6381055578,0.2136499888,0.6012756316,1.202551263,75.35020596,4.777690988,-0.2529102698
715,0.6317637225,0.2696402844,0.5713313558,1.142662712,75.37138571,4.776348433,-0.2525526139
716,0.6606496219,0.2287224632,0.6197934799,1.23958696,73.25667481,4.914227965,-0.2880847116
717,0.6294341699,0.1964789239,0.5979827813,1.195965563,76.26248351,4.720538638,-0.2374742523
718,0.717298096,0.2461827401,0.6737288899,1.34745778,68.56424734,5.250549871,-0.3654576936
719,0.6540041485,0.2154864731,0.6174844177,1.234968835,73.94337509,4.868590317,-0.2765872274
720,0.6453994633,0.1334772132,0.6314461979,1.262892396,75.22500804,4.785642559,-0.2550237416
721,0.6483723563,0.2012721662,0.6163409994,1.232681999,74.54660501,4.829193764,-0.2664544603
722,0.6526802158,0.2560419498,0.6003615444,1.200723089,73.6618984,4.887194164,-0.2813049158
723,0.6510181695,0.2530837551,0.5998110285,1.199622057,73.83846278,4.875507783,-0.278346396
724,0.6724498574,0.2186683377,0.63590327,1.27180654,72.36166229,4.97501009,-0.3030076213
725,0.702301168,0.2474317429,0.6572704643,1.314540929,69.69270017,5.165533823,-0.3470551414
726,0.6211271559,0.208335359,0.5851455562,1.170291112,76.93425153,4.679320236,-0.2260690222
727,0.7234338651,0.2149070073,0.6907760386,1.381552077,68.41011269,5.262379871,-0.3679604417
728,0.6826255804,0.2229808362,0.6451799979,1.290359996,71.49173636,5.03554702,-0.3174414276
729,0.7332358649,0.2204583785,0.6993088995,1.398617799,67.6419979,5.322137299,-0.3803925803
730,0.7380991449,0.2721493835,0.6860940611,1.372188122,66.74851419,5.39337848,-0.3947676825
731,0.6575048268,0.2633992987,0.6024395461,1.204879092,73.1629311,4.920524569,-0.2896510976
732,0.6565305195,0.2617319067,0.6021035891,1.204207178,73.26573253,4.913620427,-0.287933323
733,0.6715061026,0.2262348516,0.6322485569,1.264497114,72.37041384,4.974408476,-0.3028620552
734,0.7064369927,0.3202053825,0.6296997202,1.25939944,68.42065333,5.261569168,-0.3677893736
735,0.6695783025,0.2495907785,0.621320808,1.242641616,72.29612182,4.979520214,-0.304097543
736,0.6412275391,0.2507143918,0.5901822182,1.180364436,74.72554863,4.8176294,-0.2634429201
737,0.6666166454,0.2399357286,0.6219393846,1.243878769,72.64415462,4.955663699,-0.2983053245
738,0.6626875361,0.1508629082,0.6452868769,1.290573754,73.66240668,4.887160442,-0.2812964028
739,0.6798558592,0.1964500641,0.6508543321,1.301708664,71.94200426,5.004030729,-0.3099795112
740,0.6925763246,0.2717416804,0.6370387936,1.274077587,70.175012,5.130031186,-0.3391482277
741,0.6375849203,0.16418566,0.6160824617,1.232164923,75.74567396,4.752746674,-0.2462264728
742,0.6430824624,0.250839417,0.5921441043,1.184288209,74.55941128,4.828364304,-0.2662390225
743,0.6598296872,0.2118791545,0.6248859416,1.249771883,73.47677416,4.899507417,-0.2844039956
744,0.6606955878,0.2478544052,0.6124433473,1.224886695,73.06196816,4.927324148,-0.2913372441
745,0.6898416916,0.2109550101,0.656794902,1.313589804,71.02114248,5.068913107,-0.3252192303
746,0.6250006459,0.2487945088,0.5733472768,1.146694554,76.21901957,4.723230528,-0.2382110725
747,0.6289373997,0.2293960122,0.5856105552,1.17122111,76.04116884,4.734277569,-0.2412246448
748,0.6781155561,0.2584816948,0.6269193894,1.253838779,71.49371969,5.035407327,-0.3174086022
749,0.681874927,0.2262529064,0.6432441515,1.286488303,71.52187678,5.033424963,-0.3169425425
750,0.665049436,0.2032815911,0.6332198252,1.26643965,73.10796428,4.924224105,-0.2905691909
751,0.6695303183,0.1956265101,0.6403132949,1.28062659,72.79503771,4.945392039,-0.2957907839
752,0.6837587493,0.2262257126,0.6452503036,1.290500607,71.37006968,5.044131267,-0.3194543634
753,0.6804416841,0.2613907102,0.6282322677,1.256464535,71.27087514,5.051151671,-0.3210944396
754,0.6074631683,0.24584142,0.5554939217,1.110987843,77.90750232,4.620864349,-0.20949053
755,0.7136130847,0.2449192063,0.6702672729,1.340534546,68.85470054,5.228401215,-0.3607343116
756,0.6547754358,0.151767463,0.6369438818,1.273887764,74.32551188,4.843558973,-0.270171765
757,0.6445084513,0.2142702455,0.6078481765,1.215696353,74.77871987,4.814203835,-0.2625475757
758,0.6751418545,0.253698786,0.6256624087,1.251324817,71.79097669,5.014557771,-0.3124845224
759,0.6707837209,0.210054898,0.6370461051,1.27409221,72.57439835,4.96042693,-0.2994671485
760,0.6556974945,0.2204844535,0.6175158379,1.235031676,73.7542973,4.881071519,-0.2797570075
761,0.6585321039,0.2751211037,0.5983083738,1.196616748,72.93492619,4.935906825,-0.2934576412
762,0.6711413914,0.247941962,0.6236630106,1.247326021,72.18380425,4.987268318,-0.3059644303
763,0.7002456469,0.1836901096,0.6757232493,1.351446499,70.42033971,5.112159377,-0.3351171229
764,0.6251760478,0.2245395665,0.5834612874,1.166922575,76.4286741,4.710274046,-0.2346556586
765,0.6893490416,0.1746647954,0.6668540398,1.33370808,71.33975095,5.046274976,-0.3199557532
766,0.6478039419,0.2680294265,0.5897543333,1.179508667,73.95148054,4.868056696,-0.2764512767
767,0.6723676776,0.2733078213,0.6143135426,1.228627085,71.79139176,5.014528778,-0.3124776408
768,0.6546358839,0.1722107917,0.6315786441,1.263157288,74.21433031,4.85081518,-0.2720395771
769,0.6701850735,0.2187113384,0.6334930017,1.266986003,72.54867688,4.962185604,-0.2998954401
770,0.6525709838,0.2340319298,0.6091616737,1.218323347,73.8979678,4.871581868,-0.2773487306
771,0.6645089058,0.2070858648,0.6314170813,1.262834163,73.12219073,4.923266062,-0.2903315967
772,0.6593402319,0.2085713217,0.6254818504,1.250963701,73.54604404,4.89489278,-0.2832447262
773,0.6577753592,0.2131355503,0.622287442,1.244574884,73.64074234,4.888598194,-0.2816592289
774,0.6602604061,0.2370680698,0.6162325325,1.232465065,73.20918329,4.917415874,-0.2888783554
775,0.6242653867,0.1469980208,0.6067115088,1.213423018,77.03256043,4.673348491,-0.2243972966
776,0.7069062861,0.2487335064,0.6617009446,1.323401889,69.32420884,5.192991107,-0.3530795648
777,0.620965015,0.2040394381,0.586485684,1.172971368,76.98176108,4.676432377,-0.2252612134
778,0.6564767378,0.208022237,0.6226463332,1.245292666,73.79438046,4.87842025,-0.2790852898
779,0.7211820407,0.2237253268,0.6856023002,1.3712046,68.49727934,5.255683196,-0.3665454067
780,0.6776789381,0.2288066204,0.6378842165,1.275768433,71.83866702,5.01122884,-0.3116937429
781,0.6431822419,0.2255111398,0.6023521579,1.204704316,74.79752533,4.812993457,-0.2622308586
782,0.6608752868,0.2354185875,0.6175226582,1.235045316,73.17321336,4.91983314,-0.2894793267
783,0.7051731906,0.1992247507,0.6764456574,1.352891315,69.92052437,5.148702806,-0.3433232722
784,0.6693621864,0.2127627423,0.6346477386,1.269295477,72.66914595,4.953959418,-0.2978889741
785,0.6485464043,0.2301743743,0.6063268063,1.212653613,74.28409202,4.84625968,-0.2708677237
786,0.6949863069,0.2416022103,0.6516397308,1.303279462,70.32454029,5.119123403,-0.3366919874
787,0.6671158445,0.217621531,0.6306222476,1.261244495,72.81381776,4.94411653,-0.2954776614
788,0.6729479833,0.1961564733,0.6437248062,1.287449612,72.50863571,4.964925853,-0.3005620503
789,0.6568452688,0.2213350803,0.6184306666,1.236861333,73.64846927,4.8880853,-0.2815298258
790,0.6676646509,0.2285883024,0.6273144938,1.254628988,72.66758675,4.954065713,-0.2979149517
791,0.5994533509,0.2142791809,0.5598470797,1.119694159,78.9486231,4.559927531,-0.1916891398
792,0.6586020649,0.2356053666,0.615017716,1.230035432,73.36476225,4.906987891,-0.2862776959
793,0.6930551718,0.2781919612,0.6347713792,1.269542758,70.0568025,5.138687282,-0.341088373
794,0.696003747,0.2295550932,0.6570583498,1.3141167,70.36493064,5.116184962,-0.3360281174
795,0.6630080985,0.2523315675,0.6131137894,1.226227579,72.81796854,4.943834704,-0.2954084504
796,0.6417631922,0.2021586838,0.6090910125,1.218182025,75.11815031,4.792450274,-0.2568266491
797,0.7195392021,0.2182627508,0.6856369557,1.371273911,68.669686,5.24248793,-0.363744118
798,0.6578075988,0.2152577878,0.6215906385,1.243181277,73.61978703,4.889989696,-0.2820101421
799,0.662115278,0.2665325357,0.606099867,1.212199734,72.73296208,4.949612799,-0.2968255541
800,0.6707119308,0.1931392679,0.6423018896,1.284603779,72.71628621,4.950747883,-0.2971034732
801,0.6661174753,0.1588637738,0.6468962762,1.293792552,73.32971955,4.909332835,-0.2868636549
802,0.6353715338,0.1470063899,0.6181311408,1.236262282,76.03669439,4.734556162,-0.2413004318
803,0.6264041945,0.2402456767,0.5785017111,1.157003422,76.17304921,4.726080993,-0.2389902334
804,0.5962021421,0.2045229545,0.5600244239,1.120048848,79.33563697,4.537683364,-0.1850554117
805,0.6217514355,0.1876149862,0.5927693181,1.185538636,77.02539743,4.67378309,-0.2245191245
806,0.6654856051,0.1925664519,0.6370158964,1.274031793,73.15511484,4.921050302,-0.2897816664
807,0.6708831501,0.2912882488,0.6043470503,1.208694101,71.68158352,5.022210481,-0.3142976119
808,0.6246514007,0.2184378498,0.5852130195,1.170426039,76.52850053,4.704129802,-0.2329616509
809,0.6766737502,0.3015434525,0.6057713352,1.21154267,71.05890978,5.066219016,-0.324595829
810,0.6748786648,0.2153833788,0.6395867512,1.279173502,72.19087466,4.986779862,-0.3058469441
811,0.6815867957,0.2807776597,0.6210671992,1.242134398,70.94146529,5.074606206,-0.3265339483
812,0.6461702757,0.2460123115,0.5975064583,1.195012917,74.33692907,4.842815065,-0.2699799024
813,0.6324549355,0.2094944242,0.5967506444,1.193501289,75.89044113,4.743680425,-0.2437768158
814,0.7024680668,0.246196743,0.6579122652,1.31582453,69.69293365,5.165516519,-0.3470513199
815,0.6482666014,0.2057726825,0.6147415633,1.229483127,74.52019657,4.830905131,-0.266898683
816,0.7347101316,0.1870478466,0.7105012882,1.421002576,67.81045493,5.308915865,-0.3776718342
817,0.7176502682,0.2798845878,0.6608226123,1.321645225,68.14682152,5.282711533,-0.3722294399
818,0.6618272604,0.1933226829,0.6329626078,1.265925216,73.45646534,4.900862005,-0.2847437961
819,0.6408870426,0.1844342074,0.6137753861,1.227550772,75.32487311,4.779297795,-0.2533380126
820,0.679792186,0.2609080241,0.6277295749,1.25545915,71.32926701,5.047016675,-0.3201291084
821,0.6567590731,0.2062389577,0.6235366649,1.24707333,73.78488992,4.879047734,-0.2792443456
822,0.6807238109,0.2425706633,0.6360380335,1.272076067,71.45387107,5.038215489,-0.3180680505
823,0.6608838523,0.1915896843,0.6325036435,1.265007287,73.54903426,4.894693773,-0.2831946739
824,0.6164210414,0.1984845927,0.5835912668,1.167182534,77.44425495,4.648504918,-0.2173893836
825,0.6558093536,0.2938035256,0.5863151001,1.1726302,72.92572918,4.936529316,-0.2936110882
826,0.6825188854,0.2026822771,0.6517299467,1.303459893,71.6767875,5.022546525,-0.3143770752
827,0.6991087034,0.2249377695,0.6619335156,1.323867031,70.16611929,5.130681355,-0.3392942319
828,0.643792046,0.2137381578,0.6072760479,1.214552096,74.84614272,4.809867107,-0.2614119249
829,0.6638027,0.2459054902,0.6165748246,1.233149649,72.81931666,4.943743179,-0.2953859714
830,0.7217514482,0.3205931694,0.6466414561,1.293282912,67.26764385,5.351755754,-0.3864269577
831,0.6873144639,0.2415716181,0.6434627616,1.286925523,70.93322444,5.075195761,-0.3266698909
832,0.692578363,0.2641611499,0.6402215834,1.280443167,70.2657175,5.123408866,-0.3376585199
833,0.6366067336,0.2229182757,0.5963015811,1.192603162,75.40511048,4.774212221,-0.2519830427
834,0.7088556249,0.2737057396,0.6538818433,1.307763687,68.88747077,5.22591403,-0.3602008143
835,0.6848558986,0.2369060237,0.6425753947,1.285150789,71.17786156,5.057752398,-0.3226314457
836,0.6334507712,0.2576534747,0.5786834769,1.157366954,75.35141418,4.777614381,-0.2528898679
837,0.6692301122,0.1673162844,0.6479770089,1.295954018,73.01920795,4.9302096,-0.2920510948
838,0.5958373602,0.2366490896,0.5468266345,1.093653269,79.12829697,4.549573462,-0.1886104548
839,0.6935992929,0.2059497823,0.6623176476,1.324635295,70.76632456,5.087165431,-0.3294216446
840,0.6820433745,0.2379586791,0.6391860698,1.27837214,71.39409923,5.042433533,-0.3190569162
841,0.6487931009,0.191314147,0.6199446628,1.239889326,74.58528772,4.826689164,-0.265803667
842,0.6531244853,0.2247924594,0.6132209581,1.226441916,73.9367092,4.869029253,-0.2766990287
843,0.6525175897,0.2134483546,0.6166190111,1.233238022,74.08877109,4.85903592,-0.2741476968
844,0.6743169494,0.1738421607,0.6515230245,1.303046049,72.55769636,4.961568766,-0.2997452624
845,0.6974970158,0.2384989515,0.6554542983,1.310908597,70.15945979,5.131168357,-0.3394035651
846,0.6614830416,0.2471102979,0.6135929555,1.227185911,73.00293578,4.931308531,-0.2923227043
847,0.648407579,0.2627196075,0.5927991197,1.185598239,73.95982087,4.867507733,-0.2763113805
848,0.6826468588,0.244775014,0.637253424,1.274506848,71.27512956,5.050850166,-0.3210241169
849,0.6714910742,0.2444575745,0.6254124695,1.250824939,72.19150539,4.986736294,-0.3058364633
850,0.6481563729,0.2262430778,0.60738847,1.21477694,74.35443729,4.841674729,-0.269685661
851,0.6678211381,0.2557337389,0.6169159807,1.233831961,72.37571811,4.974043911,-0.3027738247
852,0.6568625539,0.1905867408,0.6286056863,1.257211373,73.89741647,4.871618213,-0.2773579756
853,0.6352172708,0.1852959507,0.6075906449,1.21518129,75.82154581,4.747990774,-0.2449428131
854,0.6420180331,0.2386721464,0.5960056722,1.192011344,74.77708445,4.814309125,-0.2625751178
855,0.6802048719,0.2001404927,0.6500941862,1.300188372,71.8844632,5.008036284,-0.3109341679
856,0.6809943086,0.2162588609,0.6457440309,1.291488062,71.68449889,5.02200623,-0.3142493072
857,0.6608735286,0.1958019678,0.6312015606,1.262403121,73.51807701,4.896754848,-0.2837128198
858,0.6761930449,0.2048949417,0.6444028994,1.288805799,72.17244594,4.988053201,-0.3061531572
859,0.6249492576,0.235778439,0.5787660169,1.157532034,76.34919634,4.715177334,-0.2360038498
860,0.6470465101,0.2407945817,0.6005723567,1.201144713,74.31274068,4.844391375,-0.2703863687
861,0.6365603374,0.2518068509,0.5846386687,1.169277337,75.13215284,4.791557095,-0.2565904487
862,0.7167376887,0.2414437161,0.6748465354,1.349693071,68.65570221,5.243555719,-0.3639714517
863,0.6613224885,0.2824373741,0.5979770593,1.195954119,72.60411971,4.95839632,-0.2989721793
864,0.6820930854,0.1955207361,0.6534696771,1.306939354,71.76827002,5.01614432,-0.3128609582
865,0.6743616156,0.2684337708,0.6186330894,1.237266179,71.6857873,5.021915969,-0.3142279593
866,0.6676968185,0.2096727746,0.6339214218,1.267842844,72.83402239,4.942745,-0.295140751
867,0.6500354761,0.1878134902,0.6223119901,1.24462398,74.50310081,4.832013649,-0.2671862247
868,0.6158947797,0.1900094463,0.5858521912,1.171704382,77.55164575,4.642067831,-0.2155595042
869,0.6615319532,0.1779597936,0.6371458522,1.274291704,73.59153406,4.891867041,-0.2824832005
870,0.7022941462,0.2519408165,0.6555477807,1.311095561,69.64446697,5.169111283,-0.3478445226
871,0.6773792551,0.2918589648,0.611278169,1.222556338,71.13731214,5.060635399,-0.3233012401
872,0.6636797106,0.1934503247,0.6348604021,1.269720804,73.2997094,4.9113428,-0.2873653778
873,0.6704076715,0.2756062261,0.6111363629,1.222272726,71.92572897,5.005163037,-0.3102495643
874,0.651279471,0.2334189387,0.6080136087,1.216027217,74.01568754,4.863833762,-0.2753741528
875,0.6520488707,0.2747984359,0.5913151016,1.182630203,73.49891173,4.898031706,-0.2840335563
876,0.6102505258,0.224093479,0.5676159061,1.135231812,77.83059203,4.625430574,-0.2108028931
877,0.6883552172,0.2864843585,0.6259070357,1.251814071,70.32225603,5.119289686,-0.3367295272
878,0.6332108898,0.2126034702,0.5964526766,1.192905353,75.79726443,4.749511776,-0.2453536715
879,0.6401557899,0.1956886839,0.6095124071,1.219024814,75.30907248,4.780300542,-0.2536047797
880,0.6496184421,0.2382461447,0.6043532865,1.208706573,74.11319307,4.857434758,-0.2737377585
881,0.7291644002,0.241856616,0.6878852374,1.375770475,67.73149112,5.31510519,-0.3789475849
882,0.6722929851,0.2325071065,0.6308076594,1.261615319,72.24549072,4.983009962,-0.3049392533
883,0.6506511953,0.1962186285,0.6203589508,1.240717902,74.38803578,4.839487912,-0.2691209375
884,0.6698633779,0.21931877,0.6329425109,1.265885022,72.56993647,4.960731916,-0.2995414482
885,0.6887436737,0.2381224457,0.6462704921,1.292540984,70.85436493,5.080844354,-0.3279704301
886,0.605887601,0.2291320337,0.5608906277,1.121781255,78.20747546,4.603140529,-0.2043683359
887,0.6888824586,0.2591781388,0.6382677606,1.276535521,70.61681445,5.097935992,-0.3318843124
888,0.6953661837,0.2456857325,0.6505172175,1.301034435,70.25198305,5.124410506,-0.337884143
889,0.6906744939,0.2756730241,0.6332737483,1.266547497,70.2770334,5.122583902,-0.337472613
890,0.6992300273,0.2307611976,0.6600544681,1.320108936,70.10105534,5.135443372,-0.3403622308
891,0.6985306004,0.217556011,0.6637879042,1.327575808,70.27899971,5.122440579,-0.3374403075
892,0.7641256492,0.2253686922,0.7301348919,1.460269784,65.42555566,5.502437028,-0.415875204
893,0.67422227,0.1817241244,0.6492703689,1.298540738,72.51111696,4.964755959,-0.3005207465
894,0.646265553,0.2008170883,0.6142732796,1.228546559,74.73358803,4.817111147,-0.2633075601
895,0.6697626536,0.2761747263,0.610171724,1.220343448,71.9723836,5.001918541,-0.3094753649
896,0.6925450825,0.2229064669,0.655691542,1.311383084,70.70009505,5.09193092,-0.330512827
897,0.6666086244,0.2857465428,0.6022590568,1.204518114,72.1135535,4.992126757,-0.3071315065
898,0.6198580531,0.22143545,0.5789562569,1.157912514,76.94726222,4.678529029,-0.2258478159
899,0.6886337184,0.2019397379,0.6583591272,1.316718254,71.19277303,5.056693042,-0.3223850978
900,0.6841834626,0.2054680651,0.652602394,1.305204788,71.51979634,5.033571381,-0.3169769809
901,0.6892039816,0.2362372656,0.6474519925,1.294903985,70.83666885,5.082113626,-0.3282621859
902,0.6801116124,0.2249267414,0.6418409198,1.28368184,71.67721349,5.022516675,-0.3143700172
903,0.7135695301,0.2944427134,0.6499884328,1.299976866,68.26046575,5.27391655,-0.3703877734
904,0.6530415893,0.2277774665,0.6120300181,1.224060036,73.91642657,4.870365312,-0.2770391886
905,0.6913605216,0.2481344098,0.6452973621,1.290594724,70.54201599,5.103341532,-0.3331155141
906,0.6478660198,0.2122474026,0.6121122607,1.224224521,74.50203166,4.832082991,-0.2672042064
907,0.7018155009,0.2808731371,0.6431603829,1.286320766,69.3378218,5.191971577,-0.3528572663
908,0.710884043,0.2241559289,0.6746185901,1.34923718,69.26738098,5.197251504,-0.3540073434
909,0.673983231,0.2414665097,0.6292434508,1.258486902,72.01648963,4.998855149,-0.3087432692
910,0.6462390583,0.2403825781,0.5998675992,1.199735198,74.38769528,4.839510065,-0.2691266612
911,0.6085449292,0.2278407807,0.564283182,1.128566364,77.96261892,4.617597574,-0.2085498125
912,0.6583037076,0.2289182454,0.6172197407,1.234439481,73.4543573,4.901002653,-0.284779065
913,0.6296453937,0.1572142586,0.6097023854,1.219404771,76.49318259,4.706301762,-0.2335610608
914,0.6614415889,0.2119886051,0.6265507217,1.253101443,73.33937582,4.908686445,-0.2867022003
915,0.6495250891,0.2364237461,0.604968308,1.209936616,74.13915753,4.855733623,-0.2733018739
916,0.6184835815,0.2323563859,0.5731775035,1.146355007,76.98163878,4.676439807,-0.225263293
917,0.635854132,0.1687234984,0.6130602403,1.226120481,75.87183748,4.744843567,-0.2440917023
918,0.650588692,0.1677695252,0.6285849446,1.257169889,74.58945207,4.826419688,-0.2657335992
919,0.6932281117,0.183262578,0.6685656604,1.337131321,70.97245376,5.072390497,-0.3260226963
920,0.6000789511,0.1895259765,0.5693633741,1.138726748,79.05608514,4.553729158,-0.1898480184
921,0.6867562975,0.1751566652,0.6640439404,1.328087881,71.54282676,5.031951019,-0.3165957262
922,0.7115102867,0.1464824925,0.6962684593,1.392536919,69.79492846,5.157967892,-0.3453812684
923,0.6594303498,0.2174210503,0.6225564016,1.245112803,73.46288239,4.90043391,-0.284636432
924,0.6829056179,0.2824581568,0.6217535466,1.243507093,70.8129378,5.08381676,-0.3286533913
925,0.6816888308,0.2052363051,0.6500597827,1.300119565,71.72280948,5.019323736,-0.3136144644
926,0.7283254516,0.2697254604,0.6765398284,1.353079657,67.48366573,5.334624255,-0.3829468027
927,0.6692988974,0.27788256,0.6088861116,1.217772223,71.98962325,5.000720712,-0.3091892337
928,0.6791173337,0.2583859828,0.6280422253,1.256084451,71.41304772,5.041095591,-0.3187434698
929,0.6915795707,0.2183752732,0.6561970304,1.312394061,70.8178875,5.083461435,-0.3285718004
930,0.6485374687,0.2751426627,0.5872796297,1.174559259,73.80176846,4.877931891,-0.278961466
931,0.7060987616,0.2429083105,0.6630015188,1.326003038,69.4477513,5.183753156,-0.3510613979
932,0.6739166639,0.296174173,0.605346619,1.210693238,71.36242717,5.044671464,-0.3195807583
933,0.6209209616,0.1826401664,0.5934521128,1.186904226,77.13448208,4.667173362,-0.2226634392
934,0.6763266442,0.2128339746,0.6419652864,1.283930573,72.09445663,4.993449106,-0.3074486832
935,0.6667123889,0.284414585,0.6030039414,1.206007883,72.12233537,4.991518899,-0.3069856385
936,0.6209092457,0.2508126454,0.5679976305,1.135995261,76.579749,4.700981718,-0.2320917133
937,0.6507668031,0.2318166258,0.6080776957,1.216155391,74.07543088,4.859910982,-0.2743715998
938,0.6764262986,0.2278389295,0.6369002745,1.273800549,71.95028939,5.003454511,-0.3098420278
939,0.7227012231,0.2589580078,0.6747131301,1.34942626,68.02225026,5.292385927,-0.3742465023
940,0.712005701,0.1925105804,0.6854865387,1.370973077,69.45167395,5.183460377,-0.3509972916
941,0.6314187285,0.1728481316,0.6072998716,1.214599743,76.24249827,4.72177602,-0.237813068
942,0.6292514248,0.2467732039,0.5788439699,1.15768794,75.84770357,4.746353324,-0.2445001559
943,0.7013897497,0.2381799123,0.6597104747,1.319420949,69.85958247,5.153194268,-0.3443220639
944,0.7107167242,0.2327114052,0.6715382819,1.343076564,69.198151,5.202451147,-0.3551371302
945,0.6326957568,0.2441252885,0.5837009201,1.16740184,75.55994893,4.764428842,-0.2493668884
946,0.6595025791,0.2049571508,0.6268462477,1.253692495,73.561922,4.893836243,-0.2829789416
947,0.6494561421,0.2272534445,0.6083988433,1.216797687,74.23193847,4.849664544,-0.2717438342
948,0.6532102612,0.1933901512,0.6239261934,1.247852387,74.18891967,4.852476645,-0.2724663236
949,0.683649168,0.2178607866,0.6480068384,1.296013677,71.45579004,5.038080187,-0.3180362974
950,0.6355600064,0.2009836377,0.6029445241,1.205889048,75.67788318,4.757004092,-0.2473730453
951,0.6760930239,0.2434126657,0.6307551436,1.261510287,71.82295304,5.012325235,-0.3119543288
952,0.6639341346,0.2238763628,0.6250503254,1.250100651,73.02419037,4.929873213,-0.2919679253
953,0.6866898795,0.2470666486,0.6407035677,1.281407135,70.92559726,5.075741536,-0.3267957043
954,0.6932837764,0.2191746627,0.6577270421,1.315454084,70.67597522,5.09366866,-0.3309101102
955,0.6441237883,0.2242452321,0.6038290573,1.207658115,74.72591201,4.817605972,-0.263436802
956,0.6263182653,0.1471735307,0.6087811769,1.217562354,76.84584066,4.684703777,-0.2275718653
957,0.6135793459,0.1778202867,0.587247443,1.174494886,77.84547332,4.624546356,-0.2105489949
958,0.7223929279,0.2479206408,0.6785181634,1.357036327,68.16625656,5.281205367,-0.371914588
959,0.648842768,0.1803103086,0.6232857533,1.246571507,74.65850732,4.8219555,-0.2645714977
960,0.6503850771,0.2549206081,0.5983445763,1.196689153,73.87371001,4.873181541,-0.2777554747
961,0.7217181359,0.2112955904,0.6900950957,1.380190191,68.56893208,5.250191144,-0.365381584
962,0.6646475659,0.2314022305,0.6230645188,1.246129038,72.8935558,4.938708176,-0.2941478238
963,0.6769569124,0.2938959077,0.6098326465,1.219665293,71.14388591,5.060167791,-0.3231926657
964,0.6477370684,0.2192886039,0.6094881607,1.218976321,74.45310968,4.835258078,-0.2680269126
965,0.6540935783,0.1888991848,0.6262232088,1.252446418,74.14621404,4.855271502,-0.2731834014
966,0.678817794,0.2687640131,0.6233454121,1.246690824,71.31626298,5.047936964,-0.3203441192
967,0.6513243519,0.2248567864,0.6112796717,1.222559343,74.09169344,4.858844268,-0.274098646
968,0.668077487,0.2603664989,0.6152534558,1.230506912,72.30210414,4.979108205,-0.303998075
969,0.6805216773,0.2230706189,0.642922431,1.285844862,71.66116937,5.02364116,-0.3146358307
970,0.6549680232,0.2457944512,0.6070981792,1.214196358,73.57356547,4.893061763,-0.2827840251
971,0.6731515242,0.2077471763,0.6402921874,1.280584375,72.39834726,4.972489202,-0.3023973861
972,0.6476624228,0.2514915287,0.5968405356,1.193681071,74.14866035,4.855111317,-0.2731423292
973,0.6882596486,0.2283093886,0.6492889703,1.298577941,70.98949068,5.071173163,-0.3257415781
974,0.6852509541,0.24667739,0.6393114541,1.278622908,71.04517823,5.06719821,-0.3248225035
975,0.6135756058,0.2383625458,0.5653833397,1.130766679,77.39065027,4.651724708,-0.2183024921
976,0.6826466975,0.2279388365,0.6434674821,1.286934964,71.44353968,5.038944062,-0.3182389979
977,0.6591121341,0.2267878386,0.6188667721,1.237733544,73.40539011,4.904272009,-0.2855982119
978,0.6767011187,0.213526363,0.6421299684,1.284259937,72.05782711,4.995987451,-0.308056961
979,0.6830202534,0.2306104473,0.6429117266,1.285823453,71.38775553,5.042881617,-0.3191618462
980,0.6812466743,0.1700257705,0.6596880086,1.319376017,72.01953165,4.998644003,-0.3086927692
981,0.6619275186,0.2090531266,0.6280484298,1.25609686,73.32306235,4.909778567,-0.2869749597
982,0.5924390809,0.1903477737,0.5610274411,1.122054882,79.79611282,4.511497958,-0.1771515118
983,0.664545855,0.1719370307,0.6419181029,1.283836206,73.37892763,4.906040626,-0.2860408021
984,0.6951021136,0.2426335216,0.6513800139,1.302760028,70.30474531,5.120564742,-0.3370172835
985,0.6694993151,0.2214059915,0.6318296605,1.263659321,72.58134704,4.959952035,-0.2993514346
986,0.6831137432,0.2690556611,0.6278960402,1.25579208,70.9639142,5.073000891,-0.3261635926
987,0.7270160898,0.2167388116,0.6939572626,1.387914525,68.12961963,5.284045353,-0.3725080784
988,0.6641087133,0.2091911399,0.6303010789,1.260602158,73.13826634,4.922183941,-0.2900630983
989,0.6575183918,0.1889321216,0.6297897181,1.259579436,73.85374017,4.874499235,-0.2780902827
990,0.6767937887,0.2165338295,0.6412198789,1.282439758,72.02385662,4.998343839,-0.3086209699
991,0.6507191844,0.1674750311,0.6287985137,1.257597027,74.58005738,4.827027662,-0.2658916687
992,0.6894246322,0.2373653681,0.6472742893,1.294548579,70.80777109,5.084187716,-0.3287385569
993,0.6579115732,0.2213043402,0.6195740691,1.239148138,73.55770619,4.894116723,-0.283049513
994,0.7010426681,0.257446054,0.6520600829,1.304120166,69.68017902,5.166462042,-0.3472600853
995,0.6753321578,0.2268265071,0.6361000385,1.272200077,72.04954155,4.99656198,-0.3081945354
996,0.668590999,0.2648129395,0.613912071,1.227824142,72.20775704,4.985613939,-0.3055663972
997,0.6183354611,0.2067360439,0.582751191,1.165502382,77.2055237,4.662878804,-0.2214544856
998,0.647576297,0.2496107904,0.5975362029,1.195072406,74.17608972,4.853315958,-0.2726817694
999,0.6402917244,0.135448926,0.6258011511,1.251602302,75.66056559,4.7580929,-0.2476658891
1000,0.6879690459,0.2178696397,0.6525597507,1.305119501,71.10941019,5.062621094,-0.32376203
1001,0.6291619969,0.18613234,0.6009988106,1.201997621,76.35966727,4.714530758,-0.235826256
1002,0.6609675325,0.2065781279,0.627856318,1.255712636,73.42464429,4.902985959,-0.2852761435
1003,0.70014502,0.3112401376,0.62716236,1.25432472,69.04317089,5.214129006,-0.3576644191
1004,0.6113423163,0.2387722317,0.5627852602,1.12557052,77.59970251,4.639193042,-0.2147403981
1005,0.7076602129,0.2442639644,0.6641672173,1.328334435,69.31395919,5.193759009,-0.3532469275
1006,0.6628469442,0.2621875946,0.6087887455,1.217577491,72.72149397,4.950393348,-0.2970166836
1007,0.6871430302,0.1939984058,0.6591890188,1.318378038,71.37471266,5.043803142,-0.3193775733
1008,0.6614237642,0.2512224891,0.611856729,1.223713458,72.96420843,4.933925931,-0.2929690329
1009,0.6428859685,0.2605854408,0.5877053654,1.175410731,74.47128428,4.834078041,-0.2677212986
1010,0.6317125082,0.2416887112,0.5836499464,1.167299893,75.67325403,4.757295092,-0.2474513274
1011,0.6469077919,0.1748858154,0.622819912,1.245639824,74.86227775,4.808830439,-0.2611400975
1012,0.6345169163,0.1346155574,0.6200728738,1.240145748,76.17323139,4.726069689,-0.2389871459
1013,0.7248981714,0.2219827361,0.6900732018,1.380146404,68.23810594,5.275644671,-0.3707502415
1014,0.679867052,0.2255202429,0.6413733924,1.282746785,71.69152598,5.02151398,-0.3141328721
1015,0.6284022627,0.2258823416,0.5864013741,1.172802748,76.12120215,4.729299982,-0.2398688149
1016,0.684537605,0.2269700644,0.6458144645,1.291628929,71.30035051,5.049063538,-0.320607196
1017,0.67678268,0.2114558687,0.6429006233,1.285801247,72.06905207,4.995209312,-0.3078705702
1018,0.6698176667,0.2678982505,0.6139106075,1.227821215,72.06890625,4.995219419,-0.3078729917
1019,0.6544431716,0.2409690513,0.6084651027,1.216930205,73.66806357,4.886785163,-0.2812016569
1020,0.7249924177,0.1598875072,0.7071421291,1.414284258,68.70627326,5.239696216,-0.3631492184
1021,0.6640781445,0.2548733001,0.613220501,1.226441002,72.69975599,4.951873567,-0.2973789402
1022,0.6126773533,0.2023451881,0.5782991995,1.156598399,77.76774408,4.629168613,-0.2118750208
1023,0.6448378267,0.2432907505,0.59718124,1.19436248,74.4819331,4.833386904,-0.2675422215
1024,0.6016159013,0.2222167887,0.5590719019,1.118143804,78.67752246,4.57563976,-0.1963308312
1025,0.7164085787,0.2458704445,0.6728959623,1.345791925,68.6342414,5.245195294,-0.3643202969
1026,0.6698234695,0.1838507981,0.6440981015,1.288196203,72.85831837,4.941096749,-0.2947355693
1027,0.6733267078,0.2285273471,0.6333593822,1.266718764,72.19840869,4.986259483,-0.305721749
1028,0.6320142161,0.2279615211,0.5894705372,1.178941074,75.77415167,4.75096048,-0.245744715
1029,0.7013805962,0.2611166619,0.6509630017,1.301926003,69.61208104,5.171516131,-0.34837441
1030,0.6611114618,0.2660166369,0.6052301329,1.210460266,72.82433549,4.943402471,-0.2953022837
1031,0.6880823708,0.22958668,0.6486503722,1.297300744,70.99138388,5.071037925,-0.3257103376
1032,0.6150877683,0.2214397791,0.5738443926,1.147688785,77.39395749,4.651525929,-0.2182461621
1033,0.6463649684,0.2864467752,0.5794272322,1.158854464,73.85030233,4.874726151,-0.2781479172
1034,0.6428042443,0.2363840551,0.5977623901,1.19552478,74.72960975,4.81736759,-0.2633745435
1035,0.6343970265,0.188730711,0.6056734318,1.211346864,75.87108944,4.744890348,-0.2441043631
1036,0.6250389094,0.2310759487,0.5807560109,1.161512022,76.38378646,4.713042082,-0.2354171488
1037,0.6781724953,0.1606397092,0.6588723831,1.317744766,72.32802695,4.977323662,-0.3035670182
1038,0.691364466,0.2205044029,0.6552576845,1.310515369,70.81560148,5.083625535,-0.3286094835
1039,0.6824084962,0.2477201633,0.6358585349,1.27171707,71.26321401,5.051694693,-0.3212210681
1040,0.6654708331,0.2310127876,0.6240869504,1.248173901,72.82813344,4.943144675,-0.2952389525
1041,0.619362779,0.1821394654,0.5919759009,1.183951802,77.28132886,4.658304992,-0.220164093
1042,0.6897865009,0.2657163622,0.6365534005,1.273106801,70.46881103,5.108643026,-0.3343199369
1043,0.6203207135,0.241266241,0.5714791234,1.142958247,76.72793383,4.691902701,-0.2295752489
1044,0.6825353412,0.2362488317,0.6403444242,1.280688848,71.37148947,5.044030924,-0.3194308818
1045,0.6913995629,0.2492343192,0.6449151957,1.289830391,70.52708929,5.104421629,-0.3333611436
1046,0.6236489945,0.2263579281,0.5811197439,1.162239488,76.55374905,4.702578312,-0.2325330831
1047,0.6656339265,0.1460257175,0.6494189818,1.298837964,73.44308945,4.901754579,-0.2849675775
1048,0.665060145,0.2350402531,0.6221423277,1.244284655,72.82355344,4.943455558,-0.2953153244
1049,0.6356741255,0.2223165831,0.5955307975,1.191061595,75.49397106,4.768592709,-0.2504818758
1050,0.6575221998,0.2670208586,0.6008621342,1.201724268,73.11924508,4.923464398,-0.2903807931
1051,0.6803587746,0.2959688706,0.6126095737,1.225219147,70.83714031,5.082079802,-0.3282544134
1052,0.6831336404,0.2150802265,0.6483919083,1.296783817,71.52204177,5.033413352,-0.3169398115
1053,0.6574635204,0.2406106793,0.6118535623,1.223707125,73.41231498,4.903809396,-0.2854823818
1054,0.6355181064,0.1570045853,0.6158188239,1.231637648,75.9700127,4.738711858,-0.2424296931
1055,0.6259323796,0.2157233858,0.5875838363,1.175167673,76.43318108,4.709996299,-0.2345791925
1056,0.7159936532,0.2668703676,0.6643998181,1.328799636,68.43039207,5.260820362,-0.3676313087
1057,0.7125469758,0.2578531909,0.6642551653,1.328510331,68.79433249,5.232989215,-0.3617167906
1058,0.6074558806,0.1849378137,0.5786196091,1.157239218,78.37823324,4.593111954,-0.2014500489
1059,0.6952964576,0.2383081921,0.6531817278,1.306363456,70.33388717,5.118443108,-0.3365383737
1060,0.7095795339,0.2546532486,0.6623102278,1.324620456,69.05536036,5.213208622,-0.3574657378
1061,0.6978304058,0.2262900541,0.6601212667,1.320242533,70.25311213,5.124328148,-0.3378655957
1062,0.720588891,0.2574348568,0.6730346531,1.346069306,68.1960595,5.278897382,-0.371431691
1063,0.6465996848,0.1931607659,0.6170737969,1.234147594,74.76231431,4.815260246,-0.2628238512
1064,0.655248097,0.1569185483,0.6361812932,1.272362586,74.25597453,4.848094746,-0.2713400882
1065,0.6399253267,0.1887514326,0.6114550846,1.222910169,75.37961717,4.775826855,-0.2524136024
1066,0.697569991,0.1909179168,0.6709353481,1.341870696,70.57491248,5.100962755,-0.3325740993
1067,0.5657609402,0.1831934301,0.5352808689,1.070561738,82.54057702,4.361491196,-0.1298240157
1068,0.7076125201,0.2590170006,0.6585025984,1.317005197,69.15638193,5.205593323,-0.3558185226
1069,0.6722208186,0.188974689,0.6451119251,1.29022385,72.62305118,4.957103759,-0.298656859
1070,0.6979568708,0.169842349,0.6769766392,1.353953278,70.69472698,5.092317565,-0.3306012507
1071,0.6846950591,0.2258376567,0.6463781221,1.292756244,71.2983776,5.049203252,-0.3206398119
1072,0.6962785058,0.2608488566,0.6455707797,1.291141559,70.01291569,5.14190841,-0.3418083078
1073,0.7139698211,0.2278050712,0.6766518714,1.353303743,68.99921862,5.217450389,-0.3583806814
1074,0.6751417603,0.2422318229,0.6301905588,1.260381118,71.91327759,5.006029652,-0.310456151
1075,0.7055204969,0.2054621172,0.6749403603,1.349880721,69.8426693,5.154442171,-0.344599189
1076,0.6270517453,0.181749902,0.6001340386,1.200268077,76.57996368,4.700968539,-0.2320880688
1077,0.6799742204,0.2085119379,0.6472153522,1.294430704,71.83425103,5.011536904,-0.3117669758
1078,0.661069084,0.2113192224,0.6263836844,1.252767369,73.37654467,4.906199953,-0.2860806546
1079,0.6883087912,0.2452390025,0.6431382617,1.286276523,70.81553021,5.083630651,-0.3286106583
1080,0.6298714457,0.2544465965,0.5761900447,1.152380089,75.71222897,4.754846145,-0.2467921845
1081,0.6597376218,0.2091661947,0.6257021916,1.251404383,73.50738349,4.897467205,-0.2838917829
1082,0.7033404419,0.2707893891,0.6491231655,1.298246331,69.34600357,5.191359004,-0.352723649
1083,0.6626502237,0.2088869292,0.6288653033,1.257730607,73.263506,4.913769756,-0.2879705375
1084,0.680231784,0.1751841802,0.6572866825,1.314573365,72.06705329,4.995347854,-0.3079037609
1085,0.6721492056,0.2395834084,0.6280002747,1.256000549,72.18712105,4.987039167,-0.305909317
1086,0.6623330917,0.2218586814,0.6240703885,1.248140777,73.17752335,4.919543372,-0.289407323
1087,0.65189791,0.2196644825,0.6137738999,1.2275478,74.08853503,4.859051402,-0.274151659
1088,0.6835594353,0.2232949913,0.6460594775,1.292118955,71.41350659,5.041063199,-0.3187358788
1089,0.6646779223,0.2484801917,0.61648547,1.23297094,72.71839479,4.950604328,-0.2970683331
1090,0.658535048,0.134478296,0.6446580468,1.289316094,74.09730905,4.858476031,-0.2740043874
1091,0.6617396705,0.2738636222,0.6024102489,1.204820498,72.67663791,4.953448734,-0.2977641487
1092,0.6665349118,0.255445403,0.6156431066,1.231286213,72.48668851,4.966429111,-0.3009273678
1093,0.651282549,0.1625153832,0.6306803539,1.261360708,74.56195391,4.828199653,-0.2661962467
1094,0.6697426161,0.2205674545,0.6323805578,1.264761116,72.56872773,4.960814545,-0.299561576
1095,0.656881793,0.2262566501,0.6166859965,1.233371993,73.60058732,4.891265316,-0.2823316232
1096,0.6622826559,0.182898361,0.636526909,1.273053818,73.49416979,4.898347733,-0.2841129093
1097,0.6425115106,0.2143664329,0.6056963543,1.211392709,74.95365752,4.802967752,-0.259600229
1098,0.6331476182,0.2674115407,0.5739050221,1.147810044,75.27060505,4.78274354,-0.254254157
1099,0.6698567169,0.2689578412,0.6134897724,1.226979545,72.05297234,4.99632407,-0.308137571
1100,0.6597470034,0.2558143862,0.608132476,1.216264952,73.05676775,4.92767489,-0.2914240697
1101,0.6315223294,0.1787327864,0.605702108,1.211404216,76.19591904,4.724662482,-0.2386026271
1102,0.6799734566,0.3175413016,0.6012748319,1.202549664,70.54731899,5.102957918,-0.3330282442
1103,0.666767897,0.2786352431,0.6057572366,1.211514473,72.19210682,4.986694749,-0.3058264693
1104,0.6640793487,0.2418860038,0.6184598148,1.23691963,72.83753665,4.942506523,-0.2950821474
1105,0.6690823626,0.2456420412,0.6223593781,1.244718756,72.37932661,4.973795928,-0.3027138001
1106,0.6090181273,0.2332770248,0.5625699148,1.12513983,77.87093393,4.623034319,-0.2101145639
1107,0.6788269492,0.2268815777,0.6397896347,1.279579269,71.76332467,5.016489992,-0.3129429365
1108,0.6568489819,0.2405953157,0.6111992139,1.222398428,73.46509164,4.900286544,-0.2845994681
1109,0.667807206,0.2019242051,0.6365477828,1.273095566,72.88858775,4.939044796,-0.2942306955
1110,0.6292060002,0.2155829429,0.5911211258,1.182242252,76.13539707,4.728418237,-0.2396282925
1111,0.6161191614,0.2323571743,0.5706250648,1.14125013,77.20382051,4.662981672,-0.2214834738
1112,0.6249455825,0.2119899209,0.5878922133,1.175784427,76.55377629,4.702576639,-0.2325326207
1113,0.6770933732,0.1880458191,0.6504569209,1.300913842,72.23062397,4.984035582,-0.3051863585
1114,0.6262129096,0.2464247091,0.5756886927,1.151377385,76.13057135,4.72871796,-0.2397100625
1115,0.6504066728,0.2645203726,0.5941866815,1.188373363,73.76429096,4.880410227,-0.2795895455
1116,0.6051324315,0.1716417146,0.5802795718,1.160559144,78.67778794,4.575624321,-0.196326288
1117,0.6715843092,0.2066724748,0.6389929362,1.277985872,72.53656275,4.963014325,-0.300097133
1118,0.6374516698,0.2399793406,0.5905544407,1.181108881,75.17158004,4.789043942,-0.2559252921
1119,0.6348159952,0.2113007598,0.5986178553,1.197235711,75.66355569,4.757904869,-0.2476153276
1120,0.6789720312,0.2545944348,0.6294320399,1.25886408,71.4674244,5.037260025,-0.3178437759
1121,0.6883093747,0.2155802094,0.6536780313,1.307356063,71.10268461,5.063099966,-0.3238730888
1122,0.6682543812,0.1888994554,0.6409999327,1.281999865,72.95173659,4.934769436,-0.2931771494
1123,0.6414060355,0.2310857894,0.5983318982,1.196663796,74.90362707,4.806175803,-0.2604433896
1124,0.7160557838,0.2435881621,0.6733503493,1.346700699,68.68467104,5.241344168,-0.3635004829
1125,0.6898412852,0.2126612574,0.6562440006,1.312488001,71.00639538,5.069965854,-0.3254626133
1126,0.6859350876,0.2588042408,0.6352379943,1.270475989,70.85683735,5.080667067,-0.3279296647
1127,0.6729828112,0.2366415026,0.6300052884,1.260010577,72.14780258,4.989756959,-0.3065625839
1128,0.6852622242,0.2680874303,0.6306452613,1.261290523,70.80239839,5.08457352,-0.328827115
1129,0.6879882716,0.2417478524,0.6441163231,1.288232646,70.87755767,5.079181787,-0.3275880034
1130,0.6427957105,0.2738537043,0.5815414638,1.163082928,74.32535141,4.84356943,-0.2701744615
1131,0.6781387786,0.2530030395,0.629175385,1.25835077,71.55299801,5.031235727,-0.3164273311
1132,0.6679026134,0.222578856,0.6297241887,1.259448377,72.70359487,4.951612099,-0.2973149696
1133,0.6696723231,0.2012905724,0.6387042553,1.277408511,72.7387035,4.949222116,-0.2967298621
1134,0.7147593391,0.2447815831,0.6715377052,1.34307541,68.76970309,5.234863375,-0.3621175145
1135,0.7350021482,0.2274459594,0.6989252417,1.397850483,67.44936996,5.337336735,-0.3834996791
1136,0.6325653344,0.2397423269,0.5853738284,1.170747657,75.61465184,4.760982048,-0.2484421902
1137,0.6263427119,0.214571537,0.5884422217,1.176884443,76.40496388,4.711735753,-0.2350579053
1138,0.6103445643,0.2020328178,0.5759368261,1.151873652,77.99035498,4.615955397,-0.2080763467
1139,0.7073224444,0.3095207362,0.636004681,1.272009362,68.51746057,5.25413518,-0.3662176702
1140,0.6471272974,0.1980619797,0.6160723912,1.232144782,74.67963335,4.820591423,-0.2642158997
1141,0.7030286502,0.248985644,0.657461354,1.314922708,69.61978545,5.17094383,-0.3482483631
1142,0.7075115763,0.2692175601,0.6542893366,1.308578673,69.04470166,5.214013405,-0.3576394694
1143,0.6456172419,0.2704510262,0.5862404502,1.1724809,74.11567298,4.857272228,-0.2736961289
1144,0.6367731547,0.2307853052,0.593479733,1.186959466,75.31955204,4.779635436,-0.2534278521
1145,0.6599240435,0.2426573651,0.6136914097,1.227382819,73.18157299,4.91927114,-0.2893396675
1146,0.6794021815,0.2405712298,0.6353839843,1.270767969,71.58187981,5.029205729,-0.3159491099
1147,0.667016004,0.2435396735,0.6209660031,1.241932006,72.57384066,4.960465048,-0.2994764354
1148,0.6823356373,0.2309811176,0.6420511235,1.284102247,71.43946014,5.03923181,-0.3183064967
1149,0.635584747,0.2504864201,0.5841442664,1.168288533,75.23389213,4.785077441,-0.254873809
1150,0.6575870115,0.2336627906,0.6146725779,1.229345156,73.47032298,4.899937626,-0.2845119384
1151,0.6416695489,0.2276361159,0.5999346704,1.199869341,74.91201756,4.805637489,-0.2603019988
1152,0.6557053062,0.2474458047,0.6072232063,1.214446413,73.49290963,4.898431724,-0.2841339968
1153,0.6648034134,0.2145386889,0.6292350351,1.25847007,73.03438772,4.929184885,-0.2917976981
1154,0.6718330833,0.2568352182,0.6208021927,1.241604385,72.02932036,4.997964693,-0.3085302633
1155,0.685122135,0.2837345935,0.6236080662,1.247216132,70.61755385,5.097882613,-0.3318721388
1156,0.6613808024,0.2073051028,0.6280518769,1.256103754,73.38373347,4.905719333,-0.2859604279
1157,0.6921480313,0.2710482957,0.6368686825,1.273737365,70.21735882,5.126937356,-0.3384528474
1158,0.7028233868,0.2413190494,0.6600953184,1.320190637,69.71649065,5.163771106,-0.3466656977
1159,0.6554783152,0.204023966,0.6229173645,1.245834729,73.91223038,4.870641816,-0.2771095587
1160,0.6488655267,0.2409852996,0.60245544,1.20491088,74.151691,4.854912884,-0.2730914454
1161,0.6706031558,0.2582399149,0.6188866931,1.237773386,72.11562473,4.991983379,-0.3070971037
1162,0.6572233747,0.2191301539,0.6196164458,1.239232892,73.63578813,4.888927098,-0.2817421944
1163,0.6122539084,0.2362089541,0.5648541214,1.129708243,77.53580617,4.643016147,-0.2158294496
1164,0.6863037746,0.1733628373,0.664046834,1.328093668,71.59115275,5.028554314,-0.3157955525
1165,0.7268904058,0.2747508453,0.6729648097,1.345929619,67.52772874,5.33114332,-0.3822362689
1166,0.7013806399,0.2837329568,0.6414284147,1.282856829,69.33446266,5.192223119,-0.3529121225
1167,0.6876978295,0.2489401439,0.6410593649,1.28211873,70.82488817,5.082958961,-0.3284563971
1168,0.6836853882,0.1982081891,0.6543234856,1.308646971,71.61882466,5.026611393,-0.3153372645
1169,0.6985789267,0.215763586,0.6644235034,1.328847007,70.2912517,5.121547722,-0.3372390045
1170,0.7495790379,0.2457593107,0.7081462386,1.416292477,66.23123073,5.435502195,-0.4030465111
1171,0.7015529236,0.2720225947,0.6466685492,1.293337098,69.46914224,5.182156975,-0.3507117935
1172,0.6655750726,0.1980382521,0.6354297978,1.270859596,73.10562638,4.924381581,-0.2906082342
1173,0.6780187383,0.2550663233,0.6282122096,1.256424419,71.53999132,5.032150457,-0.3166426681
1174,0.6455381264,0.1840966774,0.6187308672,1.237461734,74.91958974,4.80515178,-0.2601743931
1175,0.6819956605,0.2355113398,0.6400410063,1.280082013,71.42247927,5.0404299,-0.3185874399
1176,0.6500327697,0.2101335017,0.6151312975,1.230262595,74.33134096,4.84317914,-0.2700738102
1177,0.7258298822,0.2364654324,0.6862310961,1.372462192,68.03060805,5.29173574,-0.374111228
1178,0.6548933379,0.2445310686,0.6075276459,1.215055292,73.5930418,4.891766819,-0.2824579572
1179,0.6228273012,0.2045559996,0.5882777322,1.176555464,76.80604224,4.68713124,-0.2282481982
1180,0.7058443478,0.2581806911,0.6569314836,1.313862967,69.30133398,5.1947052,-0.3534530643
1181,0.6899498095,0.2713369963,0.634355558,1.268711116,70.38822683,5.114491673,-0.3356451371
1182,0.6566699796,0.2222764264,0.6179066696,1.235813339,73.65500128,4.887651805,-0.2814204301
1183,0.6579735157,0.2548928511,0.6065960615,1.213192123,73.21844001,4.916794184,-0.2887236794
1184,0.6714588873,0.2332167112,0.6296562578,1.259312516,72.30759041,4.97873042,-0.3039068519
1185,0.6458705208,0.2431529636,0.598352209,1.196704418,74.39237936,4.839205347,-0.2690479239
1186,0.621601759,0.2060495669,0.5864574347,1.172914869,76.90780137,4.680929549,-0.2265186892
1187,0.6575090548,0.2334888555,0.6146552786,1.229310557,73.4786665,4.899381238,-0.2843723318
1188,0.6336582199,0.1902216406,0.6044323512,1.208864702,75.92676865,4.741410788,-0.24316186
1189,0.6776530652,0.2573915917,0.6268678053,1.253735611,71.54385194,5.031878914,-0.3165787538
1190,0.667513203,0.2490960369,0.6192939856,1.238587971,72.47381291,4.96731144,-0.3011416653
1191,0.6472425502,0.1681866564,0.6250089339,1.250017868,74.87585725,4.807958309,-0.2609113071
1192,0.6630825648,0.247377311,0.6152096827,1.230419365,72.864675,4.940665693,-0.2946295515
1193,0.6581747168,0.2223487371,0.6194796179,1.238959236,73.52587494,4.896235513,-0.28358231
1194,0.6693745465,0.2469307899,0.6221635384,1.244327077,72.34141686,4.976402393,-0.3033443401
1195,0.6992212316,0.186087725,0.6740042205,1.348008441,70.48240824,5.107657485,-0.3340962666
1196,0.6705942717,0.2278840506,0.6306865598,1.26137312,72.43045313,4.970285073,-0.3018632202
1197,0.6797214406,0.2731732996,0.6224127129,1.244825426,71.18889161,5.056968747,-0.3224492237
1198,0.619920443,0.1680144269,0.5967181144,1.193436229,77.31598101,4.656217192,-0.2195740984
1199,0.651525348,0.2799849881,0.5882972765,1.176594553,73.47997397,4.89929406,-0.2843504542
1200,0.6527128394,0.2208740626,0.6142057466,1.228411493,74.00746606,4.864374085,-0.275512094
1201,0.639836174,0.1974432269,0.6086103036,1.217220607,75.32427705,4.779335616,-0.2533480766
1202,0.7422079699,0.2597789782,0.6952607806,1.390521561,66.5995513,5.405441823,-0.3971550778
1203,0.6796706157,0.1955538498,0.6509307472,1.301861494,71.96402686,5.002499384,-0.3096140541
1204,0.6171281804,0.2063288233,0.5816146557,1.163229311,77.32112674,4.655907321,-0.2194864795
1205,0.683195591,0.2534175448,0.6344570621,1.268914124,71.13775597,5.060603826,-0.3232939099
1206,0.6089266983,0.2309374955,0.5634355306,1.126871061,77.89984324,4.621318671,-0.2096212382
1207,0.6458324604,0.2273209884,0.6045037098,1.20900742,74.54790302,4.829109678,-0.2664326246
1208,0.6394676523,0.216817703,0.6015886984,1.203177397,75.20246711,4.787076991,-0.255404127
1209,0.6671601213,0.1985007623,0.6369458963,1.273891793,72.96967196,4.933556509,-0.292877859
1210,0.6364235061,0.2866571862,0.5682099407,1.136419881,74.73844948,4.816797813,-0.263225705
1211,0.695983145,0.2891965034,0.6330544372,1.266108874,69.68259925,5.1662826,-0.3472204728
1212,0.6871157191,0.2008968513,0.6570909119,1.314181824,71.32229869,5.047509778,-0.3202443258
1213,0.7150696958,0.2286282526,0.6775350854,1.355070171,68.9084181,5.224325415,-0.3598597314
1214,0.7119969925,0.2950906481,0.647966995,1.29593399,68.37008446,5.265460806,-0.3686099617
1215,0.7057752262,0.2576739839,0.6570561528,1.314112306,69.31237476,5.193877735,-0.3532727981
1216,0.6345771754,0.1999017683,0.6022686066,1.204537213,75.77400252,4.750969832,-0.2457472384
1217,0.6380932776,0.2175935086,0.599846727,1.199693454,75.31821553,4.779720251,-0.2534504171
1218,0.650036571,0.2161969023,0.6130305401,1.22606108,74.27986903,4.846535201,-0.2709386726
1219,0.6719098197,0.1573014564,0.653237367,1.306474734,72.8598849,4.940990512,-0.2947094426
1220,0.6894056048,0.2645822731,0.6366131546,1.273226309,70.51251294,5.105476815,-0.3336009858
1221,0.7057880805,0.2346489562,0.6656400544,1.331280109,69.55558758,5.175716466,-0.34929847
1222,0.6483826324,0.2150967513,0.6116644714,1.223328943,74.43300482,4.836564114,-0.2683649532
1223,0.7007348668,0.2495587104,0.6547898927,1.309579785,69.79124678,5.158239989,-0.3454415709
1224,0.6448049485,0.2647775844,0.5879338844,1.175867769,74.25370871,4.848242684,-0.2713781503
1225,0.6326064449,0.1619332383,0.6115296726,1.223059345,76.20134135,4.724326286,-0.2385107223
1226,0.6942269451,0.2283359272,0.655601827,1.311203654,70.5162886,5.105203452,-0.3335388625
1227,0.6476930644,0.225582374,0.607139933,1.214279866,74.4008938,4.838651549,-0.2689047955
1228,0.6679592683,0.2304375845,0.6269514365,1.253902873,72.62539146,4.956944022,-0.2986178775
1229,0.6297403842,0.2305643639,0.5860145268,1.172029054,75.95737785,4.739500101,-0.2426436285
1230,0.6341260426,0.19431983,0.6036187883,1.207237577,75.85560814,4.745858729,-0.2443663801
1231,0.6083380525,0.2345996441,0.5612826321,1.122565264,77.92473122,4.619842691,-0.2091964919
1232,0.6185938766,0.2329871239,0.5730404734,1.146080947,76.96568268,4.677409301,-0.2255346131
1233,0.648445911,0.2256275901,0.6079262209,1.215852442,74.33479214,4.842954283,-0.2700158137
1234,0.6116861217,0.1662948775,0.588647539,1.177295078,78.08952344,4.610093443,-0.2063831028
1235,0.7369419598,0.270394198,0.6855438934,1.371087787,66.85234262,5.38500202,-0.3931020683
1236,0.6166491526,0.2003024207,0.5832110404,1.166422081,77.410006,4.650561583,-0.2179728063
1237,0.6829927812,0.2852651492,0.6205666232,1.241133246,70.76912924,5.08696382,-0.3293754256
1238,0.6657345919,0.2084428148,0.6322611327,1.264522265,73.00821153,4.930952183,-0.2922346458
1239,0.5799179775,0.2178218822,0.5374555686,1.074911137,80.87729845,4.451187254,-0.1585492847
1240,0.6691370014,0.2571432295,0.6177553611,1.235510722,72.25006086,4.982694765,-0.3048632873
1241,0.644703699,0.2863518453,0.5776205331,1.155241066,73.99882341,4.864942217,-0.2756570956
1242,0.6111545406,0.227285049,0.5673194682,1.134638936,77.71791194,4.632136801,-0.2127249296
1243,0.7127066265,0.2400737973,0.6710553683,1.342110737,68.9734594,5.219398927,-0.358800365
1244,0.6518475065,0.2016228134,0.6198817733,1.239763547,74.24311376,4.848934558,-0.2715561231
1245,0.7250665146,0.2281478226,0.6882368936,1.376473787,68.16797444,5.281072277,-0.371886756
1246,0.6855315315,0.2560914988,0.635901427,1.271802854,70.91988519,5.07615035,-0.3268899234
1247,0.6281842809,0.1879483762,0.5994087909,1.198817582,76.43583338,4.709832864,-0.2345341926
1248,0.6503283232,0.2211179344,0.6115830173,1.223166035,74.21159088,4.850994241,-0.2720855857
1249,0.6578919822,0.2134766164,0.6222938168,1.244587634,73.62789532,4.889451185,-0.2818743669
1250,0.6772199986,0.2272014275,0.6379705619,1.275941124,71.89139907,5.007553124,-0.3108191123
1251,0.7211438306,0.2617999045,0.6719443685,1.343888737,68.10524725,5.28593632,-0.3729028081
1252,0.6320467283,0.1893839183,0.6030064661,1.206012932,76.07725597,4.732031872,-0.2406133574
1253,0.6252471052,0.253789076,0.5714237022,1.142847404,76.14527774,4.727804674,-0.239460863
1254,0.62547068,0.1840549127,0.5977770158,1.195554032,76.70861736,4.693084198,-0.2299033672
1255,0.6484317477,0.1821468705,0.6223232673,1.244646535,74.68155534,4.820467361,-0.2641835467
1256,0.6773466138,0.2201449868,0.6405736648,1.28114733,71.9463423,5.003729008,-0.3099075265
1257,0.6738697603,0.1883628488,0.6470084165,1.294016833,72.49198719,4.966066098,-0.3008391737
1258,0.6059557976,0.191856361,0.5747813196,1.149562639,78.47685212,4.587339964,-0.1997638143
1259,0.7041166916,0.2461019819,0.6597076094,1.319415219,69.56664568,5.174893751,-0.34911762
1260,0.6582923124,0.2373851898,0.6140008471,1.228001694,73.37367969,4.906391523,-0.2861285678
1261,0.6587970496,0.2273147845,0.6183377243,1.236675449,73.42731436,4.90280767,-0.2852314781
1262,0.712747578,0.2727318876,0.6585031719,1.317006344,68.60418329,5.247493414,-0.364808805
1263,0.7115676818,0.212683225,0.67903933,1.35807866,69.31912685,5.193371821,-0.3531625481
1264,0.7021031795,0.3094569489,0.6302263652,1.26045273,68.91861713,5.223552285,-0.3596936444
1265,0.6911621415,0.2154781641,0.6567147529,1.313429506,70.87684742,5.079232685,-0.3275997155
1266,0.6894582888,0.2230189456,0.6523919696,1.304783939,70.94378934,5.074439967,-0.3264956092
1267,0.6465498525,0.2318161016,0.6035627612,1.207125522,74.44325208,4.835898352,-0.2681926612
1268,0.6194164232,0.181713126,0.5921630225,1.184326045,77.27909906,4.658439402,-0.2202020552
1269,0.6904060294,0.2275086435,0.6518437716,1.303687543,70.82630711,5.082857129,-0.3284330057
1270,0.6568343386,0.1932295844,0.6277688078,1.255537616,73.880187,4.872754315,-0.2776468762
1271,0.6823391661,0.1954904005,0.6537356047,1.307471209,71.74865111,5.017515931,-0.3131861647
1272,0.6288417404,0.2443190995,0.579439481,1.158878962,75.90959964,4.742483187,-0.2434525109
1273,0.7014235583,0.2330503899,0.6615757884,1.323151577,69.90819952,5.149610525,-0.3435252986
1274,0.6577772795,0.2186394468,0.6203770964,1.240754193,73.59285731,4.891779082,-0.282461046
1275,0.6771429137,0.2689890101,0.6214237186,1.242847437,71.45050757,5.038452661,-0.3181237055
1276,0.6597667922,0.2648649183,0.6042671554,1.208534311,72.95238816,4.934725361,-0.293166277
1277,0.6588305288,0.2876629093,0.5927121699,1.18542434,72.74862064,4.948547434,-0.2965645664
1278,0.6677733424,0.1905233844,0.6400172473,1.280034495,72.97967168,4.93288051,-0.2927109796
1279,0.6851693329,0.2605760796,0.633685349,1.267370698,70.89807944,5.077711594,-0.3272495735
1280,0.6433593802,0.2243994195,0.6029562112,1.205912422,74.79188421,4.813356473,-0.262325868
1281,0.6528988061,0.3051436263,0.5772037927,1.154407585,73.01743648,4.930329211,-0.2920806648
1282,0.6569282559,0.2122392778,0.6216986588,1.243397318,73.7206055,4.883302268,-0.2803215124
1283,0.6576409076,0.2194888025,0.619932439,1.239864878,73.59697852,4.891505157,-0.2823920456
1284,0.6739184934,0.2236654561,0.6357199851,1.27143997,72.19519768,4.986481256,-0.3057751078
1285,0.6274488118,0.2001284962,0.594676884,1.189353768,76.41597225,4.711056987,-0.2348711519
1286,0.644123316,0.222816565,0.6043571995,1.208714399,74.73869088,4.816782255,-0.2632216403
1287,0.6583351304,0.2951724118,0.5884542389,1.176908478,72.68916718,4.952594918,-0.2975553838
1288,0.7519037692,0.2975370348,0.6905295005,1.381059001,65.45420068,5.500028971,-0.4154204866
1289,0.6903152955,0.2249619198,0.6526310917,1.305262183,70.8575672,5.080614735,-0.3279176309
1290,0.6588004735,0.2058888759,0.6258017535,1.251603507,73.61393785,4.890378242,-0.2821080845
1291,0.6622537909,0.1899014504,0.6344426867,1.268885373,73.44608276,4.901554807,-0.2849175002
1292,0.6783925072,0.2221938798,0.6409729117,1.281945823,71.8423433,5.010972408,-0.3116327755
1293,0.7005953126,0.2819637876,0.6413503057,1.282700611,69.41831427,5.185951341,-0.3515424243
1294,0.7162149366,0.2428586646,0.6737829802,1.34756596,68.68030659,5.241677242,-0.3635714452
1295,0.7127896702,0.2331920654,0.6735655682,1.347131136,69.03622438,5.214653658,-0.3577776361
1296,0.7185644374,0.2470705066,0.6747525587,1.349505117,68.46011459,5.258536334,-0.367148831
1297,0.6615234454,0.2602771658,0.6081686162,1.216337232,72.85558624,4.941282043,-0.2947811354
1298,0.6395791038,0.2266201554,0.5980842208,1.196168442,75.10684219,4.793171827,-0.2570173879
1299,0.6964996317,0.1898332523,0.670130639,1.340261278,70.66685261,5.094326218,-0.3310603555
1300,0.5962580344,0.2108544457,0.5577311595,1.115462319,79.2861889,4.540513361,-0.185903468
1301,0.6566235935,0.2959769169,0.5861332683,1.172266537,72.82533855,4.943334383,-0.2952855578
1302,0.6512617491,0.2071949594,0.6174237723,1.234847545,74.24911007,4.848542961,-0.271455399
1303,0.6671951723,0.18659581,0.6405711527,1.281142305,73.05669213,4.927679991,-0.2914253324
1304,0.6906657611,0.2676874491,0.636680943,1.273361886,70.37546067,5.115419446,-0.3358550148
1305,0.6163525757,0.2103469961,0.5793484606,1.158696921,77.36319801,4.653375368,-0.2187700433
1306,0.6054022784,0.2503208651,0.5512271612,1.102454322,78.06515799,4.611532331,-0.2067991862
1307,0.6680455969,0.2442683709,0.6217860424,1.243572085,72.48017717,4.966875277,-0.3010357425
1308,0.652870769,0.2188279083,0.6151053467,1.230210693,74.01191111,4.864081938,-0.275437515
1309,0.721002655,0.2485951198,0.6767904365,1.353580873,68.26221053,5.273781748,-0.3703594868
1310,0.6132441636,0.2120084422,0.5754309903,1.150861981,77.6425864,4.636630703,-0.2140093338
1311,0.6834254042,0.243424615,0.6386037425,1.277207485,71.22638932,5.054306464,-0.3218296528
1312,0.6314331184,0.1688580224,0.6084363166,1.216872633,76.26560614,4.720345359,-0.2374213108
1313,0.7413520017,0.2115346614,0.7105321087,1.421064217,67.13680523,5.362185447,-0.3885321257
1314,0.6556436688,0.267870818,0.5984261402,1.19685228,73.27082696,4.91327879,-0.2878481729
1315,0.6561322408,0.2536282359,0.6051299326,1.210259865,73.39022239,4.905285586,-0.2858519025
1316,0.6477551953,0.1916385274,0.6187580043,1.237516009,74.67297308,4.821021384,-0.2643280108
1317,0.6290337256,0.2355802019,0.5832541439,1.166508288,75.97578646,4.738351741,-0.2423319268
1318,0.6619614755,0.2215890406,0.623771827,1.247543654,73.21135012,4.917270333,-0.2888421492
1319,0.6471465166,0.2162630077,0.6099417394,1.219883479,74.53081355,4.830216965,-0.266720099
1320,0.680037338,0.2129129143,0.6458474061,1.291694812,71.79143737,5.014525593,-0.3124768847
1321,0.6600541683,0.2297056212,0.6187946612,1.237589322,73.29794348,4.911461126,-0.2873948989
1322,0.6366889473,0.2463520713,0.5870974984,1.174194997,75.17674364,4.788715001,-0.2558381705
1323,0.6337310716,0.2217300702,0.5936757087,1.187351417,75.67381045,4.757260113,-0.2474419181
1324,0.6924897839,0.1602606145,0.6736903119,1.347380624,71.18481848,5.057258102,-0.3225165152
1325,0.6792595487,0.2525566635,0.6305621826,1.261124365,71.46647194,5.037327158,-0.3178595374
1326,0.7012582522,0.25600954,0.6528569918,1.305713984,69.6796222,5.166503328,-0.347269199
1327,0.6923744853,0.2312740571,0.6526061128,1.305212226,70.63409874,5.096688518,-0.3315997281
1328,0.6478341213,0.2209139013,0.6090041847,1.218008369,74.43037481,4.836735015,-0.2684091714
1329,0.6283111113,0.1691178979,0.6051231191,1.210246238,76.54498154,4.703116949,-0.2326819078
1330,0.6219734093,0.2196529051,0.5818964884,1.163792977,76.76562851,4.689598809,-0.2289348748
1331,0.6351562455,0.203118244,0.6018026547,1.203605309,75.69768612,4.755759634,-0.2470381461
1332,0.676703172,0.2484393003,0.6294482482,1.258896496,71.7199343,5.019524955,-0.3136621136
1333,0.6863537407,0.1794586943,0.6624771954,1.324954391,71.5451482,5.031787746,-0.3165572934
1334,0.6057037901,0.2598966785,0.5471113212,1.094222642,77.94139939,4.618854714,-0.2089120055
1335,0.6399692616,0.1962357966,0.6091405158,1.218281032,75.32150719,4.77951137,-0.2533948422
1336,0.6502057586,0.1827824068,0.6239856732,1.247971346,74.52379275,4.830672014,-0.2668381941
1337,0.7019015225,0.2571855393,0.653086017,1.306172034,69.61655403,5.171183852,-0.3483012311
1338,0.6335642546,0.1963226609,0.6023795129,1.204759026,75.8913763,4.743621971,-0.2437609864
1339,0.6743894919,0.2191465906,0.6377899017,1.275579803,72.1976178,4.986314105,-0.3057348916
1340,0.6670494503,0.2468600951,0.6196894889,1.239378978,72.5363694,4.963027554,-0.3001003522
1341,0.6768747283,0.2787631781,0.6168066863,1.233613373,71.35153358,5.04544166,-0.3197609111
1342,0.6385748023,0.1879668975,0.6102837239,1.220567448,75.50460454,4.767921138,-0.2503021987
1343,0.6871642435,0.2440554324,0.6423641051,1.28472821,70.9194211,5.076183567,-0.3268975783
1344,0.6424585337,0.1994538685,0.6107136169,1.221427234,75.07769222,4.795032843,-0.2575090266
1345,0.6142411256,0.2237435021,0.5720410874,1.144082175,77.45478423,4.647872995,-0.2172100041
1346,0.676443629,0.2637545244,0.6229041131,1.245808226,71.56991246,5.030046672,-0.3161472735
1347,0.6693205099,0.2680881833,0.6132851465,1.226570293,72.10810155,4.992504202,-0.3072220605
1348,0.6177712233,0.213207116,0.5798137719,1.159627544,77.20837958,4.662706327,-0.2214058784
1349,0.6699422176,0.1904476157,0.642302328,1.284604656,72.8002612,4.945037203,-0.2957036951
1350,0.6499466931,0.2076909749,0.6158694365,1.231738873,74.35885247,4.841387246,-0.2696114559
1351,0.7201588384,0.2518911491,0.6746699946,1.349339989,68.28937368,5.271684021,-0.3699190718
1352,0.6634098377,0.2368857928,0.6196755069,1.239351014,72.94431044,4.935271824,-0.2933010624
1353,0.6424258817,0.1997219931,0.6105916303,1.221183261,75.07851974,4.794979992,-0.2574950707
1354,0.6549421559,0.2631415724,0.5997547336,1.199509467,73.38643924,4.905538458,-0.2859151751
1355,0.6865596436,0.258535061,0.6360218286,1.272043657,70.80980951,5.084041357,-0.3287049569
1356,0.6684026372,0.2398413956,0.6238895658,1.247779132,72.49578499,4.965805944,-0.3007759596
1357,0.631280523,0.2170037502,0.5928106537,1.185621307,75.93533916,4.740875645,-0.2430167632
1358,0.7128348409,0.1710415511,0.692010331,1.384020662,69.54349198,5.176616672,-0.349496273
1359,0.7156177155,0.2723368169,0.6617713902,1.32354278,68.39289847,5.263704391,-0.3682397911
1360,0.6395903642,0.2055547832,0.6056591989,1.211318398,75.28370513,4.781911296,-0.2540330244
1361,0.6767868464,0.2320386465,0.6357660749,1.27153215,71.88045663,5.008315429,-0.3110006288
1362,0.6422357981,0.2064830137,0.6081378013,1.216275603,75.04248469,4.797282519,-0.2581027422
1363,0.7051695037,0.2519664765,0.6586174335,1.317234867,69.42241256,5.185645194,-0.3514754604
1364,0.6990356499,0.2819881085,0.6396354794,1.279270959,69.53923148,5.17693383,-0.3495659424
1365,0.7384243424,0.237086603,0.6993285724,1.398657145,67.10955643,5.36436268,-0.3889702992
1366,0.71679532,0.2615093001,0.6673892543,1.334778509,68.43285329,5.260631154,-0.3675913601
1367,0.656443967,0.2354373149,0.6127707178,1.225541436,73.55092553,4.894567912,-0.2831630163
1368,0.6640886768,0.2487714829,0.6157325068,1.231465014,72.76495999,4.947436239,-0.2962922081
1369,0.6499109292,0.2117985461,0.6144311123,1.228862225,74.32805475,4.843393268,-0.2701290337
1370,0.6440472876,0.2343628389,0.5998924641,1.199784928,74.63915749,4.823205568,-0.2648971665
1371,0.6525873601,0.2118419425,0.6172465099,1.23449302,74.09631084,4.858541484,-0.2740211428
1372,0.6802000859,0.2441859158,0.6348585633,1.269717127,71.47959372,5.036402437,-0.3176423882
1373,0.6517078136,0.2048434136,0.6186778242,1.237355648,74.22959497,4.849817652,-0.2717831966
1374,0.6166633623,0.2464760651,0.5652638779,1.130527756,77.02191844,4.673994199,-0.2245782937
1375,0.6564705964,0.2191343752,0.6188164264,1.237632853,73.7000804,4.884662242,-0.2806653621
1376,0.6535397007,0.1641072433,0.6326001527,1.265200305,74.35892117,4.841382774,-0.2696103013
1377,0.6816297144,0.2207325274,0.6449001619,1.289800324,71.592854,5.028434821,-0.3157673794
1378,0.689646333,0.1603863476,0.67073712,1.34147424,71.40889483,5.041388763,-0.31881217
1379,0.6730982882,0.2357299766,0.6304702084,1.260940417,72.14733288,4.989789444,-0.306570387
1380,0.6606036911,0.2116316381,0.6257869337,1.251573867,73.41328224,4.903744786,-0.2854662026
1381,0.6901462382,0.2504809901,0.6430871665,1.286174333,70.61307268,5.09820613,-0.3319459163
1382,0.6358191427,0.2188237845,0.5969774984,1.193954997,75.51105626,4.767513763,-0.2501931777
1383,0.6149329684,0.162138767,0.5931724672,1.186344934,77.80977001,4.626668347,-0.2111581256
1384,0.6745304075,0.2026653646,0.6433646094,1.286729219,72.32688358,4.977402346,-0.303586032
1385,0.6333832351,0.166035398,0.6112336453,1.222467291,76.10801272,4.730119565,-0.240092287
1386,0.6897021201,0.2579993399,0.6396290762,1.279258152,70.56493767,5.101683809,-0.3327382776
1387,0.6537355601,0.21731315,0.6165591434,1.233118287,73.95066447,4.868110416,-0.2764649646
1388,0.6611639348,0.2947968663,0.5918044916,1.183608983,72.45223869,4.968790565,-0.3015007059
1389,0.6843462533,0.220662162,0.6477947242,1.295589448,71.37435894,5.043828139,-0.3193834236
1390,0.6169049649,0.1716213824,0.5925519697,1.185103939,77.57318686,4.640778787,-0.2151923643
1391,0.6358123245,0.1960860887,0.604820269,1.209640538,75.69194488,4.756120358,-0.2471352426
1392,0.6955917082,0.2655249905,0.6429185826,1.285837165,70.01223011,5.141958761,-0.3418195528
1393,0.660511202,0.2032077943,0.6284756481,1.256951296,73.49060679,4.898585217,-0.2841725322
1394,0.6882671938,0.2320147453,0.6479821665,1.295964333,70.95309119,5.073774715,-0.3263421538
1395,0.657351062,0.24233492,0.6110517206,1.222103441,73.4044789,4.904332888,-0.2856134529
1396,0.6777881224,0.2374565377,0.6348315774,1.269663155,71.74506074,5.017767025,-0.3132456754
1397,0.6543924083,0.1883475524,0.626701383,1.253402766,74.12462436,4.856685658,-0.2735458599
1398,0.6213086357,0.2026392574,0.5873344466,1.174668893,76.96040571,4.677730018,-0.2256243398
1399,0.6678502618,0.1978349279,0.6378756254,1.275751251,72.91741353,4.937092288,-0.2937498238
1400,0.6915133159,0.1940781703,0.6637200689,1.327440138,71.02674405,5.068513344,-0.3251267776
1401,0.6425843472,0.1954511884,0.6121384453,1.224276891,75.09674866,4.793816063,-0.2571876313
1402,0.659090921,0.2539082663,0.6082198899,1.21643978,73.13368242,4.922492456,-0.2901396622
1403,0.6417942269,0.2728412767,0.5809108946,1.161821789,74.42684965,4.836964102,-0.2684684389
1404,0.6508722063,0.3082150376,0.5732696744,1.146539349,73.14924091,4.921445466,-0.2898797854
1405,0.6753731511,0.2004542572,0.6449395196,1.289879039,72.27561867,4.980932804,-0.3044384236
1406,0.692586113,0.1798663062,0.6688225743,1.337645149,71.04738653,5.067040711,-0.3247860511
1407,0.6755298476,0.17589006,0.6522294549,1.30445891,72.44461098,4.96931373,-0.3016276369
1408,0.6524410456,0.1674188194,0.6305951608,1.261190322,74.43254195,4.83659419,-0.2683727354
1409,0.6633023036,0.2417714014,0.6176702481,1.235340496,72.90425698,4.937983253,-0.2939693107
1410,0.6564539323,0.1932224168,0.6273729854,1.254745971,73.91265828,4.870613618,-0.2771023828
1411,0.6690938881,0.2406425265,0.6243218765,1.248643753,72.43001709,4.970314994,-0.3018704755
1412,0.6952931523,0.1703773152,0.6740950512,1.348190102,70.89952738,5.077607896,-0.3272256937
1413,0.6288862481,0.2177530231,0.5899843506,1.179968701,76.14653768,4.727726447,-0.2394395127
1414,0.6400260048,0.1967221435,0.6090432539,1.218086508,75.31287062,4.780059465,-0.2535406563
1415,0.6665027702,0.2127798277,0.631625433,1.263250866,72.90724406,4.937780939,-0.2939194794
1416,0.6459176773,0.2091557362,0.6111166205,1.222233241,74.69763993,4.819429373,-0.2639127808
1417,0.6707202704,0.2753571306,0.6115914745,1.223182949,71.9028123,5.006758268,-0.3106297742
1418,0.7347692748,0.3220128207,0.6604495669,1.320899134,66.30226968,5.429678377,-0.4019115039
1419,0.6342989655,0.1751102395,0.6096487363,1.219297473,75.97056821,4.738677208,-0.2424202868
1420,0.6537685123,0.1992439385,0.622667745,1.24533549,74.09645141,4.858532266,-0.2740187831
1421,0.6464329604,0.2168476971,0.6089767225,1.217953445,74.5881567,4.826503508,-0.2657553947
1422,0.6145297308,0.2343725189,0.5680812551,1.13616251,77.33608059,4.655007046,-0.2192318423
1423,0.6738470369,0.2520350182,0.62493854,1.24987708,71.91586987,5.005849205,-0.3104131424
1424,0.6471510988,0.2217483927,0.607973844,1.215947688,74.48263282,4.833341497,-0.2675304542
1425,0.6188904997,0.2245959159,0.5766993369,1.153398674,77.01094978,4.674659915,-0.2247648386
1426,0.6353739519,0.1894888308,0.6064602557,1.212920511,75.77851275,4.750687061,-0.2456709332
1427,0.6813987666,0.2479635,0.6346797474,1.269359495,71.34236825,5.046089846,-0.3199124736
1428,0.707513417,0.1961041873,0.6797928971,1.359585794,69.76584836,5.160117858,-0.3458575344
1429,0.7101903567,0.268915722,0.657308662,1.314617324,68.84417733,5.229200406,-0.3609056039
1430,0.6578611235,0.2363959334,0.6139203698,1.22784074,73.42026009,4.903278735,-0.2853494817
1431,0.6503632723,0.2583804764,0.5968349146,1.193669829,73.83755912,4.875567453,-0.2783615446
1432,0.7237038255,0.2829388548,0.6661027185,1.332205437,67.65888226,5.320809153,-0.3801200292
1433,0.6650195337,0.265926937,0.6095357614,1.219071523,72.49443478,4.965898432,-0.300798434
1434,0.622285077,0.1836541377,0.5945669641,1.189133928,77.00255097,4.67516979,-0.2249076725
1435,0.6616268014,0.2205046526,0.623801028,1.247602056,73.24939155,4.914716592,-0.288206437
1436,0.6527006446,0.1790391454,0.6276648117,1.255329623,74.33473331,4.842958116,-0.2700168024
1437,0.6754324339,0.2101548286,0.6419064735,1.283812947,72.19066659,4.986794235,-0.3058504016
1438,0.591143937,0.2025370534,0.5553646516,1.110729303,79.84744692,4.508597505,-0.1762696624
1439,0.6181025099,0.2281530019,0.5744535843,1.148907169,77.0542088,4.672035514,-0.2240290808
1440,0.6968560559,0.2206262704,0.6610086319,1.322017264,70.38201865,5.114942807,-0.3357472027
1441,0.6462975351,0.2317649186,0.6033121302,1.20662426,74.46585613,4.834430418,-0.2678125781
1442,0.686778262,0.1811416584,0.6624591163,1.324918233,71.4993263,5.035012477,-0.317315807
1443,0.6693183265,0.3156817437,0.5901966274,1.180393255,71.45548664,5.038101578,-0.3180413177
1444,0.6689063299,0.2400506385,0.6243487561,1.248697512,72.45166063,4.968830209,-0.3015103254
1445,0.6384807055,0.2046255611,0.6048024397,1.209604879,75.38949874,4.77520087,-0.2522467172
1446,0.641594702,0.2348802656,0.5970552926,1.194110585,74.85118142,4.809543326,-0.2613270401
1447,0.6601623551,0.2428889778,0.6138560739,1.227712148,73.15892744,4.920793847,-0.2897179784
1448,0.637097174,0.2513272884,0.585429247,1.170858494,75.08883798,4.794321096,-0.2573210519
1449,0.6535270849,0.202223487,0.6214525822,1.242905164,74.09384099,4.858703438,-0.2740625994
1450,0.6554026304,0.1862920146,0.6283692332,1.256738466,74.05304108,4.861380367,-0.274747358
1451,0.6645869542,0.2235141557,0.6258731835,1.251746367,72.97261212,4.933357729,-0.2928287933
1452,0.6721859896,0.2713909782,0.6149641791,1.229928358,71.82993183,5.011838252,-0.311838602
1453,0.6807998722,0.2780947525,0.6214111156,1.242822231,71.03962022,5.067594659,-0.3249142474
1454,0.6759890091,0.122438527,0.6648082035,1.329616407,72.70813604,4.951302833,-0.2972392944
1455,0.674154269,0.1714388093,0.6519913443,1.303982689,72.58701564,4.959564694,-0.2992570343
1456,0.7106245222,0.1984449765,0.6823538692,1.364707738,69.50990523,5.179117981,-0.3500454452
1457,0.6819877107,0.2626790959,0.6293702647,1.258740529,71.13051082,5.061119284,-0.3234135683
1458,0.635419551,0.211644155,0.5991366768,1.198273354,75.60665235,4.761485779,-0.2485774277
1459,0.6696238279,0.1895317482,0.6422412221,1.284482444,72.83344955,4.942783875,-0.2951503036
1460,0.6431773677,0.1976466581,0.6120563086,1.224112617,75.02820331,4.798195666,-0.2583435458
1461,0.6344514802,0.2195273078,0.5952616583,1.190523317,75.62786434,4.760150285,-0.248218812
1462,0.6365992823,0.2617778073,0.5802852969,1.160570594,75.02103659,4.798654036,-0.2584643806
1463,0.7032894095,0.2639047048,0.6518974615,1.303794923,69.43205492,5.184925038,-0.3513179018
1464,0.6238113433,0.195196243,0.5924854587,1.184970917,76.78401689,4.688475735,-0.2286224487
1465,0.6974916199,0.2333510368,0.6572989072,1.314597814,70.21139121,5.12737312,-0.3385508532
1466,0.6418198922,0.2445447984,0.593405945,1.18681189,74.73636299,4.816932288,-0.2632608367
1467,0.6907718389,0.1601110074,0.6719599681,1.343919936,71.32143604,5.047570828,-0.3202585888
1468,0.6082629555,0.2022020416,0.5736707744,1.147341549,78.18681769,4.604356727,-0.2047212591
1469,0.6751191111,0.2498899455,0.6271689001,1.2543378,71.83437183,5.011528477,-0.3117649727
1470,0.6569020778,0.1818477345,0.6312303393,1.262460679,73.95656762,4.867721848,-0.2763659495
1471,0.704982259,0.2385821913,0.6633841447,1.326768289,69.57802722,5.174047244,-0.3489314668
1472,0.6521845723,0.2557196904,0.5999601289,1.199920258,73.70843757,4.884108412,-0.2805253617
1473,0.6806007488,0.235540437,0.6385437196,1.277087439,71.53521924,5.032486149,-0.3167216699
1474,0.6773941973,0.2476733353,0.6304925197,1.260985039,71.67154458,5.022913935,-0.3144639406
1475,0.6707015443,0.2437079318,0.6248575882,1.249715176,72.26479994,4.981678497,-0.3046182776
1476,0.6825266992,0.2035112434,0.6514797533,1.302959507,71.66937571,5.023065939,-0.314499874
1477,0.6908169991,0.2078684325,0.6588010633,1.317602127,70.97009218,5.072559284,-0.3260616612
1478,0.6617698924,0.2234275699,0.6229121219,1.245824244,73.21086367,4.917303006,-0.2888502774
1479,0.6906494193,0.2674636565,0.6367572636,1.273514527,70.37943528,5.115130557,-0.3357896733
1480,0.66459373,0.1784067148,0.6401998673,1.280399735,73.3315619,4.909209495,-0.286832851
1481,0.7179451964,0.2563947264,0.6706020052,1.34120401,68.4047872,5.262789561,-0.3680468664
1482,0.6272970348,0.2007549271,0.5943055015,1.188611003,76.42514572,4.710491509,-0.2347155204
1483,0.6781989904,0.265605003,0.6240255227,1.248051045,71.40444718,5.041702782,-0.3188857444
1484,0.7110779962,0.2665034544,0.6592479241,1.318495848,68.80555288,5.232135852,-0.3615342113
1485,0.6569343747,0.2666347641,0.6003904357,1.200780871,73.17427203,4.91976196,-0.2894616405
1486,0.6737160478,0.2501113233,0.6255698514,1.251139703,71.94754682,5.003645237,-0.3098875386
1487,0.6876489336,0.2487752166,0.641070938,1.282141876,70.83057119,5.082551135,-0.328362711
1488,0.6843277975,0.2320522619,0.6437827911,1.287565582,71.2683787,5.051328606,-0.3211357031
1489,0.6913555604,0.2476284525,0.6454863751,1.29097275,70.54782719,5.102921158,-0.3330198807
1490,0.6495795859,0.1603086078,0.6294877193,1.258975439,74.72157198,4.817885792,-0.2635098734
1491,0.653666283,0.1947618386,0.6239771116,1.247954223,74.13949649,4.855711423,-0.2732961832
1492,0.6851083558,0.1920260307,0.6576469134,1.315293827,71.55267727,5.03125828,-0.3164326414
1493,0.6211078748,0.2137998103,0.5831506094,1.166301219,76.89332724,4.681810671,-0.2267647368
1494,0.6730557125,0.2242636442,0.634594209,1.269188418,72.26074665,4.981957933,-0.3046856581
1495,0.6894108862,0.2840499138,0.628174352,1.256348704,70.27022294,5.123080374,-0.3375845024
1496,0.650369667,0.1775437548,0.6256667795,1.251333559,74.54525312,4.829281342,-0.2664772022
1497,0.6392239773,0.2359770065,0.5940725086,1.188145017,75.05165995,4.796696039,-0.2579480263
1498,0.6854375001,0.2153338983,0.650734876,1.301469752,71.33453171,5.04664419,-0.3200420563
1499,0.6975042766,0.2298480295,0.658545442,1.317090884,70.24458669,5.124950078,-0.3380056389
1500,0.7056376688,0.3077333474,0.6349997689,1.269999538,68.67271278,5.242256865,-0.3636949089
1501,0.6468878719,0.2316918846,0.6039725072,1.207945014,74.41480651,4.837746907,-0.2686709089
1502,0.6566866563,0.2429584933,0.6100889567,1.220177913,73.455047,4.900956635,-0.284767526
1503,0.6978931817,0.2845312474,0.6372572968,1.274514594,69.59517975,5.172772041,-0.3486508988
1504,0.6736627255,0.3043544028,0.6009907363,1.201981473,71.26602121,5.051495704,-0.3211746694
1505,0.7131141535,0.2967314357,0.6484460278,1.296892056,68.26310723,5.273712472,-0.3703449493
1506,0.6658949938,0.1897792813,0.6382789101,1.27655782,73.14174172,4.921950059,-0.2900050486
1507,0.6570336706,0.2349582039,0.6135860875,1.227172175,73.50508524,4.897620332,-0.2839302443
1508,0.6551199292,0.213543613,0.6193393633,1.238678727,73.86422524,4.873807297,-0.2779144975
1509,0.6358829488,0.2350716707,0.5908370623,1.181674125,75.35954172,4.777099114,-0.252752624
1510,0.700588185,0.2413414454,0.6577067065,1.315413413,69.88945024,5.150992014,-0.3438326024
1511,0.6657460958,0.2732081381,0.6071039263,1.214207853,72.3457252,4.976106038,-0.3032726876
1512,0.6470606753,0.2268863522,0.6059786305,1.211957261,74.44428328,4.835831364,-0.2681753225
1513,0.6654286737,0.2498199361,0.6167538563,1.233507713,72.6409195,4.955884403,-0.2983592167
1514,0.6599182293,0.2511590418,0.6102550328,1.220510066,73.09291644,4.925237869,-0.2908204836
1515,0.6776595029,0.2451108527,0.6317777075,1.263555415,71.676958,5.022534578,-0.3143742504
1516,0.627273122,0.2312778038,0.5830798805,1.166159761,76.17651769,4.725865804,-0.2389314507
1517,0.6393820575,0.247674202,0.5894632347,1.178926469,74.92174456,4.80501358,-0.2601380794
1518,0.6850587049,0.238809818,0.6420866764,1.284173353,71.14234049,5.060277713,-0.3232181908
1519,0.6135870286,0.2253737412,0.5706975718,1.141395144,77.50302048,4.644980257,-0.2163881459
1520,0.6658658397,0.2166920176,0.62962043,1.25924086,72.92654134,4.93647434,-0.2935975382
1521,0.667242685,0.1982898991,0.6370980432,1.274196086,72.96444555,4.933909897,-0.2929650759
1522,0.6683520326,0.2415782186,0.6231648288,1.246329658,72.48232885,4.966727831,-0.3009999303
1523,0.6669463878,0.2339324634,0.6245743245,1.249148649,72.67623356,4.953476293,-0.2977708858
1524,0.7000316015,0.2684453783,0.6465147499,1.2930295,69.63055913,5.170143748,-0.3480720914
1525,0.6414532603,0.1436862664,0.6251532148,1.25030643,75.5183276,4.76705472,-0.2500703032
1526,0.6832536961,0.2929425361,0.6172684049,1.23453681,70.64451527,5.095937011,-0.3314282061
1527,0.6614257185,0.2184718703,0.6243028295,1.248605659,73.28449584,4.912362375,-0.2876196948
1528,0.6884473558,0.1811194649,0.6641953788,1.328390758,71.36642969,5.044388539,-0.3195145639
1529,0.603823236,0.1701777774,0.5793462043,1.158692409,78.81057689,4.567914793,-0.1940532621
1530,0.6670325205,0.1678728259,0.6455626211,1.291125242,73.19792288,4.918172344,-0.289066502
1531,0.6283866406,0.184225932,0.6007749796,1.201549959,76.4426228,4.709414549,-0.2344189984
1532,0.6860088987,0.2286954367,0.6467662686,1.293532537,71.16578993,5.058610329,-0.3228308615
1533,0.6773136747,0.2499639332,0.6295012678,1.259002536,71.65356114,5.024174574,-0.3147618725
1534,0.7035883527,0.3130406974,0.6301127612,1.260225522,68.75006962,5.236358334,-0.3624369059
1535,0.6659591138,0.1928356517,0.6374291746,1.274858349,73.11351701,4.923850127,-0.2904764576
1536,0.6694457153,0.2734978408,0.6110290474,1.222058095,72.03204956,4.997775327,-0.3084849533
1537,0.6550669683,0.2339709649,0.6118580885,1.223716177,73.68336018,4.88577067,-0.2809454434
1538,0.6966532993,0.2054539278,0.6656684632,1.331336926,70.53057909,5.104169066,-0.3333037185
1539,0.6258050024,0.2356795679,0.5797301461,1.159460292,76.27118451,4.72000012,-0.2373267326
1540,0.7368682944,0.2193406821,0.7034660961,1.406932192,67.38957332,5.342072701,-0.3844633219
1541,0.669386714,0.2514670389,0.6203570756,1.240714151,72.29183814,4.979815277,-0.3041687657
1542,0.6086212854,0.179133394,0.5816623559,1.163324712,78.30345834,4.597498088,-0.2027281897
1543,0.6812690046,0.2504074666,0.6335799533,1.267159907,71.32657835,5.047206923,-0.3201735645
1544,0.6433982894,0.2429273546,0.5957748393,1.191549679,74.61272721,4.824914106,-0.2653419547
1545,0.6828385701,0.2494484906,0.635644526,1.271289052,71.20989854,5.05547694,-0.3221021453
1546,0.6218405993,0.249272325,0.5696920563,1.139384113,76.50810508,4.705383823,-0.2333078097
1547,0.712098588,0.1846478841,0.687742363,1.375484726,69.50379607,5.179573208,-0.3501453223
1548,0.6830470245,0.2632775034,0.6302683507,1.260536701,71.03784521,5.067721282,-0.3249435463
1549,0.7007635273,0.2372510849,0.6593795902,1.31875918,69.91756146,5.148920993,-0.343371841
1550,0.6526976677,0.2483118778,0.6036186352,1.20723727,73.74339859,4.881792905,-0.2799396256
1551,0.6441559378,0.2600020829,0.5893520077,1.178704015,74.3651182,4.840979329,-0.2695061463
1552,0.6553522755,0.2381140582,0.6105639199,1.22112784,73.61832119,4.890087062,-0.2820346872
1553,0.6946661924,0.2092482643,0.6624019043,1.324803809,70.65445639,5.09522001,-0.3312645024
1554,0.6580973704,0.2372279512,0.6138526274,1.227705255,73.39187985,4.905174806,-0.2858241812
1555,0.6685969508,0.2314016484,0.6272759837,1.254551967,72.56295377,4.961209285,-0.2996577212
1556,0.6766910874,0.2077050972,0.644025947,1.288051894,72.10836946,4.992485653,-0.3072176107
1557,0.6586444869,0.2217078832,0.6202081705,1.240416341,73.49163222,4.898516867,-0.2841553729
1558,0.6406437883,0.2587098135,0.5860833524,1.172166705,74.69179617,4.819806438,-0.2640111563
1559,0.6987045456,0.268246705,0.6451602493,1.290320499,69.73625429,5.162307664,-0.3463421266
1560,0.7238228534,0.2142289342,0.6913938724,1.382787745,68.38729767,5.264135479,-0.3683306727
1561,0.6515728705,0.1891760169,0.6235059264,1.247011853,74.36068947,4.841267645,-0.2695805813
1562,0.6595178173,0.2577022825,0.6070858959,1.214171792,73.05534441,4.927770896,-0.2914478333
1563,0.6780253945,0.2639625718,0.624533583,1.249067166,71.43794399,5.039338759,-0.318331582
1564,0.6345417439,0.2482256238,0.5839753971,1.167950794,75.35140405,4.777615023,-0.252890039
1565,0.6801537288,0.2684773606,0.6249231966,1.249846393,71.21085557,5.055408998,-0.322086332
1566,0.6712679097,0.2482288521,0.6236850516,1.247370103,72.17025317,4.988204755,-0.3061895905
1567,0.6512981627,0.1950557782,0.6214036853,1.242807371,74.34097417,4.842551554,-0.2699119231
1568,0.6798517326,0.2120654391,0.6459308228,1.291861646,71.81383929,5.01296134,-0.3121054521
1569,0.6556910036,0.2246487866,0.6160061809,1.232012362,73.71732024,4.883519895,-0.2803765515
1570,0.6489716826,0.2040624564,0.6160541849,1.23210837,74.47260094,4.833992575,-0.2676991572
1571,0.6504166837,0.2305974725,0.608166645,1.21633329,74.11733914,4.857163036,-0.2736681591
1572,0.7095266305,0.2991786823,0.6433662685,1.286732537,68.50005192,5.255470469,-0.3665003836
1573,0.6653134468,0.1856111302,0.638897872,1.277795744,73.22076754,4.91663789,-0.2886847861
1574,0.6944484822,0.2848355111,0.6333462134,1.266692427,69.86116478,5.153077552,-0.344296136
1575,0.6285761624,0.2263100037,0.5864228629,1.172845726,76.10156464,4.730520347,-0.240201534
1576,0.6321884995,0.2454922062,0.5825769268,1.165153854,75.59243742,4.762381163,-0.2488177302
1577,0.6620345429,0.1553981648,0.6435379914,1.287075983,73.69130162,4.885244148,-0.2808124189
1578,0.639120403,0.2130937822,0.6025495246,1.205099049,75.26451009,4.783130848,-0.2543570367
1579,0.6802131992,0.2983909744,0.6112714805,1.222542961,70.81481889,5.083681716,-0.3286223837
1580,0.6656691619,0.2154843973,0.629826887,1.259653774,72.95358656,4.934644299,-0.2931462799
1581,0.6590524098,0.2285809953,0.6181430315,1.236286063,73.3937318,4.905051033,-0.2857932069
1582,0.6987404466,0.2344739011,0.6582250385,1.316450077,70.10276494,5.135318133,-0.340334174
1583,0.7037881529,0.26447831,0.6522031797,1.304406359,69.38686117,5.188302136,-0.3520562925
1584,0.6928464839,0.2552991185,0.6440951874,1.288190375,70.34599805,5.117561908,-0.3363393208
1585,0.6893871096,0.2791865693,0.6303248737,1.260649747,70.33500651,5.118361651,-0.336519977
1586,0.6614365803,0.164341419,0.6406951285,1.281390257,73.68797423,4.885464742,-0.2808681555
1587,0.6119322077,0.1741280948,0.5866348383,1.173269677,78.02168671,4.614101735,-0.2075414426
1588,0.617523907,0.2180889162,0.5777309066,1.155461813,77.19259397,4.663659834,-0.2216745431
1589,0.6259125523,0.2192727381,0.5862473791,1.172494758,76.40569171,4.71169087,-0.2350455583
1590,0.668979325,0.218686414,0.6322259007,1.264451801,72.64905143,4.955329669,-0.298223749
1591,0.6961180198,0.221956876,0.659784391,1.319568782,70.42762262,5.11163073,-0.3349973595
1592,0.6459592776,0.2066976736,0.6119962909,1.223992582,74.71392436,4.818378945,-0.2636386298
1593,0.6922588226,0.2458073647,0.6471483732,1.294296746,70.49567172,5.1066965,-0.3338780681
1594,0.6052514319,0.2398246634,0.5557098403,1.111419681,78.17674023,4.604950257,-0.2048934156
1595,0.6405300797,0.1736430515,0.6165442999,1.2330886,75.42776281,4.772778438,-0.2516004228
1596,0.687453616,0.2496090962,0.6405370975,1.281074195,70.83719512,5.08207587,-0.3282535098
1597,0.6222822518,0.2091457228,0.586082987,1.172165974,76.82125154,4.686203268,-0.2279897449
1598,0.6510371871,0.2212728981,0.6122807554,1.224561511,74.1487715,4.855104039,-0.273140463
1599,0.7231129869,0.2989054474,0.6584435628,1.316887126,67.48840403,5.334249716,-0.3828704066
1600,0.6826721605,0.1613410504,0.6633327552,1.32666551,71.96005456,5.002775529,-0.3096799763
1601,0.6582851704,0.1971739551,0.6280619372,1.256123874,73.72679544,4.882892276,-0.2802178074
1602,0.647938013,0.2008835673,0.6160109261,1.232021852,74.58737963,4.826553792,-0.2657684694
1603,0.6560623493,0.2378380671,0.6114334469,1.222866894,73.56006685,4.893959664,-0.2830099965
1604,0.6757072299,0.3147711647,0.597912514,1.195825028,70.93984154,5.074722359,-0.3265607345
1605,0.6807093708,0.2577567449,0.6300211965,1.260042393,71.29063041,5.049751951,-0.3207678839
1606,0.662188896,0.2759155797,0.6019673802,1.20393476,72.6130887,4.957783871,-0.2988227969
1607,0.6541177889,0.2537775187,0.6028822876,1.205764575,73.56220912,4.893817142,-0.2829741352
1608,0.6862250652,0.2052394238,0.6548141866,1.309628373,71.3579199,5.044990108,-0.3196552987
1609,0.6799618167,0.2489241361,0.6327597069,1.265519414,71.44874263,5.038577122,-0.3181529091
1610,0.6785453214,0.1795429937,0.6543608077,1.308721615,72.17369168,4.987967106,-0.3061324589
1611,0.6561860349,0.2373487757,0.6117562186,1.223512437,73.55428896,4.894344098,-0.2831067155
1612,0.6810413795,0.193139945,0.6530806399,1.30616128,71.87165163,5.008928998,-0.3111466806
1613,0.6235200095,0.2350364795,0.5775249394,1.155049879,76.48820664,4.706607931,-0.2336455047
1614,0.6738212427,0.2318720438,0.6326692836,1.265338567,72.12555236,4.991296264,-0.3069322021
1615,0.6410264976,0.282547139,0.5753973278,1.150794656,74.37587913,4.840278921,-0.2693252772
1616,0.7061093103,0.2168296566,0.6719934956,1.343986991,69.6990688,5.165061832,-0.3469508945
1617,0.6316319144,0.1917901539,0.601810113,1.203620226,76.09767388,4.730762212,-0.2402674519
1618,0.6695330849,0.2607486093,0.616672291,1.233344582,72.1761884,4.987794562,-0.3060909747
1619,0.7065030587,0.2133168602,0.6735298725,1.347059745,69.69997704,5.164994528,-0.3469360274
1620,0.6797435854,0.2947696268,0.6125048645,1.225009729,70.90396632,5.077290012,-0.3271524838
1621,0.6756251603,0.1604246889,0.6563027323,1.312605465,72.53670122,4.963004851,-0.3000948277
1622,0.6500678023,0.2087229169,0.6156483506,1.231296701,74.33992473,4.842619915,-0.2699295594
1623,0.6306810182,0.245840054,0.5807936076,1.161587215,75.72630022,4.753962612,-0.2465541838
1624,0.6746406996,0.1924660289,0.6466041302,1.29320826,72.39797432,4.972514817,-0.3024035904
1625,0.6421514464,0.2138406794,0.6055003253,1.211000651,74.98983365,4.800650735,-0.2589904313
1626,0.6881395454,0.2502610153,0.6410190778,1.282038156,70.77532596,5.086518431,-0.3292733055
1627,0.6566713124,0.2186831381,0.6191889031,1.238377806,73.68689829,4.885536077,-0.2808861783
1628,0.6672166607,0.218520974,0.6304178426,1.260835685,72.79741639,4.945230447,-0.2957511256
1629,0.6147999027,0.2318607766,0.5694027578,1.138805516,77.33270974,4.655209952,-0.2192892431
1630,0.6951084201,0.1872964718,0.6693995424,1.338799085,70.79495195,5.085108332,-0.3289498498
1631,0.700379889,0.26511158,0.6482652536,1.296530507,69.64315893,5.169208369,-0.3478659264
1632,0.6650620024,0.2443274127,0.6185560463,1.237112093,72.72966643,4.949837084,-0.2968804812
1633,0.6485517803,0.2113637139,0.61314337,1.22628674,74.44970975,4.835478892,-0.2680840808
1634,0.6683160875,0.1957668357,0.6390005781,1.278001156,72.89474576,4.938627555,-0.2941279739
1635,0.669046013,0.1982628615,0.6389948398,1.27798968,72.8146787,4.944058072,-0.295463306
1636,0.6659352161,0.2549326349,0.6152065212,1.230413042,72.54271793,4.962593218,-0.2999946546
1637,0.6225132017,0.2149549347,0.5842234695,1.168446939,76.7540588,4.690305707,-0.2291314368
1638,0.69642832,0.2532454919,0.6487519755,1.297503951,70.08692437,5.136478783,-0.3405941271
1639,0.6420194951,0.2123937765,0.6058695535,1.211739107,75.0135204,4.799134851,-0.2585911031
1640,0.6654395789,0.2000137948,0.6346686656,1.269337331,73.10142575,4.924664551,-0.2906783842
1641,0.6428739389,0.2068321908,0.6086931461,1.217386292,74.98348477,4.801057208,-0.2590974578
1642,0.6968036561,0.2417156377,0.6535356805,1.307071361,70.18075388,5.129611469,-0.3390539507
1643,0.6705443893,0.2154502733,0.634988943,1.269977886,72.54773471,4.962250048,-0.2999111271
1644,0.6102737773,0.2335829095,0.5638023658,1.127604732,77.74800178,4.630344083,-0.2122117534
1645,0.6784106724,0.2212055736,0.6413338714,1.282667743,71.84990454,5.01044507,-0.3115073759
1646,0.6801157872,0.2306460419,0.6398123844,1.279624769,71.62256026,5.026349221,-0.3152753917
1647,0.6972987351,0.2983953432,0.630226741,1.260453482,69.45268308,5.183385062,-0.3509807994
1648,0.7015490915,0.2454321098,0.6572170169,1.314434034,69.77218208,5.159649437,-0.3457538101
1649,0.6563003208,0.259306707,0.602901437,1.205802874,73.31299058,4.910453075,-0.2871433469
1650,0.6861919375,0.2670817689,0.6320812478,1.264162496,70.73976236,5.08907562,-0.3298593303
1651,0.6360464512,0.2712123761,0.5753250691,1.150650138,74.96309956,4.802362791,-0.2594410807
1652,0.6792898369,0.2251054783,0.6409073304,1.281814661,71.74232918,5.017958075,-0.3132909504
1653,0.642980564,0.2522003047,0.5914549957,1.182909991,74.554075,4.8287099,-0.2663287955
1654,0.6202146431,0.2251871708,0.5778900775,1.155780155,76.88241612,4.682475112,-0.2269502067
1655,0.6330561733,0.2130642025,0.5961239504,1.192247901,75.80744622,4.748873863,-0.2451813937
1656,0.6673604371,0.2581853954,0.6153943895,1.230788779,72.3868593,4.973278348,-0.3025884957
1657,0.6597751849,0.2485174992,0.6111811084,1.222362217,73.13328177,4.922519423,-0.2901463541
1658,0.6623440493,0.146829332,0.6458643719,1.291728744,73.71342973,4.883777642,-0.2804417296
1659,0.6281524779,0.223598283,0.5870088103,1.174017621,76.16388939,4.726649373,-0.2391454667
1660,0.720568535,0.2147156787,0.6878344212,1.375668842,68.62458028,5.245933724,-0.3644773215
1661,0.7055848219,0.23225781,0.666262899,1.332525798,69.5947882,5.172801144,-0.348657304
1662,0.6302476822,0.2382520944,0.5834792888,1.166958578,75.83976609,4.746850084,-0.2446344841
1663,0.6776655219,0.236400533,0.6350947548,1.27018951,71.76564721,5.016327644,-0.3129044364
1664,0.6511227241,0.2514129858,0.6006265998,1.2012532,73.84728164,4.874925549,-0.2781985572
1665,0.6732841854,0.2649421378,0.6189646662,1.237929332,71.81617703,5.012798159,-0.3120666887
1666,0.6478335805,0.2479401389,0.5985098458,1.197019692,74.1710092,4.853648398,-0.2727670799
1667,0.6870889956,0.2432501192,0.6425890346,1.285178069,70.9338534,5.07515076,-0.3266595157
1668,0.6939939832,0.2402328922,0.6510881708,1.302176342,70.41674745,5.112420171,-0.3351761938
1669,0.7136376314,0.2012407887,0.6846756998,1.3693514,69.25891001,5.197887174,-0.3541456117
1670,0.6522136391,0.2169300472,0.6150804708,1.230160942,74.08515138,4.859273327,-0.2742084517
1671,0.6510817145,0.2632927731,0.5954698268,1.190939654,73.71951726,4.883374354,-0.2803397441
1672,0.647070103,0.2357621249,0.602591021,1.205182042,74.3600255,4.841310873,-0.2695917407
1673,0.673434065,0.1776273481,0.6495859952,1.29917199,72.60437503,4.958378884,-0.2989679269
1674,0.6665931986,0.2342321682,0.6240847569,1.248169514,72.70286753,4.951661636,-0.29732709
1675,0.6435063001,0.1906469641,0.6146170299,1.22923406,75.05096152,4.796740677,-0.2579598036
1676,0.6619269291,0.2579802608,0.6095846491,1.219169298,72.84724793,4.941847636,-0.2949201965
1677,0.6200300119,0.2042835131,0.5854105072,1.170821014,77.06649744,4.671290534,-0.2238200499
1678,0.6831867936,0.2169182815,0.6478353603,1.295670721,71.50147021,5.034861506,-0.3172803222
1679,0.6199913487,0.1774630699,0.5940506134,1.188101227,77.25281292,4.660024488,-0.2206495505
1680,0.6315656004,0.213389813,0.594424003,1.188848006,75.93934608,4.740625494,-0.2429489252
1681,0.6489666543,0.2300635496,0.6068183266,1.213636653,74.24849123,4.848583372,-0.271465794
1682,0.6697347675,0.2220391772,0.6318569954,1.263713991,72.55602756,4.961682883,-0.2997730491
1683,0.6479797518,0.2089369405,0.6133702908,1.226740582,74.51950778,4.830949784,-0.2669102685
1684,0.6466919825,0.1736660187,0.6229371029,1.245874206,74.88892445,4.807119379,-0.2606911342
1685,0.6852165307,0.238263269,0.6424580209,1.284916042,71.13519831,5.060785779,-0.323336152
1686,0.6712345804,0.2164343877,0.6353833628,1.270766726,72.48193605,4.966754748,-0.301006468
1687,0.6625174719,0.2073036231,0.6292492419,1.258498484,73.28783964,4.912138245,-0.2875638
1688,0.7065360339,0.2045656155,0.6762736695,1.352547339,69.77217837,5.159649712,-0.3457538709
1689,0.6735116932,0.2200508851,0.6365497693,1.273099539,72.26169113,4.981892817,-0.3046699576
1690,0.6872499282,0.2863916105,0.6247337907,1.249467581,70.41182165,5.11277782,-0.3352571909
1691,0.6973954292,0.2492024047,0.6513513232,1.302702646,70.0553322,5.138795131,-0.3411124956
1692,0.6361983096,0.2219170546,0.5962391383,1.192478277,75.45043927,4.771343991,-0.251217356
1693,0.6829133455,0.2370627243,0.6404466428,1.280893286,71.3328024,5.046766535,-0.3200706509
1694,0.6188175401,0.175469862,0.5934184657,1.186836931,77.37329783,4.652767945,-0.2185980346
1695,0.6847620194,0.2093109739,0.6519876835,1.303975367,71.44098468,5.039124273,-0.3182812724
1696,0.7017085249,0.2967181755,0.6358877088,1.271775418,69.13358937,5.207309547,-0.3561902652
1697,0.6650060304,0.1838796472,0.6390784739,1.278156948,73.25885979,4.914081396,-0.288048193
1698,0.7109513874,0.2969882372,0.6459488077,1.291897615,68.42280436,5.261403758,-0.3677544621
1699,0.7104570539,0.2108379415,0.6784516105,1.356903221,69.41953532,5.185860124,-0.3515224732
1700,0.6547908515,0.2601326399,0.6009010475,1.201802095,73.43374773,4.902378145,-0.2851238573
1701,0.6747405839,0.1624332837,0.6548971553,1.309794311,72.59661213,4.958909093,-0.2990972155
1702,0.6978905179,0.2475516129,0.6525100565,1.305020113,70.03436113,5.14033389,-0.3414565342
1703,0.693570868,0.2427949873,0.6496854185,1.299370837,70.42364162,5.111919686,-0.3350628255
1704,0.6778798353,0.2821206529,0.6163838158,1.232767632,71.2260852,5.054328045,-0.3218346783
1705,0.6972828636,0.2155916798,0.6631165957,1.326233191,70.39400427,5.114071912,-0.3355501497
1706,0.6522778269,0.2042916881,0.6194604666,1.238920933,74.18486753,4.852741697,-0.2725343702
1707,0.6729619068,0.2478610308,0.625653768,1.251307536,72.03392682,4.997645081,-0.3084537867
1708,0.6765891697,0.2212876797,0.6393783445,1.278756689,71.99786934,5.000147967,-0.3090523612
1709,0.6639723722,0.2588122093,0.611453638,1.222907276,72.66475394,4.954258846,-0.2979621482
1710,0.6360658334,0.2179228666,0.5975695513,1.195139103,75.49660739,4.768426191,-0.2504373298
1711,0.7233409599,0.240542619,0.6821740194,1.364348039,68.1730696,5.280677577,-0.3718042053
1712,0.6747860837,0.2027103022,0.6436185145,1.287237029,72.30554339,4.978871372,-0.3039408892
1713,0.7132303976,0.3074736563,0.6435507367,1.287101473,68.10062369,5.286295198,-0.3729776827
1714,0.6902797923,0.2648595152,0.6374446085,1.274889217,70.43970478,5.110753958,-0.3347986632
1715,0.6953684934,0.2360975371,0.6540606199,1.30812124,70.3505063,5.117233961,-0.3362652202
1716,0.6333685216,0.2198685818,0.5939810526,1.187962105,75.72248202,4.754202324,-0.2466187663
1717,0.6627933166,0.2531719385,0.6125348563,1.225069713,72.82699727,4.943221793,-0.2952578984
1718,0.6008849849,0.2290458466,0.5555184652,1.11103693,78.69412651,4.574674324,-0.1960466677
1719,0.6620972718,0.1824455953,0.6364639833,1.272927967,73.51294655,4.897096592,-0.2837986826
1720,0.6700795081,0.2292587859,0.6296403388,1.259280678,72.46013789,4.968248895,-0.3013692515
1721,0.6419005028,0.224740157,0.6012720826,1.202544165,74.91771334,4.805272131,-0.2602060145
1722,0.691926158,0.2479176599,0.6459865649,1.29197313,70.49952966,5.106417046,-0.3338145973
1723,0.606885209,0.1829484087,0.5786532093,1.157306419,78.44473786,4.589217962,-0.2003129851
1724,0.6581624972,0.2368620109,0.6140637268,1.228127454,73.38992974,4.905305146,-0.285856797
1725,0.6517592588,0.2396742245,0.6060910803,1.212182161,73.91300918,4.870590495,-0.2770964984
1726,0.6247900304,0.2388102413,0.5773493316,1.154698663,76.33560236,4.716017021,-0.2362344007
1727,0.6473737735,0.2080988911,0.6130152152,1.22603043,74.57912789,4.827087822,-0.2659073073
1728,0.6762380608,0.1745392737,0.6533253071,1.306650614,72.39594277,4.972654353,-0.3024373873
1729,0.7310070425,0.221270077,0.696714324,1.393428648,67.79665521,5.309996472,-0.3778948362
1730,0.679652329,0.2528549497,0.630865804,1.261731608,71.43121144,5.039813727,-0.3184429723
1731,0.678511242,0.2689743625,0.6229207798,1.24584156,71.33875788,5.046345223,-0.3199721744
1732,0.6844582288,0.2988219313,0.6157828516,1.231565703,70.46504131,5.108916326,-0.3343819443
1733,0.720012158,0.3487778893,0.629898001,1.259796002,66.91976276,5.379576752,-0.3920198237
1734,0.648905178,0.2558338072,0.5963446932,1.192689386,73.99300085,4.865325042,-0.2757547797
1735,0.6850064887,0.2017026276,0.654637258,1.309274516,71.48462701,5.03604782,-0.3175590891
1736,0.6615218877,0.2645077348,0.6063389037,1.212677807,72.8070744,4.944574452,-0.2955900981
1737,0.6875179651,0.2781426252,0.6287428984,1.257485797,70.49745629,5.106567229,-0.3338487085
1738,0.6598924582,0.183318563,0.6339182603,1.267836521,73.69272432,4.885149834,-0.2807885871
1739,0.6915210771,0.2720661788,0.6357526205,1.271505241,70.25455967,5.124222566,-0.337841817
1740,0.6765589857,0.1756355423,0.6533637711,1.306727542,72.36233195,4.97496405,-0.3029964829
1741,0.6656398629,0.2030906083,0.6339011216,1.267802243,73.06007933,4.927451535,-0.2913687802
1742,0.6730133086,0.2214513714,0.6355361544,1.271072309,72.29006315,4.97993755,-0.3041982771
1743,0.6620491878,0.2374608952,0.6179979371,1.235995874,73.05358389,4.927889651,-0.2914772261
1744,0.6205094846,0.1766096737,0.5948453947,1.189690789,77.21039963,4.662584337,-0.2213714968
1745,0.6559622709,0.269766273,0.5979236229,1.195847246,73.22084045,4.916632994,-0.2886835677
1746,0.6565943763,0.261330378,0.6023475811,1.204695162,73.26481729,4.913681809,-0.2879486205
1747,0.6734091116,0.244254199,0.62755057,1.25510114,72.03499777,4.99757078,-0.3084360065
1748,0.6293723621,0.2375301353,0.5828284524,1.165656905,75.92652578,4.741425955,-0.2431659717
1749,0.6608667579,0.2468301352,0.6130413983,1.226082797,73.05819843,4.927578393,-0.2914001834
1750,0.6934081126,0.2420642262,0.649784365,1.29956873,70.44406875,5.110437349,-0.3347268919
1751,0.6533470144,0.1729460734,0.6300412502,1.2600825,74.3197478,4.843934629,-0.2702686245
1752,0.6666789463,0.2296081397,0.625892099,1.251784198,72.74030243,4.949113324,-0.2967032121
1753,0.6352519578,0.2712657646,0.5744213914,1.148842783,75.03450403,4.797792757,-0.258237309
1754,0.6706530352,0.2576308456,0.6191945099,1.23838902,72.11834246,4.991795259,-0.3070519621
1755,0.6456790174,0.2639728375,0.5892535401,1.17850708,74.1856465,4.852690743,-0.2725212894
1756,0.6239605682,0.2409159189,0.5755747655,1.151149531,76.3924205,4.712509404,-0.2352706891
1757,0.667207875,0.2253854428,0.6279870625,1.255974125,72.7357563,4.949422654,-0.2967789832
1758,0.6638160086,0.2334798609,0.6214007144,1.242801429,72.94348477,4.935327687,-0.2933148391
1759,0.6887403113,0.2917606681,0.6238901578,1.247780316,70.22041359,5.126714321,-0.3384026776
1760,0.6531240501,0.2380718629,0.6081881394,1.216376279,73.81076988,4.877337015,-0.2788105949
1761,0.6581149257,0.2541478114,0.6070618958,1.214123792,73.21449262,4.917059275,-0.2887896395
1762,0.687211117,0.2547764181,0.6382382753,1.276476551,70.79991701,5.084751723,-0.3288680146
1763,0.6890469084,0.2051838353,0.6577881389,1.315576278,71.1331864,5.060928917,-0.32336938
1764,0.6659593926,0.2821739656,0.6032244738,1.206448948,72.21483548,4.985125253,-0.3054487619
1765,0.6722409039,0.2183081076,0.6358061049,1.27161221,72.3821318,4.973603168,-0.302667137
1766,0.6120626582,0.1986445337,0.5789309517,1.157861903,77.85187989,4.624165794,-0.2104396843
1767,0.6732949913,0.2146762898,0.6381537714,1.276307543,72.32727713,4.977375262,-0.3035794874
1768,0.7129651997,0.2412933353,0.6708926161,1.341785232,68.94138153,5.221827471,-0.3593228942
1769,0.6372035096,0.2088836609,0.6019932964,1.203986593,75.4694711,4.770140757,-0.2508958264
1770,0.6548046196,0.2321773093,0.6122603914,1.224520783,73.72313934,4.88313443,-0.2802790614
1771,0.6268522716,0.2399289572,0.5791181795,1.158236359,76.13482446,4.7284538,-0.2396379952
1772,0.6923446634,0.2205062707,0.6562911834,1.312582367,70.73801834,5.08920109,-0.3298880654
1773,0.6672033955,0.2150980218,0.6315799332,1.263159866,72.82867115,4.943108179,-0.2952299861
1774,0.6220125205,0.2517298428,0.568798437,1.137596874,76.46732202,4.707893391,-0.2339999057
1775,0.6503356358,0.2030772842,0.6178155516,1.235631103,74.3622182,4.841168119,-0.2695548876
1776,0.6016035183,0.2189717235,0.5603375568,1.120675114,78.70390352,4.574106034,-0.1958793352
1777,0.6568214989,0.2072381191,0.6232710834,1.246542167,73.77139414,4.87994031,-0.2794705137
1778,0.640017371,0.2456965019,0.5909783957,1.181956791,74.88517776,4.807359891,-0.2607542646
1779,0.6499401444,0.213386385,0.6139124058,1.227824812,74.31217952,4.844427957,-0.2703957979
1780,0.6775944369,0.2074988192,0.6450414412,1.290082882,72.03635851,4.997476378,-0.3084134149
1781,0.7042180686,0.1850085644,0.6794813605,1.358962721,70.10340944,5.135270921,-0.3403235968
1782,0.7051645461,0.2855647188,0.6447556347,1.289511269,69.01870402,5.215977395,-0.3580631662
1783,0.7002763931,0.2226665273,0.6639327107,1.327865421,70.0964338,5.135781957,-0.3404380749
1784,0.6771425777,0.1933078237,0.6489639095,1.297927819,72.18699054,4.987048183,-0.3059114856
1785,0.6497787352,0.2534354884,0.598316687,1.196633374,73.94269029,4.868635407,-0.2765987132
1786,0.66387287,0.2665070612,0.6080305698,1.21606114,72.5843885,4.959744202,-0.299300785
1787,0.6757860611,0.1942924916,0.6472536041,1.294507208,72.29021318,4.979927215,-0.3041957827
1788,0.7087693318,0.26600043,0.6569609859,1.313921972,68.98705837,5.218370061,-0.3585788121
1789,0.6887532811,0.2590190937,0.6381929107,1.276385821,70.62892861,5.097061602,-0.3316848569
1790,0.71181746,0.2637341365,0.6611568661,1.322313732,68.78205558,5.233923252,-0.3619165461
1791,0.6701331756,0.2455260712,0.6235346192,1.247069238,72.29306246,4.979730942,-0.3041484098
1792,0.6482491636,0.208864151,0.6136796758,1.227359352,74.49665861,4.832431504,-0.2672945728
1793,0.660691694,0.2332518977,0.6181480945,1.236296189,73.20988812,4.917368531,-0.2888665782
1794,0.6435918106,0.2324139876,0.6001617758,1.200323552,74.69780297,4.819418854,-0.2639100361
1795,0.6928360601,0.210028262,0.6602347578,1.320469516,70.79197157,5.085322417,-0.3289989719
1796,0.6912030485,0.1614643172,0.6720795552,1.34415911,71.27894729,5.050579641,-0.3209610111
1797,0.6443706126,0.2019737025,0.6118987742,1.223797548,74.89035355,4.807027647,-0.2606670542
1798,0.6735549354,0.2547492781,0.6235214962,1.247042992,71.9101282,5.006248897,-0.3105084017
1799,0.6875249016,0.2465420124,0.6418002231,1.283600446,70.86435625,5.080127994,-0.3278056891
1800,0.6366555427,0.2270400138,0.5947966982,1.189593396,75.36416225,4.776806233,-0.2526745982
1801,0.6424834506,0.1885509132,0.6141934039,1.228386808,75.15570434,4.790055567,-0.2561931376
1802,0.6496494594,0.1886508749,0.6216552642,1.243310528,74.53045902,4.830239941,-0.2667260625
1803,0.687707367,0.2739765789,0.6307759165,1.261551833,70.5345559,5.103881288,-0.333238278
1804,0.7006479864,0.2783951462,0.6429648073,1.285929615,69.45990981,5.182845774,-0.3508626904
1805,0.7325375522,0.1406393396,0.7189101763,1.437820353,68.26408314,5.273637079,-0.3703291276
1806,0.6984590864,0.2440743467,0.6544255562,1.308851112,70.02677904,5.140890455,-0.3415809101
1807,0.6464710077,0.200107751,0.6147207917,1.229441583,74.72114488,4.817913331,-0.2635170643
1808,0.6749114925,0.2685195084,0.6191952813,1.238390563,71.63944384,5.02516464,-0.3149957323
1809,0.6196407028,0.2329169149,0.574198843,1.148397686,76.86835577,4.683331605,-0.227189196
1810,0.7015125705,0.1798339716,0.6780705193,1.356141039,70.34978482,5.117286441,-0.336277079
1811,0.6358304863,0.2405831674,0.5885576835,1.177115367,75.31136844,4.780154809,-0.2535660175
1812,0.6371123144,0.2599719195,0.5816585788,1.163317158,74.99474729,4.800336197,-0.2589075973
1813,0.6670285902,0.1710904156,0.6447132772,1.289426554,73.17746448,4.91954733,-0.2894083066
1814,0.6978833516,0.2638938299,0.6460659556,1.292131911,69.85194617,5.153757622,-0.3444471896
1815,0.5911990078,0.1711746709,0.5658758688,1.131751738,80.02582004,4.498548092,-0.1732043617
1816,0.6601742263,0.2852845039,0.5953509561,1.190701912,72.66501758,4.954240871,-0.2979577558
1817,0.7100072038,0.1947593939,0.6827730281,1.365546056,69.58605218,5.173450551,-0.3488002045
1818,0.6905561751,0.2736449941,0.6340238546,1.268047709,70.31166136,5.120061068,-0.3369036347
1819,0.6562378294,0.2531582129,0.605441168,1.210882336,73.38624842,4.905551213,-0.2859183665
1820,0.6559445034,0.2609359487,0.6018102876,1.203620575,73.32520621,4.909635016,-0.2869391159
1821,0.6700045374,0.2186753219,0.633314443,1.266628886,72.5639773,4.961139306,-0.299640678
1822,0.6144361496,0.2110081107,0.5770678982,1.154135796,77.53796343,4.642886969,-0.2157926855
1823,0.7020806985,0.2206639939,0.6665018447,1.333003689,69.97491802,5.144700561,-0.3424314734
1824,0.6245275014,0.2070339529,0.5892126461,1.178425292,76.63089026,4.697844417,-0.2312234106
1825,0.6432277061,0.2323535765,0.5997947127,1.199589425,74.73052243,4.817308755,-0.2633591765
1826,0.6582604862,0.238784997,0.6134236651,1.22684733,73.36249314,4.907139665,-0.2863156416
1827,0.6637320605,0.2298949175,0.6226464286,1.245292857,72.98501078,4.932519653,-0.2926218749
1828,0.7115544781,0.2120282779,0.6792302884,1.358460577,69.32583671,5.192869168,-0.3530529828
1829,0.7110121324,0.2732920981,0.6563914088,1.312782818,68.72865191,5.237990125,-0.3627852741
1830,0.6994422556,0.2791101198,0.6413400112,1.282680022,69.54451247,5.176540711,-0.3494795852
1831,0.6399691699,0.1599217928,0.6196656829,1.239331366,75.56032753,4.76440497,-0.2493604892
1832,0.6902740817,0.2518826155,0.6426767896,1.285353579,70.58762107,5.100044378,-0.3323649102
1833,0.6345500517,0.1969925983,0.6031978816,1.206395763,75.79810398,4.74945917,-0.2453394664
1834,0.6480451407,0.1979652639,0.6170674668,1.234134934,74.60053455,4.825702687,-0.2655471228
1835,0.6419938834,0.264636333,0.5849134616,1.169826923,74.50497681,4.831891981,-0.2671546724
1836,0.6344438641,0.2032410777,0.6010092187,1.202018437,75.7605574,4.75181298,-0.2459746971
1837,0.6444812493,0.2190122451,0.6061268161,1.212253632,74.74059068,4.81665982,-0.2631896518
1838,0.6803027418,0.2367096824,0.6377933418,1.275586684,71.54774759,5.031604937,-0.3165142584
1839,0.670270123,0.2495013296,0.6221021816,1.244204363,72.23951134,4.983422414,-0.3050386411
1840,0.7216881875,0.2077194543,0.6911486585,1.382297317,68.60175042,5.24767951,-0.3648483399
1841,0.6718294157,0.2099917659,0.6381678635,1.276335727,72.48846912,4.966307116,-0.3008977307
1842,0.6431522072,0.2205306288,0.6041614051,1.20832281,74.84436681,4.809981236,-0.2614418425
1843,0.6622593219,0.2910309075,0.5948852162,1.189770432,72.4106151,4.971646761,-0.3021932894
1844,0.6760233157,0.2449586532,0.6300815674,1.260163135,71.81253647,5.013052284,-0.3121270546
1845,0.6072148616,0.2355293046,0.559674758,1.119349516,78.02474924,4.613920628,-0.2074891549
1846,0.6531406836,0.2717299586,0.5939323044,1.187864609,73.44130807,4.901873475,-0.2849973792
1847,0.6373033536,0.1809225994,0.6110831184,1.222166237,75.66545539,4.757785414,-0.2475832041
1848,0.6805955344,0.2223118277,0.6432633463,1.286526693,71.66217054,5.023570976,-0.3146192443
1849,0.64056053,0.2412413562,0.5933973379,1.186794676,74.88137975,4.807603722,-0.2608182586
1850,0.6774863975,0.1894222371,0.6504667823,1.300933565,72.18835965,4.9869536,-0.3058887356
1851,0.6730468555,0.2064812351,0.6405915775,1.281183155,72.41751815,4.971172849,-0.3020784392
1852,0.6480283531,0.238286273,0.6026279105,1.205255821,74.25157666,4.848381895,-0.2714139649
1853,0.6921154975,0.283430488,0.6314198447,1.262839689,70.06365951,5.138184367,-0.3409758701
1854,0.711955806,0.257930575,0.6635909042,1.327181808,68.83820169,5.229654337,-0.3610028672
1855,0.6298763737,0.2536205734,0.5765594947,1.153118989,75.72043043,4.754331136,-0.2466534671
1856,0.6386273512,0.2202117276,0.5994594971,1.198918994,75.24817846,4.784168964,-0.2546326923
1857,0.6509554877,0.1713083431,0.6280099509,1.256019902,74.53554767,4.829910174,-0.2666404654
1858,0.6758205414,0.2094837581,0.6425340141,1.285068028,72.16457543,4.988597215,-0.3062839247
1859,0.7340479642,0.2802448833,0.67844618,1.35689236,66.93969653,5.377974784,-0.3916997379
1860,0.6256438815,0.215178512,0.5874763607,1.174952721,76.46407245,4.708093468,-0.2340550465
1861,0.7117968016,0.2503146175,0.6663312082,1.332662416,68.93452032,5.222347212,-0.3594346447
1862,0.6968904764,0.2604282652,0.6464003827,1.292800765,69.96980649,5.145076399,-0.3425152915
1863,0.6440739133,0.1442265277,0.6277180215,1.255436043,75.2869804,4.781703265,-0.253977735
1864,0.6082199829,0.216041453,0.5685575064,1.137115013,78.08864481,4.610145315,-0.2063981076
1865,0.6611222271,0.2089691782,0.6272276156,1.254455231,73.39178515,4.905181135,-0.2858257651
1866,0.6685559927,0.2355782182,0.6256756496,1.251351299,72.5256297,4.963762486,-0.3002791502
1867,0.689769934,0.1924933037,0.6623661298,1.32473226,71.17715557,5.057802565,-0.3226431087
1868,0.6613570589,0.2657977061,0.6055945333,1.211189067,72.8060148,4.944646414,-0.2956077651
1869,0.6458492492,0.2179608945,0.6079591279,1.215918256,74.62966371,4.823819137,-0.2650569414
1870,0.6848811194,0.2719466019,0.6285755273,1.257151055,70.78626338,5.085732497,-0.3290930508
1871,0.6798114889,0.2036983259,0.6485758648,1.29715173,71.88751862,5.007823429,-0.3108834837
1872,0.6731279887,0.2072154353,0.6404397337,1.280879467,72.4047277,4.972051017,-0.3022912382
1873,0.6628832799,0.2498753847,0.6139841487,1.227968297,72.85499431,4.941322189,-0.2947910074
1874,0.6792410676,0.216495288,0.6438153604,1.287630721,71.82468288,5.012204517,-0.3119256439
1875,0.6986966499,0.2247125676,0.6615748412,1.323149682,70.20035192,5.12817942,-0.3387321412
1876,0.6772483586,0.2525351684,0.6284037937,1.256807587,71.63093631,5.025761473,-0.3151366544
1877,0.7100480716,0.2485881129,0.6651106781,1.330221356,69.0859278,5.21090201,-0.356967435
1878,0.6654776223,0.2365866551,0.6220025888,1.244005178,72.77323061,4.946873967,-0.2961543372
1879,0.7230480396,0.2220421388,0.6881102791,1.376220558,68.37435497,5.265131936,-0.3685406746
1880,0.681265555,0.2434885631,0.6362672993,1.272534599,71.40039207,5.04198912,-0.3189528238
1881,0.6251584895,0.1846590727,0.597263898,1.194527796,76.73308116,4.691587964,-0.2294878096
1882,0.6279327161,0.2488945234,0.5764989265,1.152997853,75.94741032,4.740122125,-0.2428123921
1883,0.6498553743,0.2701722676,0.5910321085,1.182064217,73.74626004,4.881603484,-0.2798916802
1884,0.6742134882,0.246862406,0.6273936405,1.254787281,71.9412661,5.004082073,-0.3099917598
1885,0.663846375,0.2589893168,0.6112418043,1.222483609,72.67339658,4.953669664,-0.297818154
1886,0.6417027987,0.1902061531,0.6128654838,1.225730968,75.21254646,4.786435468,-0.2552340397
1887,0.6844119798,0.2741207765,0.6271184561,1.254236912,70.79722915,5.084944769,-0.3289123168
1888,0.6173031926,0.2558625637,0.5617807224,1.123561445,76.86780936,4.683364896,-0.2271984831
1889,0.7046839531,0.2650603359,0.6529337578,1.305867516,69.31103003,5.193978503,-0.3532947546
1890,0.6999688111,0.2028745647,0.669924061,1.339848122,70.29326894,5.121400746,-0.3372058592
1891,0.6003190818,0.1566708248,0.5795146699,1.15902934,79.21577337,4.544549459,-0.1871108865
1892,0.6875264723,0.2225993284,0.6504938041,1.300987608,71.10166813,5.063172349,-0.3238898735
1893,0.6423182635,0.2055798504,0.6085307525,1.217061505,75.04240098,4.797287871,-0.2581041538
1894,0.6545265614,0.2230682462,0.6153418376,1.230683675,73.8316299,4.875958996,-0.2784609373
1895,0.6031519173,0.2796135095,0.5344235405,1.068847081,77.97979352,4.616580575,-0.2082566409
1896,0.6146281055,0.1837750273,0.5865103984,1.173020797,77.71046741,4.632580552,-0.2128518855
1897,0.650688228,0.2142667423,0.6143980251,1.22879605,74.23989304,4.849144918,-0.2716102225
1898,0.6554010398,0.2710829163,0.5967114676,1.193422935,73.25345532,4.914443946,-0.2881385197
1899,0.6749976116,0.2533372961,0.6256532507,1.251306501,71.80682224,5.013451212,-0.3122218027
1900,0.7445229648,0.2671874903,0.6949282626,1.389856525,66.351018,5.425689173,-0.4011322821
1901,0.6382955291,0.2420639736,0.5906151159,1.181230232,75.07548282,4.795173957,-0.2575462873
1902,0.6676202528,0.2434697914,0.6216423912,1.243284782,72.52400415,4.963873744,-0.300306212
1903,0.6556277658,0.2050159527,0.6227489272,1.245497854,73.89146282,4.872010734,-0.2774578081
1904,0.6825854391,0.2016673315,0.6521143834,1.304228767,71.6796744,5.022344242,-0.3143292436
1905,0.7124426114,0.1378217617,0.6989847184,1.397969437,69.77125853,5.159717734,-0.3457689348
1906,0.6553662284,0.2236518966,0.6160233133,1.232046627,73.75424596,4.881074917,-0.2797578678
1907,0.6892584518,0.2756645254,0.6317327622,1.263465524,70.38975459,5.114380666,-0.3356200194
1908,0.669564416,0.2291036721,0.6291486427,1.258297285,72.50441498,4.965214878,-0.3006323091
1909,0.6632952253,0.205730212,0.6305835676,1.261167135,73.23530079,4.915662203,-0.2884419231
1910,0.6876614562,0.2459106274,0.6421886341,1.284377268,70.86013441,5.080430668,-0.3278753018
1911,0.6351281372,0.168894559,0.612260058,1.224520116,75.93533473,4.740875921,-0.2430168382
1912,0.6397766685,0.2251646034,0.5988447936,1.197689587,75.10233155,4.793459705,-0.2570934681
1913,0.671297072,0.2508648884,0.6226608761,1.245321752,72.13952349,4.990329608,-0.3067001206
1914,0.707795212,0.2348566597,0.6676948492,1.335389698,69.39969414,5.187342746,-0.3518466453
1915,0.7285130142,0.1990482593,0.7007931237,1.401586247,68.1694198,5.280960306,-0.371863339
1916,0.6607139231,0.2677281673,0.6040401615,1.208080323,72.83798822,4.942475881,-0.2950746168
1917,0.651375433,0.2212222006,0.6126587081,1.225317416,74.11993777,4.856992745,-0.2736245357
1918,0.6503731302,0.2407266209,0.6041820111,1.208364022,74.02289039,4.863360483,-0.2752532975
1919,0.6341400731,0.1924075689,0.6042457776,1.208491555,75.86810999,4.745076687,-0.2441547909
1920,0.6093927728,0.1931013579,0.577989115,1.15597823,78.1419453,4.607000742,-0.2054877799
1921,0.6731052385,0.2084119149,0.6400274493,1.280054899,72.39658428,4.972610291,-0.3024267152
1922,0.6531380082,0.1835395921,0.6268193327,1.253638665,74.26626493,4.84742299,-0.2711672204
1923,0.6669126116,0.2223706554,0.628747742,1.257495484,72.78815126,4.94585992,-0.2959055948
1924,0.6847393733,0.2608213153,0.6331194602,1.26623892,70.92984453,5.075437602,-0.3267256447
1925,0.6423176133,0.2447416272,0.5938631596,1.187726319,74.69018588,4.819910351,-0.264038264
1926,0.6732746201,0.2561510522,0.6226438409,1.245287682,71.91768223,5.005723055,-0.3103830732
1927,0.6426619985,0.1864482188,0.6150215492,1.230043098,75.15483654,4.790110878,-0.2562077781
1928,0.6727731409,0.2025949821,0.6415442092,1.283088418,72.47193111,4.967440421,-0.3011729842
1929,0.6849732671,0.2386248092,0.6420643091,1.284128618,71.1510846,5.05965583,-0.3230737651
1930,0.6822225387,0.1838935844,0.6569708836,1.313941767,71.84514414,5.010777058,-0.3115863254
1931,0.7430768654,0.3044260477,0.6778554487,1.355710897,65.97443107,5.456659408,-0.4071442832
1932,0.6423343181,0.2522915069,0.5907134431,1.181426886,74.61047773,4.825059575,-0.265379808
1933,0.6576499293,0.236529687,0.6136425154,1.227285031,73.43699504,4.902161367,-0.2850695332
1934,0.6874664197,0.1944376054,0.6593967666,1.318793533,71.3454948,5.045868713,-0.3198607724
1935,0.6085022749,0.2413419604,0.558595629,1.117191258,77.84877209,4.624350395,-0.2104927107
1936,0.6846305044,0.2407412582,0.6409076175,1.281815235,71.15705595,5.059231234,-0.3229751326
1937,0.6496873309,0.191602966,0.6207913751,1.24158275,74.50574718,4.83184202,-0.2671417156
1938,0.6927883424,0.2358670686,0.6514003479,1.302800696,70.55607938,5.102324323,-0.3328840704
1939,0.7332091397,0.2706656334,0.6814218645,1.362843729,67.11771327,5.363710748,-0.3888391426
1940,0.654279042,0.2104261975,0.6195174575,1.239034915,73.96263689,4.86732241,-0.2762641449
1941,0.6871095146,0.2233630105,0.6497910823,1.299582165,71.12792232,5.061303469,-0.3234563179
1942,0.6666906723,0.2262397574,0.6271299903,1.254259981,72.77104979,4.947022216,-0.296190692
1943,0.6569522027,0.1904767585,0.6287326945,1.257465389,73.89059327,4.872068068,-0.2774723887
1944,0.7308541415,0.2638198522,0.6815767468,1.363153494,67.36885705,5.343715416,-0.384797074
1945,0.7129148469,0.2887726773,0.6518112609,1.303622522,68.38653241,5.264194386,-0.36834309
1946,0.7038914601,0.2732008083,0.6487098781,1.297419756,69.27402424,5.196753097,-0.3538989027
1947,0.6606632884,0.2271310323,0.6203930003,1.240786001,73.27042098,4.913306013,-0.2878549587
1948,0.6616723058,0.2719706738,0.6031933296,1.206386659,72.70550373,4.951482096,-0.2972831601
1949,0.7075328808,0.2606369138,0.6577774522,1.315554904,69.14395289,5.20652906,-0.3560212451
1950,0.6597363673,0.2448772188,0.6126069066,1.225213813,73.17470519,4.919732837,-0.289454404
1951,0.6867100978,0.2439429997,0.6419210009,1.283842002,70.95695065,5.073498744,-0.3262784807
1952,0.712702939,0.1677156961,0.6926881871,1.385376374,69.57551203,5.174234289,-0.3489726058
1953,0.6700811386,0.1691525369,0.6483796353,1.296759271,72.93705226,4.935762947,-0.2934221678
1954,0.6894017478,0.2371649893,0.6473233641,1.294646728,70.81161081,5.083912029,-0.328675265
1955,0.6737931731,0.2598186571,0.62168441,1.24336882,71.83345745,5.011592269,-0.311780136
1956,0.6799411277,0.1953064375,0.6512874424,1.302574885,71.9440132,5.003890998,-0.3099461754
1957,0.6441165538,0.2925655965,0.5738392689,1.147678538,73.96860203,4.866929888,-0.2761640839
1958,0.6907033018,0.2116305429,0.6574827485,1.314965497,70.94691643,5.074216303,-0.3264440216
1959,0.7139201374,0.2080884548,0.6829210478,1.365842096,69.18060301,5.203770773,-0.3554234192
1960,0.65330683,0.2350256598,0.6095676774,1.219135355,73.82479017,4.876410744,-0.2785755895
1961,0.735096481,0.3060404157,0.6683607561,1.336721512,66.51764347,5.412097922,-0.3984666536
1962,0.6449390755,0.2184731329,0.6068079609,1.213615922,74.705048,4.818951459,-0.2637880674
1963,0.6470527006,0.1562464517,0.6279046453,1.255809291,74.9633418,4.802347272,-0.2594369975
1964,0.6360119776,0.2272447796,0.5940294991,1.188058998,75.42004107,4.773267091,-0.251730855
1965,0.6967491393,0.2707443625,0.641994434,1.283988868,69.85886608,5.153247114,-0.3443338027
1966,0.6879213812,0.2102265794,0.6550119175,1.310023835,71.18028127,5.057580465,-0.3225914719
1967,0.6583803713,0.2150334563,0.6222743173,1.244548635,73.57293757,4.893103522,-0.2827945366
1968,0.6538747335,0.1905849383,0.6254834517,1.250966903,74.15267019,4.854848775,-0.2730750049
1969,0.6837893506,0.2418211293,0.6396017647,1.279203529,71.21367433,5.055208896,-0.3220397567
1970,0.649970522,0.2313588804,0.6073999901,1.21479998,74.14893801,4.855093136,-0.2731376673
1971,0.688431853,0.2845091458,0.6268915075,1.253783015,70.34223727,5.117835513,-0.3364011341
1972,0.6967069808,0.2304503735,0.6574901082,1.314980216,70.30115277,5.120826414,-0.3370763163
1973,0.681268372,0.1829423449,0.6562459091,1.312491818,71.92900405,5.00493514,-0.3101952234
1974,0.6180103799,0.1641153561,0.5958212648,1.19164253,77.51407617,4.644317752,-0.2161997555
1975,0.6820216944,0.2687258282,0.6268492808,1.253698562,71.0562325,5.066409903,-0.3246400259
1976,0.6498588643,0.1838636199,0.6233062752,1.24661255,74.54623874,4.829217491,-0.2664606218
1977,0.6971692337,0.2148971565,0.6632225513,1.326445103,70.40904643,5.112979344,-0.3353028242
1978,0.651380575,0.2461893735,0.6030650428,1.206130086,73.87975421,4.872782859,-0.2776541327
1979,0.6778354634,0.2134843346,0.6433392218,1.286678444,71.96558286,5.002391222,-0.309588231
1980,0.6423275059,0.198226411,0.6109753799,1.22195076,75.0985422,4.793701575,-0.257157381
1981,0.6588541778,0.2238663725,0.6196552871,1.239310574,73.45422955,4.901011176,-0.2847812023
1982,0.6490856194,0.203713184,0.6162897695,1.232579539,74.46548593,4.834454452,-0.2678188033
1983,0.6691478044,0.2772487165,0.6090089764,1.218017953,72.01023153,4.999289578,-0.3088471556
1984,0.6500917917,0.1771907215,0.6254780459,1.250956092,74.57156771,4.827577199,-0.2660345046
1985,0.6879772323,0.3038731557,0.6172307327,1.234461465,70.10999162,5.134788804,-0.3402155713
1986,0.6230343074,0.2051960429,0.5882740281,1.176548056,76.78215438,4.688589463,-0.2286540946
1987,0.6946445129,0.1879456408,0.6687356992,1.337471398,70.82655039,5.08283967,-0.3284289953
1988,0.6337460069,0.2715191735,0.5726354335,1.145270867,75.16846777,4.789242228,-0.2559778021
1989,0.6436934915,0.2568580939,0.5902247289,1.180449458,74.44074813,4.836061015,-0.2682347619
1990,0.7269374363,0.2115761628,0.695466436,1.390932872,68.1807336,5.280083992,-0.3716800292
1991,0.6657639448,0.2164823906,0.6295847875,1.259169575,72.93691536,4.935772211,-0.293424452
1992,0.6865043524,0.2691329581,0.6315502171,1.263100434,70.69010233,5.092650712,-0.3306774265
1993,0.6740962342,0.1711833839,0.6519984525,1.303996905,72.59345444,4.959124797,-0.2991498042
1994,0.6536086346,0.2484917178,0.604529663,1.209059326,73.66268996,4.887141648,-0.2812916583
1995,0.6438308225,0.1880456994,0.615757211,1.231514422,75.04111704,4.797369951,-0.2581258033
1996,0.7158327844,0.2177403604,0.6819132721,1.363826544,68.95207853,5.221017374,-0.359148659
1997,0.6568288789,0.2396528708,0.6115477722,1.223095544,73.47627576,4.899540651,-0.284412335
1998,0.6828005264,0.2862054576,0.6199217651,1.23984353,70.77222969,5.086740966,-0.3293243316
1999,0.6909203687,0.2072977402,0.6590892222,1.318178444,70.96671739,5.072800507,-0.3261173428
