draw,midpoint_residual,valence_offset,markedness,markedness_ratio,apex_angle_deg,effective_vertices,step_cosine
0,2.016146478,0.406512589,1.974739004,3.949478008,27.36814968,13.15397658,-0.8880710697
1,1.997379027,0.2701782761,1.979021646,3.958043292,27.8885842,12.90850756,-0.8838588444
2,1.796674885,1.24209199,1.298171072,2.596342144,23.55308484,15.28462206,-0.9166902378
3,1.721776947,0.590868768,1.61721673,3.234433461,30.7850555,11.69398574,-0.8590934243
4,2.15162764,1.617556815,1.418806347,2.837612694,17.95052299,20.05512598,-0.9513230092
5,1.938681681,1.211459968,1.513555881,3.027111762,23.33529486,15.42727453,-0.9182025465
6,1.967149782,-0.2892547748,1.945767186,3.891534372,28.26036439,12.73868925,-0.8808051037
7,1.316254226,-0.3973261816,1.254853414,2.509706829,40.24556919,8.945084074,-0.7632824337
8,1.834174646,0.3679752767,1.796883643,3.593767287,29.98483816,12.0060678,-0.8661576855
9,1.61182901,-0.5061556747,1.530293824,3.060587649,33.09411905,10.87806566,-0.8377747652
10,1.808934743,1.178404087,1.372446251,2.744892502,24.42350364,14.73989995,-0.9105141222
11,1.868640484,0.6547113403,1.75019151,3.500383019,28.36371194,12.69227387,-0.8799496311
12,1.779322543,0.8099864703,1.584269747,3.168539494,28.51543173,12.6247431,-0.8786885655
13,1.748268944,0.5270417349,1.666934705,3.33386941,30.70890514,11.72298388,-0.8597729106
14,1.779000744,1.290565739,1.224452417,2.448904834,22.78604963,15.79914052,-0.9219574765
15,2.023406196,0.3792806335,1.987540901,3.975081802,27.3401828,13.16743208,-0.8882953531
16,0.8872184563,0.6750607094,0.5757166211,1.151433242,46.9844521,7.662109143,-0.6821967966
17,1.593499801,0.5662500728,1.489497388,2.978994776,33.05008163,10.89256009,-0.8381941844
18,1.452592342,0.9538998149,1.095490601,2.190981202,30.49662514,11.80458488,-0.8616590542
19,1.431167888,-0.9398661197,1.079302182,2.158604363,30.97212589,11.62335454,-0.8574177627
20,1.94068783,0.5182961512,1.87019741,3.74039482,28.00716261,12.85385475,-0.8828888968
21,1.660439275,-0.554796502,1.565010999,3.130021999,31.97413747,11.25909965,-0.848287208
22,1.376422434,0.8230683085,1.103221318,2.206442635,33.85526469,10.63350127,-0.8304475074
23,1.40262991,-0.5016152739,1.309867467,2.619734934,37.33337473,9.642846451,-0.7951203583
24,2.133622583,1.538982024,1.47779554,2.955591079,18.95688092,18.99046586,-0.9457633206
25,2.644111462,0.6931111472,2.551650909,5.103301817,20.73209468,17.36438144,-0.9352458824
26,1.340734538,-0.5175494472,1.236815132,2.473630263,38.63180089,9.318747552,-0.78117408
27,1.238147374,0.898410895,0.851978159,1.703956318,33.58602733,10.71874314,-0.8330561711
28,1.757099774,-0.4683152681,1.693540795,3.38708159,30.83144317,11.67639147,-0.8586787652
29,1.235256537,1.046019232,0.6570406985,1.314081397,27.24752547,13.21220895,-0.8890369156
30,2.146068201,0.7824246523,1.99835442,3.996708839,24.64566952,14.60702862,-0.9089040097
31,2.38292791,1.065809487,2.131289648,4.262579295,21.43608058,16.79411489,-0.9308258593
32,2.63054452,0.9833230331,2.439844316,4.879688632,20.09285661,17.91681527,-0.9391370908
33,1.086337122,-0.4241815759,1.000099161,2.000198323,47.07606512,7.647198191,-0.6810268239
34,2.011325125,-0.46330643,1.957236805,3.914473611,27.27937321,13.19678415,-0.8887822914
35,1.990483039,1.096253357,1.661400404,3.322800809,24.11199099,14.93033073,-0.9127487009
36,1.922148,0.02621739603,1.921969194,3.843938389,29.15965082,12.34582685,-0.8732654242
37,2.309764199,1.018487969,2.073087772,4.146175544,22.18003555,16.23081258,-0.9260021855
38,1.675655433,0.8945648644,1.41688914,2.83377828,28.98398863,12.42065075,-0.8747551536
39,1.20173103,0.8515671633,0.8479332727,1.695866545,35.37735062,10.17600227,-0.8153567255
40,1.917522826,0.6437661982,1.806227801,3.612455603,27.79256425,12.95310489,-0.8846414946
41,1.515173248,-0.6001733181,1.391237564,2.782475128,34.21814548,10.52073381,-0.8269025219
42,1.674238031,1.270885347,1.089918997,2.179837993,23.11786642,15.57237132,-0.9196991109
43,1.829153741,-0.3818937278,1.788843367,3.577686733,30.02054518,11.99178755,-0.8658460576
44,1.916766047,0.916201905,1.683616984,3.367233967,26.18388565,13.74891431,-0.897382507
45,1.617007552,1.146232623,1.140554338,2.281108677,25.74905617,13.98109498,-0.9007053958
46,1.666008185,0.7368920518,1.494179834,2.988359668,30.60931139,11.76112704,-0.8606592891
47,1.259866346,0.8303248498,0.9475356744,1.895071349,35.31998758,10.19252906,-0.8159359553
48,2.132507673,0.2909504485,2.112566404,4.225132807,26.17735336,13.75234521,-0.8974328085
49,1.778410482,0.4669274178,1.716019414,3.432038829,30.50412052,11.80168429,-0.8615926578
50,1.185239371,0.9291097337,0.7358990896,1.471798179,32.50759474,11.07433518,-0.8433202176
51,2.000514042,0.5592488428,1.920754322,3.841508644,27.10883393,13.27980395,-0.8901425576
52,1.804074047,0.9044467183,1.560980237,3.121960474,27.45258746,13.11351801,-0.8873926287
53,2.157382029,1.305567376,1.717495574,3.434991149,21.30374724,16.89843556,-0.9316674683
54,1.428158076,0.6377908443,1.277833451,2.555666902,35.52755143,10.1329809,-0.8138361856
55,1.712775462,1.094916281,1.317102167,2.634204334,26.14165629,13.77112437,-0.8977074853
56,1.984618291,1.511348377,1.286287622,2.572575243,19.22414159,18.72645383,-0.9442377184
57,2.134432156,0.4739563744,2.081145353,4.162290707,25.79611693,13.95558878,-0.900348266
58,0.8425107677,-0.4627067121,0.7040787543,1.408157509,56.85198531,6.332232693,-0.5468037896
59,1.827542354,0.9270751373,1.57494214,3.14988428,27.00815223,13.32930876,-0.8909419199
60,1.697969427,0.1439249976,1.691858673,3.383717346,32.72215888,11.00171909,-0.8413017836
61,1.307646311,0.9991955186,0.8435325659,1.687065132,30.01873014,11.99251262,-0.8658619062
62,1.444743268,1.000651205,1.042103775,2.08420755,29.56183167,12.17786516,-0.8698237824
63,2.21390833,-0.1441175177,2.209212582,4.418425165,25.405731,14.17003116,-0.9032923842
64,1.618773232,-0.3982646512,1.569016267,3.138032533,33.50109264,10.74591817,-0.8338752964
65,1.824589373,-0.05053554647,1.823889399,3.647778797,30.63995123,11.74936596,-0.8603868731
66,1.947834874,0.7214425607,1.8093041,3.6186082,27.04509537,13.31110114,-0.8906489292
67,1.393221911,0.966905491,1.003075802,2.006151604,30.67478101,11.7360251,-0.860076906
68,1.469088755,1.137340552,0.929880765,1.85976153,25.98007836,13.85677114,-0.8989464128
69,1.570359661,-0.4320370864,1.509759392,3.019518784,34.26622505,10.50597197,-0.8264303406
70,1.174215345,0.5668939932,1.028305828,2.056611656,42.33312442,8.503978974,-0.7392418825
71,1.800106614,0.4541719596,1.741870159,3.483740318,30.2203934,11.91248556,-0.8640957063
72,2.297604582,1.688022651,1.558706626,3.117413253,17.22053318,20.90527606,-0.9551723274
73,2.537654921,1.465504279,2.071711782,4.143423564,18.50557436,19.45359776,-0.9482927798
74,1.942222991,0.6865959756,1.816814826,3.633629653,27.28530703,13.1939142,-0.8887348198
75,1.048775753,0.1776386924,1.033622308,2.067244616,50.57010269,7.118830709,-0.6351336441
76,2.253827786,0.9894279062,2.025036323,4.050072646,22.74756231,15.82587158,-0.9222174237
77,1.663159908,0.9654056635,1.354286817,2.708573635,28.29127984,12.72476898,-0.8805494974
78,1.453716095,0.9338333858,1.114112065,2.22822413,30.87635121,11.65940877,-0.8582767964
79,1.967599206,0.1609513674,1.961005174,3.922010347,28.43544497,12.66025555,-0.8793541685
80,1.405353564,-0.1064409272,1.40131687,2.80263374,39.08864118,9.209836646,-0.7761714225
81,1.542701471,1.318842838,0.8003632914,1.600726583,20.59472134,17.48020738,-0.9360919469
82,1.604202751,1.14138774,1.127253519,2.254507037,25.88081687,13.90991644,-0.8997039736
83,1.438317085,0.9813242713,1.051550623,2.103101246,30.03522333,11.98592719,-0.8657178586
84,1.515235219,-0.5194754738,1.423405424,2.846810847,34.82721356,10.33674426,-0.8208780468
85,1.54286742,0.9981678731,1.176478123,2.352956246,28.90849427,12.4530872,-0.8753928694
86,2.163743554,0.2574918442,2.14836778,4.29673556,25.86241005,13.91981642,-0.8998441572
87,1.330040548,0.2358343408,1.308965249,2.617930498,40.75225859,8.833866207,-0.7575392522
88,2.075362708,-0.7129778434,1.949049247,3.898098493,25.65967343,14.02979664,-0.901382021
89,1.847849352,1.186078574,1.416956189,2.833912378,24.12090386,14.92481385,-0.9126851407
90,1.612385094,1.049827356,1.223784383,2.447568765,27.51080706,13.08576659,-0.8869237229
91,2.384849848,0.5225958683,2.326886838,4.653773676,23.16765692,15.53890414,-0.9193575704
92,1.778030282,0.7666459558,1.604258603,3.208517205,28.85599889,12.47574209,-0.8758354124
93,1.016502573,-0.2511240672,0.9849945094,1.969989019,51.50792891,6.989215206,-0.622406329
94,2.184344475,0.3101519394,2.162213347,4.324426695,25.55814389,14.0855299,-0.902147936
95,2.256425296,-0.09607738632,2.254378906,4.508757812,24.9686068,14.41810522,-0.9065392097
96,2.132501385,1.350438804,1.650417279,3.300834557,21.00857186,17.13586256,-0.9335268016
97,1.343663198,0.2275553633,1.324254261,2.648508522,40.41022896,8.908635493,-0.7614225872
98,2.075232295,1.489625237,1.444854917,2.889709835,19.6046192,18.36301926,-0.9420304055
99,1.165646395,-0.282003324,1.131019736,2.262039473,45.57014306,7.899909366,-0.7000355585
100,2.686096246,-0.1126821053,2.68373169,5.36746338,21.07220135,17.08411922,-0.9331280876
101,1.951304898,1.216302962,1.525843344,3.051686688,23.21439312,15.50762056,-0.9190363492
102,1.61281485,1.233246349,1.039362874,2.078725748,23.84838389,15.09536251,-0.9146185645
103,1.805521699,1.191466405,1.356582623,2.713165246,24.26135565,14.83841238,-0.9116806239
104,2.137664462,0.3866081891,2.102413722,4.204827444,25.95282873,13.8713203,-0.89915465
105,2.018390071,0.7085510085,1.889934906,3.779869811,26.30056073,13.68792109,-0.8964820942
106,1.866181035,0.4240373459,1.817367323,3.634734645,29.34444952,12.26807815,-0.8716893518
107,1.43963568,-0.3540616054,1.395417955,2.790835911,37.43911521,9.615611854,-0.7939997865
108,1.95057911,0.4511907638,1.897679045,3.795358091,28.09516573,12.81359232,-0.882166604
109,2.242875853,1.106366702,1.951011228,3.902022456,22.20132067,16.21525158,-0.9258618753
110,1.75067401,0.6034326983,1.643389324,3.286778647,30.27751146,11.89001284,-0.8635935107
111,1.245230106,0.9526700656,0.8018838845,1.603767769,31.65591361,11.37228274,-0.8512151831
112,1.565993631,1.167884376,1.043255547,2.086511095,25.34710519,14.2028053,-0.9037308959
113,1.53353683,-0.07031814129,1.531923813,3.063847625,36.08775594,9.975682629,-0.8081157763
114,1.901947584,1.317173969,1.372026729,2.744053459,22.16811367,16.23954142,-0.9260807179
115,1.416456497,1.17384164,0.7927451111,1.585490222,24.29249691,14.81939058,-0.9114571581
116,1.543999733,1.029689446,1.150510678,2.301021355,28.3313168,12.70678672,-0.8802180942
117,1.854162058,1.039632879,1.535278611,3.070557223,25.71514249,13.99953355,-0.9009623797
118,1.597528183,0.720583956,1.425782262,2.851564524,31.77162444,11.3308654,-0.850153562
119,1.889739529,1.324817485,1.34758084,2.695161679,22.08542073,16.30034603,-0.9266243335
120,1.953772408,1.20206569,1.540215796,3.080431592,23.35316169,15.41547157,-0.9180789806
121,1.928863717,-0.1441560643,1.923469331,3.846938662,28.99660676,12.41524579,-0.8746484176
122,1.762826745,0.3346135597,1.73077783,3.461555661,31.20262748,11.53748992,-0.8553405035
123,1.692862174,-0.6617201088,1.558174841,3.116349683,30.78150208,11.69533569,-0.859125165
124,2.673380909,1.079307629,2.445825122,4.891650245,19.52569575,18.43724314,-0.9424916921
125,1.588305576,-0.5645557795,1.484584579,2.969169159,33.15340709,10.85861248,-0.837209315
126,2.187492303,-0.3683393432,2.156258032,4.312516065,25.42910153,14.15700824,-0.9031173127
127,1.65715094,1.267657118,1.067330628,2.134661255,23.15110973,15.55001052,-0.9194711537
128,1.984769946,0.5022396921,1.920173698,3.840347397,27.4955957,13.09300602,-0.8870463249
129,2.393642906,0.9701740871,2.188215849,4.376431699,21.76899927,16.53727834,-0.928686625
130,1.637080689,0.7429227732,1.458800512,2.917601024,30.97728786,11.62141765,-0.8573713953
131,1.93188564,0.945064437,1.684943718,3.369887437,25.82121708,13.94202291,-0.9001575402
132,1.644801733,0.8603818068,1.401825912,2.803651825,29.72298947,12.11183688,-0.8684326457
133,1.316022749,1.117595333,0.6949075826,1.389815165,25.12306055,14.32946433,-0.9053979928
134,2.125558944,1.463649487,1.541340651,3.082681302,19.85661727,18.12997627,-0.9405455831
135,2.306323891,0.0009983494804,2.306323675,4.61264735,24.46431376,14.71531159,-0.9102193829
136,1.799319507,1.002623963,1.494086971,2.988173942,26.56983213,13.54920115,-0.8943898709
137,2.035594945,-0.2952915296,2.014062981,4.028125963,27.35112667,13.16216346,-0.8882076128
138,2.049136827,1.290473268,1.591741336,3.183482671,21.95330101,16.39844504,-0.9274888701
139,1.293456956,1.094058484,0.6899760364,1.379952073,25.86706297,13.91731255,-0.89980873
140,1.271246517,-0.6016934497,1.119836014,2.239672029,39.34323715,9.150238418,-0.7733620209
141,1.962138615,0.4215221733,1.916326434,3.832652867,28.02702825,12.8447439,-0.8827260299
142,1.040877277,-0.3436013672,0.9825291881,1.965058376,49.69388969,7.244351413,-0.6468711106
143,2.279578641,1.005037587,2.046064082,4.092128165,22.47196996,16.01995734,-0.924066637
144,2.031243889,1.254550723,1.597515014,3.195030029,22.39953235,16.07176411,-0.9245491439
145,1.90475296,-0.6426097108,1.793080198,3.586160397,27.95927387,12.87587087,-0.8832810725
146,1.58086844,1.135299934,1.100108669,2.200217339,26.06432254,13.81198377,-0.898301347
147,2.020531622,1.338897256,1.513242272,3.026484543,21.54607659,16.70837837,-0.9301225312
148,2.516394172,-0.317651135,2.496264686,4.992529373,22.31416197,16.13325208,-0.9251158988
149,1.723301217,1.276912028,1.157265206,2.314530413,23.04982956,15.61833675,-0.9201646905
150,1.368671474,0.8953522192,1.035184045,2.070368091,32.52641349,11.06792792,-0.8431436598
151,1.737161209,1.088518282,1.353830497,2.707660994,26.06549891,13.81136042,-0.8982923256
152,1.344908101,0.3210565012,1.306024702,2.612049404,39.95801717,9.009456062,-0.7665152328
153,1.372140017,0.1771060054,1.360662225,2.721324449,39.80602744,9.0438565,-0.7682161806
154,2.005245777,1.05565821,1.704874297,3.409748595,24.32773076,14.79792766,-0.9112039998
155,2.003695897,0.6280202757,1.902731662,3.805463325,26.81207193,13.42678779,-0.8924908011
156,2.143048787,-0.4169691824,2.102092958,4.204185915,25.82961637,13.93748923,-0.9000936788
157,1.318252952,1.163336014,0.6200323897,1.240064779,22.62378732,15.91245511,-0.9230505908
158,1.564557609,-0.3145238762,1.532617122,3.065234244,34.88916775,10.31838886,-0.8202600302
159,1.478851355,-0.4234211851,1.416938894,2.833877788,36.1859022,9.948625794,-0.807105608
160,1.841536226,-0.7648760893,1.675177675,3.350355349,28.07023349,12.82497348,-0.8823714488
161,2.599563031,0.6181967906,2.524987264,5.049974527,21.20616756,16.97619332,-0.932284869
162,1.969822348,-0.3345303492,1.941208265,3.882416529,28.13513761,12.79538792,-0.8818378441
163,2.416403016,0.8126690081,2.275647736,4.551295471,22.1544428,16.24956237,-0.9261707221
164,1.82702955,0.4869370357,1.76094557,3.521891139,29.69384513,12.12372458,-0.868684733
165,1.224664363,-0.4936739758,1.120753678,2.241507356,41.88398946,8.595169769,-0.7444981341
166,2.029262244,0.1386130379,2.024522581,4.049045162,27.62826907,13.03013225,-0.8859748865
167,1.807657548,1.311406831,1.24412135,2.488242701,22.40561115,16.06740372,-0.9245087098
168,2.257915959,1.106776798,1.968052234,3.936104468,22.0940005,16.2940161,-0.9265680206
169,1.333085429,-0.2265500687,1.313693963,2.627387925,40.70358658,8.844429452,-0.7580935149
170,1.937827349,1.113476754,1.585983718,3.171967435,24.34528793,14.7872558,-0.9110777214
171,1.909838932,0.6315811561,1.802384529,3.604769058,27.94619887,12.88189502,-0.8833880405
172,1.495606396,0.3459809368,1.455038035,2.91007607,36.21674847,9.940152422,-0.8067876342
173,2.146782752,0.8200682579,1.983976874,3.967953748,24.4740206,14.70947524,-0.91014921
174,1.382935745,0.9440759215,1.010560205,2.021120411,31.29339475,11.50402514,-0.8545187164
175,1.570756867,1.035621062,1.181002181,2.362004362,28.04138289,12.83816856,-0.8826082785
176,1.717989312,1.151868105,1.274632161,2.549264322,25.25916077,14.25225498,-0.9043869317
177,1.383472286,-0.3468054133,1.339298911,2.678597822,38.82951994,9.271296697,-0.7790150226
178,1.878110289,0.7636196148,1.715862273,3.431724546,27.63475563,13.02707376,-0.8859223807
179,1.783314742,-0.006400665361,1.783303256,3.566606512,31.32435932,11.49265325,-0.8542378792
180,1.53506653,-0.2256917901,1.518384822,3.036769644,35.78532731,10.05998903,-0.8112135923
181,1.977547885,-0.2066314669,1.966722928,3.933445855,28.24708763,12.74467672,-0.8809147961
182,1.918756926,1.169072038,1.521479119,3.042958238,23.91103595,15.05580941,-0.9141759025
183,1.752249952,1.294335773,1.181132846,2.362265692,22.7232052,15.84283541,-0.9223817191
184,2.121783339,0.3847095459,2.086615226,4.173230452,26.13910068,13.77247077,-0.8977271365
185,1.388917688,-0.6047710102,1.250337702,2.500675405,36.67324744,9.816420011,-0.8020546002
186,2.114895975,0.5514738028,2.041730058,4.083460117,25.80391557,13.95137102,-0.9002890257
187,0.9871299926,0.6597644236,0.7342591694,1.468518339,45.38624671,7.931918281,-0.7023239476
188,1.658316388,-0.2168761549,1.644073592,3.288147185,33.32995791,10.80109375,-0.8355201828
189,2.019778391,0.9468194984,1.784106944,3.568213887,24.98008241,14.41148168,-0.906454646
190,1.955090896,0.9380599864,1.71534949,3.430698979,25.64891629,14.03568073,-0.9014633045
191,1.588381422,-0.2641694137,1.566259896,3.132519793,34.57014962,10.41360839,-0.8234320962
192,2.373353306,0.7164213115,2.262641469,4.525282939,22.79926018,15.78998604,-0.9218681552
193,2.009608763,0.6538918493,1.900250729,3.800501457,26.63744133,13.51481156,-0.8938614468
194,2.075567606,0.24587052,2.060953317,4.121906634,26.92494681,13.37049995,-0.8916004532
195,2.010259077,0.6078123424,1.916169542,3.832339084,26.81355793,13.42604368,-0.8924791021
196,1.324075027,-0.3734558775,1.270317041,2.540634081,40.20079944,8.955045796,-0.7637870226
197,1.354418721,0.02349171738,1.354214979,2.708429958,40.52020833,8.884455802,-0.7601768567
198,1.093496373,-0.1611214215,1.081561004,2.163122007,48.83302942,7.372059532,-0.6582556045
199,2.243863286,0.1920776966,2.235627116,4.471254233,25.04307582,14.375231,-0.9059898002
200,2.018183286,1.042680201,1.72797042,3.45594084,24.32229134,14.80123706,-0.911243105
201,2.056882715,0.3937299155,2.018847011,4.037694023,26.89185951,13.38695079,-0.8918618018
202,1.539706576,1.090827915,1.086641983,2.173283966,27.13054135,13.26917865,-0.8899698512
203,2.126860567,1.367914324,1.628602553,3.257205107,20.86135241,17.25679107,-0.9344448914
204,1.823162949,0.210281947,1.810995484,3.621990968,30.5043778,11.80158475,-0.8615903784
205,1.761228079,0.6543077014,1.635177599,3.270355197,29.82820816,12.0691125,-0.8675206754
206,1.899143982,1.061068255,1.575081593,3.150163185,25.13730553,14.32134401,-0.905292409
207,1.257223618,1.112255485,0.5860878451,1.17217569,23.77181802,15.14398266,-0.9151580483
208,2.245668574,-0.1778766823,2.238612792,4.477225583,25.03521467,14.37974488,-0.9060478696
209,2.161546212,0.1976523386,2.152490553,4.304981106,25.95392455,13.87073463,-0.8991462798
210,1.984773071,-1.104801208,1.648859737,3.297719474,24.08117226,14.94943835,-0.9129683078
211,2.006426504,0.8181534269,1.83204047,3.664080941,25.8832495,13.90860912,-0.8996854401
212,1.781254264,-0.3355389576,1.749365703,3.498731405,30.9009531,11.65012609,-0.8580563629
213,1.622937689,0.94431732,1.319921037,2.639842073,28.97221001,12.42570035,-0.8748547499
214,2.619566035,-0.07760365356,2.618416293,5.236832586,21.60367295,16.66383308,-0.9297528853
215,1.505511303,1.216978844,0.8862994848,1.77259897,23.72595275,15.1732579,-0.9154804328
216,1.478879444,1.0995421,0.9889851264,1.977970253,27.04674084,13.31029132,-0.8906358706
217,2.165122706,0.0297839678,2.164917838,4.329835677,26.00500045,13.8434914,-0.8987557843
218,1.925101666,0.3226694908,1.897867442,3.795734883,28.77333892,12.51158237,-0.8765307565
219,1.661738136,1.244966242,1.100651028,2.201302057,23.66623087,15.21154771,-0.9158993353
220,1.983941284,-0.2704150038,1.965425843,3.930851686,28.06700334,12.82644947,-0.8823979757
221,2.230941804,0.8497629765,2.062766157,4.125532313,23.57502214,15.27039923,-0.916537173
222,1.90321227,0.5394314095,1.825165938,3.650331876,28.42385685,12.66541701,-0.8794504559
223,1.765807808,0.8634952683,1.540276967,3.080553935,28.23765142,12.74893562,-0.8809927292
224,1.521496126,0.5572180446,1.415789007,2.831578014,34.43564825,10.45428265,-0.8247618278
225,2.753474559,0.01642297071,2.753425582,5.506851164,20.58390669,17.48939137,-0.9361583245
226,1.999265708,1.509971516,1.310362313,2.620724626,19.27492607,18.67711444,-0.9439455018
227,1.932781481,0.2021808422,1.922177713,3.844355427,28.87478073,12.46762715,-0.8756771635
228,1.866513749,-0.6595308931,1.746107837,3.492215674,28.36652368,12.69101579,-0.8799263166
229,2.123176285,0.2104721007,2.112718398,4.225436797,26.39017078,13.6414426,-0.8957880252
230,2.048308511,0.1129450042,2.045192211,4.090384423,27.40004743,13.13866339,-0.8878150042
231,1.875778933,0.7818420671,1.705071725,3.410143449,27.54927118,13.06749633,-0.8866134271
232,1.604134398,1.247450289,1.008521167,2.017042334,23.46565588,15.3415699,-0.917298927
233,2.397523919,-0.5085966214,2.342957622,4.685915244,23.08069092,15.59745335,-0.9199536654
234,1.783445256,-0.243886475,1.766690796,3.533381592,31.08270142,11.5820049,-0.8564229959
235,2.339678884,0.2743780405,2.3235348,4.647069601,23.9781828,15.01364816,-0.9137002694
236,1.847388524,0.8203232234,1.655268609,3.310537217,27.62522622,13.03156749,-0.8859995131
237,2.004658367,1.299944241,1.526040674,3.052081347,22.04449056,16.330611,-0.9268926905
238,1.889158277,-0.1111690293,1.885884525,3.77176905,29.60621377,12.15960956,-0.8694413561
239,1.516332459,0.6510416859,1.369455677,2.738911353,33.75350163,10.66556009,-0.8314356571
240,1.953518669,-0.2117108097,1.942012802,3.884025603,28.57074242,12.6003026,-0.8782273007
241,2.259345954,0.2748832152,2.242561785,4.48512357,24.79417663,14.51953841,-0.9078201057
242,1.82245489,0.8224243432,1.626333307,3.252666615,27.90206193,12.90227227,-0.8837487899
243,1.489129209,0.8685532658,1.209595398,2.419190795,31.58262636,11.39867204,-0.8518857818
244,2.508397827,0.5943648924,2.436963281,4.873926562,21.96585668,16.38907169,-0.927406923
245,0.9750058673,-0.5403288546,0.8115917509,1.623183502,49.19639024,7.317610058,-0.6534682951
246,2.205290156,-0.8799514373,2.022125154,4.044250308,23.66902386,15.20975272,-0.9158797668
247,1.774494212,0.3147794841,1.746351506,3.492703013,31.06615901,11.58817219,-0.8565720188
248,1.896267766,1.119254999,1.530718684,3.061437367,24.58410601,14.64360754,-0.9093515514
249,2.5166086,-0.631060648,2.43620223,4.872404459,21.82474646,16.49503698,-0.9283253438
250,0.7124575008,-0.3713327875,0.6080358965,1.216071793,67.03995288,5.369932176,-0.390089157
251,2.221382954,0.03161932877,2.221157907,4.442315814,25.36779138,14.19122361,-0.9035762745
252,1.89353437,1.071418567,1.561260601,3.122521203,25.08325081,14.35220669,-0.9056927659
253,1.764738827,0.9308348513,1.499283031,2.998566062,27.62923666,13.02967593,-0.885967055
254,1.4825908,0.6172496697,1.347990477,2.695980954,34.68168787,10.38011764,-0.8223259448
255,1.896098263,1.347364079,1.334090949,2.668181899,21.74255277,16.55739341,-0.9288577096
256,1.879256968,0.7278824941,1.732568563,3.465137127,27.83241822,12.934557,-0.8843169499
257,0.8621204448,0.7039509575,0.4976994181,0.9953988362,45.25716303,7.954541909,-0.7039259327
258,2.305099651,0.6247109679,2.218833163,4.437666327,23.66316843,15.21351636,-0.9159207891
259,2.168552903,1.236188589,1.781701284,3.563402568,21.80864849,16.50721273,-0.9284297603
260,1.391856354,0.3221537741,1.35406095,2.708121901,38.74769359,9.290875575,-0.7799096786
261,1.254744752,0.8521486889,0.9209924022,1.841984804,34.81520323,10.34031017,-0.8209977435
262,2.177567714,1.40560025,1.663156362,3.326312724,20.31782325,17.71843349,-0.9377809664
263,1.455864764,0.8929026226,1.149898743,2.299797485,31.59441264,11.39441977,-0.8517780281
264,1.67523733,1.315104896,1.037747187,2.075494375,22.09408581,16.29395319,-0.9265674606
265,1.777122812,-0.5387628333,1.693487555,3.38697511,30.21316697,11.91533481,-0.8641591817
266,2.671452895,0.605474855,2.601934044,5.203868089,20.69768383,17.39325052,-0.9354583192
267,1.857579739,1.249853643,1.374215543,2.748431087,23.2368239,15.49265087,-0.9188819636
268,2.255102331,0.6262700889,2.166396154,4.332792309,24.13334859,14.91711764,-0.9125963569
269,2.455999244,0.4309386575,2.41789664,4.83579328,22.6937754,15.86338076,-0.9225800087
270,0.8492524435,-0.407732894,0.7449722142,1.489944428,57.68473597,6.240819065,-0.5345775145
271,1.200606105,0.8255990606,0.8716887121,1.743377424,36.18983574,9.94754446,-0.8070650728
272,1.430392771,-0.1053360775,1.426508952,2.853017904,38.45869793,9.360691324,-0.7830566976
273,1.436764813,0.3978602793,1.380579707,2.761159413,37.26918762,9.659453909,-0.7957992528
274,2.222360814,0.5420435937,2.155243914,4.310487828,24.68584382,14.58325681,-0.908611393
275,1.609505665,-0.3066838698,1.580016928,3.160033855,34.02227108,10.58130421,-0.8288201496
276,2.128357074,1.133596442,1.801350311,3.602700622,22.82552939,15.77181382,-0.921690394
277,1.366296782,0.7744257638,1.125624996,2.251249993,34.84639675,10.33105381,-0.8206867898
278,2.020899952,0.5075169915,1.95613474,3.91226948,27.03078447,13.31814844,-0.8907624708
279,1.290012719,0.8545723102,0.9663534456,1.932706891,34.34690818,10.48129276,-0.8256366577
280,2.291089406,-0.3640316435,2.261984002,4.523968005,24.34575748,14.7869706,-0.911074343
281,1.897078401,0.8495852473,1.69620499,3.39240998,26.86199428,13.40183444,-0.8920974446
282,1.521376678,0.8913380169,1.232924789,2.465849578,30.84469636,11.67137442,-0.8585601917
283,2.007507702,0.9771284568,1.753655369,3.507310737,24.88749503,14.46509581,-0.907135885
284,2.353881199,-0.07610070744,2.352650713,4.705301427,23.97336957,15.01666251,-0.9137344055
285,2.660489923,0.5183475369,2.609506172,5.219012344,20.91513995,17.21241172,-0.9341101766
286,2.528893086,0.5752142482,2.462606101,4.925212203,21.83745672,16.48543622,-0.9282428494
287,1.674147599,0.533095005,1.587003434,3.174006868,31.86834595,11.29647584,-0.849263503
288,1.727119593,0.4094029846,1.677894896,3.355789793,31.54792217,11.41121111,-0.8522028485
289,1.857439424,1.168219745,1.444071966,2.888143931,24.28780183,14.82225532,-0.9114908666
290,2.4233652,-0.07793917719,2.422111553,4.844223107,23.30511295,15.44725403,-0.9184110801
291,2.238770171,1.337027914,1.79567487,3.59134974,20.66030086,17.42472205,-0.9356887222
292,1.899871647,0.8668381614,1.690592759,3.381185517,26.71271338,13.47672903,-0.8932716668
293,2.118787076,-0.1244537396,2.115128824,4.230257647,26.5163691,13.57651942,-0.8948068487
294,1.849371189,-0.2386477605,1.833908679,3.667817357,30.04888228,11.9804789,-0.8655985103
295,2.080727992,0.4492346031,2.031653821,4.063307643,26.47440963,13.59803693,-0.8951335604
296,1.289699059,-0.7146117835,1.073617092,2.147234185,37.22175469,9.671763273,-0.7963002998
297,3.256037185,1.335771509,2.969426312,5.938852625,16.0056343,22.49207956,-0.9612345859
298,2.006360942,-0.05928058853,2.005484989,4.010969978,27.97662188,12.86788668,-0.8831390756
299,1.59731259,0.3211441015,1.564696129,3.129392258,34.211259,10.52285156,-0.8269701052
300,1.147576491,-0.435681834,1.061655849,2.123311699,44.857986,8.025326862,-0.7088572507
301,1.738324531,0.6793364967,1.600085654,3.200171308,29.99693399,12.00122653,-0.8660521585
302,2.091800681,1.334977616,1.610423812,3.220847625,21.32299607,16.8831809,-0.931545359
303,1.946507105,-0.1121078443,1.943276033,3.886552066,28.772079,12.51213025,-0.876541341
304,1.856635263,1.117294169,1.482817669,2.965635338,24.88194759,14.46832081,-0.9071766267
305,2.367878969,-0.4523776375,2.324264461,4.648528923,23.45536386,15.34830166,-0.9173704406
306,1.902229753,0.4754471186,1.841854519,3.683709038,28.66945524,12.55691805,-0.8774020494
307,2.127969776,0.5249985291,2.062191046,4.124382092,25.73484873,13.98881352,-0.9008130923
308,2.675506799,0.8719958021,2.529418897,5.058837793,20.10970311,17.90180581,-0.9390360395
309,2.486413394,0.7621861652,2.366711604,4.733423208,21.74986012,16.55183058,-0.9288104575
310,1.380727659,0.9870157898,0.9655095546,1.931019109,30.2376205,11.90569873,-0.863944332
311,2.07589184,0.5654946873,1.997383961,3.994767923,26.19940323,13.74077099,-0.8972629682
312,1.704446365,1.441422746,0.9096361234,1.819272247,18.91119043,19.03634789,-0.9460220765
313,1.490946763,0.8548167985,1.221560678,2.443121357,31.76426376,11.33349108,-0.850221198
314,1.155788189,0.8503036527,0.7828346166,1.565669233,35.78949992,10.05881616,-0.8111710053
315,1.906484189,0.665842089,1.786431156,3.572862311,27.82503948,12.93798703,-0.8843770698
316,1.862114431,-0.5355376113,1.783443193,3.566886386,28.99959628,12.41396592,-0.8746231232
317,2.634657261,1.187221873,2.352004062,4.704008124,19.36634874,18.58894544,-0.9434175819
318,1.411537224,1.208094071,0.7300315404,1.460063081,22.73229373,15.83650134,-0.922320434
319,1.522326797,1.163457146,0.9817567646,1.963513529,25.40103156,14.17265276,-0.9033275701
320,1.762802624,-0.6105995885,1.653675069,3.307350138,30.05879853,11.9765266,-0.8655118339
321,1.830333597,0.9979277637,1.53436021,3.06872042,26.33244515,13.67134719,-0.8962353867
322,1.875119344,0.3586212925,1.840506268,3.681012535,29.40224974,12.24396103,-0.871194535
323,2.325089082,0.2513177388,2.311466771,4.622933542,24.14682659,14.90879137,-0.9125001528
324,1.570942524,0.6795460594,1.416360677,2.832721355,32.56294388,11.05551148,-0.8428006715
325,2.209418182,0.8471405353,2.040559143,4.081118287,23.77733234,15.14047055,-0.915119249
326,1.944305473,0.4318862154,1.895731539,3.791463078,28.23513931,12.75006991,-0.8810134725
327,2.581870316,-0.2629457488,2.568445807,5.136891614,21.81698979,16.50090152,-0.9283756652
328,2.025476789,1.114027196,1.691596769,3.383193538,23.70552149,15.1863354,-0.9156238541
329,1.818781842,-0.5853983065,1.721997739,3.443995477,29.38466242,12.25128929,-0.8713451906
330,1.449222447,1.101902658,0.9413056004,1.882611201,26.96454657,13.35086422,-0.8912872734
331,1.988558275,0.8676623161,1.789280894,3.578561789,25.78145908,13.96352313,-0.9004595651
332,1.533534829,-0.528067315,1.439747889,2.879495778,34.41232112,10.46136931,-0.8249919864
333,1.801103502,0.8021166564,1.612632225,3.22526445,28.3080614,12.71722549,-0.8804106415
334,2.270982138,0.2171092152,2.260580337,4.521160673,24.733209,14.55532923,-0.9082658265
335,1.465458992,-0.4240422765,1.402768051,2.805536101,36.47345718,9.870191306,-0.8041323317
336,1.316822622,-0.6830963681,1.125789132,2.251578263,37.18420353,9.681530483,-0.7966965759
337,1.532775234,-0.6338099695,1.395594799,2.791189597,33.61432715,10.70971906,-0.8327828358
338,2.663384705,-0.08734670097,2.661952036,5.323904071,21.25446883,16.93761453,-0.9319795978
339,2.09506644,1.099959985,1.783084804,3.566169609,23.30489367,15.44739938,-0.9184125942
340,2.269513069,0.01437815571,2.269467523,4.538935046,24.848452,14.48782403,-0.9074224456
341,1.407090346,0.8064765916,1.153038919,2.306077839,33.68479544,10.68731442,-0.8321013317
342,2.128843942,0.2176875169,2.117684744,4.235369488,26.31505489,13.68038188,-0.8963699792
343,1.276906829,-0.5240208962,1.164428251,2.328856501,40.14724458,8.966991477,-0.7643900137
344,1.588602788,1.223037045,1.01382405,2.0276481,24.03208352,14.97997457,-0.9133175569
345,1.890913939,1.231036687,1.435306309,2.870612618,23.3449776,15.42087579,-0.9181355923
346,1.51524902,-0.731164452,1.32716922,2.65433844,32.97033663,10.9189058,-0.8389524279
347,1.587685411,0.618083673,1.462435481,2.924870963,32.78288578,10.98133954,-0.8407283739
348,1.906361148,0.7283804802,1.761724922,3.523449845,27.50020291,13.0908125,-0.8870091979
349,2.104821782,1.088313082,1.801624092,3.603248184,23.31518315,15.44058212,-0.9183415311
350,1.433511022,-0.3744618648,1.383738473,2.767476946,37.47499042,9.606406725,-0.7936189887
351,1.306893356,1.053077108,0.7739501597,1.547900319,27.96118846,12.87498922,-0.8832654052
352,1.846983303,0.2014252246,1.835967102,3.671934204,30.1460761,11.94185269,-0.8647478362
353,1.991961734,0.4980781183,1.928686013,3.857372026,27.4182626,13.12993479,-0.8876686548
354,1.859510124,-0.189481393,1.849830993,3.699661985,29.97078191,12.01169863,-0.8662802671
355,1.163622264,0.6527222921,0.9633121942,1.926624388,41.10639381,8.757761667,-0.7534900291
356,1.475494738,0.3345192435,1.437073971,2.874147942,36.71278993,9.805846974,-0.8016422186
357,2.104063368,0.7767334095,1.955445695,3.910891391,25.08601882,14.35062305,-0.9056722842
358,1.605683929,0.08448561099,1.603459716,3.206919432,34.55541816,10.41804785,-0.8235779584
359,1.609907084,1.045628547,1.224116727,2.448233454,27.59717233,13.04481472,-0.8862264428
360,1.109794624,0.965812866,0.5466713959,1.093342792,29.11315726,12.36554307,-0.8736605191
361,1.985447166,-0.3138355121,1.960486603,3.920973206,27.96871808,12.87152307,-0.8832037798
362,1.973687718,-0.05977527243,1.972782331,3.945564662,28.42065295,12.6668448,-0.8794770713
363,1.999376632,0.6206950112,1.900590597,3.801181195,26.89236127,13.38670102,-0.8918578407
364,2.445758579,0.5447870131,2.384311669,4.768623339,22.58654272,15.93869431,-0.9233004525
365,2.555195497,1.219637277,2.245330475,4.490660949,19.67665759,18.29579025,-0.9416077999
366,1.617126218,0.8514804433,1.374801171,2.749602343,30.16889668,11.93281955,-0.8645477416
367,1.52973283,-0.07314265719,1.527983208,3.055966416,36.16917765,9.953226016,-0.8072779125
368,1.788427967,0.8191298652,1.589811579,3.179623158,28.33345702,12.70582689,-0.8802003666
369,1.413679497,0.8788086323,1.107332428,2.214664857,32.34640522,11.12952112,-0.8448287713
370,1.628797526,0.9067676612,1.353053505,2.706107011,29.38267914,12.25211623,-0.8713621744
371,1.845055779,1.15645582,1.437651127,2.875302255,24.50278737,14.69220602,-0.9099410955
372,1.455272325,1.129705434,0.9173784249,1.83475685,26.15795883,13.76254173,-0.8975820861
373,1.275796526,0.5423186856,1.154793149,2.309586299,39.97074609,9.006586946,-0.7663725358
374,1.507702053,-0.4648942979,1.434238046,2.868476092,35.33312997,10.18873789,-0.8158033207
375,2.255966548,1.270793676,1.863992623,3.727985246,21.06525686,17.08975127,-0.933171659
376,2.521648686,1.473927696,2.046032561,4.092065121,18.51759437,19.44097018,-0.9482261727
377,2.158530054,-0.09692127704,2.156353,4.312706,26.06103228,13.81372757,-0.8983265773
378,1.802843558,0.121147578,1.798768512,3.597537024,30.94439685,11.63377014,-0.8576667198
379,1.727628648,0.6062366623,1.617769408,3.235538815,30.60732438,11.76189057,-0.8606769469
380,2.395112426,1.648539106,1.737493122,3.474986245,17.57203076,20.48710277,-0.9533381577
381,0.9607040297,0.4608332581,0.8429620044,1.685924009,51.3989827,7.004029674,-0.6238934727
382,2.359859095,1.075131252,2.100720766,4.201441533,21.55161078,16.70408786,-0.9300870543
383,2.118499195,-0.3877170503,2.082718014,4.165436028,26.17108873,13.75563714,-0.8974810379
384,2.06609468,0.2810472023,2.046890251,4.093780501,26.99135488,13.33760389,-0.8910750148
385,1.575971141,0.6763991938,1.423435691,2.846871382,32.50768774,11.0743035,-0.8433193453
386,1.286873103,1.106361828,0.6572715496,1.314543099,25.05430757,14.36878664,-0.905906803
387,1.896308907,1.239856914,1.434831803,2.869663606,23.21070046,15.51008771,-0.9190617513
388,1.709980359,0.3039963133,1.682741534,3.365483068,32.1817878,11.18645124,-0.846362505
389,1.60078736,0.7589847359,1.409419151,2.818838301,31.36118941,11.47915646,-0.8539035191
390,1.77041147,-0.257547817,1.751578116,3.503156231,31.2689783,11.51300809,-0.8547399886
391,1.8681105,0.9689338936,1.597186261,3.194372521,26.24253894,13.71818484,-0.8969303288
392,2.056118347,-0.125931381,2.052258255,4.10451651,27.29151533,13.19091284,-0.8886851423
393,1.2099188,0.972564738,0.7197369886,1.439473977,30.66417674,11.74008365,-0.8601713122
394,1.73241662,0.8641942602,1.501477814,3.002955627,28.62308205,12.57726192,-0.8777900595
395,1.559850736,1.153993862,1.049491537,2.098983074,25.67484867,14.02150426,-0.9012672993
396,1.964520948,0.725792371,1.825532248,3.651064496,26.82936086,13.41813552,-0.8923546519
397,1.250693469,-0.1906551692,1.236076357,2.472152713,43.24464092,8.324730933,-0.7284350543
398,1.671032891,0.9251817131,1.39154221,2.78308442,28.69385695,12.54623945,-0.8771976465
399,1.859740192,0.7113006471,1.718337851,3.436675702,28.1706393,12.7792627,-0.8815454907
400,1.981523858,0.3627425165,1.948038672,3.896077344,27.9178365,12.89498203,-0.8836199181
401,1.32233037,1.071410324,0.7750080805,1.550016161,27.3466203,13.16433241,-0.8882437456
402,2.037583938,0.7144681206,1.90821477,3.816429541,26.06171256,13.81336699,-0.898321361
403,1.138775731,-0.5346212622,1.00548012,2.01096024,43.84630495,8.210498021,-0.7212006205
404,2.279779249,1.283402365,1.884216494,3.768432988,20.84935255,17.26672323,-0.9345194531
405,2.156584866,0.8740258296,1.971531672,3.943063344,24.13180666,14.91807079,-0.9126073597
406,1.530722121,0.6959738571,1.363352706,2.726705412,33.07831284,10.88326366,-0.8379253629
407,1.976566762,0.7517550471,1.828026399,3.656052797,26.56026673,13.55408075,-0.8944645321
408,2.136781728,0.1674857144,2.130207664,4.260415327,26.26999572,13.70384692,-0.8967183321
409,1.078257642,0.1418853156,1.068881705,2.13776341,49.50842155,7.271490157,-0.649336274
410,1.895351613,-0.07418388149,1.893899282,3.787798564,29.53744008,12.18792146,-0.8700337346
411,1.368654944,0.8612931372,1.063668411,2.127336822,33.23620149,10.83156269,-0.8364181768
412,1.392705397,1.12243081,0.8244861431,1.648972286,26.01093861,13.840331,-0.8987103384
413,2.168033768,0.8172063215,2.00811958,4.01623916,24.2860991,14.82329453,-0.91150309
414,2.316274036,-0.2626553282,2.301333872,4.602667744,24.22334325,14.8616975,-0.911953031
415,1.673060088,0.01254663096,1.673013043,3.346026085,33.27718861,10.81822158,-0.8360258797
416,1.708387978,-0.5092334283,1.630727077,3.261454154,31.4283524,11.45462528,-0.853292875
417,1.785942487,-0.7362720801,1.627112163,3.254224327,28.96525581,12.4286836,-0.8749135351
418,1.300963401,1.041211986,0.7799893413,1.559978683,28.40090297,12.67565332,-0.879641077
419,1.931107773,0.4903836726,1.86780649,3.73561298,28.22925763,12.75272643,-0.8810620329
420,1.433277465,1.090598212,0.929989158,1.859978316,27.26810983,13.20223522,-0.888872374
421,1.804863497,1.413424334,1.122392041,2.244784083,20.46525673,17.59078836,-0.9368843773
422,2.297390984,0.6425088674,2.205717046,4.411434092,23.686403,15.19859305,-0.9157579548
423,2.40701916,1.202721584,2.084994491,4.169988982,20.61122069,17.46621442,-0.9359906138
424,2.782026837,0.4619079988,2.743412896,5.486825793,20.11741532,17.89494298,-0.9389897517
425,1.13394745,-0.08159888099,1.13100771,2.262015421,47.51489576,7.576571393,-0.6753985073
426,1.905611015,1.217300527,1.466128496,2.932256992,23.44117968,15.35758887,-0.9174689502
427,1.223715157,-0.4833825152,1.124197549,2.248395098,42.02440722,8.5664504,-0.7428597176
428,1.975613869,0.5412701378,1.90002021,3.80004042,27.4797911,13.10053627,-0.8871736422
429,1.887792562,-0.2882185486,1.865660962,3.731321924,29.37969037,12.25336263,-0.871387767
430,1.617606357,1.366388585,0.8658132369,1.731626474,20.09449577,17.91535374,-0.9391272621
431,1.749537956,1.383889651,1.070388944,2.140777889,20.84691658,17.26874086,-0.9345345841
432,1.769768378,0.9616901424,1.485675665,2.97135133,27.27052998,13.20106357,-0.888853021
433,1.083132152,0.9320987659,0.5516947966,1.103389593,30.86277992,11.66453576,-0.8583983277
434,2.102045478,1.608740906,1.352977416,2.705954831,17.98158277,20.02048455,-0.951155798
435,1.699768048,1.110487563,1.286867822,2.573735643,25.99365816,13.84953198,-0.8988425623
436,1.977755013,1.170808007,1.593964712,3.187929424,23.52490365,15.30293196,-0.9168866712
437,2.736710148,-0.3085873159,2.719256571,5.438513142,20.58665983,17.48705244,-0.9361414296
438,2.328504163,1.339985513,1.904303143,3.808606286,20.21368657,17.80971515,-0.9384105126
439,1.143517313,-0.6356364409,0.9505778035,1.901155607,41.94855342,8.581940749,-0.7437453463
440,2.087850065,-0.4369968843,2.041605157,4.083210315,26.42037136,13.62584935,-0.8955536148
441,1.80207296,0.8119473746,1.608790979,3.217581957,28.22320424,12.75546167,-0.8811120013
442,2.231821887,0.1576154005,2.226249384,4.452498768,25.19996187,14.2857359,-0.9048273358
443,2.212106963,1.056859577,1.943312906,3.886625811,22.70975954,15.8522154,-0.9224723423
444,1.841417332,1.010812172,1.539180478,3.078360956,26.10749829,13.78914195,-0.8979699933
445,1.769534669,0.9007950476,1.523095935,3.046191871,27.86195025,12.92084713,-0.8840761843
446,1.07773201,-0.2746281098,1.042154349,2.084308697,48.82587114,7.373140337,-0.6583496501
447,1.571567215,0.2156052204,1.55670739,3.113414781,35.04103049,10.27367046,-0.8187410863
448,1.408903999,1.125182571,0.8479237347,1.695847469,26.04540266,13.82201707,-0.8984463875
449,2.057185831,0.05662613978,2.056406337,4.112812675,27.31290431,13.18058292,-0.8885139118
450,2.084544123,1.505184639,1.442131549,2.884263098,19.39925613,18.55741259,-0.9432269703
451,1.907764132,0.9264014291,1.667736302,3.335472605,26.1981499,13.74142836,-0.8972726256
452,1.778295351,0.06178007886,1.777221871,3.554443742,31.39319683,11.46745271,-0.8536126547
453,2.015035025,1.296922926,1.542192296,3.084384592,22.03495086,16.33768109,-0.9269551692
454,1.507349245,-0.6406006024,1.364453229,2.728906458,34.01028872,10.58503216,-0.8289371438
455,1.593640179,0.4905258094,1.516269583,3.032539167,33.51317849,10.74204287,-0.8337588501
456,1.568329738,0.5447748415,1.470672819,2.941345638,33.64637644,10.69951769,-0.8324730408
457,2.311268221,1.70642991,1.558864249,3.117728499,17.02156206,21.1496453,-0.9561946603
458,1.465899809,1.0996839,0.9693077782,1.938615556,27.04284192,13.31221034,-0.8906668116
459,2.300804243,1.242464556,1.936487024,3.872974047,21.00388034,17.1396901,-0.933556154
460,2.326181643,0.6037512583,2.246465102,4.492930204,23.52189748,15.30488772,-0.9169076122
461,1.577568846,-0.3141986142,1.545963355,3.09192671,34.62724164,10.39643884,-0.8228662906
462,1.714435968,-0.09175309966,1.711978988,3.423957976,32.4804747,11.08358185,-0.8435744982
463,1.787252402,0.8236415043,1.586154413,3.172308826,28.31248598,12.71523808,-0.8803740186
464,1.908565976,0.3702132107,1.872315749,3.744631498,28.89335466,12.4596124,-0.8755205737
465,1.990305747,0.3989475968,1.94991225,3.8998245,27.71727062,12.98829185,-0.8852534686
466,1.749426196,-0.3320551621,1.717623761,3.435247522,31.43106271,11.45363755,-0.8532682083
467,1.169043327,0.7408634981,0.9043138713,1.808627743,39.00181497,9.230339673,-0.777126026
468,1.706472932,-0.1137653673,1.702676513,3.405353026,32.60343074,11.04178278,-0.8424201352
469,2.10590859,0.03739987627,2.105576462,4.211152925,26.70891243,13.47864691,-0.8933014854
470,2.632057834,0.7486451385,2.523342802,5.046685604,20.70029653,17.39105522,-0.9354422015
471,1.764629688,1.185177911,1.307391011,2.614782022,24.53690423,14.67177752,-0.9096939781
472,1.440469325,1.132484849,0.8901853429,1.780370686,26.00245605,13.84484602,-0.8987752542
473,2.066121735,-0.07208920201,2.064863717,4.129727434,27.19380501,13.23830923,-0.8894657908
474,1.75454543,0.1879660219,1.74444789,3.488895779,31.66441405,11.36922981,-0.8511373115
475,2.300362601,-0.2979549561,2.280984642,4.561969285,24.34325995,14.78848769,-0.9110923118
476,1.749431613,-0.6730832882,1.614766192,3.229532385,29.8793239,12.04846539,-0.8670765798
477,2.129988679,1.300118199,1.687170543,3.374341086,21.48304451,16.75740139,-0.9305259856
478,2.677008037,0.5185976294,2.62629559,5.25259118,20.79284939,17.31364438,-0.9348699871
479,1.912846815,1.409097081,1.293610587,2.587221174,20.78030755,17.32409393,-0.9349476707
480,1.811161261,0.7042287683,1.668642249,3.337284498,28.83944754,12.48290209,-0.87597479
481,1.897927931,1.469321384,1.201343041,2.402686081,19.71676305,18.25857516,-0.9413718804
482,1.515287333,1.02427876,1.116668583,2.233337166,28.62376045,12.57696384,-0.8777843874
483,1.636636396,-0.2667776243,1.61474716,3.22949432,33.61969091,10.7080104,-0.8327310068
484,1.783359615,0.7763259239,1.605518476,3.211036952,28.71785237,12.53575634,-0.8769964919
485,1.443152297,0.4528596051,1.370257907,2.740515814,36.78459632,9.786705197,-0.8008923864
486,2.069051237,-0.06365528879,2.068071813,4.136143626,27.15987889,13.25484555,-0.8897362359
487,1.115145434,-0.1222932769,1.108419457,2.216838914,48.12803538,7.480047693,-0.6674682767
488,2.034115095,-0.05573930686,2.033351261,4.066702522,27.61099977,13.03828195,-0.8861146183
489,1.671963942,0.4573628434,1.608192356,3.216384711,32.28419157,11.1509684,-0.8454092338
490,1.818425028,1.170039849,1.392004431,2.784008862,24.4844747,14.70319476,-0.9100736059
491,2.248632236,1.23050658,1.882073455,3.76414691,21.38436011,16.83473333,-0.9311553807
492,1.574496744,1.081042429,1.144721479,2.289442958,27.18272443,13.24370561,-0.889554155
493,2.070733215,0.9198522364,1.855211015,3.710422031,24.67619654,14.58895821,-0.9086817015
494,1.405901701,0.7630778282,1.180792878,2.361585756,34.36819662,10.47480041,-0.8254269695
495,1.740284494,1.338200923,1.112568383,2.225136766,21.82153534,16.49746429,-0.928346178
496,2.281129692,0.8480617745,2.117626949,4.235253898,23.14654338,15.55307823,-0.9195024846
497,2.147905847,0.601887953,2.061851211,4.123702423,25.29178296,14.23387195,-0.9041438296
498,1.213393284,1.007456935,0.6762793702,1.35255874,28.95460372,12.43325598,-0.8750035543
499,1.846775104,0.9283429838,1.596482881,3.192965762,26.79942095,13.43312606,-0.8925903751
500,1.648384335,1.185527399,1.145292846,2.290585692,24.90134194,14.45705219,-0.9070341529
501,1.496601423,0.5042619257,1.409090391,2.818180783,35.30426256,10.19706896,-0.8160945976
502,2.155292638,0.8183044281,1.993906773,3.987813546,24.40125901,14.7533371,-0.910674583
503,1.318068567,0.8442335441,1.012212661,2.024425322,34.23796702,10.51464299,-0.8267079285
504,1.987563498,0.3811115113,1.950682618,3.901365236,27.79610415,12.95145528,-0.8846126853
505,1.070979213,0.8928730472,0.5914171094,1.182834219,33.39808162,10.77906222,-0.834866294
506,1.715310064,0.9253093526,1.444330716,2.888661432,28.2122009,12.76043657,-0.8812028043
507,2.068047357,0.7160198346,1.940138002,3.880276003,25.72495412,13.99419406,-0.9008880637
508,2.046871361,1.013907267,1.778109789,3.556219578,24.29124098,14.82015679,-0.9114661757
509,1.681024328,1.155607407,1.220825258,2.441650516,25.35869547,14.19631386,-0.9036442774
510,1.957545358,0.8231296047,1.77607474,3.552149481,26.37384672,13.64988596,-0.8959146254
511,1.177048272,0.8131603825,0.8510069493,1.702013899,36.85132254,9.768984536,-0.8001944761
512,2.067980101,-0.4871675676,2.00977846,4.01955692,26.52528136,13.57195783,-0.8947373928
513,2.239553614,0.1948819616,2.231058361,4.462116722,25.08706332,14.35002557,-0.905664555
514,2.17177721,1.603933087,1.464245506,2.928491011,18.15017117,19.83452369,-0.9502433228
515,1.569341275,0.1485476823,1.562294986,3.124589972,35.22270629,10.22067972,-0.8169163943
516,1.840223877,1.039681709,1.518382647,3.036765295,25.83221351,13.93608797,-0.9000739284
517,2.298173043,0.9117794541,2.109563358,4.219126717,22.74650048,15.82661036,-0.9222245896
518,2.604044037,1.340332045,2.232611779,4.465223558,18.87278841,19.07508271,-0.9462390908
519,1.924372266,-0.1229096313,1.920443136,3.840886272,29.07987827,12.37969419,-0.8739429655
520,2.064403241,0.2464516183,2.049639564,4.099279128,27.0628401,13.30237324,-0.8905080668
521,1.120506204,-0.1943853885,1.103516413,2.207032827,47.65993442,7.55351438,-0.6735295554
522,1.631349808,0.6318896838,1.50400054,3.008001079,31.95301074,11.26654395,-0.8484824069
523,2.154700616,-0.2737073564,2.137245664,4.274491328,25.94482223,13.87560095,-0.8992157957
524,1.451726984,0.203385725,1.437409296,2.874818592,37.73399885,9.540467773,-0.7908605185
525,1.558783122,-0.7724264997,1.353943176,2.707886352,31.84567526,11.30451771,-0.8494723424
526,1.487959145,0.279591267,1.461455145,2.922910291,36.65342476,9.821728865,-0.8022611835
527,1.756155822,-0.2169224577,1.742707066,3.485414132,31.58778759,11.39680957,-0.8518386007
528,1.750116455,-0.2469852529,1.732600904,3.465201808,31.63085168,11.38129329,-0.8514446635
529,1.607856724,-0.2580809819,1.587008964,3.174017928,34.20010872,10.52628233,-0.8270795077
530,2.003801636,1.084295382,1.685088876,3.370177752,24.11044906,14.93128557,-0.9127596947
531,1.771106019,1.387413643,1.100863259,2.201726518,20.87393033,17.24639272,-0.934366694
532,1.194636959,0.5430530852,1.064072747,2.128145495,42.11150289,8.548733131,-0.7418412289
533,1.769955829,0.1804614233,1.760732039,3.521464078,31.4158938,11.45916784,-0.8534062368
534,1.598341146,1.332454149,0.882757249,1.765514498,20.95812519,17.17710896,-0.9338420916
535,1.736212269,1.288428032,1.163781014,2.327562028,22.83029519,15.76852148,-0.9216581236
536,2.864900313,1.914090832,2.131644927,4.263289853,14.99595593,24.00647225,-0.9659440919
537,1.22266439,-0.3502143584,1.171434212,2.342868424,43.25833738,8.322095158,-0.728271258
538,1.512999091,-0.4518916216,1.44393913,2.88787826,35.30241318,10.19760315,-0.8161132511
539,2.287509954,0.04120079823,2.287138886,4.574277773,24.65587102,14.60098488,-0.9088297476
540,1.497227103,-0.0717301194,1.49550787,2.99101574,36.90194025,9.755584601,-0.7996643256
541,1.496775118,-0.7568860177,1.291301402,2.582602803,32.9749311,10.91738445,-0.8389087862
542,2.453518047,0.9254417906,2.27229142,4.54458284,21.49592632,16.74735923,-0.9304436236
543,1.777942054,0.4661620934,1.71574207,3.431484139,30.51440694,11.79770594,-0.8615015134
544,1.877517286,0.4183160604,1.830323149,3.660646299,29.19930342,12.32906124,-0.8729280084
545,1.476412369,0.9002126376,1.170218223,2.340436446,31.23243711,11.52647802,-0.8550708502
546,1.760405846,1.19585906,1.29187842,2.583756839,24.39168789,14.75912621,-0.9107435818
547,1.393860697,0.9163212156,1.050334743,2.100669486,31.8177145,11.31445189,-0.8497297301
548,1.769291007,0.6824378434,1.632381468,3.264762937,29.54119263,12.18637326,-0.8700014445
549,1.740609776,1.024797229,1.40695168,2.81390336,26.8461735,13.40973231,-0.8922221757
550,1.874820491,0.8499651079,1.671080845,3.342161689,27.10445785,13.28194801,-0.8901773586
551,1.478964434,0.945157674,1.137546821,2.275093641,30.42020757,11.83423877,-0.8623351432
552,2.264670244,0.06453496698,2.26375055,4.5275011,24.89148586,14.46277663,-0.9071065701
553,1.61046531,1.233348385,1.035591752,2.071183504,23.83972651,15.10084437,-0.9146796464
554,2.103905848,0.6886945863,1.987993859,3.975987719,25.45464982,14.14279916,-0.9029257554
555,1.454033914,1.218362795,0.7936036305,1.587207261,23.05964873,15.61168621,-0.9200975775
556,1.776117935,1.431591705,1.051256443,2.102512886,19.89664719,18.09350071,-0.9403080436
557,2.429947958,0.8462088696,2.277844952,4.555689905,21.94091077,16.40770539,-0.9275696938
558,1.353547223,1.161573131,0.6948654171,1.389730834,23.71142883,15.18255195,-0.9155823983
559,2.576739227,0.03612534384,2.57648598,5.15297196,21.9608756,16.392789,-0.9274394383
560,2.360653966,0.2562154398,2.346708502,4.693417004,23.79210326,15.13107085,-0.9150152775
561,1.652608854,1.196830176,1.139611142,2.279222283,24.66997779,14.59263576,-0.9087270095
562,2.283718563,0.612137068,2.200149696,4.400299393,23.89807454,15.06397511,-0.9142675698
563,1.938612738,1.070656786,1.616141515,3.232283029,24.7342422,14.55472123,-0.9082582816
564,1.721037915,1.079453748,1.34042945,2.6808589,26.30152216,13.68742074,-0.8964746591
565,2.416038393,0.7034784719,2.311354485,4.62270897,22.47411499,16.01842832,-0.9240523264
566,0.7568682116,-0.4433704521,0.6134102477,1.226820495,62.24131377,5.783939608,-0.465748682
567,2.203585156,1.557788544,1.558551375,3.117102751,18.69529322,19.25618367,-0.9472366125
568,1.09629052,0.8121203712,0.7364193152,1.47283863,37.72801794,9.541980197,-0.7909243985
569,1.661339145,0.02161031932,1.661198588,3.322397176,33.49736855,10.74711285,-0.8339111703
570,2.040957913,0.9208327712,1.821421481,3.642842962,24.94696585,14.43061261,-0.9066985829
571,1.866279513,0.1370641549,1.861239544,3.722479087,29.92905941,12.0284435,-0.8666438132
572,1.867363913,-0.5846904779,1.773466951,3.546933903,28.71681497,12.5362092,-0.8770051916
573,1.707501379,0.659235216,1.575109485,3.150218969,30.57931102,11.7726655,-0.8609257811
574,1.714529865,0.0828598972,1.712526465,3.425052931,32.48566668,11.08181043,-0.8435258322
575,2.490119594,0.8577402721,2.337729073,4.675458146,21.44736769,16.78527665,-0.930753846
576,1.935238035,1.317969803,1.417075105,2.834150209,22.06964422,16.31199834,-0.9267278276
577,1.352005431,1.164098992,0.6875988812,1.375197762,23.54579981,15.28935109,-0.9167410384
578,2.341827548,0.4283079787,2.302326767,4.604653533,23.74305622,15.16232774,-0.915360282
579,1.718096231,1.15384024,1.2729915,2.545982999,25.22768914,14.27003472,-0.9046211819
580,2.355700274,0.4273949583,2.316604699,4.633209398,23.61259194,15.24610263,-0.9162747224
581,1.930219336,1.276361118,1.447981002,2.895962004,22.61639856,15.91765369,-0.9231001906
582,2.75209813,0.7897724352,2.636342849,5.272685699,19.79670843,18.18484124,-0.9409002275
583,1.958224272,0.8485625242,1.764818387,3.529636775,26.21229674,13.73401208,-0.8971635937
584,1.772999502,1.125722381,1.369772373,2.739544746,25.33249577,14.21099615,-0.9038400247
585,1.26619335,-0.7199031101,1.041626186,2.083252371,37.58635742,9.577943295,-0.7924349014
586,1.679805839,1.339688547,1.013401328,2.026802656,21.50700033,16.73873596,-0.9303727823
587,1.622049084,0.8712408385,1.368204164,2.736408327,29.88270127,12.04710367,-0.8670472128
588,1.96720997,0.4932150278,1.90437759,3.808755179,27.74811744,12.97385312,-0.8850029356
589,2.222775107,0.8636292866,2.048139065,4.09627813,23.58779188,15.26213229,-0.9164480119
590,1.117314544,0.9805954208,0.535559904,1.071119808,28.2101137,12.76138068,-0.8812200249
591,2.776439252,1.202250422,2.502640375,5.00528075,18.5485021,19.40857531,-0.9480547103
592,2.222130287,0.6220739909,2.133280798,4.266561596,24.46860445,14.71273119,-0.9101883678
593,1.326615242,1.173589801,0.6185426261,1.237085252,22.2767458,16.1603496,-0.9253636492
594,1.657840846,0.05436850934,1.656949104,3.313898209,33.55211729,10.72957623,-0.8333834252
595,1.501805459,0.5818522802,1.384509863,2.769019726,34.62058258,10.39843853,-0.8229323268
596,2.084861469,0.7440491014,1.947572407,3.895144814,25.42671405,14.15833754,-0.9031352045
597,1.942106875,0.6746215557,1.821171291,3.642342581,27.34424608,13.16547543,-0.8882627803
598,1.860807055,1.401016412,1.224645218,2.449290437,20.866862,17.25223467,-0.9344106436
599,2.205294623,-0.2474090173,2.191372436,4.382744872,25.40815747,14.16867793,-0.9032742142
600,1.623635165,1.330703112,0.9302797315,1.860559463,21.29880523,16.90235655,-0.9316988022
601,1.550051262,-0.07646077686,1.548164289,3.096328577,35.7231971,10.07748548,-0.8118472044
602,1.767066587,1.077803977,1.400308148,2.800616296,25.98846872,13.85229749,-0.8988822542
603,1.472627631,1.056545376,1.025838198,2.051676395,28.1321523,12.79674573,-0.8818624124
604,2.092097668,0.1685342138,2.085298269,4.170596538,26.80735397,13.42915083,-0.8925279405
605,2.272530997,1.158866728,1.954846551,3.909693103,21.69164979,16.59624803,-0.9291864481
606,1.445290182,1.217290853,0.7791448445,1.558289689,22.9628566,15.67749197,-0.9207579611
607,1.852922221,0.4834102492,1.788752439,3.577504879,29.33224103,12.2731843,-0.871793753
608,2.401814042,1.614421123,1.778301192,3.556602384,17.86056406,20.15613834,-0.951805728
609,1.866022856,-0.5770523323,1.774556819,3.549113638,28.76904925,12.51344794,-0.8765667919
610,1.982349326,0.959194055,1.734835904,3.469671809,25.24200725,14.26194028,-0.9045146429
611,2.040649481,0.1698828838,2.033565861,4.067131722,27.45317725,13.11323628,-0.887387883
612,1.592039211,0.6311331771,1.461594938,2.923189876,32.60960022,11.03969376,-0.8423621112
613,2.274895782,0.6633582895,2.176030008,4.352060016,23.83679917,15.10269887,-0.9147002955
614,1.718388594,0.3741877913,1.6771532,3.354306401,31.8200449,11.31362326,-0.8497082857
615,1.590486795,0.9376096242,1.284732049,2.569464098,29.40412571,12.24317987,-0.8711784602
616,1.383191208,0.05683882176,1.382022889,2.764045778,39.72431538,9.062459518,-0.7691284033
617,1.892142874,-0.13849059,1.887067834,3.774135668,29.53815537,12.18762633,-0.87002758
618,1.600283254,-0.2275194302,1.584026958,3.168053916,34.42896008,10.4563135,-0.8248278311
619,1.874387954,0.9593706331,1.610260287,3.220520574,26.26361178,13.70717794,-0.8967676415
620,1.529314712,0.5091146427,1.442083829,2.884167658,34.62071408,10.39839904,-0.8229310228
621,2.081005221,1.115113384,1.757015899,3.514031798,23.29572805,15.4534771,-0.9184758705
622,1.807447602,1.327612293,1.226504151,2.453008302,22.12415071,16.27181105,-0.9263699665
623,2.670211004,0.8317239026,2.537373082,5.074746164,20.24411502,17.78294579,-0.9382268814
624,1.704095321,1.054188037,1.338890751,2.677781503,26.77055877,13.44760874,-0.8928173824
625,1.625197408,1.137151925,1.161099529,2.322199057,25.89927965,13.9000005,-0.8995632706
626,1.856102807,0.503705336,1.78644859,3.57289718,29.21035243,12.32439769,-0.8728339146
627,1.889199083,1.116143587,1.524236422,3.048472844,24.66626976,14.59482943,-0.90875402
628,1.570252896,-0.8761786912,1.303075231,2.606150462,30.46027545,11.81867185,-0.861980842
629,1.853043883,1.190369298,1.420138221,2.840276442,24.0395143,14.97534416,-0.9132647326
630,1.392414167,1.045019264,0.9201912568,1.840382514,28.58478288,12.5941135,-0.8781100797
631,1.34706573,-0.7520665173,1.117578648,2.235157295,35.53809394,10.12997491,-0.8137292496
632,1.255724323,0.9270751178,0.8469801067,1.693960213,32.55180372,11.059295,-0.8429053041
633,1.378570393,0.7532500513,1.154586804,2.309173608,34.9749474,10.29308196,-0.8194027625
634,1.26786098,-0.073932681,1.265703529,2.531407059,42.99640815,8.372792415,-0.7313964545
635,2.235778218,1.541297502,1.619600646,3.239201293,18.83253776,19.11585176,-0.9464660957
636,1.692371771,0.1217971804,1.687983311,3.375966622,32.85102061,10.95856364,-0.8400838913
637,1.317529504,-0.5865667636,1.179755664,2.359511328,38.44871837,9.363120938,-0.7831650146
638,1.532060684,-0.3896628895,1.481679038,2.963358076,35.24120965,10.21531337,-0.8167300915
639,1.961143062,0.9590902096,1.710622132,3.421244264,25.43998958,14.15094919,-0.9030356977
640,2.116526923,-0.2268810097,2.104331539,4.208663077,26.4510253,13.61005843,-0.895315431
641,2.231116903,0.1570251653,2.225584358,4.451168715,25.20805257,14.2811508,-0.9047672029
642,2.493473527,0.6851672558,2.397489533,4.794979067,21.8884767,16.44701022,-0.9279112502
643,1.710134828,0.6604100261,1.577472576,3.154945152,30.53236487,11.790767,-0.861342328
644,1.446153922,-0.4320173747,1.380116718,2.760233436,36.8518878,9.768834692,-0.8001885592
645,2.039307288,1.360443779,1.51919944,3.038398881,21.23930731,16.94970531,-0.9320754922
646,1.679355199,1.134299853,1.238385129,2.476770258,25.72560743,13.99383867,-0.9008831143
647,1.716214231,-0.00930621133,1.716188999,3.432377998,32.48541218,11.08189725,-0.8435282179
648,1.872695884,-0.0956009397,1.870254083,3.740508166,29.86563972,12.0539859,-0.8671955361
649,1.191989488,0.8963024252,0.78579953,1.57159906,33.86723257,10.62974364,-0.8303311235
650,1.592087195,1.170689911,1.078993405,2.15798681,25.27951912,14.24077722,-0.9042352547
651,1.554050224,1.004549748,1.185728428,2.371456855,28.70786023,12.54011958,-0.8770802751
652,1.801727491,0.9533815283,1.528818372,3.057636744,27.03288889,13.31711167,-0.8907457781
653,1.817606982,-1.076955045,1.464193625,2.928387249,25.61690637,14.05321918,-0.9017049908
654,1.675334131,1.40759245,0.908530653,1.817061306,19.5625006,18.40255535,-0.9422768
655,2.082622175,-0.693447033,1.963783678,3.927567357,25.66233449,14.02834181,-0.9013619085
656,1.617642801,0.1373382711,1.61180223,3.223604461,34.25541005,10.50928888,-0.8265366037
657,1.755769878,1.276611762,1.205400462,2.410800925,23.0510329,15.61752142,-0.9201564672
658,1.738175677,1.337028816,1.110679356,2.221358711,21.84020888,16.48335884,-0.9282249807
659,2.056553602,0.5940246406,1.96889498,3.937789961,26.32483548,13.67529914,-0.8962942922
660,1.302268948,0.8663153397,0.9723179243,1.944635849,33.91939123,10.61339803,-0.8298234739
661,1.703135741,1.104334477,1.29657885,2.5931577,26.06562025,13.81129613,-0.8982913951
662,1.395233352,0.05937319847,1.393969486,2.787938973,39.40612984,9.135634519,-0.7726656619
663,1.967358764,0.9654543174,1.71417574,3.428351479,25.33585833,14.20911008,-0.9038149124
664,1.35153483,0.9928833168,0.9169673474,1.833934695,30.18200578,11.92763671,-0.864432737
665,2.371532995,1.041932513,2.130386206,4.260772412,21.62398002,16.64818408,-0.9296223332
666,1.315401446,1.014296501,0.8375461603,1.675092321,29.50127505,12.2028624,-0.8703447374
667,2.325985089,1.281966612,1.940816385,3.881632769,20.61188995,17.4656473,-0.9359865018
668,1.879094751,-0.532538242,1.802054412,3.604108824,28.7773456,12.50984038,-0.876497094
669,1.33654082,-0.4224581809,1.268018315,2.536036631,39.53453859,9.105961845,-0.7712410075
670,1.183210447,0.722489818,0.9370141011,1.874028202,39.17328928,9.189935454,-0.7752390502
671,1.350354741,0.9690227497,0.9404535273,1.880907055,30.86669988,11.6630544,-0.8583632292
672,1.540986649,1.014927759,1.159552282,2.319104565,28.62412979,12.57680155,-0.8777812992
673,1.897812714,0.6167917667,1.794787178,3.589574357,28.16845856,12.78025204,-0.8815634587
674,2.134809633,0.2337840559,2.121970118,4.243940237,26.22634381,13.72665602,-0.8970552766
675,1.817824447,-0.916688544,1.569766809,3.139533617,27.1996198,13.23547912,-0.8894194065
676,2.254392254,0.8807031435,2.075246108,4.150492216,23.24132008,15.48965372,-0.9188510006
677,1.701657677,1.071612957,1.321848903,2.643697806,26.54823406,13.56022397,-0.8945584159
678,2.686395656,0.9620257812,2.50823205,5.0164641,19.80042178,18.18143088,-0.9408782753
679,1.60275712,1.244958682,1.009409861,2.018819721,23.52397,15.30353932,-0.9168931753
680,1.996078575,0.5116883182,1.929379367,3.858758734,27.32359703,13.17542487,-0.8884282644
681,2.31565833,1.182999468,1.9906747,3.981349399,21.27550454,16.92086781,-0.9318464419
682,1.651561031,0.03345984111,1.651222056,3.302444113,33.68130664,10.68842144,-0.8321351018
683,1.23452503,1.035511907,0.672136252,1.344272504,27.81424306,12.94300906,-0.8844650096
684,1.326770376,0.8951685744,0.9792818054,1.958563611,32.95912306,10.92262071,-0.8390589202
685,2.540735911,0.2733678622,2.525986734,5.051973468,22.14960065,16.2531147,-0.9262025884
686,2.337734896,1.427184635,1.851525982,3.703051964,19.5468079,18.41732941,-0.9423684724
687,1.352788988,0.9091863546,1.001707652,2.003415304,32.37375403,11.12011908,-0.8445732877
688,1.736217376,1.086379166,1.354337877,2.708675753,26.10079252,13.79268463,-0.8980214904
689,1.804154158,0.7810841622,1.626308629,3.252617258,28.42251241,12.66601611,-0.8794616248
690,2.829690322,1.876885379,2.117651669,4.235303337,15.26932142,23.57668623,-0.964698569
691,1.802254497,1.19978126,1.344859175,2.68971835,24.15944474,14.90100472,-0.9124100405
692,1.892171305,1.19443619,1.467526639,2.935053277,23.78104229,15.13810857,-0.9150931406
693,1.423545388,-0.4281088469,1.357646599,2.715293198,37.38827318,9.628687538,-0.7945389165
694,1.34129376,0.7833542637,1.088772266,2.177544532,35.10169277,10.25591564,-0.8181327289
695,1.103882279,-0.5352043005,0.9654597048,1.93091941,44.90826892,8.016341059,-0.7082379591
696,2.031336733,-0.07655547579,2.029893638,4.059787277,27.6394291,13.02487105,-0.8858845441
697,0.7309241358,-0.2237831935,0.6958240974,1.391648195,67.7795654,5.311335324,-0.3781709755
698,2.299361365,0.1192555232,2.296266711,4.592533422,24.50701648,14.68967062,-0.9099104804
699,1.651463459,1.088280651,1.242166164,2.484332328,26.62978019,13.51869965,-0.8939213878
700,1.527375129,-0.3934115259,1.475839475,2.95167895,35.31981874,10.19257779,-0.815937659
701,1.566491594,-0.7875848292,1.354107105,2.70821421,31.56719713,11.40424342,-0.852026786
702,1.977638744,1.004844784,1.703332605,3.40666521,24.95054825,14.42854066,-0.9066722095
703,1.717575452,0.5565058117,1.624920525,3.249841051,31.03985842,11.59799105,-0.8568088016
704,1.163421486,0.8636090443,0.7795697357,1.559139471,35.23815707,10.21619829,-0.8167608325
705,1.623638681,1.10911281,1.185778791,2.371557581,26.42422065,13.62386444,-0.8955237195
706,1.755675819,1.140060157,1.335163068,2.670326136,25.23870742,14.26380496,-0.9045392015
707,2.210114916,0.7124834286,2.092122201,4.184244402,24.29503448,14.81784273,-0.911438937
708,2.242445994,1.500193752,1.666728155,3.333456309,19.22839777,18.72230876,-0.9442132565
709,1.113073907,0.8865823351,0.6729823818,1.345964764,34.23580673,10.51530647,-0.8267291414
710,2.040056814,0.4873668915,1.980985945,3.961971891,26.85805404,13.40380057,-0.8921285158
711,2.375864929,0.8554148585,2.216528723,4.433057446,22.33623817,16.11730665,-0.9249695367
712,1.396537408,1.157650958,0.7811280257,1.562256051,24.67412024,14.59018585,-0.90869683
713,1.708747519,-0.2319629184,1.692929794,3.385859589,32.37875565,11.11840133,-0.8445265434
714,1.647662156,-0.02590315959,1.64745853,3.29491706,33.75864705,10.66393447,-0.8313857565
715,1.570008834,-0.0966963203,1.567028258,3.134056516,35.27883583,10.20441836,-0.8163509861
716,2.182588288,0.841055411,2.014030146,4.028060292,24.04665032,14.97090011,-0.9132139892
717,1.516363577,0.2950144272,1.487388646,2.974777293,35.97149027,10.00792565,-0.8093093694
718,1.344209408,-0.1476767056,1.336072799,2.672145597,40.63496679,8.859364936,-0.7588740078
719,1.192303572,-0.6571169256,0.9948794666,1.989758933,40.33698074,8.92481275,-0.7622507097
720,1.530826007,0.2253562231,1.514147561,3.028295122,35.87769281,10.03409004,-0.8102698737
721,1.535136098,0.7258717162,1.352683663,2.705367326,32.7046798,11.00759898,-0.8414666534
722,2.31177875,1.179898841,1.988003953,3.976007906,21.31768045,16.88739076,-0.9315790904
723,1.157264556,-0.5315440574,1.027969926,2.055939851,43.34181835,8.306065912,-0.727272007
724,1.15766402,0.8238960582,0.8132535087,1.626507017,36.72208652,9.803364517,-0.8015452106
725,1.214552701,-0.03165938533,1.214140003,2.428280006,44.74166554,8.046191299,-0.7102877767
726,1.130584036,0.6146968001,0.9488772871,1.897754574,42.70189412,8.43053938,-0.7348921757
727,2.08377008,0.6091279603,1.992752085,3.985504171,25.96495585,13.8648416,-0.8990620016
728,1.75853099,0.9815882103,1.459080474,2.918160948,27.17239504,13.24874011,-0.8896364987
729,1.53369548,0.5719991969,1.42303856,2.84607712,34.09490496,10.55876239,-0.8281101863
730,1.630539525,1.166964855,1.138794174,2.277588349,25.3043981,14.22677586,-0.9040497424
731,2.526629017,-0.1825583518,2.520025127,5.040050254,22.33475918,16.11837393,-0.9249793465
732,1.549294836,1.26166142,0.8991801534,1.798360307,22.69283632,15.86403722,-0.922586332
733,2.384292122,-0.842056542,2.230647821,4.461295643,22.31492316,16.13270175,-0.9251108545
734,2.693444028,1.162071304,2.429862345,4.85972469,19.13131321,18.81731777,-0.9447699404
735,2.620625221,0.9512806658,2.441872569,4.883745139,20.25367921,17.77454833,-0.9381691083
736,1.753207359,-0.3524970151,1.717405571,3.434811143,31.3081049,11.49861996,-0.8543853319
737,1.742285541,-0.6141597069,1.630449865,3.26089973,30.34139207,11.86497967,-0.8630308405
738,1.62846426,-0.7416390546,1.449781831,2.899563662,31.11513725,11.56993129,-0.8561305892
739,1.92733313,1.311562828,1.412237919,2.824475838,22.17668357,16.23326585,-0.9260242699
740,1.695425312,1.216507615,1.180921763,2.361843527,24.22614072,14.85998138,-0.9119329973
741,2.35525048,-0.4673527525,2.308416389,4.616832778,23.54661348,15.28882275,-0.9167353651
742,1.730196153,0.9998103018,1.412075808,2.824151617,27.23415112,13.2186973,-0.8891437623
743,2.092527191,0.5795588421,2.010666952,4.021333904,25.96613419,13.86421241,-0.8990529972
744,1.57043955,0.7827022034,1.361490962,2.722981924,31.56296778,11.40577155,-0.8520654262
745,2.158040455,1.178673605,1.807724299,3.615448598,22.30250425,16.14168508,-0.9251931325
746,1.936245016,0.5344924018,1.861011186,3.722022371,28.00684303,12.85400142,-0.8828915159
747,1.510805398,1.107706696,1.027384459,2.054768919,26.81522917,13.42520691,-0.892465944
748,1.341023382,1.15927749,0.6741063813,1.348212763,23.52698787,15.3015763,-0.916872151
749,2.162272425,0.4899825833,2.10602448,4.21204896,25.44941929,14.14570588,-0.9029649878
750,1.322083376,-0.4138211239,1.255649844,2.511299688,39.97212749,9.006275687,-0.7663570474
751,1.935974619,1.044636528,1.629948542,3.259897085,24.98392582,14.40926468,-0.9064263158
752,1.503573342,0.4974622366,1.418895387,2.837790774,35.20912102,10.22462333,-0.8170531247
753,1.714530904,1.273443347,1.148023632,2.296047265,23.11450908,15.57463318,-0.9197221158
754,1.391502762,0.8858854803,1.073073554,2.146147108,32.47086149,11.08686322,-0.8436645874
755,2.124473369,-0.9796688267,1.885109038,3.770218076,23.85320744,15.09230995,-0.914584523
756,2.300032061,0.8728488906,2.127976103,4.255952207,22.88972032,15.72758404,-0.9212552051
757,2.173915812,0.8758367887,1.989678335,3.979356671,23.96660449,15.02090128,-0.9137823736
758,2.020589426,1.150422977,1.661116674,3.322233347,23.4317716,15.36375508,-0.9175342586
759,1.514520626,-0.1700185948,1.504947309,3.009894618,36.36635101,9.899260993,-0.805242165
760,2.075861187,0.8175181234,1.908104762,3.816209525,25.17677219,14.29889412,-0.9049995897
761,1.433304712,-0.1411309101,1.426339533,2.852679066,38.32619577,9.393053309,-0.784492924
762,2.0854693,0.7677040121,1.939023659,3.878047319,25.3154111,14.22058677,-0.9039675686
763,2.391724627,0.9369753948,2.200550795,4.40110159,21.91339336,16.42830912,-0.9277490396
764,2.556380872,0.8581587087,2.408037956,4.816075911,20.9636058,17.17261827,-0.933807873
765,1.932755765,1.319421289,1.412328683,2.824657365,22.05759227,16.32091099,-0.9268068412
766,1.846924945,0.2050025712,1.83551238,3.67102476,30.14160954,11.9436223,-0.8647869836
767,1.506160278,1.230845928,0.8680651388,1.736130278,23.27014973,15.47046341,-0.9186523302
768,1.09306349,0.002916221951,1.0930596,2.1861192,49.16145247,7.322810493,-0.6539297482
769,1.838238264,0.4945881656,1.770452615,3.540905229,29.50113387,12.2029208,-0.8703459508
770,2.215356376,-0.6415074849,2.120441468,4.240882937,24.47715919,14.70758911,-0.9101265149
771,1.8801428,0.9026076664,1.649313903,3.298627806,26.66048975,13.50312779,-0.8936810191
772,0.5086016393,0.03547294273,0.5073630829,1.014726166,89.0203694,4.044018267,-0.01709694644
773,2.346992716,0.9131191621,2.162079602,4.324159204,22.3509352,16.10670859,-0.9248720213
774,1.985246853,1.255559959,1.537782253,3.075564505,22.61695703,15.91726064,-0.9230964422
775,1.291721433,-0.5513524743,1.168141562,2.336283124,39.47074238,9.12067973,-0.7719492909
776,2.198201639,0.9416365259,1.986305892,3.972611785,23.43641285,15.36071251,-0.9175020433
777,1.619572027,0.01149219356,1.619531253,3.239062506,34.31270475,10.49174067,-0.8259733181
778,1.647314925,-0.2337249846,1.630649899,3.261299799,33.49996568,10.74627967,-0.8338861527
779,1.246144397,-0.2305620218,1.224629336,2.449258672,43.22680325,8.328166159,-0.7286483131
780,1.383689385,-0.8192240459,1.115109088,2.230218176,33.81803595,10.64520721,-0.8308093136
781,1.608261869,1.119503557,1.154650608,2.309301215,26.29758173,13.68947167,-0.8965051302
782,2.475496751,1.476845758,1.986708528,3.973417055,18.67451913,19.27760483,-0.9473527687
783,1.109253592,0.7901961987,0.7784815336,1.556963067,38.44991103,9.362830508,-0.7831520709
784,2.05235361,1.546167347,1.349637684,2.699275368,18.81049585,19.13825148,-0.9465902093
785,1.917399935,-0.06966567703,1.916133921,3.832267843,29.2149199,12.32247089,-0.8727950084
786,2.355974139,1.333425592,1.942315714,3.884631428,20.12446077,17.88867806,-0.938947451
787,1.252403915,0.7564375567,0.9981571972,1.996314394,37.12685164,9.696486077,-0.7973011481
788,1.691426516,1.042923019,1.33162879,2.663257581,27.02258686,13.32218865,-0.8908274851
789,1.598851433,0.3818320611,1.55258822,3.10517644,33.94792056,10.60447868,-0.8295455127
790,1.690343549,-0.07089311086,1.688856264,3.377712528,32.93319089,10.93122137,-0.839305068
791,2.141499174,-0.5862483486,2.059692109,4.119384218,25.40861534,14.1684226,-0.9032707853
792,1.673540855,0.2590321893,1.65337271,3.306745421,32.95104919,10.92529703,-0.8391355757
793,1.348775312,0.3210308247,1.310012997,2.620025994,39.85618646,9.032474804,-0.7676554379
794,1.386010173,0.02345177425,1.385811753,2.771623506,39.66955512,9.07496943,-0.7697388643
795,1.670784949,1.293050629,1.058084314,2.116168628,22.60289498,15.92716332,-0.9231907986
796,1.896173701,0.6504218725,1.781130566,3.562261132,28.03083496,12.84299952,-0.8826948088
797,1.52241577,1.004542775,1.14395961,2.28791922,28.95307506,12.43391244,-0.8750164703
798,1.748712061,0.1814232485,1.739275561,3.478551123,31.77413541,11.32996997,-0.850130486
799,1.611775168,0.9031753032,1.334950773,2.669901545,29.62220574,12.15304502,-0.8693034305
800,1.73114433,1.281387917,1.164004166,2.328008332,22.96519027,15.67589886,-0.92074207
801,1.868760161,-0.161058367,1.861806849,3.723613697,29.86575219,12.05394051,-0.8671945587
802,2.458858975,1.086336615,2.205869492,4.411738984,20.83610519,17.27770121,-0.9346017185
803,1.276944632,0.8234604705,0.9759612936,1.951922587,35.25715249,10.21069413,-0.8165695011
804,1.591401108,0.2474086874,1.572051662,3.144103324,34.55610939,10.41783946,-0.8235711155
805,1.851063305,-0.1405430445,1.845720187,3.691440375,30.15943644,11.93656256,-0.8646307072
806,2.031860172,0.5885259175,1.944760397,3.889520795,26.63039863,13.5183857,-0.8939165496
807,1.881297198,0.5964920888,1.7842299,3.5684598,28.4770851,12.64174331,-0.8790078775
808,2.003594114,0.4860079723,1.943755547,3.887511094,27.30972598,13.18211689,-0.8885393639
809,1.99775742,-0.3307530793,1.970187075,3.94037415,27.77318765,12.96214192,-0.8847991304
810,1.72768742,-0.2790228048,1.70500736,3.41001472,31.94044413,11.27097665,-0.8485984604
811,1.742731687,0.981427672,1.440108835,2.88021767,27.32551506,13.17450007,-0.8884128979
812,1.489694634,1.05965297,1.047055723,2.094111446,28.00042581,12.85694734,-0.8829441038
813,1.756271007,-0.4836975387,1.68834965,3.3766993,30.77994803,11.69592618,-0.8591390455
814,1.984798869,0.2096142321,1.973699172,3.947398345,28.14504217,12.79088508,-0.881756315
815,2.33158493,1.015323778,2.098905885,4.19781177,22.03332182,16.33888902,-0.9269658358
816,1.495302498,0.8988653095,1.194977287,2.389954573,31.03624332,11.59934198,-0.856841334
817,2.291747282,0.2929672307,2.272944303,4.545888607,24.436929,14.73180202,-0.9104172124
818,1.577587695,0.9332844603,1.271913147,2.543826294,29.60207854,12.16130818,-0.86947701
819,1.730641842,-0.3948468425,1.684997672,3.369995345,31.54224351,11.41326551,-0.8522547005
820,2.039776496,-0.2059366998,2.029354141,4.058708283,27.42593052,13.12626384,-0.8876070202
821,1.683044676,-0.02134123933,1.682909365,3.365818731,33.08922404,10.87967489,-0.8378214105
822,2.093610675,1.668589221,1.264521913,2.529043825,17.01108099,21.16267626,-0.9562481934
823,1.137213304,1.06590451,0.3963605374,0.7927210748,20.80314268,17.30507768,-0.9348061973
824,1.768467298,0.85085565,1.5503294,3.1006588,28.3149387,12.71413666,-0.8803537148
825,2.175401234,0.8036563558,2.021511067,4.043022133,24.27497061,14.83009004,-0.9115829577
826,1.666687707,1.352413813,0.9740763776,1.948152755,21.07357993,17.08300162,-0.9331194364
827,1.582368577,-0.6831457345,1.42730593,2.854611861,32.34457794,11.13014987,-0.8448458343
828,1.902706124,1.446338359,1.236283118,2.472566236,20.14394417,17.87137598,-0.9388303991
829,1.351128664,0.9929867424,0.9162565117,1.832513023,30.18003828,11.92841429,-0.8644500005
830,1.511537615,1.090426102,1.046764958,2.093529916,27.22333015,13.22395159,-0.8892301748
831,1.590779757,0.2161783093,1.57602258,3.15204516,34.64688143,10.39054556,-0.8226714632
832,1.7272213,0.8441195723,1.50690264,3.013805281,28.86855869,12.47031429,-0.8757295985
833,2.005107019,0.5843594175,1.918066274,3.836132547,26.96287802,13.35169042,-0.891300478
834,2.667977537,1.633643846,2.109339214,4.218678429,17.07282321,21.08614349,-0.9559323778
835,1.495857666,0.5723425726,1.382032611,2.764065222,34.81207794,10.34123848,-0.8210288846
836,1.377905775,1.035748391,0.9087626725,1.817525345,28.86464529,12.47200499,-0.8757625726
837,1.45040855,0.881702149,1.151645033,2.303290065,31.85158183,11.3024214,-0.8494179447
838,1.484604131,-0.3269397598,1.448157387,2.896314774,36.54235926,9.851580666,-0.8034168834
839,2.170466669,1.05967233,1.894206988,3.788413976,23.00714357,15.64731401,-0.9204561304
840,2.298239425,1.004885783,2.066908082,4.133816163,22.33092682,16.1211401,-0.9250047627
841,2.223882619,1.239845676,1.846195168,3.692390337,21.46331545,16.77280478,-0.9306520356
842,2.353279017,0.185483761,2.34595778,4.691915561,23.92420623,15.04752118,-0.9140827101
843,1.230515181,0.9613398231,0.7681102498,1.5362205,31.28293207,11.5078727,-0.8546135525
844,1.572436899,1.331772431,0.8360263122,1.672052624,20.6140429,17.46382317,-0.9359732731
845,1.630116712,0.2098928241,1.6165474,3.2330948,33.882321,10.62501002,-0.8301843416
846,1.012826879,0.8545606319,0.5436399667,1.087279933,35.0201222,10.27980422,-0.8189505545
847,2.189349943,0.7003588888,2.074307258,4.148614516,24.5399557,14.66995313,-0.9096718598
848,1.793668942,-0.6025139397,1.689445242,3.378890485,29.65564167,12.1393428,-0.8690148377
849,1.329300014,0.3081772107,1.293083653,2.586167306,40.44339894,8.901329004,-0.7610471679
850,1.305353793,0.9215417674,0.9245048928,1.849009786,32.45056971,11.09379599,-0.8438546717
851,2.31480434,1.298259001,1.916466201,3.832932402,20.56436895,17.50600764,-0.9362781577
852,1.554370929,0.23158852,1.537021712,3.074043423,35.35914511,10.18124163,-0.8155406463
853,2.11910189,-0.08515480821,2.117390252,4.234780505,26.53362986,13.56768757,-0.8946723109
854,2.283276113,0.4834515168,2.231507212,4.463014425,24.20854087,14.87078473,-0.9120590003
855,1.842568945,-0.2717682581,1.822416619,3.644833237,30.09030296,11.96398722,-0.8652362865
856,1.759345995,0.5260707351,1.678853154,3.357706308,30.54250392,11.78685287,-0.8612524145
857,1.544454876,-0.3464115881,1.505104606,3.010209212,35.17826732,10.23359101,-0.8173634843
858,1.713714729,0.9691637489,1.413343483,2.826686965,27.74565839,12.97500297,-0.8850229171
859,1.549953061,-0.2728527137,1.525747649,3.051495298,35.33182758,10.18911346,-0.8158164665
860,2.785977777,0.9222207675,2.628912519,5.257825037,19.2888724,18.66361043,-0.9438651241
861,2.201445471,-0.1104970597,2.198670635,4.39734127,25.56412924,14.08223205,-0.9021028625
862,1.491593777,-0.5671809237,1.379549852,2.759099704,34.93655587,10.30439295,-0.8197866683
863,1.985888948,1.282334215,1.516368648,3.032737296,22.31924196,16.12958006,-0.9250822314
864,1.597985414,1.247599378,0.9985255001,1.997051,23.43533694,15.36141772,-0.9175095118
865,1.720283075,-0.7495653421,1.548394542,3.096789084,29.74776521,12.10174941,-0.8682181685
866,1.416569923,0.8115640789,1.161048704,2.322097407,33.46219763,10.75840876,-0.8342497953
867,2.047473802,-0.04803159524,2.046910339,4.093820677,27.44001755,13.11952514,-0.8874937476
868,1.940099598,0.3581411243,1.906756772,3.813513543,28.48511078,12.6381815,-0.8789410803
869,2.110755249,1.229591651,1.715631689,3.431263378,22.19399129,16.22060653,-0.9259102046
870,1.902312644,0.1292721532,1.8979152,3.7958304,29.39609711,12.2465237,-0.8712472487
871,2.343319026,-0.4247465623,2.304503073,4.609006147,23.73483594,15.16757904,-0.9154180391
872,1.422429295,0.873690392,1.122483941,2.244967882,32.33339089,11.1340008,-0.8449502793
873,1.270899516,1.026075798,0.7499026848,1.49980537,28.78019367,12.50860241,-0.876473163
874,1.527301415,-0.3822553829,1.478692136,2.957384273,35.37495143,10.17669242,-0.815380968
875,2.346104542,0.3350026236,2.322063686,4.644127372,23.84273203,15.09894082,-0.9146584434
876,3.283846498,-0.5866286253,3.231023782,6.462047564,17.05253656,21.11122874,-0.9560362678
877,1.925432244,-0.1032173695,1.922663647,3.845327295,29.07925923,12.37995773,-0.8739482166
878,1.622012381,1.043822637,1.241514585,2.483029171,27.53944205,13.07216026,-0.8866927582
879,2.017975811,1.254553468,1.580608101,3.161216202,22.46659852,16.02378748,-0.9241024669
880,2.377893231,0.3875582257,2.34609779,4.69219558,23.46618283,15.3412254,-0.9172952647
881,1.872707218,1.181859848,1.452666384,2.905332769,24.03731114,14.97671673,-0.9132803961
882,1.63063273,0.9832129347,1.300867182,2.601734364,28.36954547,12.689664,-0.879901258
883,1.798520878,1.341766062,1.197639839,2.395279678,21.86375318,16.46560849,-0.9280720301
884,1.618712135,1.203499784,1.082505079,2.165010158,24.54661013,14.6659762,-0.9096236168
885,1.999854329,-0.08795964994,1.997919027,3.995838054,28.0514222,12.83357391,-0.8825258928
886,1.88432402,0.2118332246,1.872379155,3.744758309,29.5649956,12.17656194,-0.8697965371
887,1.642978878,-0.8451922017,1.408910833,2.817821665,29.90799967,12.03691333,-0.8668271413
888,2.591886406,1.010839504,2.386645897,4.773291794,20.25406059,17.77421364,-0.938166804
889,2.036719883,1.138800085,1.688597716,3.377195433,23.42084252,15.37092441,-0.9176100942
890,1.864692008,1.370112875,1.264858487,2.529716975,21.40278757,16.8202389,-0.9310380627
891,1.279386499,1.143923277,0.572947946,1.145895892,22.44723318,16.03761128,-0.9242315748
892,1.41234084,0.7059270515,1.223263523,2.446527047,35.0353913,10.27532408,-0.8187975929
893,2.177606358,-0.03491679209,2.177326404,4.354652808,25.86017883,13.92101742,-0.8998611435
894,1.883703131,-0.2713237706,1.864060326,3.728120652,29.47302701,12.21455807,-0.8705874164
895,1.174487795,0.0127500667,1.174418586,2.348837172,46.11891912,7.805907139,-0.6931638638
896,1.828109514,0.8760473209,1.604532794,3.209065589,27.4262891,13.12609222,-0.8876041376
897,1.669209444,1.044725111,1.301848536,2.603697072,27.17118268,13.24933126,-0.8896461615
898,1.698802402,0.312841378,1.669748446,3.339496892,32.35250637,11.12742227,-0.8447717931
899,2.205496076,-0.1984288328,2.196551601,4.393103203,25.4563336,14.1418637,-0.9029131244
900,2.003468034,1.075557746,1.690283911,3.380567822,24.18387972,14.885949,-0.9122354127
901,2.531882312,1.255591835,2.198617108,4.397234215,19.64115529,18.32886074,-0.9418162565
902,2.359368291,-0.2143278812,2.349613222,4.699226444,23.84243314,15.0991301,-0.9146605521
903,2.054534024,1.1458115,1.705352181,3.410704362,23.24060444,15.49013069,-0.9188559292
904,1.122775672,0.8937325871,0.6796081763,1.359216353,33.91937651,10.61340263,-0.8298236172
905,1.901664403,1.086934295,1.56041704,3.12083408,24.86946354,14.47558366,-0.9072682815
906,1.937244283,0.5162484569,1.867191191,3.734382381,28.05936431,12.82994141,-0.8824606983
907,2.366573556,0.4604021974,2.321357407,4.642714815,23.45333211,15.34963127,-0.9173845546
908,1.50286116,1.163885524,0.9507692426,1.901538485,25.33058965,14.21206553,-0.9038542587
909,2.034088837,0.8986297857,1.824823801,3.649647602,25.14563995,14.31659726,-0.9052306083
910,2.645663368,0.5296151998,2.592111571,5.184223143,21.00893675,17.13556494,-0.9335245184
911,1.259965316,0.9245438182,0.8559972691,1.711994538,32.61891508,11.03654119,-0.8422744865
912,1.810536524,0.5140945595,1.736015348,3.472030696,29.82619667,12.06992645,-0.8675381371
913,2.033008541,0.9121871741,1.816875969,3.633751939,25.07443828,14.35725084,-0.9057579596
914,2.536734223,-0.5911657423,2.466889455,4.93377891,21.74453734,16.55588226,-0.9288448781
915,2.007656326,1.123911621,1.663582457,3.327164914,23.75052966,15.1575567,-0.9153077559
916,2.037511733,-0.06845112987,2.036361585,4.07272317,27.56228029,13.06132861,-0.8865083903
917,1.464478761,-0.6025588734,1.334773706,2.669547412,35.16386566,10.23778226,-0.8175082705
918,1.892507203,-0.2444400388,1.876654625,3.753309249,29.39221691,12.24814042,-0.8712804877
919,1.374792428,0.1618964773,1.36522663,2.730453259,39.77493585,9.050925975,-0.7685634673
920,2.475138173,-0.1123687607,2.472586144,4.945172288,22.81999398,15.77563957,-0.9217278677
921,2.138213736,-0.2710186625,2.120968379,4.241936759,26.13914842,13.77244561,-0.8977267694
922,2.108433947,0.6882636186,1.992934244,3.985868487,25.40855081,14.16845859,-0.9032712686
923,1.93719844,0.6783546549,1.81454478,3.629089561,27.38578937,13.14550386,-0.8879294976
924,2.224302634,1.174117114,1.889172097,3.778344193,21.90819257,16.43220904,-0.9277829119
925,1.403401677,-0.6877110478,1.223351863,2.446703727,35.42967879,10.16097273,-0.814827623
926,1.434221584,1.046244746,0.9810012655,1.962002531,28.49718138,12.63282832,-0.8788405851
927,2.0611203,0.6373428155,1.960104851,3.920209703,26.11616111,13.78456805,-0.8979034488
928,2.076236771,0.2874288559,2.056245068,4.112490137,26.85626869,13.40469162,-0.892142593
929,1.288255946,0.6855774816,1.090681851,2.181363701,37.73094373,9.541240278,-0.7908931502
930,2.411632752,1.124400389,2.133470481,4.266940962,20.97212631,17.16564142,-0.9337546576
931,1.697654237,1.00593877,1.367522248,2.735044495,27.45500872,13.11236153,-0.8873731459
932,2.620574899,0.766125684,2.506085441,5.012170882,20.7422161,17.35590827,-0.9351833332
933,1.420651631,0.8736265015,1.12028023,2.240560459,32.35641315,11.12607873,-0.8447353028
934,1.139409251,0.3508263496,1.084054571,2.168109142,45.96189713,7.832574861,-0.6951365926
935,2.082503344,0.05861995014,2.08167814,4.16335628,26.99264533,13.33696626,-0.8910647925
936,1.964134005,0.7556557915,1.812955243,3.625910486,26.67983866,13.49333497,-0.8935294402
937,1.73416954,0.02024003234,1.734051422,3.468102844,32.16515873,11.19223452,-0.846517049
938,2.049969026,0.7030339641,1.92564697,3.85129394,25.97593944,13.85897903,-0.8989780549
939,2.062829135,0.5610333795,1.985070676,3.970141352,26.36372521,13.65512639,-0.8959930857
940,1.734824484,0.8594280503,1.506983548,3.013967097,28.63827026,12.57059161,-0.8776630412
941,2.262302366,0.4306337855,2.220938211,4.441876422,24.52394408,14.67953111,-0.9097878899
942,2.020957472,0.6353467005,1.918489947,3.836979893,26.58125189,13.54338018,-0.894300703
943,1.909614996,0.3438544765,1.878401855,3.756803711,28.94344353,12.43805008,-0.8750978349
944,1.977678647,1.549957882,1.228349868,2.456699736,18.54678521,19.41037198,-0.9480642421
945,2.12367268,1.525984076,1.476942196,2.953884392,19.12149335,18.82698141,-0.9448260965
946,2.186531384,0.5695631059,2.111046508,4.222093016,24.98175835,14.41051486,-0.906442293
947,2.118676581,0.7923248133,1.964945761,3.929891523,24.87068677,14.4748717,-0.9072593027
948,1.61498987,0.4502281492,1.550963215,3.101926429,33.3325829,10.80024314,-0.8354950085
949,2.412888036,0.6201246501,2.331839208,4.663678416,22.70883068,15.85286381,-0.9224786009
950,1.859552603,1.182191766,1.435394897,2.870789794,24.10618837,14.93392462,-0.9127900692
951,1.46204016,-0.292503391,1.432481481,2.864962963,37.19507671,9.678700296,-0.7965818668
952,1.621133196,1.043949039,1.240259345,2.48051869,27.54382827,13.07007859,-0.8866573602
953,1.771268394,1.024721166,1.444762353,2.889524706,26.58197894,13.54300975,-0.8942950248
954,2.39823032,0.1001344536,2.396138927,4.792277854,23.53515546,15.29626607,-0.9168152379
955,1.399201998,0.9269777393,1.048083252,2.096166503,31.53810138,11.4147645,-0.8522925172
956,1.305629732,0.8742692123,0.9697021915,1.939404383,33.68796403,10.6863092,-0.8320706585
957,1.880707977,1.179950423,1.46450657,2.92901314,24.01472076,14.99080516,-0.9134409264
958,2.480276189,-0.1303693602,2.476847553,4.953695107,22.76675856,15.81252768,-0.9220878223
959,2.29269176,1.23898893,1.929078001,3.858156003,21.07265449,17.08375185,-0.933125244
960,2.247283632,0.3025714187,2.226821559,4.453643119,24.88629015,14.46579614,-0.9071447346
961,2.116744852,1.699439175,1.261948992,2.523897984,16.60932468,21.67457178,-0.958276067
962,2.050668054,0.2400698534,2.036567193,4.073134386,27.24410353,13.21386845,-0.8890642579
963,1.509277286,0.7416397713,1.31449168,2.62898336,32.95121319,10.92524266,-0.8391340188
964,1.273933809,1.055433633,0.7134193687,1.426838737,27.45825196,13.11081275,-0.8873470466
965,1.643332705,1.099896539,1.220970917,2.441941834,26.4845595,13.59282566,-0.8950545739
966,2.069733659,-0.4242910046,2.025777521,4.051555042,26.66585353,13.50041166,-0.8936390096
967,1.58664896,-0.400277127,1.535328351,3.070656702,34.1025288,10.55640191,-0.8280355896
968,1.277661782,-0.1802970678,1.264876515,2.529753029,42.45766869,8.479033614,-0.7377762756
969,1.472523695,0.04360598978,1.471877899,2.943755798,37.49801785,9.600507458,-0.7933744
970,1.297170252,0.02693786554,1.296890517,2.593781034,42.15260618,8.540397205,-0.7413599754
971,1.842055243,1.394033159,1.204092635,2.408185269,20.96096455,17.17478216,-0.9338243649
972,1.65199686,0.4269674049,1.595867306,3.191734613,32.7706051,10.98545477,-0.8408444097
973,1.735142225,0.03667603389,1.734754568,3.469509135,32.14404952,11.19958454,-0.846713127
974,1.584738689,-0.8104326175,1.361835411,2.723670822,31.05676575,11.59167709,-0.8566566065
975,1.963336999,1.527093668,1.23396803,2.467936059,18.89724059,19.05040042,-0.9461009578
976,1.813793722,-0.2816968457,1.791785297,3.583570594,30.51648351,11.79690314,-0.8614831103
977,1.736760483,0.5247181091,1.655598949,3.311197898,30.89970148,11.65059799,-0.8580675813
978,1.704572774,0.2519743626,1.685846156,3.371692313,32.40878545,11.10809908,-0.8442457545
979,1.656828803,-0.1413264898,1.650790267,3.301580535,33.48932769,10.74969326,-0.8339886152
980,2.049939508,-0.4756473579,1.993993876,3.987987752,26.77190071,13.44693468,-0.8928068328
981,1.932429387,-0.09031959112,1.930317515,3.860635029,28.98676167,12.41946251,-0.8747317002
982,2.053561283,0.9938134631,1.797066706,3.594133411,24.37009604,14.77220276,-0.9108991453
983,1.627152319,0.1963085298,1.615267046,3.230534092,33.96794037,10.59822868,-0.829350337
984,2.09641302,0.4993246829,2.036080159,4.072160317,26.16118305,13.76084557,-0.8975572767
985,2.29295652,0.2762560366,2.276253985,4.55250797,24.4444253,14.72728426,-0.9103630792
986,2.279040297,1.123637568,1.982791792,3.965583583,21.85316038,16.4735898,-0.9281408634
987,2.46798353,0.3875365548,2.437367047,4.874734094,22.65028995,15.89383628,-0.9228725559
988,2.083653069,0.8210794824,1.915055769,3.830111537,25.08168737,14.35310132,-0.9057043335
989,2.501675029,1.350420775,2.105882637,4.211765275,19.31510654,18.63826116,-0.9437137757
990,1.381951059,0.9963371912,0.9576538677,1.915307735,29.98380056,12.00648328,-0.8661667359
991,2.41415297,1.010891498,2.192312237,4.384624473,21.45576408,16.77870798,-0.9307002525
992,1.851694538,0.907399639,1.614124703,3.228249405,26.920657,13.37263054,-0.8916343542
993,2.091654712,1.228282076,1.693027636,3.386055272,22.31466902,16.13288549,-0.9251125387
994,1.937052947,1.565759719,1.140425632,2.280851264,18.03699092,19.95898327,-0.9508568126
995,1.876437168,1.383040087,1.268154786,2.536309572,21.19103346,16.98831728,-0.9323803825
996,2.68687092,0.1607946698,2.68205526,5.364110519,21.04871651,17.10318061,-0.9332753819
997,2.172857256,0.8399188556,2.003957328,4.007914656,24.14103466,14.9123683,-0.912541501
998,1.860244771,1.092724019,1.505478272,3.010956544,25.12290247,14.3295545,-0.9053991642
999,1.536349457,1.013210769,1.15489116,2.30978232,28.68950294,12.54814351,-0.8772341299
1000,1.29094771,-0.2350931976,1.269360934,2.538721867,41.86338481,8.599400207,-0.7447381764
1001,1.867982679,0.07401371455,1.866515808,3.733031615,29.95050616,12.01983025,-0.8664569958
1002,2.081353597,0.8289091158,1.909173244,3.818346488,25.0655669,14.36233225,-0.905823567
1003,1.628240524,0.1828865909,1.617936865,3.235873729,33.97258868,10.59677858,-0.8293050055
1004,2.084838288,1.157245367,1.734166614,3.468333228,22.94408754,15.69031671,-0.9208857126
1005,2.354647576,0.8946869012,2.178049714,4.356099429,22.36178345,16.09889483,-0.9248000036
1006,2.265747194,0.8349521611,2.106291821,4.212583641,23.33044437,15.43048192,-0.9182360768
1007,1.691538919,-0.3373031874,1.657567638,3.315135277,32.40600265,11.10905297,-0.8442717845
1008,1.487871299,0.6778691707,1.324482687,2.648965374,33.99817847,10.58880258,-0.8290553498
1009,2.201056611,0.7574212864,2.066630881,4.133261762,24.21777145,14.86511675,-0.9119929263
1010,1.794370254,-0.3343064454,1.76295315,3.5259063,30.69480701,11.72836825,-0.859898541
1011,1.522038756,-0.1080667889,1.518197466,3.036394931,36.30229402,9.916728674,-0.8059045785
1012,2.318124749,0.7693499699,2.186733403,4.373466806,23.11219577,15.57619205,-0.9197379651
1013,1.800763939,0.9925929336,1.502501258,3.005002517,26.65879756,13.50398491,-0.8936942708
1014,1.580005721,-0.0321419796,1.579678756,3.159357512,35.11484505,10.25207429,-0.818000709
1015,1.961392945,0.6786125088,1.840257413,3.680514827,27.09428964,13.28693259,-0.8902582018
1016,2.22571746,1.192864684,1.879066805,3.758133609,21.77556831,16.53228953,-0.9286440987
1017,2.829790374,0.06025509022,2.829148792,5.658297583,20.0363303,17.96736202,-0.9394755626
1018,1.730681602,1.04320137,1.380937982,2.761875965,26.70360858,13.48132403,-0.8933430877
1019,2.152560855,0.5708782919,2.075479754,4.150959508,25.33631512,14.20885391,-0.9038115008
1020,2.080008898,1.01485164,1.815630238,3.631260477,24.00801757,14.99499069,-0.9134885328
1021,2.438525649,0.4724939778,2.392312016,4.784624033,22.78087468,15.80272948,-0.9219924528
1022,2.05174026,0.3454955672,2.022441818,4.044883636,27.05632342,13.3055772,-0.8905598079
1023,1.448700657,-0.2652360383,1.424213269,2.848426539,37.6096625,9.572008257,-0.7921867357
1024,1.803889031,1.348046482,1.198660218,2.397320436,21.75295351,16.54947682,-0.9287904499
1025,1.052906013,0.8834139551,0.572879443,1.145758886,33.71187039,10.67873113,-0.831839153
1026,1.731291848,1.05456366,1.373050236,2.746100471,26.55444771,13.55705093,-0.8945099394
1027,1.618446011,1.149896835,1.13890507,2.277810139,25.67261383,14.02272485,-0.9012841983
1028,1.527381725,-0.3488460867,1.487010875,2.974021751,35.52362784,10.13410009,-0.8138759767
1029,1.613103227,1.230071297,1.043564385,2.08712877,23.92557328,15.0466614,-0.9140730341
1030,1.932520182,-0.7887681991,1.76422192,3.52844384,26.85246012,13.40659285,-0.8921726201
1031,0.9318791322,-0.4768427111,0.8006370875,1.601274175,52.31810146,6.880983636,-0.6112770384
1032,1.902324262,-0.04184940038,1.901863882,3.803727764,29.44672776,12.22546705,-0.8708131632
1033,2.299971506,1.415138686,1.813077888,3.626155776,19.78604422,18.19464244,-0.9409632489
1034,1.909779239,0.7791417599,1.743615457,3.487230913,27.16880751,13.25048955,-0.8896650909
1035,2.064209678,1.430981763,1.487700504,2.975401009,20.35025487,17.69019613,-0.9375842721
1036,1.816140562,0.1004172336,1.813362325,3.62672465,30.74687383,11.70850741,-0.8594343074
1037,1.604901503,-0.8677298329,1.350093986,2.700187973,30.13553378,11.94603031,-0.8648402265
1038,1.760413411,0.9863314718,1.458151435,2.916302869,27.10344453,13.28244458,-0.8901854164
1039,2.297863435,0.7895868396,2.157945548,4.315891096,23.21933123,15.50432251,-0.9190023734
1040,1.800696307,1.005025969,1.494131852,2.988263704,26.53254295,13.56824337,-0.8946807851
1041,1.575635258,0.2315196734,1.558532998,3.117065996,34.91779693,10.30992879,-0.8199741192
1042,1.470348495,-0.1574170455,1.461897593,2.923795185,37.40228425,9.625080587,-0.7943904053
1043,1.956731577,1.342990398,1.423086525,2.84617305,21.68492856,16.60139202,-0.9292297999
1044,1.578559085,1.092004463,1.139901329,2.279802657,26.95173659,13.3572098,-0.8913886294
1045,1.623107477,0.7243476388,1.452514502,2.905029005,31.34785534,11.48403921,-0.8540246125
1046,1.585271121,-0.6081188103,1.463993183,2.927986367,32.89889599,10.94261644,-0.8396303306
1047,2.217607504,0.6268836904,2.1271577,4.2543154,24.49925207,14.69432614,-0.9099666842
1048,2.389966868,0.2647527588,2.375257377,4.750514753,23.50297796,15.31720791,-0.9170393481
1049,1.840570103,1.089816805,1.483238901,2.966477802,25.30083145,14.2287814,-0.9040763479
1050,1.906330355,0.7857650807,1.73685597,3.47371194,27.16874664,13.25051924,-0.889665576
1051,1.698323711,0.5091060503,1.620220496,3.240440992,31.59347076,11.39475947,-0.8517866403
1052,1.283041,1.068048839,0.7109612403,1.421922481,26.98581846,13.34034024,-0.8911188661
1053,2.025144004,0.8184072694,1.852408643,3.704817285,25.68728236,14.01471728,-0.9011732561
1054,1.603580382,0.98274377,1.267156156,2.534312311,28.62757187,12.57528936,-0.8777525177
1055,1.084007035,-0.6568414584,0.8623401595,1.724680319,42.98996906,8.374046501,-0.7314730898
1056,1.281588709,-0.3967171425,1.218640689,2.437281378,41.19127943,8.739713964,-0.7525151545
1057,1.683282371,1.316281244,1.049210763,2.098421527,22.10351732,16.28700061,-0.9265055332
1058,1.856938409,1.058221702,1.525905333,3.051810666,25.50631214,14.11415331,-0.9025378505
1059,1.468980731,0.4136608084,1.409535073,2.819070147,36.45650919,9.874779785,-0.8043081339
1060,1.547815129,0.2457747689,1.528177488,3.056354976,35.45824621,10.1527864,-0.8145384843
1061,1.923512378,1.374080752,1.34603193,2.692063859,21.31401407,16.89029569,-0.9316023515
1062,2.106244186,0.8866283124,1.910537831,3.821075663,24.53112557,14.67523367,-0.9097358572
1063,1.817006287,1.186120669,1.37645545,2.7529109,24.27886345,14.82771221,-0.9115550232
1064,1.851317754,0.7688200162,1.684129808,3.368259616,27.92527582,12.89154679,-0.8835591186
1065,2.333500291,0.4020679568,2.298600654,4.597201307,23.86675424,15.08374354,-0.9144888839
1066,1.5941186,1.173471365,1.0789713,2.1579426,25.21653567,14.27634647,-0.9047041341
1067,1.725859013,0.8925931194,1.477114368,2.954228735,28.42877765,12.66322472,-0.8794095726
1068,1.772288047,1.277441338,1.228474074,2.456948149,23.02208395,15.63715955,-0.9203541826
1069,2.253583348,-0.6192240201,2.166840907,4.333681815,24.16805619,14.89569526,-0.9123485166
1070,1.477889722,0.3586143852,1.433720249,2.867440499,36.548181,9.850011414,-0.8033563798
1071,1.749418918,-0.2485396179,1.731673932,3.463347864,31.63937255,11.37822817,-0.8513666601
1072,1.381495272,-0.4527301172,1.305206738,2.610413475,38.20155661,9.423699764,-0.785840092
1073,1.086159968,-0.5550926335,0.9336035795,1.867207159,45.11869359,7.978954428,-0.7056404268
1074,1.844446907,0.6900787028,1.710489922,3.420979845,28.48739194,12.63716948,-0.8789220912
1075,1.690483951,-0.5001821226,1.614792195,3.22958439,31.76709502,11.33248098,-0.8501951836
1076,1.73432178,1.386711092,1.041587436,2.083174871,20.6904448,17.39933595,-0.9355029667
1077,1.245489477,0.6655610454,1.052745236,2.105490471,38.97389168,9.236952855,-0.7774326471
1078,1.149373937,-0.3944038921,1.07958604,2.15917208,45.22713072,7.959823988,-0.7042981348
1079,1.483258906,0.9008040743,1.178392549,2.356785099,31.14399009,11.55921252,-0.8558702525
1080,2.153097287,0.4236852059,2.110999473,4.221998946,25.70257782,14.0063772,-0.9010575095
1081,1.977075529,0.8097380789,1.803649603,3.607299205,26.24137701,13.71879227,-0.8969392956
1082,1.624989628,1.347238309,0.9085924446,1.817184889,20.8103042,17.29912242,-0.9347617981
1083,2.014784361,1.276774715,1.558589859,3.117179718,22.25181878,16.1784528,-0.9255284838
1084,1.516605622,0.5473635048,1.414385311,2.828770622,34.60229401,10.40393449,-0.8231136325
1085,2.126221514,-0.0226649671,2.126100709,4.252201419,26.46506312,13.60283928,-0.8952062704
1086,2.133178292,0.2298100733,2.120763296,4.241526592,26.25017396,13.71419483,-0.8968713986
1087,1.812340661,-0.3537947034,1.777472356,3.554944713,30.35918778,11.85802475,-0.8628739021
1088,1.758768817,1.116688563,1.358776805,2.717553609,25.54279337,14.09399492,-0.9022634903
1089,2.09229691,0.01254167135,2.092259321,4.184518642,26.87962157,13.3930457,-0.8919583909
1090,2.198475873,0.09800875632,2.196290155,4.392580311,25.60348288,14.06058705,-0.9018062592
1091,2.025759224,0.7227542082,1.892439375,3.78487875,26.15430221,13.76446586,-0.8976102191
1092,1.3613729,0.9603187329,0.964947721,1.929895442,31.04110331,11.59752591,-0.856797598
1093,1.374238488,-0.1699464345,1.363689712,2.727379425,39.76937301,9.052191994,-0.7686255792
1094,1.873838773,1.139058382,1.487890369,2.975780738,24.52389963,14.67955772,-0.9097882119
1095,1.906886781,1.292725728,1.40181218,2.80362436,22.48837425,16.00827147,-0.9239571629
1096,2.331900566,0.8678854247,2.164378696,4.328757392,22.64632183,15.89662121,-0.9228992248
1097,2.202907568,0.4724809168,2.151642056,4.303284111,25.05437504,14.36874795,-0.9059063043
1098,2.503318132,1.104889704,2.246290366,4.492580733,20.47305188,17.58409064,-0.9368367999
1099,1.624304033,0.4908345592,1.548368504,3.096737009,32.95521281,10.92391671,-0.8390960472
1100,1.39091638,0.9917724446,0.9752106408,1.950421282,30.06572718,11.9737666,-0.8654512562
1101,1.41090112,1.159154395,0.8043650028,1.608730006,24.80204785,14.51493047,-0.907762486
1102,1.758139319,0.4280942112,1.705224094,3.410448188,30.97253101,11.6232025,-0.857414124
1103,2.331771511,1.385994801,1.875147139,3.750294278,19.87481953,18.11337203,-0.940437627
1104,1.417349184,1.192999357,0.7652654722,1.530530944,23.51323746,15.31052457,-0.916967924
1105,1.36948139,1.1496788,0.7441222584,1.488244517,24.59766116,14.63553781,-0.9092531011
1106,1.807441219,-0.176663154,1.798786783,3.597573566,30.80542204,11.68625444,-0.8589114372
1107,2.195535662,0.7048265291,2.07932595,4.1586519,24.46350445,14.71579842,-0.9102252324
1108,1.452327322,0.448121826,1.381463528,2.762927056,36.61308997,9.832548967,-0.8026812388
1109,1.568203165,-0.1121330582,1.564189038,3.128378075,35.29904882,10.19857509,-0.8161471832
1110,1.809713341,1.302548474,1.256355781,2.512711563,22.55387715,15.96177888,-0.923519274
1111,2.534412126,0.2782857694,2.519087504,5.038175008,22.19867094,16.2171871,-0.9258793491
1112,1.79220608,0.7449490765,1.630047087,3.260094174,28.82483566,12.48922992,-0.8760977749
1113,2.337287302,0.6940616125,2.231858063,4.463716125,23.17772202,15.53215626,-0.9192884439
1114,2.569474268,-0.3339829188,2.547676083,5.095352166,21.85424059,16.47277554,-0.9281338455
1115,2.469189835,1.137737752,2.191449577,4.382899155,20.54627348,17.5214255,-0.9363890477
1116,2.46733993,-0.3896696756,2.43637515,4.8727503,22.65307826,15.89187994,-0.9228538135
1117,2.599430516,0.4064805493,2.567452545,5.13490509,21.53247748,16.71893075,-0.9302096713
1118,1.768963995,0.9813332418,1.471807965,2.943615929,27.07523056,13.29628567,-0.8904096573
1119,1.535832171,-0.6840747194,1.375071721,2.750143441,33.10715029,10.87378397,-0.8376505587
1120,1.212955438,0.644527193,1.027543475,2.05508695,40.07655782,8.982807397,-0.7651848757
1121,1.602168311,1.152936433,1.11251107,2.225022139,25.64860829,14.03584927,-0.9014656313
1122,1.772580518,0.8478744084,1.556647256,3.113294511,28.29144829,12.72469321,-0.880548104
1123,0.9253115521,-0.06775795191,0.9228273556,1.845654711,56.69925408,6.349289878,-0.5490336992
1124,1.054592152,0.316350288,1.006025399,2.012050797,49.40339656,7.28694837,-0.6507292057
1125,1.572068893,1.085025967,1.137593624,2.275187248,27.11727954,13.27566799,-0.8900753787
1126,1.749280198,1.371412773,1.085913539,2.171827079,21.12895895,17.03822705,-0.9327714628
1127,2.390221597,0.2782686502,2.373968374,4.747936749,23.48693709,15.3276691,-0.9171509616
1128,2.105873188,1.087948921,1.803072109,3.606144218,23.30987128,15.44410073,-0.9183782206
1129,2.036058773,1.125282284,1.696842688,3.393685376,23.5372923,15.2948774,-0.916800345
1130,2.098039038,0.3505474784,2.068546415,4.13709283,26.4839861,13.59311996,-0.8950590368
1131,1.810958687,0.9535144707,1.539604339,3.079208678,26.9393192,13.36336666,-0.8914868366
1132,1.901123758,1.344299791,1.344295212,2.688590423,21.7806554,16.52842825,-0.9286111577
1133,2.072574893,0.08523160925,2.070821639,4.141643277,27.10674017,13.2808297,-0.890159209
1134,1.556128394,1.012121102,1.182009499,2.364018998,28.56032141,12.60490016,-0.8783142695
1135,2.210148189,-0.806903254,2.057586488,4.115172975,23.93869371,15.03841456,-0.9139801414
1136,1.828515779,0.4360499546,1.775761919,3.551523837,29.85735866,12.05732912,-0.8672674992
1137,2.234715642,0.4161327469,2.19562919,4.39125838,24.8359656,14.49510785,-0.907514002
1138,1.61744243,0.7963698492,1.407805057,2.815610113,30.75199544,11.70655741,-0.8593886042
1139,1.705907385,-0.05372865362,1.705061066,3.410122132,32.65871336,11.02309194,-0.841899854
1140,2.414131878,-0.1992702774,2.405893614,4.811787227,23.33129957,15.42991632,-0.9182301655
1141,1.781163663,1.00057421,1.473565487,2.947130973,26.75753533,13.45415396,-0.8929197404
1142,1.963073169,0.565779849,1.879773771,3.759547541,27.54787843,13.06815699,-0.8866246697
1143,1.754304133,0.11060958,1.750813671,3.501627343,31.7654149,11.33308037,-0.8502106212
1144,2.179538047,-0.5588993734,2.106660292,4.213320584,25.08460268,14.35143321,-0.9056827631
1145,1.712292088,0.4065136584,1.66333726,3.326674519,31.80711955,11.31822074,-0.8498272072
1146,2.783279938,0.5257408275,2.733174673,5.466349347,20.03116139,17.97199838,-0.9395064677
1147,1.777012125,1.097129385,1.397883831,2.795767662,25.67547892,14.02116008,-0.9012625335
1148,1.613382715,1.34775429,0.8868833961,1.773766792,20.65219951,17.43155734,-0.9357386008
1149,1.998876125,0.9837471368,1.740042336,3.480084673,24.9180757,14.44734354,-0.9069111406
1150,2.248568582,1.151604296,1.931286673,3.862573346,21.89243237,16.44403846,-0.92788551
1151,2.101952548,-0.1582345672,2.095988153,4.191976306,26.69560803,13.48536432,-0.893405828
1152,1.997310999,1.256339017,1.552695559,3.105391119,22.55029577,15.96431389,-0.9235432468
1153,1.505485052,1.159999138,0.9596287003,1.919257401,25.44939164,14.14572125,-0.9029651951
1154,2.75067249,1.304774106,2.421520943,4.843041887,18.31354857,19.65757749,-0.9493512022
1155,1.499616043,0.3102018627,1.46718202,2.93436404,36.2791792,9.923046992,-0.8061433616
1156,1.736551498,0.921317766,1.472000231,2.944000462,28.02420052,12.84603997,-0.8827492193
1157,1.406740074,0.005297675804,1.406730099,2.813460197,39.13345119,9.199290864,-0.7756780652
1158,2.129159716,1.049693603,1.852421236,3.704842473,23.38718497,15.3930454,-0.9178434306
1159,1.846186526,0.0286444032,1.845964297,3.691928594,30.30461945,11.87937702,-0.8633548705
1160,2.052070782,0.509665158,1.987771597,3.975543193,26.64916809,13.50886447,-0.8937696654
1161,2.005880296,1.109990473,1.670771352,3.341542705,23.88174243,15.07427698,-0.9143830091
1162,2.306405956,0.4876404599,2.254266004,4.508532008,23.97335231,15.01667332,-0.913734528
1163,1.257251089,-0.23041298,1.235957183,2.471914366,42.88642812,8.394264009,-0.7327041233
1164,1.357305343,0.977143186,0.9420557252,1.88411145,30.61026975,11.76075882,-0.8606507721
1165,2.672438874,0.606864598,2.602622695,5.20524539,20.68821065,17.40121493,-0.935516743
1166,1.891513263,1.169645729,1.486523224,2.973046448,24.07009941,14.95631546,-0.9130471458
1167,2.725519283,0.4298321687,2.691412207,5.382824414,20.55248649,17.51612878,-0.9363509846
1168,2.059697468,0.115006731,2.056484163,4.112968326,27.25325426,13.20943167,-0.8889911339
1169,1.299548328,-0.1079958129,1.295053189,2.590106378,41.98963065,8.573545289,-0.7432659121
1170,1.360726203,0.409343547,1.297695519,2.595391038,39.01652514,9.226859612,-0.7769644218
1171,2.271252807,1.34919332,1.827092416,3.654184833,20.41645041,17.63283983,-0.937181871
1172,1.23754412,-0.6672622646,1.042245901,2.084491802,39.12117232,9.202178224,-0.7758133026
1173,1.421490003,0.5854728563,1.295320564,2.590641128,36.18761849,9.948153956,-0.8070879221
1174,1.449623948,1.133755234,0.9033319773,1.806663955,26.00847902,13.84163986,-0.8987291633
1175,3.048545173,-0.09972768367,3.04691353,6.093827061,18.61932747,19.33474776,-0.9476607622
1176,1.972617571,-0.7610117593,1.819912411,3.639824822,26.55626856,13.55612138,-0.8944957319
1177,2.117144545,0.995453379,1.868521768,3.737043535,23.82101503,15.11270614,-0.9148115934
1178,2.41252129,0.5511279732,2.348726661,4.697453323,22.86295602,15.74599539,-0.921436797
1179,1.876987743,1.046109937,1.558440563,3.116881125,25.46091373,14.13931974,-0.9028787621
1180,1.365517793,0.889001014,1.03649218,2.07298436,32.69780035,11.00991492,-0.8415315218
1181,1.537785896,-0.848418153,1.282564658,2.565129315,31.2357672,11.52524917,-0.8550407124
1182,1.913807978,0.5406115147,1.835864964,3.671729928,28.27834212,12.73059073,-0.8806564965
1183,1.059147972,0.9330211907,0.5012642851,1.00252857,29.898037,12.04092429,-0.8669138271
1184,1.782185195,1.335921819,1.179617295,2.359234591,21.95558474,16.39673934,-0.9274739682
1185,1.342681433,0.9143585525,0.9832303229,1.966460646,32.34203086,11.13102642,-0.8448696172
1186,1.897837801,1.354851821,1.328971356,2.657942712,21.62813812,16.6449834,-0.9295955867
1187,0.9948072705,-0.4678163565,0.8779461043,1.755892209,49.88693429,7.216318363,-0.6442980454
1188,1.419284529,-0.404997539,1.360274078,2.720548156,37.63112153,9.56654985,-0.7919581121
1189,1.372008989,0.8974272887,1.037801969,2.075603938,32.44611457,11.09531926,-0.8438963913
1190,1.552655115,-0.7375694076,1.366283014,2.732566028,32.30608509,11.1434115,-0.8452050777
1191,2.342656683,0.7418879283,2.2220807,4.4441614,22.9876208,15.66060286,-0.9205892525
1192,1.794848493,0.7662597623,1.623061025,3.24612205,28.643932,12.56810692,-0.8776156766
1193,1.414989111,-0.1325433276,1.408767706,2.817535412,38.79935279,9.278505287,-0.779345043
1194,1.384357715,0.8338149467,1.105078693,2.210157385,33.54974702,10.73033426,-0.8334062889
1195,1.80651993,1.150579769,1.392724112,2.785448224,24.80446577,14.51351556,-0.9077447827
1196,1.883132213,0.7111811449,1.743676664,3.487353329,27.87875583,12.91305832,-0.8839390687
1197,2.369526353,0.8946564855,2.194138763,4.388277526,22.24451407,16.18376553,-0.9255767544
1198,1.891437914,0.2639951796,1.872923898,3.745847796,29.37323956,12.25605365,-0.8714429965
1199,1.260877717,-0.6963148133,1.051169967,2.102339933,38.11648633,9.444732049,-0.7867574431
1200,2.049548774,1.213569341,1.651635441,3.303270882,22.68818265,15.86729116,-0.9226176636
1201,1.946146392,-0.2492753101,1.930115954,3.860231909,28.61767747,12.5796372,-0.8778352428
1202,2.472892913,0.8396208555,2.32599144,4.65198288,21.63203925,16.64198164,-0.9295704888
1203,1.981845048,0.07652900333,1.980366912,3.960733824,28.30150019,12.72017376,-0.88046494
1204,2.538024294,1.136996117,2.269098311,4.538196623,20.12697893,17.88643995,-0.9389323286
1205,1.877672837,0.9204690871,1.636579342,3.273158684,26.54758091,13.5605576,-0.8945635109
1206,2.305123557,-0.6357072456,2.21573259,4.43146518,23.63327104,15.2327623,-0.9161300967
1207,1.6579481,0.2800715409,1.63412112,3.268242241,33.18326018,10.8488436,-0.8369242565
1208,1.983683558,1.315059499,1.485132644,2.970265289,21.95047087,16.40055934,-0.9275073354
1209,1.814845602,1.018946672,1.501802996,3.003605991,26.26262326,13.70769388,-0.8967752759
1210,1.36432781,-0.3548641445,1.317369277,2.634738554,39.26722716,9.167950631,-0.7742023732
1211,2.192016354,-0.1039295214,2.189551175,4.37910235,25.67352815,14.02222546,-0.9012772847
1212,1.539382402,-0.2379752039,1.520876715,3.041753429,35.65931953,10.09553757,-0.8124976412
1213,1.28275452,-0.4201856034,1.211983175,2.423966351,40.97494437,8.785856956,-0.7549964048
1214,1.78755683,-0.5992612209,1.684115617,3.368231233,29.76032195,12.09664333,-0.868109406
1215,1.691413619,1.009426898,1.357179933,2.714359865,27.46617946,13.10702861,-0.8872832395
1216,1.823068746,0.8950017261,1.58825425,3.1765085,27.32739446,13.17359401,-0.88839784
1217,1.346716395,-0.4453330361,1.27095379,2.541907579,39.10472063,9.206049659,-0.7759944427
1218,1.831293086,-0.03071382012,1.831035507,3.662071014,30.53911534,11.78816072,-0.8612824676
1219,1.371571559,1.109165896,0.8068206471,1.613641294,26.31770193,13.6790059,-0.8963494976
1220,1.925088823,1.460903473,1.253685775,2.50737155,19.93873446,18.05530841,-0.9400578006
1221,2.209328977,1.26162025,1.813683786,3.627367572,21.38672167,16.83287441,-0.9311403512
1222,1.734108516,-0.1092556651,1.730663325,3.46132665,32.11666141,11.2091352,-0.8469673568
1223,1.868211166,0.9781259697,1.591691725,3.18338345,26.16168276,13.76058273,-0.8975534313
1224,2.138125061,0.8904056676,1.943902395,3.887804791,24.21883556,14.86446361,-0.9119853077
1225,1.820361593,-0.8243449346,1.623013173,3.246026346,27.91254379,12.89742715,-0.8836631648
1226,2.253751627,-0.5645928859,2.18188709,4.363774179,24.31311552,14.80682308,-0.9113090534
1227,2.069035936,0.2353965279,2.055601659,4.111203318,27.0197509,13.32358693,-0.8908499725
1228,2.243998512,1.217690182,1.884876639,3.769753277,21.49799452,16.74574806,-0.9304303958
1229,1.743294525,0.2087755252,1.730747983,3.461495967,31.82147702,11.31311409,-0.8496951067
1230,2.179935343,0.9638571657,1.955274268,3.910548536,23.4753531,15.33523259,-0.9172315193
1231,2.100159746,0.7259676506,1.970695798,3.941391596,25.34450751,14.20426102,-0.9037503042
1232,2.128670736,1.08619955,1.830685566,3.661371132,23.15186562,15.54950283,-0.9194659668
1233,2.777042545,-0.1911149648,2.770458512,5.540917024,20.36881962,17.67407276,-0.9374715437
1234,1.339330214,1.050982361,0.8302056959,1.660411392,28.26984216,12.73441847,-0.8807267696
1235,2.08710085,-0.6110423207,1.995649578,3.991299157,25.92131481,13.8881844,-0.8993952205
1236,1.702143292,0.06329254993,1.700966148,3.401932297,32.72198839,11.00177641,-0.8413033921
1237,2.478172133,0.6645869214,2.387396353,4.774792706,22.05968375,16.3193636,-0.9267931322
1238,1.778621393,-0.09817836975,1.775909645,3.551819289,31.36424349,11.47803868,-0.8538757769
1239,1.478501166,0.9449894298,1.137084287,2.274168575,30.42773254,11.83131209,-0.8622686356
1240,1.595943245,0.5140644999,1.510884685,3.021769369,33.33509366,10.79942969,-0.8354709282
1241,1.506746479,0.3874058368,1.45609123,2.91218246,35.78163386,10.06102744,-0.8112512853
1242,1.88549913,1.602182429,0.9940414647,1.988082929,16.73914535,21.50647434,-0.9576259422
1243,2.338481999,0.2179677777,2.32830155,4.6566031,24.04466801,14.97213436,-0.9132280866
1244,2.834669744,0.7053484207,2.745512004,5.491024007,19.42524687,18.532583,-0.9430762026
1245,2.49189062,0.8518999036,2.341748368,4.683496735,21.45197398,16.78167241,-0.9307244469
1246,1.141293565,-0.3725810541,1.078765202,2.157530403,45.70467595,7.87665578,-0.6983568749
1247,1.99297483,0.8648893386,1.795526415,3.591052829,25.75339041,13.97874199,-0.9006725299
1248,1.661354398,-0.1491299441,1.654647604,3.309295209,33.39272317,10.78079192,-0.8349177702
1249,1.747105411,0.5587693882,1.655341079,3.310682158,30.56999486,11.77625321,-0.8610084881
1250,2.157371793,1.39544014,1.645296286,3.290592571,20.48417381,17.57454332,-0.9367688875
1251,1.750741044,0.8036789916,1.555375929,3.110751859,28.92121765,12.44760868,-0.8752854989
1252,1.701571439,-0.4672321974,1.636166078,3.272332156,31.73710391,11.34319001,-0.8504706432
1253,0.7888260759,-0.4001518219,0.6797978357,1.359595671,61.29558192,5.873180231,-0.4802911328
1254,1.538244318,1.294299456,0.8312547751,1.66250955,21.44520842,16.78696672,-0.9307676252
1255,1.279018483,0.7540631736,1.033090998,2.066181997,36.70217152,9.808683929,-0.8017529935
1256,1.845898661,1.369923056,1.237195494,2.474390988,21.39758914,16.82432528,-0.9310711681
1257,1.973638514,0.6058164663,1.878359762,3.756719523,27.26159124,13.20539204,-0.888924493
1258,1.795264725,-0.1369512608,1.79003346,3.580066919,31.05221602,11.59337549,-0.8566975693
1259,2.399515518,-0.116551275,2.396683234,4.793366468,23.51642919,15.30844658,-0.916945698
1260,1.996298489,0.2070250131,1.985534765,3.971069529,27.99389631,12.85994619,-0.8829976005
1261,1.755635137,1.198693067,1.282727432,2.565454864,24.36575983,14.77483167,-0.9109303709
1262,1.776077295,1.393530487,1.101146374,2.202292749,20.76291096,17.33860925,-0.9350553504
1263,1.25584546,1.011367391,0.7445023972,1.489004794,29.2915211,12.290246,-0.872141684
1264,1.55965238,0.8905943278,1.280373887,2.560747774,30.39803958,11.84286898,-0.862530983
1265,1.770678335,0.9168300992,1.514834755,3.029669509,27.70027184,12.99626235,-0.8853914203
1266,1.085706586,0.4788919167,0.9743825344,1.948765069,46.37328075,7.763091034,-0.6899571783
1267,2.024233975,-0.1079496169,2.021353523,4.042707046,27.71585885,12.98895343,-0.8852649286
1268,2.279173184,0.03585268172,2.278891175,4.55778235,24.74412571,14.54890765,-0.9081860924
1269,2.096249119,0.604746569,2.007122805,4.01424561,25.8415509,13.93105241,-0.9000029051
1270,1.934303729,-0.0926900648,1.932081641,3.864163283,28.958489,12.43158785,-0.8749707239
1271,1.570548653,0.5073096193,1.486357972,2.972715944,33.84385353,10.63708657,-0.8305584436
1272,1.100579508,0.8227136173,0.7310386831,1.462077366,37.25256785,9.663763354,-0.7959748741
1273,2.404900525,1.031220124,2.172586383,4.345172766,21.43601266,16.7941681,-0.9308262925
1274,2.23940883,0.04395100893,2.238977494,4.477954987,25.16810839,14.30381634,-0.9050639068
1275,2.381750538,1.359958535,1.955312868,3.910625735,19.82812948,18.15602427,-0.9407143515
1276,1.096925387,0.07781448757,1.094161876,2.188323752,48.93727826,7.356355172,-0.656884817
1277,1.168640602,-0.007655603952,1.168615526,2.337231052,46.32646834,7.770935555,-0.6905483557
1278,2.151826871,-0.978227563,1.916619346,3.833238692,23.63170886,15.23376926,-0.9161410264
1279,1.691745179,-0.4429781798,1.63271923,3.265438459,32.00882393,11.24689869,-0.847966475
1280,1.943094168,0.9574913303,1.690806109,3.381612218,25.62133481,14.0507902,-0.9016715712
1281,1.478562,-0.7895290933,1.250115754,2.500231509,32.84921436,10.95916621,-0.8401009918
1282,1.654365378,0.6379987139,1.526395246,3.052790491,31.54027704,11.4139771,-0.8522726544
1283,1.617570023,1.048128269,1.232055157,2.464110315,27.50221283,13.0898558,-0.8869929993
1284,1.707184521,-0.162544594,1.6994288,3.398857599,32.53009907,11.06667395,-0.843109071
1285,1.382223667,0.9595467917,0.9948930695,1.989786139,30.9274044,11.64016208,-0.8578191823
1286,1.750580574,0.07299693834,1.749057973,3.498115947,31.85839772,11.30000332,-0.8493551611
1287,1.757365318,1.029928714,1.423931074,2.847862149,26.64194438,13.51252727,-0.8938262074
1288,1.891047476,-0.5200674667,1.818128264,3.636256529,28.66238979,12.56001341,-0.877461204
1289,1.914329768,1.197028175,1.493914994,2.987829988,23.62940473,15.23525472,-0.916157146
1290,1.761509291,1.306079544,1.181977667,2.363955335,22.50448406,15.99681197,-0.9238495803
1291,1.438561142,0.1919688542,1.42569496,2.85138992,38.08161619,9.453380292,-0.7871329623
1292,2.320155226,0.640814934,2.229905041,4.459810083,23.48085504,15.3316393,-0.9171932622
1293,2.691018322,0.8143622989,2.56483794,5.12967588,20.14539582,17.8700882,-0.9388216736
1294,1.526081525,0.5037678825,1.440535575,2.88107115,34.71899271,10.36896442,-0.8219552881
1295,1.822312581,1.234319828,1.340625863,2.681251726,23.58458472,15.26420771,-0.9164704093
1296,1.307244429,0.6015769252,1.160600362,2.321200724,38.50357067,9.349782207,-0.7825693602
1297,1.766609974,1.445933049,1.014981979,2.029963958,19.47054175,18.48947013,-0.9428129911
1298,1.95405517,1.08872965,1.622651952,3.245303904,24.45304353,14.72209378,-0.910300825
1299,2.117653172,1.12192922,1.796031676,3.592063352,22.98408673,15.66301086,-0.9206133392
1300,1.672428831,-0.3729609955,1.63031233,3.260624659,32.62276474,11.03523882,-0.8422382663
1301,1.68999184,-0.2802377552,1.666595098,3.333190196,32.59909894,11.04325002,-0.8424608698
1302,1.203923636,0.4990461557,1.095620855,2.191241709,42.41012688,8.488538621,-0.7383361478
1303,3.051023196,0.7495012307,2.95753114,5.91506228,18.08101278,19.91038911,-0.9506186343
1304,1.753654085,1.286591315,1.191631418,2.383262837,22.86861851,15.74209653,-0.9213983946
1305,2.300266176,1.424547936,1.806069671,3.612139342,19.71057679,18.2643057,-0.941408301
1306,1.709701519,1.304678985,1.104939831,2.209879662,22.45816665,16.02980357,-0.9241586948
1307,1.198933875,0.7543262042,0.9318982857,1.863796571,38.12462765,9.442715173,-0.7866697265
1308,2.097186982,1.028776973,1.827515028,3.655030056,23.77622014,15.14117879,-0.9151270752
1309,1.754084038,-0.07449322133,1.752501518,3.505003036,31.79713855,11.32177348,-0.849919009
1310,1.203886869,-0.4567524399,1.113876476,2.227752951,42.88404103,8.394731265,-0.7327324761
1311,1.723914351,0.7274318767,1.56292148,3.125842961,29.86472093,12.05435674,-0.8672035214
1312,1.633235712,0.7064430335,1.472547837,2.945095674,31.34686683,11.48440136,-0.8540335878
1313,1.525676229,1.124717254,1.030872957,2.061745913,26.38892989,13.64208407,-0.8957976514
1314,1.241854905,0.9858513787,0.7551825364,1.510365073,30.30263484,11.88015504,-0.8633723481
1315,1.41173857,0.2987319961,1.379769903,2.759539805,38.36526897,9.383486931,-0.7840698349
1316,1.469329633,0.3264042216,1.432616436,2.865232873,36.88755194,9.759389851,-0.7998150867
1317,2.182816341,0.7308181085,2.056840312,4.113680625,24.49347209,14.69779371,-0.9100085124
1318,2.082359527,-0.09866733846,2.080020662,4.160041325,26.97758702,13.34441067,-0.8911840481
1319,1.311741427,1.142114976,0.6451658338,1.290331668,23.68656629,15.19848827,-0.9157568098
1320,1.876445381,1.307042738,1.346360482,2.692720965,22.37202717,16.09152346,-0.9247319689
1321,1.889884092,0.9160526153,1.653030396,3.306060791,26.45730799,13.60682652,-0.8952665823
1322,1.950287458,0.6584778789,1.835763615,3.67152723,27.3204044,13.17696454,-0.8884538402
1323,1.487498675,0.5640781346,1.376396806,2.752793612,35.04175896,10.27345689,-0.8187337862
1324,1.757975803,0.1729073982,1.749451901,3.498903802,31.62892925,11.38198505,-0.8514622595
1325,1.919452815,1.372257833,1.342090739,2.684181477,21.34507539,16.86571696,-0.9314051644
1326,2.086085692,0.9318332606,1.866397677,3.732795354,24.46669038,14.71388219,-0.9102022042
1327,1.988925688,1.006952697,1.715188519,3.430377039,24.83638712,14.49486185,-0.907510912
1328,2.061580375,0.4741886306,2.006304758,4.012609517,26.6366005,13.51523818,-0.8938680263
1329,2.06561109,0.840071614,1.887068854,3.774137707,25.16413904,14.3060726,-0.905093367
1330,1.536869097,0.2751353857,1.512040721,3.024081441,35.60037892,10.11225192,-0.8130969112
1331,2.293094145,-0.2442226147,2.280051769,4.560103539,24.47770395,14.70726179,-0.9101225755
1332,1.872680061,0.087887891,1.870616564,3.741233127,29.87088517,12.05186917,-0.8671499434
1333,1.856659086,0.1976689455,1.846106701,3.692213401,30.00285276,11.998859,-0.8660005077
1334,1.707467324,1.186862196,1.227518957,2.455037914,24.72751916,14.55867844,-0.9083073712
1335,2.167757379,-0.7658111804,2.027980594,4.055961189,24.50401003,14.69147293,-0.909932245
1336,1.361479452,-0.1892466697,1.348262585,2.696525169,40.05573284,8.987477559,-0.7654188274
1337,1.697904701,1.383986412,0.9835964542,1.967192908,20.48477819,17.5740248,-0.936765196
1338,1.813468614,0.3839509811,1.772357204,3.544714409,30.25363225,11.89939763,-0.8638035669
1339,1.361132689,1.140045088,0.7436258438,1.487251688,24.89075015,14.46320411,-0.9071119746
1340,1.965568033,0.8133628627,1.789384963,3.578769927,26.34462232,13.66502794,-0.8961410919
1341,1.870835127,1.357879096,1.286929848,2.573859696,21.60235136,16.66485255,-0.9297613777
1342,1.007968165,-0.5077788983,0.8707240736,1.741448147,48.66102642,7.398117683,-0.6605125381
1343,2.34576181,0.7138595846,2.234502845,4.469005689,23.04533956,15.62137972,-0.9201953701
1344,1.729495005,-0.5199419035,1.649488826,3.298977653,31.0374262,11.59889991,-0.8568306896
1345,0.9493451562,0.6769711455,0.6655571303,1.331114261,45.62222127,7.890891544,-0.6993861909
1346,2.033755566,1.210567082,1.634224294,3.268448588,22.8079224,15.78398916,-0.9218095602
1347,2.147856236,0.01068114873,2.147829677,4.295659355,26.20873782,13.73587704,-0.897191028
1348,3.42140679,0.8934723252,3.302685518,6.605371035,16.08187289,22.3854524,-0.9608668423
1349,0.9459718132,0.4984475429,0.8039979592,1.607995918,51.26794506,7.021931533,-0.6256791814
1350,1.336231871,1.015158484,0.8688894451,1.73777889,29.50385842,12.20179391,-0.8703225331
1351,1.8568011,0.5021851092,1.787601868,3.575203736,29.20630704,12.32610475,-0.872868369
1352,1.520773628,0.9834090985,1.160025419,2.320050839,29.35199664,12.26492373,-0.8716247927
1353,1.128845664,0.945049674,0.6173926197,1.234785239,31.07948354,11.58320406,-0.8564519899
1354,1.39951995,1.021855402,0.9562780071,1.912556014,29.23428896,12.31430669,-0.8726299588
1355,2.519846428,0.1295706305,2.516512959,5.033025918,22.41949664,16.0574524,-0.9244163093
1356,1.574349651,0.9202156792,1.277411417,2.554822834,29.82116416,12.07196332,-0.8675818198
1357,1.708009247,1.144756522,1.267607232,2.535214463,25.418966,14.16265319,-0.9031932576
1358,2.621314474,-0.559790571,2.560844409,5.121688818,21.14443499,17.02575643,-0.9326740635
1359,1.08701393,0.7976428847,0.7384883973,1.476976795,38.40422671,9.373968203,-0.7836476332
1360,1.90412288,0.3554199303,1.870657803,3.741315607,28.99332124,12.41665269,-0.8746762137
1361,1.805774458,0.8544079349,1.590851494,3.181702988,27.85098319,12.92593506,-0.8841656228
1362,1.675571442,1.060525278,1.297237755,2.59447551,26.89507931,13.38534815,-0.8918363824
1363,2.324890082,0.3251855091,2.302035682,4.604071364,24.06333173,14.96052185,-0.9130953145
1364,1.726986168,0.7825779213,1.539497653,3.078995305,29.39719263,12.24606732,-0.8712378633
1365,1.947302212,-0.5607579893,1.864815375,3.729630749,27.76629579,12.96535925,-0.8848551739
1366,2.357408667,0.5192636555,2.299508834,4.599017668,23.42547587,15.36788418,-0.917577948
1367,1.569670221,-0.2291993289,1.552846505,3.105693011,35.04654612,10.27205359,-0.8186858103
1368,2.223673026,1.29774671,1.805706288,3.611412577,21.03797974,17.11190925,-0.9333426695
1369,1.226725511,-0.1544267153,1.216966668,2.433933335,44.12182231,8.159227819,-0.7178611926
1370,2.459201499,0.4222790217,2.422674647,4.845349293,22.67859879,15.8739966,-0.9226821693
1371,2.338982477,-0.3133590102,2.31789671,4.63579342,23.93979262,15.03772425,-0.913972359
1372,1.774281455,-0.3327254754,1.742804762,3.485609524,31.02128759,11.60493416,-0.856975885
1373,2.017046852,1.413632855,1.438791212,2.877582424,20.64626066,17.43657149,-0.9357751534
1374,1.690258272,-0.1431476034,1.684185794,3.368371588,32.86371949,10.95432914,-0.8399636421
1375,1.443026592,0.6368617355,1.294887205,2.58977441,35.24848598,10.21320463,-0.8166568058
1376,1.710506216,0.3239386595,1.679552101,3.359104202,32.1154578,11.2095553,-0.8469785248
1377,1.664268195,1.111101292,1.239049048,2.478098096,26.18460869,13.74853465,-0.8973769386
1378,1.8067859,-0.5607334702,1.717571909,3.435143819,29.67339829,12.13207859,-0.868861456
1379,2.145838315,-0.122600802,2.142333101,4.284666203,26.19569283,13.74271726,-0.897291557
1380,2.320616798,0.3195606098,2.298508938,4.597017876,24.11296888,14.92972523,-0.9127417284
1381,1.183329969,0.9531273028,0.701297484,1.402594968,31.36986235,11.47598277,-0.8538247309
1382,1.685564045,0.9871518458,1.366256704,2.732513409,27.8019182,12.94874682,-0.8845653606
1383,2.01082441,0.4796703475,1.952775247,3.905550494,27.23851782,13.21657817,-0.8891088824
1384,1.974196758,0.3066874334,1.950229642,3.900459285,28.13264146,12.79652323,-0.881858387
1385,1.662329188,0.6694489074,1.521570402,3.043140805,31.19063549,11.54192578,-0.8554489158
1386,1.110669069,0.9845659001,0.5140192306,1.028038461,27.59144484,13.0475226,-0.8862727468
1387,2.205326745,1.215094204,1.840383689,3.680767379,21.74782899,16.55337644,-0.9288235931
1388,2.586152784,1.408464266,2.168966259,4.337932518,18.61820208,19.33591645,-0.9476670332
1389,1.208370842,0.878532404,0.8296631293,1.659326259,34.43380635,10.45484186,-0.824780006
1390,1.840600881,1.162845194,1.426745478,2.853490955,24.45102876,14.72330688,-0.9103153807
1391,1.846318475,0.6135628472,1.741388109,3.482776217,28.86643189,12.47123307,-0.8757475194
1392,2.284433319,0.9099887191,2.095365391,4.190730782,22.86605121,15.74386398,-0.9214158069
1393,1.957800955,-0.5801870126,1.869857645,3.739715289,27.55877404,13.06299037,-0.8865367046
1394,1.677181735,-0.4964889198,1.602010401,3.204020802,32.008177,11.24712601,-0.8479724598
1395,2.016238181,0.3569811334,1.984384255,3.96876851,27.48000773,13.10043299,-0.8871718975
1396,1.44826815,0.2667318134,1.423493862,2.846987724,37.61444677,9.570790771,-0.7921357739
1397,1.502849382,0.9426844514,1.170428251,2.340856502,30.23026058,11.90859732,-0.8640090131
1398,1.82023759,1.158630902,1.403865848,2.807731695,24.62154671,14.62133977,-0.9090794978
1399,2.012166069,0.6398758143,1.907713613,3.815427227,26.66520173,13.50074166,-0.8936441149
1400,1.687413643,0.9851991851,1.369944294,2.739888588,27.80878831,12.94554786,-0.8845094281
1401,2.202655681,-0.8009269422,2.051879158,4.103758317,24.03193312,14.98006832,-0.9133186259
1402,1.678099576,0.8792638,1.429305201,2.858610401,29.11837046,12.36332921,-0.8736162468
1403,1.863358543,0.001373047499,1.863358037,3.726716074,30.04099053,11.98362616,-0.8656674723
1404,1.970310012,1.1393606,1.607475962,3.214951923,23.87284856,15.07989292,-0.9144458419
1405,1.949797661,-0.5080685903,1.88243917,3.764878339,27.92399754,12.89213693,-0.8835695667
1406,1.611529675,-0.7619861537,1.420001759,2.840003519,31.17482964,11.54777762,-0.8555917498
1407,2.575271336,0.4918322603,2.527869357,5.055738713,21.60813247,16.66039397,-0.9297242255
1408,1.41534784,1.144067374,0.833258274,1.666516548,25.42061582,14.16173403,-0.9031808976
1409,1.334232259,0.6607730711,1.159118057,2.318236113,37.14416547,9.691966301,-0.7971187194
1410,1.480102931,-0.3499179799,1.438145366,2.876290731,36.54003128,9.852208315,-0.8034410751
1411,2.312353272,0.7995886785,2.169708644,4.339417287,23.05874317,15.6122993,-0.920103768
1412,1.690292086,-0.8189652847,1.47864235,2.9572847,29.56028464,12.17850249,-0.8698371032
1413,2.188072227,1.140992471,1.867028723,3.734057446,22.36480768,16.0967179,-0.924779921
1414,0.9338682372,-0.217419924,0.9082061776,1.816412355,55.58934386,6.476061328,-0.5651204522
1415,1.717132549,-0.508010557,1.640265059,3.280530119,31.29262802,11.50430701,-0.8545256671
1416,1.515504992,0.4036192685,1.460769273,2.921538545,35.51544936,10.13643376,-0.8139589067
1417,2.0534469,1.019842686,1.782292082,3.564584164,24.19533124,14.87890355,-0.9121535158
1418,1.675991088,1.142367738,1.226353162,2.452706324,25.60567413,14.0593838,-0.9017897316
1419,2.187091257,0.5608440651,2.11395887,4.227917739,25.00015131,14.39991284,-0.9063066709
1420,2.500468297,1.036396928,2.275570942,4.551141883,20.76241237,17.33902562,-0.9350584353
1421,2.803160813,0.6127932693,2.735360114,5.470720228,19.77610004,18.20379141,-0.9410219859
1422,1.953274917,0.3723828158,1.917449853,3.834899707,28.27187129,12.73350449,-0.8807099956
1423,2.410949977,0.3952798227,2.378325809,4.756651617,23.14914791,15.55132835,-0.919484615
1424,1.597550654,0.1108399318,1.593700913,3.187401827,34.69334043,10.37663124,-0.8222102036
1425,2.163069376,-0.101828897,2.160671192,4.321342384,26.00592938,13.84299691,-0.8987486757
1426,1.482339499,0.592020819,1.358985555,2.71797111,34.91007364,10.3122097,-0.8200512695
1427,1.567941662,0.2858221392,1.54167012,3.08334024,34.9181505,10.3098244,-0.819970587
1428,1.945713562,0.2742426689,1.926289756,3.852579512,28.58136376,12.59562011,-0.8781386301
1429,1.228502586,-0.4686382798,1.135604142,2.271208284,42.04516467,8.562221193,-0.7426171376
1430,2.063730304,0.8655014351,1.873470052,3.746940104,25.04753355,14.37267264,-0.9059568639
1431,1.584064692,0.6699926985,1.435399155,2.87079831,32.42943338,11.10102652,-0.8440525549
1432,2.302602838,0.8053225221,2.157182297,4.314364595,23.12235661,15.56934728,-0.9196683388
1433,1.378608811,-0.0027009892,1.378606165,2.757212331,39.86978923,9.029393106,-0.7675032671
1434,1.47893138,1.255606207,0.7814672611,1.562934522,21.96877791,16.38689241,-0.9273878506
1435,1.800772844,-0.006365628788,1.800761593,3.601523185,31.03538103,11.59966426,-0.8568490933
1436,1.637299218,-0.05527896759,1.636365779,3.272731559,33.94820852,10.60438873,-0.829542706
1437,1.369473215,0.7968413328,1.113777705,2.22755541,34.41929345,10.45925015,-0.8249232078
1438,1.703261459,0.4549719975,1.641371402,3.282742805,31.76283153,11.33400212,-0.8502343567
1439,1.653632147,1.220163507,1.116109446,2.232218892,24.19100484,14.88156455,-0.9121844608
1440,1.563020799,-0.1917857739,1.551209927,3.102419853,35.27310969,10.20607492,-0.8164087029
1441,2.073137974,0.278612053,2.054331128,4.108662256,26.90803372,13.378904,-0.8917340828
1442,1.393901474,-0.2516772277,1.370992302,2.741984604,39.00121119,9.230482568,-0.7771326579
1443,1.9237932,-0.3127904913,1.898194507,3.796389013,28.81277399,12.49445819,-0.8761992522
1444,1.697907036,-0.5371265196,1.610708976,3.221417952,31.45683662,11.4442531,-0.8530335431
1445,1.676526624,0.9334564256,1.392623647,2.785247294,28.5389433,12.61434231,-0.8784925902
1446,1.223178408,-0.3099397094,1.183259394,2.366518788,43.51674997,8.272676619,-0.725173105
1447,1.62750829,0.05784376773,1.626480044,3.252960087,34.13898898,10.54512775,-0.8276786359
1448,1.526369551,1.16820697,0.9823932409,1.964786482,25.28365905,14.23844544,-0.9042043968
1449,2.070358641,1.504035221,1.422765953,2.845531906,19.41680005,18.54064516,-0.9431252224
1450,1.89545514,-0.5319633151,1.819276015,3.63855203,28.55703395,12.60635123,-0.8783416991
1451,1.614024756,1.280516829,0.9825235699,1.96504714,22.64560518,15.89712428,-0.9229040408
1452,1.347539607,-0.5643730557,1.223660919,2.447321839,38.00624035,9.4721287,-0.7879436944
1453,1.654983237,-0.5701131292,1.553686112,3.107372224,31.97359197,11.25929174,-0.8482922496
1454,2.113838472,1.288380163,1.675825063,3.351650126,21.66662565,16.61541607,-0.9293477885
1455,1.872489517,0.4493664528,1.817769727,3.635539454,29.17225913,12.34049096,-0.8731581817
1456,2.030332986,0.8465731214,1.845417563,3.690835126,25.48129015,14.12801306,-0.902725819
1457,1.378531467,0.555758496,1.261539337,2.523078674,37.39457134,9.62706583,-0.7944721646
1458,1.104550411,0.8941270819,0.6485124295,1.297024859,33.76461755,10.6620488,-0.8313278458
1459,1.06429761,0.6560784611,0.8380277175,1.676055435,43.51190971,8.273596871,-0.7252312715
1460,1.909862178,0.8356824626,1.717325933,3.434651865,26.81461652,13.42551364,-0.8924707676
1461,1.303602299,-0.1331388077,1.296785646,2.593571292,41.81957484,8.608408893,-0.7452482384
1462,1.792149304,0.4912350877,1.723510144,3.447020287,30.19569207,11.92223047,-0.8643126204
1463,1.618521369,1.007513968,1.266699264,2.533398529,28.12717343,12.79901092,-0.881903382
1464,1.598651595,0.3226930541,1.565744588,3.131489176,34.17961988,10.53259227,-0.8272804551
1465,2.179102608,0.6810864416,2.069929814,4.139859628,24.70900271,14.56958843,-0.9084425081
1466,2.557278049,0.4848628456,2.510892081,5.021784161,21.76231963,16.54235422,-0.9287298548
1467,1.378544633,-0.6094093347,1.236529647,2.473059294,36.84190677,9.771481218,-0.8002930243
1468,1.601608461,0.9763789158,1.269580196,2.539160392,28.73945271,12.52633457,-0.8768152836
1469,2.182514139,1.299160086,1.753724904,3.507449807,21.23425264,16.95374008,-0.9321074477
1470,1.554247419,1.059550659,1.137118042,2.274236083,27.70223935,12.99533931,-0.8853754572
1471,1.337087193,-0.08619237979,1.3343062,2.6686124,40.94722538,8.791804491,-0.75531355
1472,1.294535586,0.330640518,1.251598671,2.503197341,41.27692856,8.721579162,-0.7515298372
1473,1.437458645,1.111813848,0.9111296966,1.822259393,26.64035808,13.51333188,-0.8938386219
1474,1.938457875,-0.2587529345,1.921110577,3.842221155,28.7093659,12.5394619,-0.8770676519
1475,1.129450638,0.8463035693,0.747949873,1.495899746,36.10097201,9.972030668,-0.8079798882
1476,2.252286449,0.3550811997,2.224120408,4.448240816,24.75765958,14.54095444,-0.9080871972
1477,2.023965918,1.364009235,1.495298246,2.990596492,21.24353405,16.9463329,-0.9320487652
1478,1.694273048,1.005514409,1.363635558,2.727271116,27.4906715,13.09535127,-0.8870860001
1479,1.609153154,0.8709525797,1.353076301,2.706152603,30.04476633,11.98212015,-0.8656344796
1480,1.728004148,-0.9898905131,1.416373929,2.832747857,27.36973711,13.15321366,-0.8880583329
1481,1.703529348,1.231396495,1.177146937,2.354293873,23.93496754,15.04075572,-0.9140065276
1482,1.331620637,1.158288759,0.6569479992,1.313895998,23.33009279,15.43071446,-0.918238507
1483,1.815992809,0.6344768475,1.701549004,3.403098009,29.17384313,12.33982093,-0.8731447057
1484,2.134713784,0.8226436869,1.969837633,3.939675267,24.57731572,14.64765331,-0.9094008497
1485,1.687466817,0.8570809853,1.453601198,2.907202395,29.23163562,12.31542445,-0.8726525746
1486,2.181101077,0.8363336953,2.014385231,4.028770462,24.08110422,14.94948058,-0.9129687923
1487,2.134990665,0.07500126557,2.133672877,4.267345755,26.34738572,13.6635947,-0.8961196876
1488,2.828662946,1.276636762,2.524189502,5.048379004,18.03762274,19.95828414,-0.9508533981
1489,2.436025877,0.3766061736,2.406738428,4.813476857,22.94813091,15.68755213,-0.9208581998
1490,1.825390506,0.5896755724,1.727522277,3.455044555,29.2710968,12.29882168,-0.8723160334
1491,1.359122839,0.5140283428,1.258169207,2.516338414,38.22845695,9.41706856,-0.785549653
1492,1.516840864,0.8083729202,1.283487214,2.566974427,32.04019333,11.23588726,-0.847676146
1493,2.136012414,0.5602159199,2.061239228,4.122478456,25.54607776,14.09218289,-0.9022387718
1494,1.865288442,-0.876419521,1.646569098,3.293138195,27.01630975,13.325284,-0.8908772556
1495,1.734768443,-0.3487688141,1.699347482,3.398694964,31.62620214,11.38296652,-0.8514872192
1496,2.362436549,1.093815632,2.093961273,4.187922545,21.44399365,16.78791767,-0.9307753766
1497,1.41869271,0.9087703165,1.089415217,2.178830435,31.71779197,11.35009651,-0.8506478945
1498,1.340509866,-0.2127314103,1.323522591,2.647045181,40.54896789,8.878154456,-0.7598506366
1499,1.684271671,0.6980559249,1.532804289,3.065608578,30.64907648,11.74586778,-0.8603056938
1500,1.562988902,0.9698539451,1.225690675,2.451381351,29.20201309,12.32791722,-0.8729049358
1501,2.099141461,-0.01448627081,2.099091475,4.198182951,26.7950065,13.43533915,-0.8926251104
1502,1.43496504,1.274443752,0.6594829715,1.318965943,20.02839246,17.97448301,-0.9395230201
1503,1.436050851,0.2401096204,1.415835237,2.831670473,37.99914743,9.473896768,-0.7880199147
1504,1.679974873,1.290000219,1.076203981,2.152407962,22.70343239,15.85663321,-0.9225149695
1505,1.680311118,1.067144213,1.297940168,2.595880337,26.76450078,13.45065253,-0.892865001
1506,1.545614521,-0.3778990897,1.498704949,2.997409899,35.01822328,10.28036166,-0.8189695733
1507,1.690681553,0.09070088896,1.688246861,3.376493721,32.91230215,10.93815918,-0.8395032185
1508,1.833757826,0.6634968628,1.709514457,3.419028913,28.77611837,12.51037389,-0.8765074052
1509,1.812718582,0.07069797642,1.811339408,3.622678817,30.8215888,11.68012468,-0.8587669004
1510,1.391889151,1.044113262,0.9204253933,1.840850787,28.6117607,12.5822386,-0.8778846992
1511,1.361373075,-0.6147479104,1.214669361,2.429338722,37.14714951,9.691187744,-0.7970872705
1512,1.356923586,-0.05687254484,1.355731216,2.711462433,40.43085869,8.904089886,-0.7611891289
1513,1.202654177,-0.7754671913,0.9192538849,1.83850777,37.53740305,9.590434361,-0.792955768
1514,2.091591892,1.176679166,1.729214499,3.458428997,22.74480769,15.82778826,-0.9222360128
1515,1.837037775,1.444354101,1.13514273,2.270285461,19.96505287,18.03150747,-0.9399010586
1516,1.512501236,-0.5103314575,1.423805391,2.847610783,34.94374506,10.30227297,-0.8197148062
1517,1.708176457,0.6508577887,1.579319773,3.158639547,30.62462025,11.7552478,-0.8605232102
1518,1.258637056,-0.4757007954,1.165279362,2.330558723,41.13439395,8.751800268,-0.7531686423
1519,1.764129297,0.2888741356,1.740317187,3.480634374,31.30148178,11.50105297,-0.854445394
1520,1.727598743,0.5527901043,1.63677137,3.273542739,30.902292,11.64962133,-0.8580443618
1521,1.507071082,-0.6209615201,1.373197013,2.746394025,34.19123309,10.52901482,-0.8271665697
1522,1.523402515,1.252598131,0.8670369906,1.734073981,22.71933803,15.8455321,-0.9224077889
1523,1.868603286,0.006736866854,1.868591142,3.737182283,29.96031327,12.01589572,-0.8663715281
1524,2.222496847,0.856928354,2.050650148,4.101300297,23.61909416,15.24190545,-0.91622926
1525,1.881517549,1.290074181,1.36960465,2.7392093,22.60096109,15.92852616,-0.9232037707
1526,1.738234458,0.5586589295,1.646013133,3.292026265,30.70674292,11.72380936,-0.8597921819
1527,1.471473689,-0.2099975653,1.456411974,2.912823949,37.25063647,9.664264402,-0.7959952786
1528,1.314458785,-0.4673886218,1.228555971,2.457111942,39.73810585,9.059314538,-0.768974558
1529,1.927965869,-0.5776029936,1.839409464,3.678818928,27.94773237,12.88118818,-0.8833754972
1530,1.401280456,1.079974696,0.8928838514,1.785767703,27.52227674,13.08031321,-0.8868312371
1531,1.506185266,0.6109599136,1.376706955,2.75341391,34.29448783,10.49731379,-0.826152505
1532,1.63732963,-0.6407880721,1.506731219,3.013462437,31.79219166,11.32353516,-0.8499644993
1533,2.403450241,1.224195009,2.068313236,4.136626471,20.51830078,17.54531255,-0.9365602822
1534,1.174903371,1.002854606,0.6121115687,1.224223137,28.43558769,12.66019201,-0.8793529824
1535,1.462785523,-0.3960475952,1.408150485,2.816300971,36.6918246,9.811449934,-0.8018609099
1536,2.020200777,-0.02691967088,2.020021413,4.040042826,27.80061913,12.94935189,-0.8845759354
1537,1.667879092,0.7934417654,1.467061972,2.934123945,30.09012162,11.96405932,-0.8652378733
1538,1.167324293,-0.5163220157,1.046927687,2.093855373,43.25696126,8.322359905,-0.7282877169
1539,2.386360661,-0.0249897218,2.386229812,4.772459624,23.66616422,15.21159055,-0.9158998022
1540,1.878300256,-0.2820881992,1.856997065,3.71399413,29.53159786,12.1903326,-0.8700839986
1541,1.877617873,0.05444076233,1.876828463,3.753656927,29.81265952,12.07540709,-0.8676556257
1542,1.67959615,0.151859506,1.672716927,3.345433853,33.04796843,10.89325659,-0.8382142985
1543,1.107625854,0.889953425,0.6594072588,1.318814518,34.02110732,10.58166616,-0.828831514
1544,1.20020783,-0.6088103091,1.034334976,2.068669953,40.98492299,8.783717858,-0.7548821917
1545,1.795829781,0.7484191867,1.632443973,3.264887945,28.7544491,12.51980167,-0.8766894036
1546,1.764652985,1.148277208,1.339947615,2.67989523,25.07295605,14.35809959,-0.9057689228
1547,1.85483008,1.255741123,1.365103973,2.730207946,23.16508193,15.54063142,-0.9193752506
1548,2.496840963,0.5805496649,2.428410361,4.856820722,22.08744571,16.29885161,-0.9266110445
1549,1.344237302,1.085786525,0.792490723,1.584981446,26.97583078,13.34527944,-0.8911979528
1550,1.598358364,-0.6915469805,1.441010837,2.882021674,32.01507899,11.24470129,-0.8479086037
1551,2.240953278,0.6627771041,2.140700378,4.281400755,24.16139189,14.89980385,-0.912396131
1552,1.816248875,-0.1389516289,1.810925847,3.621851693,30.70978975,11.7226462,-0.8597650259
1553,1.680256253,1.026574096,1.330190476,2.660380951,27.33570451,13.16958924,-0.8883312475
1554,1.9067809,1.343033224,1.35354171,2.707083419,21.78997652,16.52135786,-0.9285507807
1555,2.293480073,0.5785445498,2.219310038,4.438620077,23.89198042,15.06781747,-0.9143106531
1556,1.429343531,0.9246476347,1.089976917,2.179953835,31.29537779,11.50329619,-0.8545007384
1557,1.298965092,1.074061127,0.7305497975,1.461099595,26.94312092,13.36148107,-0.8914567738
1558,1.208974068,1.028400712,0.6356180232,1.271236046,27.68161716,13.00502055,-0.8855427206
1559,1.417551934,0.3759042183,1.366802657,2.733605315,37.84126285,9.513424576,-0.7897134086
1560,2.374720208,0.5334727491,2.314023097,4.628046193,23.23742314,15.49225135,-0.9188778373
1561,2.03434204,0.8203212259,1.861617743,3.723235486,25.5824766,14.07213248,-0.9019646338
1562,1.483516476,0.8358091838,1.225660697,2.451321394,32.14029942,11.2008913,-0.8467479487
1563,1.436663634,-0.2158613928,1.420354271,2.840708543,38.06075594,9.458561478,-0.7873574687
1564,1.763844397,0.3852461889,1.721258966,3.442517933,31.03101132,11.60129769,-0.856888411
1565,2.231787745,1.41412075,1.726597534,3.453195068,20.05023962,17.95489764,-0.9393923603
1566,1.806951241,0.5664148521,1.715880824,3.431761648,29.64424593,12.14400936,-0.86911323
1567,1.320004112,-0.2393905681,1.298115177,2.596230354,41.01710037,8.776827146,-0.7545137407
1568,1.84924093,1.047725147,1.523799211,3.047598421,25.67547689,14.02116119,-0.9012625488
1569,1.410330611,-0.2334806186,1.390869956,2.781739912,38.65265583,9.313719647,-0.7809467862
1570,1.790613083,0.697263224,1.64927839,3.298556781,29.15657572,12.34712894,-0.8732915737
1571,1.882024787,0.9733773164,1.610761901,3.221523801,26.07219204,13.80781484,-0.8982409903
1572,1.896528775,1.297089976,1.383610852,2.767221703,22.46071135,16.02798746,-0.9241417275
1573,2.228017135,0.1902432128,2.219880148,4.439760296,25.21603588,14.27662943,-0.9047078504
1574,2.178049633,0.6477139361,2.079511207,4.159022413,24.83190837,14.49747617,-0.9075437423
1575,1.743196632,0.9731355281,1.446285498,2.892570996,27.41202835,13.1329209,-0.8877187538
1576,1.190505232,1.078940279,0.5031804653,1.006360931,23.31906388,15.43801252,-0.9183147217
1577,2.155497797,0.885701763,1.965121661,3.930243321,24.0850054,14.94705914,-0.9129410082
1578,1.843903015,1.036724279,1.524854452,3.049708903,25.83088643,13.93680395,-0.9000840206
1579,1.231020663,0.8968413783,0.8432599925,1.686519985,33.67915996,10.68910271,-0.8321558791
1580,1.73485978,0.6406926268,1.612219406,3.224438813,30.29316601,11.88386846,-0.8634557223
1581,1.434013158,0.4771172046,1.352313909,2.704627819,36.81949283,9.777429627,-0.8005275284
1582,1.861172318,1.076816851,1.518034211,3.036068421,25.28252863,14.23908206,-0.9042128231
1583,2.268074143,0.1710344634,2.261616132,4.523232264,24.80189645,14.51501907,-0.9077635945
1584,1.794246025,-0.04023838794,1.793794768,3.587589537,31.13658801,11.56196048,-0.8559370615
1585,1.673728517,1.060794085,1.294636265,2.58927253,26.90453329,13.38064467,-0.8917617298
1586,2.23535254,1.070751732,1.962216019,3.924432039,22.45905181,16.0291718,-0.924152793
1587,1.405357014,1.04514007,0.9395267802,1.87905356,28.57466693,12.59857205,-0.8781945411
1588,1.858270314,0.7607179077,1.695428213,3.390856425,27.8921446,12.90685981,-0.8838297762
1589,1.912669345,0.6779101254,1.788502693,3.577005387,27.68817886,13.00193854,-0.8854895121
1590,2.414128667,0.5600014584,2.348279282,4.696558563,22.83051709,15.76836822,-0.9216566209
1591,2.004430477,1.03836948,1.714505864,3.429011728,24.46784649,14.71318696,-0.910193847
1592,2.422370258,-0.01971257734,2.422290049,4.844580097,23.3245118,15.43440665,-0.9182770783
1593,1.726045039,1.097621922,1.332087683,2.664175365,26.01615215,13.83755745,-0.8986704301
1594,1.97391034,-0.5497802957,1.895801587,3.791603173,27.47089566,13.1047784,-0.8872452716
1595,1.372622563,-0.3667738363,1.322712989,2.645425979,38.98836831,9.233523116,-0.7772737046
1596,1.532802449,0.5403407404,1.434404138,2.868808276,34.34157991,10.48291898,-0.8256891226
1597,1.124778687,0.9381311573,0.6205135182,1.241027036,31.43606109,11.4518164,-0.8532227127
1598,2.293048545,0.4813517894,2.2419572,4.4839144,24.1165712,14.92749516,-0.9127160409
1599,1.435530594,0.7264794037,1.238133985,2.476267969,34.36312258,10.47634711,-0.8254769584
1600,1.655719646,-0.5117719304,1.574641876,3.149283752,32.29407473,11.1475558,-0.845317089
1601,1.426074851,0.624411429,1.282107581,2.564215162,35.70840201,10.08166089,-0.8119979461
1602,1.821422324,1.416045916,1.145597331,2.291194663,20.47830754,17.57957777,-0.9368047124
1603,1.378533829,-0.4104048783,1.31602559,2.63205118,38.56953945,9.333790476,-0.7818520394
1604,2.143263284,1.68631516,1.322844922,2.645689845,16.93821548,21.25371474,-0.956619477
1605,1.95824997,1.061393878,1.645656702,3.291313403,24.65855122,14.59939786,-0.9088102322
1606,2.054086723,0.7251466249,1.921831064,3.843662129,25.83520661,13.93447343,-0.9000511644
1607,1.964559931,-0.2769964942,1.944934103,3.889868205,28.31748253,12.71299451,-0.8803326551
1608,2.186670404,0.6214860259,2.096492923,4.192985847,24.82743074,14.5000908,-0.907576559
1609,1.253889993,-0.08108201495,1.251265687,2.502531375,43.4202466,8.291062999,-0.7263318296
1610,1.630807066,0.4905951225,1.555264643,3.110529287,32.84076457,10.96198596,-0.8401809784
1611,1.962511875,-0.4709842581,1.905157917,3.810315835,27.87870799,12.91308048,-0.8839394591
1612,1.747848799,0.2475148937,1.730234609,3.460469218,31.66814642,11.36788984,-0.8511031138
1613,1.354558073,0.2177205557,1.336946271,2.673892543,40.15067754,8.966224782,-0.7643513809
1614,1.443107686,1.052713504,0.9870937502,1.9741875,28.30877269,12.71690596,-0.8804047545
1615,0.5809520332,-0.3604748999,0.4555909475,0.911181895,79.12761732,4.54961254,-0.188622104
1616,1.877534308,0.3921696484,1.836120379,3.672240757,29.27605032,12.29674072,-0.8722737585
1617,1.138783195,-0.06672203699,1.136826871,2.273653742,47.36012041,7.601332026,-0.6773881515
1618,1.245380374,-0.5144538718,1.134155849,2.268311698,41.08112282,8.763148991,-0.7537799361
1619,1.443981921,1.284861344,0.6589500079,1.317900016,19.75242288,18.22561223,-0.9411617248
1620,1.719732833,1.235891433,1.195848395,2.39169679,23.83023355,15.10685992,-0.9147465997
1621,1.986043477,0.01106572701,1.986012649,3.972025299,28.26151267,12.73817167,-0.8807956144
1622,1.070501682,0.6693116781,0.8354613864,1.670922773,42.99836683,8.372411013,-0.7313731411
1623,2.135391707,0.6191648788,2.043656673,4.087313346,25.36925692,14.19040381,-0.9035653157
1624,1.93512287,1.353408958,1.383106907,2.766213814,21.59230475,16.67260647,-0.9298259194
1625,1.684996069,0.3978727774,1.637348163,3.274696326,32.30816427,11.14269437,-0.845185683
1626,2.385412319,1.169978097,2.078784064,4.157568127,20.91265372,17.21445805,-0.9341256663
1627,1.2651764,-0.1854490913,1.25151107,2.50302214,42.81771008,8.407735941,-0.7335198146
1628,1.931288445,1.154789146,1.548010686,3.096021372,23.98172857,15.01142835,-0.9136751181
1629,2.524666985,1.814780898,1.755139219,3.510278437,15.99244996,22.51062226,-0.9612980092
1630,2.0586934,0.5603193682,1.980974689,3.961949378,26.41389673,13.62918935,-0.8956038905
1631,1.309251013,0.5984329449,1.164481098,2.328962195,38.49647592,9.351505337,-0.7826464443
1632,1.512190916,0.06955831089,1.510590285,3.02118057,36.56349399,9.845886174,-0.8031971969
1633,2.071726806,0.7417951294,1.934371202,3.868742403,25.5739906,14.07680192,-0.9020285787
1634,1.390682107,-0.6314539669,1.239057145,2.478114291,36.34502459,9.905069649,-0.8054628133
1635,1.4966676,0.9332370435,1.170078,2.340156,30.45445466,11.82093076,-0.8620323386
1636,2.059543331,-0.01223925363,2.059506964,4.119013928,27.29124128,13.1910453,-0.8886873354
1637,1.580488908,-0.2190227948,1.565239344,3.130478688,34.84941068,10.33016034,-0.8206567324
1638,1.697596853,1.220319252,1.180108469,2.360216939,24.15134852,14.90599996,-0.9124678646
1639,1.164308567,-0.1515180163,1.154407524,2.308815047,46.2368037,7.786005328,-0.6916794115
1640,1.734280771,-0.2641015205,1.714053727,3.428107454,31.86281952,11.29843515,-0.849314424
1641,1.436965766,0.03730344506,1.436481488,2.872962976,38.36183594,9.384326668,-0.7841070229
1642,1.825318596,-0.2760846658,1.804318496,3.608636991,30.34802651,11.86238584,-0.8629723419
1643,1.874912103,0.1582468796,1.868221967,3.736443934,29.77580972,12.09035131,-0.8679751984
1644,1.873913732,-0.3432724844,1.842204298,3.684408597,29.45881802,12.22044957,-0.870709406
1645,2.370141304,0.7797458407,2.238206028,4.476412056,22.63549459,15.90422505,-0.92297197
1646,2.103755889,0.3453523793,2.07521579,4.15043158,26.42571197,13.62309558,-0.8955121363
1647,1.624936782,0.8887142455,1.36037,2.72074,29.64388266,12.14415818,-0.869116366
1648,1.698408174,0.09997047866,1.695463426,3.390926851,32.76288888,10.98804203,-0.8409172977
1649,1.64054276,0.7323524407,1.468005603,2.936011207,31.01855312,11.6059572,-0.8570004797
1650,1.854949365,-0.0166191501,1.854874915,3.709749829,30.16999095,11.93238674,-0.8645381435
1651,1.542582692,-0.2701915307,1.518735625,3.037471249,35.49526114,10.14219894,-0.8141635447
1652,2.17231449,0.8242927381,2.009848682,4.019697363,24.21517455,14.86671092,-0.9120115178
1653,1.776968872,1.050256809,1.433380274,2.866760547,26.24209907,13.71841479,-0.8969337234
1654,1.751032307,0.08591929594,1.748923102,3.497846203,31.84198747,11.30582695,-0.8495063013
1655,1.566720513,0.4660497819,1.495797702,2.991595404,34.15631685,10.53977809,-0.8275088745
1656,2.453488872,-0.005880555084,2.453481825,4.90696365,23.03725485,15.62686189,-0.9202505978
1657,2.579440517,0.7540768716,2.466755248,4.933510496,21.06763453,17.08782253,-0.9331567424
1658,1.556424745,0.4323393902,1.495172444,2.990344888,34.53730308,10.4235122,-0.8237572487
1659,1.692570345,1.378319917,0.9823586813,1.964717363,20.59082379,17.48351614,-0.936115873
1660,1.59168843,0.4647763573,1.522318954,3.044637907,33.69014131,10.68561858,-0.83204958
1661,1.621854801,-0.2585306694,1.601116763,3.202233526,33.92562179,10.61144884,-0.8297627871
1662,1.777785756,0.3516935978,1.742651373,3.485302746,30.91072118,11.64644454,-0.8579687969
1663,1.653356503,1.062121429,1.267077659,2.534155319,27.02978146,13.31864265,-0.8907704266
1664,1.889633267,1.297352466,1.373896089,2.747792177,22.47659975,16.0166575,-0.9240357477
1665,2.750657477,0.9771786558,2.571232862,5.142465725,19.36391146,18.59128517,-0.9434316871
1666,1.653368286,0.8819423363,1.39850077,2.797001541,29.3833462,12.25183808,-0.8713564622
1667,1.805691307,1.226409098,1.325308198,2.650616395,23.76031884,15.15131183,-0.9152389305
1668,1.845865214,1.001786065,1.550368688,3.100737377,26.15358924,13.76484109,-0.8976157041
1669,2.086372204,0.2579358334,2.070366653,4.140733307,26.77571849,13.44501736,-0.8927768167
1670,1.607329538,1.094842609,1.176787111,2.353574223,26.76178801,13.45201598,-0.8928863214
1671,1.495465876,1.112957696,0.9988710388,1.997742078,26.69555163,13.48539281,-0.8934062702
1672,1.696039144,1.348826286,1.028210304,2.056420607,21.37876289,16.83914087,-0.9311909962
1673,2.175281908,1.203023005,1.812342967,3.624685935,22.01711449,16.35091648,-0.9270719167
1674,1.707763726,0.75160904,1.533473442,3.066946883,29.90311155,12.03888095,-0.8668696764
1675,1.776801205,1.044009599,1.437729626,2.875459253,26.31567351,13.68006028,-0.8963651928
1676,1.086491009,-0.5302708746,0.9483013831,1.896602766,45.54400111,7.904443861,-0.7003613068
1677,1.318182432,-0.3899349572,1.25918849,2.51837698,40.2463643,8.944907354,-0.763273468
1678,1.708343103,0.458712666,1.645605921,3.291211842,31.66184453,11.37015248,-0.8511608526
1679,1.194240577,0.8259526878,0.8625617157,1.725123431,36.25406923,9.929919802,-0.8064026065
1680,1.620286201,0.3524458985,1.581489571,3.162979141,33.65561958,10.69657919,-0.8323836464
1681,2.134077191,1.47803561,1.539381757,3.078763513,19.67904791,18.29356794,-0.9415937518
1682,1.345055645,1.108311187,0.762116134,1.524232268,26.04913391,13.82003721,-0.8984177914
1683,1.48172446,0.170333471,1.471901452,2.943802905,37.10984895,9.700928735,-0.7974802277
1684,1.993686705,0.8165522995,1.818798785,3.637597571,26.02607621,13.83228102,-0.8985944436
1685,1.56188707,1.098565523,1.110245474,2.220490947,26.88861848,13.38856439,-0.8918873859
1686,1.326267894,0.3063572332,1.29039985,2.5807997,40.5351882,8.881172532,-0.7600069637
1687,1.82371301,1.233740452,1.343061293,2.686122587,23.58781241,15.262119,-0.9164478685
1688,2.121091706,-0.4707556309,2.068192244,4.136384489,25.95425096,13.87056019,-0.8991437866
1689,1.926380535,1.064596017,1.605483505,3.210967011,24.88593866,14.46600045,-0.9071473162
1690,1.628507142,0.4953100988,1.551355349,3.102710697,32.85640781,10.95676685,-0.8400328834
1691,2.009958586,-0.3682037811,1.975945215,3.951890431,27.5360371,13.07377669,-0.8867202336
1692,2.000097563,1.435275979,1.392972765,2.78594553,20.37604143,17.6678086,-0.937427665
1693,1.641927616,0.775786257,1.447094323,2.894188645,30.61002225,11.76085391,-0.8606529716
1694,1.851406955,-0.4478618075,1.796420751,3.592841502,29.48033112,12.21153177,-0.8705246872
1695,2.973581657,-0.2651530884,2.961736266,5.923472532,19.01912676,18.92831383,-0.9454098402
1696,1.952034552,-0.004438976922,1.952029505,3.904059009,28.7339896,12.52871616,-0.8768611262
1697,1.830266782,0.7550079192,1.667285079,3.334570158,28.27382255,12.73262571,-0.8806938643
1698,2.449598555,1.769006447,1.694446598,3.388893196,16.41808634,21.92703781,-0.9592248011
1699,1.149206618,0.9882638412,0.5865240234,1.173048047,28.71424863,12.53732962,-0.8770267119
1700,2.201491285,1.492320342,1.618500502,3.237001004,19.39772478,18.55887761,-0.9432358474
1701,1.651514528,1.122185676,1.211692843,2.423385686,26.06227673,13.81306797,-0.8983170349
1702,1.572491973,0.4230137982,1.514526438,3.029052876,34.26976981,10.50488527,-0.8263955051
1703,1.975735848,0.3209873542,1.949486922,3.898973845,28.08391917,12.81872369,-0.8822590271
1704,1.959418492,0.4908585184,1.896939309,3.793878617,27.85624279,12.92349448,-0.8841227338
1705,1.918736394,1.193201975,1.502603872,3.005207744,23.64760829,15.22352686,-0.9160297547
1706,1.859677334,0.3019098499,1.835006875,3.670013749,29.76689484,12.09397224,-0.8680524571
1707,1.521095136,0.9347161058,1.200015089,2.400030177,30.1770852,11.92958159,-0.86447591
1708,1.603551851,0.05978314439,1.602437055,3.204874109,34.61714225,10.39947196,-0.8229664393
1709,1.174942102,0.9195211695,0.7314162713,1.462832543,32.90250723,10.94141542,-0.8395960947
1710,1.89397537,-0.7224766848,1.750762732,3.501525463,27.6828185,13.00445617,-0.8855329798
1711,1.902451722,-0.03047478587,1.902207624,3.804415247,29.44762992,12.22509251,-0.8708054224
1712,1.63988028,0.657090848,1.502477604,3.004955208,31.63180728,11.38094946,-0.8514359164
1713,1.422617978,1.122206346,0.8743539494,1.748707899,26.23939648,13.71982775,-0.8969545789
1714,2.34346622,0.4423848937,2.301332121,4.602664242,23.70300499,15.1879477,-0.9156415112
1715,2.056015932,0.9528669609,1.821879817,3.643759634,24.61160838,14.62724396,-0.90915175
1716,1.519249542,-0.8140633647,1.28273926,2.565478521,31.9335545,11.27340835,-0.8486620693
1717,1.698214578,0.624836425,1.579085873,3.158171746,30.94337835,11.63415306,-0.8576758603
1718,1.192110219,-0.7730826825,0.9074524458,1.814904892,37.77046322,9.531257212,-0.7904708695
1719,1.833489429,0.7424384813,1.676445223,3.352890447,28.31393434,12.71458765,-0.8803620292
1720,2.071206073,0.3948001501,2.033230789,4.066461577,26.71556727,13.47528938,-0.8932492753
1721,1.49827745,1.144046771,0.9674669518,1.934933904,25.87273003,13.91426415,-0.8997655732
1722,2.007094939,0.3261107184,1.980424675,3.960849351,27.66081158,13.01480251,-0.8857113552
1723,1.559811995,1.075100355,1.130120651,2.260241302,27.37007655,13.15305053,-0.8880556092
1724,2.221221507,1.533630482,1.606798845,3.21359769,18.93467026,19.01274198,-0.9458891799
1725,1.836421841,1.406961609,1.180213628,2.360427255,20.70545781,17.38672012,-0.9354103557
1726,2.101758419,1.244906149,1.693398101,3.386796203,22.11412779,16.27918602,-0.9264358347
1727,2.531792764,0.784483319,2.407189341,4.814378682,21.34451937,16.86615631,-0.9314086967
1728,1.486144071,-0.5112162573,1.395450514,2.790901028,35.46852892,10.149843,-0.8144343605
1729,1.648527863,-0.8268886846,1.426148386,2.852296771,30.02530308,11.9898873,-0.8658045083
1730,1.620150662,1.047282815,1.23615811,2.472316221,27.49752436,13.09208769,-0.8870307836
1731,1.712213875,0.753252902,1.537623627,3.075247254,29.8291619,12.06872661,-0.8675123955
1732,2.173781629,1.553488305,1.52052644,3.041052881,18.76558554,19.18405366,-0.9468426568
1733,1.395528428,0.8572961021,1.101155296,2.202310593,32.97117329,10.91862873,-0.8389444811
1734,1.451454732,0.2806733488,1.424058745,2.848117491,37.48730971,9.603249814,-0.7934881538
1735,2.619611348,0.6314804558,2.54236033,5.08472066,21.03104602,17.11755087,-0.9333861059
1736,1.799324791,1.138507203,1.39333092,2.786661839,25.00321801,14.39814666,-0.9062840493
1737,1.820055843,0.9400732297,1.558481824,3.116963648,26.97039923,13.34796704,-0.8912409508
1738,2.090211839,0.6174149336,1.996943747,3.993887495,25.86477837,13.91854184,-0.8998261256
1739,1.822835894,0.4171175001,1.774469974,3.548939948,30.00598628,11.99760597,-0.8659731589
1740,1.322461389,-0.5977031719,1.179684298,2.359368597,38.20384913,9.42313427,-0.7858153467
1741,1.431355519,-0.1320690615,1.425249587,2.850499174,38.39129766,9.377125077,-0.783787791
1742,1.538150855,0.7849225345,1.322801825,2.64560365,32.01237888,11.24564973,-0.8479335861
1743,1.633800122,-0.3148209563,1.603181401,3.206362802,33.53094554,10.73635098,-0.8335875984
1744,1.761174385,0.5172511149,1.683504232,3.367008465,30.55521496,11.78194951,-0.8611396544
1745,1.991263407,1.483010009,1.328838316,2.657676631,19.68125937,18.29151241,-0.9415807535
1746,1.402241406,1.014327191,0.9682052011,1.936410402,29.42863931,12.23298149,-0.8709683239
1747,1.517628923,-0.2922462951,1.489224513,2.978449026,35.95411446,10.01276225,-0.8094874649
1748,2.24265318,-0.8445999086,2.07753322,4.15506644,23.49345049,15.32341961,-0.9171056496
1749,1.575331154,0.5640582488,1.47088631,2.94177262,33.38876519,10.7820699,-0.8349557879
1750,1.752725117,-0.3178053677,1.723671977,3.447343955,31.41609275,11.45909527,-0.8534044269
1751,1.560452522,-0.06977144398,1.55889192,3.11778384,35.50587311,10.13916765,-0.814055989
1752,1.551438956,1.170575106,1.018192887,2.036385774,25.26962247,14.24635451,-0.9043090026
1753,1.278683229,1.11250978,0.630359255,1.26071851,24.47136942,14.71106883,-0.9101683786
1754,1.379550038,0.4750107497,1.295192301,2.590384601,38.07747023,9.454409597,-0.7871775911
1755,2.18132285,1.571683473,1.512607165,3.025214329,18.54793187,19.40917201,-0.9480578762
1756,1.725071828,0.8384891604,1.507583742,3.015167484,28.94542798,12.43719734,-0.8750810728
1757,1.805606104,0.1036875152,1.8026265,3.605253001,30.9147258,11.64493589,-0.8579328902
1758,1.275339107,0.9542008046,0.8461623151,1.69232463,31.58006984,11.3995948,-0.8519091495
1759,1.646557536,-0.6326857966,1.520151441,3.040302882,31.70190689,11.35578378,-0.8507936205
1760,2.146267704,-0.2214548522,2.134812124,4.269624248,26.1063838,13.78973062,-0.8979785529
1761,2.16423832,1.368326258,1.676785841,3.353571682,20.71519873,17.37854436,-0.9353502324
1762,2.73976249,0.9639869592,2.56457163,5.12914326,19.46478209,18.49494119,-0.9428464936
1763,1.238434202,-0.3449069057,1.189436211,2.378872421,42.81679442,8.407915745,-0.7335306765
1764,1.834310226,0.7337900319,1.681144311,3.362288622,28.35778727,12.69492561,-0.8799987508
1765,1.475796932,1.211301048,0.8430458807,1.686091761,23.61830489,15.2424148,-0.9162347791
1766,2.299930373,1.012859558,2.064895939,4.129791877,22.28026715,16.15779549,-0.9253403494
1767,1.651247637,0.3874412461,1.605150472,3.210300945,32.94814985,10.92625843,-0.8391630987
1768,1.789711209,0.5088496558,1.715849131,3.431698262,30.15829449,11.93701455,-0.8646407204
1769,1.423681502,1.059409595,0.9510627373,1.902125475,28.15775592,12.78510976,-0.8816516233
1770,2.085968925,0.2842081981,2.066516889,4.133033779,26.74229577,13.46182104,-0.8930394574
1771,1.805227582,1.343683833,1.205553973,2.411107946,21.83448518,16.48767979,-0.9282621398
1772,1.823690717,0.5932754607,1.724491826,3.448983652,29.2774212,12.29616494,-0.8722620578
1773,1.88226256,-0.5791305023,1.79095511,3.581910221,28.54096485,12.61344884,-0.8784757332
1774,1.934762765,0.1778641006,1.926569832,3.853139665,28.87687448,12.46672316,-0.8756595164
1775,1.932801942,1.180265232,1.530587249,3.061174499,23.70636237,15.18579672,-0.9156179537
1776,1.172886572,-0.5427162562,1.039770156,2.079540311,42.7285311,8.425283779,-0.7345768065
1777,2.116291268,0.2649204317,2.099644231,4.199288462,26.40548846,13.63352928,-0.8956691638
1778,1.278615992,1.041497643,0.7417152514,1.483430503,28.17301483,12.77818516,-0.8815259163
1779,2.366810669,0.7723818043,2.237234697,4.474469394,22.68661656,15.86838651,-0.9226282062
1780,1.720318133,0.7730416472,1.536847777,3.073695554,29.56226743,12.17768565,-0.8698200301
1781,1.496916009,0.6614397338,1.342853312,2.685706623,34.00139252,10.58780165,-0.8290239816
1782,1.838738126,-0.1008840286,1.835968493,3.671936986,30.3870163,11.84716513,-0.8626283185
1783,2.393787385,0.5914783099,2.319562772,4.639125544,22.94104726,15.69239608,-0.920906397
1784,2.158642284,0.1491530509,2.153483197,4.306966393,26.02844812,13.83102052,-0.8985762784
1785,1.429706227,0.7499042046,1.217252471,2.434504942,34.15651678,10.5397164,-0.8275069153
1786,2.110612228,1.089981507,1.807380506,3.614761011,23.2604178,15.4769361,-0.9187194207
1787,1.657372992,0.363619563,1.616992903,3.233985806,32.92725584,10.93319169,-0.8393613792
1788,1.565573049,1.221222521,0.9796093747,1.959218749,23.99245211,15.00471891,-0.9135990314
1789,1.481967059,0.5847927006,1.361706232,2.723412464,34.97913154,10.29185072,-0.8193608999
1790,2.55519428,0.7158344824,2.452875619,4.905751237,21.33792243,16.87137073,-0.931450598
1791,2.502169232,1.470465421,2.02449557,4.04899114,18.61387633,19.34041,-0.9476911342
1792,2.459218951,1.272138943,2.104618815,4.20923763,19.95118288,18.04404291,-0.9399836875
1793,2.212108116,0.203265428,2.202749528,4.405499056,25.37875595,14.18509247,-0.9034942708
1794,2.690400674,0.3140995816,2.672002477,5.344004954,20.92466143,17.20457945,-0.9340508395
1795,3.148237903,-0.3371910996,3.130128441,6.260256883,17.9514346,20.05410754,-0.9513181055
1796,1.585217871,1.332574689,0.8585804545,1.717160909,20.77741457,17.32650608,-0.9349655834
1797,2.45239864,-0.14379493,2.448179346,4.896358692,23.01176096,15.64417432,-0.9204246296
1798,2.122933913,0.7507938772,1.985738389,3.971476779,25.00815173,14.39530614,-0.9062476501
1799,1.639185435,0.7288145795,1.468250046,2.936500092,31.06897023,11.58712366,-0.8565466988
1800,1.95659176,1.215268171,1.533419248,3.066838495,23.19700735,15.51924326,-0.9191559142
1801,2.179476862,-0.4113767854,2.140301038,4.280602076,25.43622003,14.15304631,-0.9030639573
1802,1.262626741,1.099960525,0.6199299406,1.239859881,24.75819475,14.54064012,-0.9080832855
1803,2.075807913,0.3200109013,2.050992812,4.101985624,26.80736848,13.42914357,-0.8925278263
1804,1.20551557,-0.4043432225,1.135682327,2.271364655,43.34486228,8.305482613,-0.7272355426
1805,2.47392596,-0.09115410487,2.47224606,4.944492121,22.8381038,15.76313003,-0.9216052356
1806,1.931014006,0.3271107458,1.903106316,3.806212633,28.68112445,12.55180914,-0.8773043212
1807,1.59614575,0.8758775821,1.334361164,2.668722329,30.14555641,11.94205856,-0.8647523913
1808,1.888333612,0.09665929368,1.88585811,3.771716221,29.62898496,12.15026436,-0.8692449414
1809,2.023896716,0.2718191049,2.005560343,4.011120686,27.53956961,13.07209971,-0.8866917289
1810,0.7088486995,-0.3871115404,0.5938106887,1.187621377,66.96658622,5.375815318,-0.3912678825
1811,1.784755286,1.11031175,1.397340063,2.794680125,25.45624292,14.14191407,-0.9029138046
1812,1.541929082,0.8095545165,1.312313522,2.624627044,31.66713573,11.36825266,-0.8511123746
1813,2.176550285,0.2392051118,2.163365909,4.326731818,25.7387603,13.98668762,-0.900783447
1814,1.651151914,0.2003714667,1.638949029,3.277898058,33.49871388,10.74668124,-0.8338982112
1815,2.060280857,0.7241790206,1.928813613,3.857627227,25.77293494,13.96814142,-0.900524263
1816,2.312835514,1.194527459,1.980482835,3.960965671,21.22568576,16.96058276,-0.9321615908
1817,2.03813121,0.9647340542,1.795345937,3.590691874,24.69656327,14.576927,-0.9085332405
1818,1.797456535,0.03360166002,1.797142432,3.594284865,31.08560549,11.58092289,-0.8563968271
1819,1.606705227,0.64201223,1.472861834,2.945723669,32.28151935,11.15189146,-0.8454341437
1820,1.99365144,0.8712258262,1.793212655,3.586425309,25.70826226,14.0032802,-0.9010144767
1821,1.771782987,0.04973094252,1.771084918,3.542169836,31.50824171,11.42558202,-0.8525649967
1822,1.75984089,1.183018239,1.302884416,2.605768833,24.59014586,14.64001076,-0.9093076906
1823,1.87506513,1.154058242,1.477842622,2.955685245,24.3472876,14.7860413,-0.9110633335
1824,2.625104849,0.1562955136,2.620447897,5.240895793,21.53299813,16.71852651,-0.9302063361
1825,1.592056311,0.359441084,1.550949839,3.101899679,34.1709607,10.53526131,-0.8273653496
1826,2.262888324,1.623446404,1.576415345,3.15283069,17.93444114,20.07310946,-0.9514094764
1827,2.010646516,1.358645107,1.482154811,2.964309623,21.34513719,16.86566813,-0.9314047719
1828,1.586189968,-0.4318790018,1.52626313,3.052526259,33.96223313,10.60000968,-0.8294059879
1829,2.205761002,0.5129813276,2.145281276,4.290562552,24.92953496,14.44070259,-0.9068268573
1830,1.688698727,1.31083245,1.064622788,2.129245575,22.25448647,16.17651347,-0.9255108516
1831,2.195304713,0.01253073341,2.19526895,4.3905379,25.66112795,14.0290014,-0.9013710279
1832,1.452973074,0.3979598007,1.397411446,2.794822892,36.90068807,9.755915644,-0.799677448
1833,1.722369093,0.7108789847,1.568823241,3.137646483,30.00663243,11.99734761,-0.8659675191
1834,1.356650974,0.8821656548,1.030672413,2.061344827,32.94392764,10.92765878,-0.8392031758
1835,1.790665208,1.21224956,1.317927499,2.635854997,24.02614673,14.98367608,-0.9133597497
1836,1.901519116,1.109146994,1.544528372,3.089056745,24.65002812,14.60444582,-0.9088722847
1837,0.9754717274,0.8212006203,0.5264737716,1.052947543,36.8863565,9.759706139,-0.7998276103
1838,1.39386753,-0.08281848021,1.39140497,2.78280994,39.41754957,9.132987818,-0.7725391207
1839,2.152418436,0.1239495559,2.148846582,4.297693163,26.11774563,13.78373176,-0.8978912748
1840,2.274747507,0.7871806328,2.134203099,4.268406199,23.43127294,15.36408205,-0.9175377194
1841,1.300522833,-0.4206485992,1.230615454,2.461230907,40.49029958,8.891018435,-0.760515909
1842,1.665740381,0.686949274,1.51749521,3.03499042,31.00846646,11.60973247,-0.8570911854
1843,1.862942068,0.9203972389,1.619698142,3.239396285,26.69898696,13.48365766,-0.8933793326
1844,2.064226424,0.9941204622,1.809075796,3.618151592,24.27657283,14.82911128,-0.911571461
1845,1.879266728,0.4422048499,1.82649892,3.652997841,29.09946168,12.37136288,-0.8737767924
1846,1.640676821,0.6974083695,1.485073062,2.970146123,31.30724545,11.49893563,-0.8543931265
1847,0.8522369848,-0.2790490884,0.8052574027,1.610514805,59.39578415,6.061036236,-0.5091047482
1848,1.3441422,0.7717360038,1.100518876,2.201037751,35.25832469,10.21035467,-0.8165576912
1849,1.908743432,1.037278023,1.602297036,3.204594072,25.27640602,14.24253115,-0.9042584558
1850,1.932343104,1.554778447,1.147437952,2.294875903,18.22928466,19.7484436,-0.9498122888
1851,1.164029591,0.9288982914,0.7015075568,1.403015114,32.41018343,11.10761995,-0.8442326773
1852,1.703601445,-0.01888707203,1.703496745,3.406993491,32.71189156,11.00517221,-0.8413986386
1853,1.98922868,0.6642390606,1.875051256,3.750102512,26.83071841,13.4174566,-0.8923439578
1854,2.159425456,1.067138733,1.877320758,3.754641515,23.04468391,15.62182417,-0.9201998496
1855,2.270699427,0.1192829902,2.267564212,4.535128423,24.80614831,14.51253115,-0.9077324626
1856,1.788773189,1.447346493,1.051141119,2.102282239,19.6137345,18.35448522,-0.9419770139
1857,1.761937834,1.256885092,1.234773176,2.469546352,23.3924458,15.38958359,-0.9178069799
1858,1.938108917,0.1351618539,1.933390144,3.866780288,28.87278032,12.46849095,-0.8756940226
1859,1.992110226,0.8889437025,1.782773751,3.565547501,25.61460449,14.05448209,-0.90172236
1860,1.684328701,0.9262683458,1.406765838,2.813531677,28.53692481,12.61523455,-0.8785094206
1861,2.056802041,1.180211347,1.684498683,3.368997366,22.93782188,15.69460265,-0.9209283378
1862,1.581174322,0.3917787274,1.531868684,3.063737368,34.24689946,10.51190051,-0.8266202039
1863,1.538912802,0.4762226928,1.463374374,2.926748748,34.63828144,10.39312532,-0.8227567873
1864,1.880904547,-0.209276289,1.869225869,3.738451739,29.61968531,12.15407916,-0.8693251729
1865,1.973752183,0.7243429487,1.836035123,3.672070246,26.73059969,13.46771132,-0.8931312952
1866,1.729114694,1.228644645,1.216663455,2.433326909,23.94428756,15.03490129,-0.9139405224
1867,1.172073693,-0.06821938194,1.170086689,2.340173377,46.15707526,7.799454319,-0.6926837065
1868,2.687020936,1.165961193,2.420870919,4.841741838,19.15329972,18.79571694,-0.9446441071
1869,1.257767138,0.9459645143,0.8289326336,1.657865267,31.89532566,11.28692034,-0.8490147962
1870,1.258537238,-0.2327629206,1.236825534,2.473651068,42.83711042,8.403928195,-0.7332896372
1871,1.25071354,-0.6697084799,1.056302471,2.112604942,38.78916135,9.280943116,-0.7794564857
1872,2.016224508,1.024927614,1.736284727,3.472569454,24.47034193,14.71168654,-0.910175807
1873,1.630423624,0.2525456106,1.610745762,3.221491523,33.77604072,10.65844286,-0.8312170219
1874,1.066105843,0.2166231145,1.043865937,2.087731874,49.65791616,7.249599416,-0.6473497861
1875,2.194929759,-0.6933671481,2.082536589,4.165073178,24.50943216,14.68822279,-0.9098929908
1876,1.347017,-0.354014514,1.299664773,2.599329546,39.71797635,9.063905895,-0.769199106
1877,2.175033314,-0.34385606,2.147680826,4.295361651,25.60889724,14.0576143,-0.9017654186
1878,1.149082391,-0.5827751149,0.9903350476,1.980670095,42.77528577,8.416074691,-0.7340228696
1879,1.990273067,0.8281351481,1.809800833,3.619601667,25.99668302,13.84792051,-0.8988194231
1880,1.448869791,-0.5799983148,1.327714437,2.655428874,35.67777134,10.09031636,-0.8123098583
1881,1.919637447,0.6074563921,1.820990021,3.641980043,27.9292647,12.88970562,-0.8835265125
1882,1.68809525,0.8521782866,1.457208887,2.914417774,29.27224595,12.29833886,-0.8723062267
1883,1.132191388,0.9394149936,0.6319468409,1.263893682,31.4848132,11.43408404,-0.8527786277
1884,1.901155367,-0.5399089558,1.822879604,3.645759208,28.44952151,12.65399138,-0.8792371559
1885,1.783941159,1.014113992,1.467657613,2.935315227,26.58747055,13.54021246,-0.8942521315
1886,1.813504949,-0.2287156354,1.799024557,3.598049114,30.62629836,11.7546037,-0.8605082899
1887,2.26252219,-0.2292583444,2.250877001,4.501754002,24.81047266,14.51000168,-0.9077007949
1888,1.959152629,1.175828372,1.567069451,3.134138901,23.59180561,15.2595357,-0.9164199777
1889,2.023771931,-0.6852730406,1.904219968,3.808439936,26.34285064,13.66594697,-0.8961548135
1890,1.811764512,0.7758333722,1.637245622,3.274491243,28.36466744,12.69184632,-0.8799417085
1891,1.66463979,0.2448657045,1.646531633,3.293063266,33.14934652,10.85994259,-0.8372480706
1892,1.82226057,-0.06882651538,1.820960322,3.641920644,30.66897078,11.73824849,-0.8601286362
1893,1.634874017,0.9259686609,1.347365983,2.694731965,29.07915187,12.38000343,-0.8739491273
1894,1.246456746,0.9687025743,0.784391319,1.568782638,31.03475641,11.59989772,-0.8568547138
1895,1.795845987,-0.904147483,1.551637889,3.103275777,27.54420053,13.06990194,-0.8866543557
1896,2.620974476,0.7453585358,2.512757023,5.025514045,20.78670202,17.31876465,-0.9349080693
1897,1.709291678,-0.8465507215,1.484934314,2.969868628,29.06556197,12.38579183,-0.8740643805
1898,1.886732274,-0.5408321456,1.807556158,3.615112315,28.64024656,12.56972419,-0.8776465089
1899,1.726053667,0.01148599468,1.72601545,3.4520309,32.3097198,11.14215791,-0.8451711722
1900,1.712209603,0.7820476308,1.523175377,3.046350754,29.596438,12.16362591,-0.8695256355
1901,2.005829794,0.6080263201,1.9114542,3.822908399,26.86524484,13.40021288,-0.8920718088
1902,1.84025131,1.340966554,1.260291071,2.520582141,21.89081785,16.44525127,-0.9278960165
1903,1.754366502,0.5290854782,1.672683587,3.345367174,30.6048972,11.76282337,-0.860698515
1904,1.213001906,0.6341088655,1.034059752,2.068119503,40.25247726,8.943548933,-0.7632045331
1905,0.9753757962,0.6046087343,0.7653797896,1.530759579,47.49932522,7.579055035,-0.6755988905
1906,1.687822365,0.8081261832,1.481781497,2.963562995,29.69141379,12.12471735,-0.868705753
1907,1.743123643,1.3232875,1.134632198,2.269264396,22.14140185,16.25913311,-0.9262565299
1908,1.782701017,0.6926488168,1.642638284,3.285276569,29.29268451,12.28975787,-0.8721317494
1909,1.713737452,0.1438787631,1.707687019,3.415374039,32.43845825,11.09793805,-0.843968076
1910,2.671211437,0.2587576826,2.658649094,5.317298187,21.11307758,17.0510433,-0.9328713424
1911,1.881821347,0.4518051511,1.826779595,3.65355919,29.03207092,12.40007993,-0.8743482013
1912,2.041556814,0.7237649279,1.908957452,3.817914904,25.97688203,13.85847615,-0.8989708492
1913,1.692548752,0.8715218759,1.450920707,2.901841415,29.02609303,12.40263371,-0.8743988296
1914,1.359182665,-0.207476993,1.343253816,2.686507632,40.06087986,8.986322847,-0.7653610142
1915,1.927922131,0.6140305981,1.827525696,3.655051391,27.79541234,12.95177764,-0.8846183159
1916,1.985523546,-0.01723015205,1.985448784,3.970897567,28.26808777,12.73520879,-0.8807412715
1917,1.743959918,0.007667676465,1.743943062,3.487886124,31.99535168,11.25163441,-0.8480910849
1918,1.978932355,0.1238969468,1.975050078,3.950100157,28.31234635,12.71530079,-0.8803751744
1919,3.029589019,1.226448495,2.770240731,5.540481463,17.23768375,20.88447642,-0.9550836667
1920,1.759617662,1.167382293,1.316614179,2.633228359,24.82421533,14.50196895,-0.9076001214
1921,2.38850384,1.047396828,2.146604406,4.293208812,21.48037758,16.75948193,-0.9305430312
1922,2.08412501,-0.5855376609,2.000180668,4.000361337,26.04080038,13.82445988,-0.8984816539
1923,1.509514332,0.9848872734,1.143953923,2.287907845,29.41881156,12.23706808,-0.8710525888
1924,2.823514242,0.254383032,2.812031641,5.624063281,20.00896743,17.99193293,-0.9396390793
1925,0.9343003688,0.8126361041,0.4610203266,0.9220406531,36.5051029,9.861634988,-0.8038038811
1926,2.135084521,-0.4964076368,2.076575395,4.15315079,25.73230759,13.99019496,-0.9008323491
1927,2.117800471,1.000293296,1.866679447,3.733358893,23.78626183,15.13478674,-0.9150564022
1928,1.624295623,0.879602517,1.365516636,2.731033271,29.75849813,12.0973847,-0.8681252059
1929,1.827944274,0.1233031893,1.823780851,3.647561702,30.53876931,11.78829429,-0.8612855363
1930,1.198021079,0.2095043895,1.179560264,2.359120529,44.86203764,8.024602067,-0.7088073702
1931,1.168823616,-0.596470493,1.005172421,2.010344842,42.00531985,8.570343025,-0.7430826942
1932,2.205629148,-0.1732820139,2.198811789,4.397623578,25.47637921,14.13073644,-0.9027626904
1933,2.855228279,0.6918193292,2.770147025,5.54029405,19.31802312,18.63544721,-0.9436969374
1934,2.656037613,1.003331439,2.459240091,4.918480183,19.87045785,18.11734801,-0.9404635044
1935,1.97287257,0.6887001728,1.848761274,3.697522548,26.91194003,13.37696203,-0.8917032261
1936,1.644748895,0.5337453408,1.555736108,3.111472217,32.3603796,11.12471499,-0.8446982512
1937,1.381992494,0.989682229,0.9645892069,1.929178414,30.16137248,11.93579637,-0.8646137302
1938,2.316231072,-0.04370905891,2.315818624,4.631637248,24.35897215,14.77894871,-0.9109792394
1939,1.115078084,0.7621273361,0.8139785357,1.627957071,39.33075208,9.153143048,-0.7735001469
1940,1.254310298,-0.3364747287,1.208337321,2.416674642,42.40008394,8.490549228,-0.7384543527
1941,1.675653879,1.305102697,1.050962832,2.101925665,22.33692249,16.11681288,-0.9249649975
1942,1.409751737,0.635639366,1.258317352,2.516634703,35.91405258,10.02393142,-0.8098978002
1943,1.957038258,0.5124490912,1.888754795,3.777509589,27.81547121,12.94243759,-0.8844550076
1944,2.041687489,0.9425382658,1.811107236,3.622214473,24.80616509,14.51252133,-0.9077323398
1945,1.616776397,1.187136585,1.097575804,2.195151608,24.90517156,14.45482916,-0.9070060076
1946,1.279925271,0.9100948602,0.8999644693,1.799928939,32.95501499,10.92398229,-0.8390979254
1947,2.224984994,0.2427516978,2.211702926,4.423405853,25.19788558,14.28691303,-0.9048427646
1948,1.103096587,0.9078062956,0.6266656282,1.253331256,32.95012015,10.92560508,-0.8391443952
1949,1.826104732,-0.33072722,1.795905899,3.591811798,30.20821008,11.91729,-0.8642027139
1950,1.587545166,0.8542316308,1.338128535,2.67625707,30.51535816,11.79733818,-0.8614930836
1951,1.417213396,-0.4430195195,1.34619,2.69238,37.43535006,9.616578966,-0.7940397336
1952,1.140307089,0.9074486505,0.6905339983,1.381067997,33.32345644,10.80320106,-0.8355825257
1953,1.754580306,-0.08499583756,1.752520402,3.505040804,31.78161674,11.32730292,-0.8500617222
1954,2.905221195,1.060772237,2.704639061,5.409278122,18.27447608,19.69960717,-0.9495652597
1955,1.235440595,0.1815652526,1.222025991,2.444051983,43.7551917,8.22759508,-0.7223012995
1956,2.033169245,0.9166016372,1.814832945,3.62966589,25.04600457,14.37355004,-0.9059681615
1957,1.204530536,-0.468598481,1.109643761,2.219287521,42.73839333,8.423339578,-0.7344600022
1958,1.566408616,-0.4134312767,1.510864167,3.021728335,34.43544356,10.45434479,-0.8247638479
1959,1.527741927,-0.3178443936,1.494312664,2.988625328,35.64212045,10.10040916,-0.8126725991
1960,1.561547301,0.9168594183,1.264040656,2.528081311,30.01079902,11.99568195,-0.8659311492
1961,1.597140733,0.862856535,1.344000417,2.688000834,30.29048089,11.88492191,-0.8634793608
1962,2.547423376,0.4151026235,2.513375353,5.026750707,21.94083054,16.40776539,-0.927570217
1963,2.050548365,0.4268176659,2.005635879,4.011271757,26.89167346,13.38704341,-0.8918632705
1964,1.947357932,1.437403102,1.313801825,2.62760365,20.3497997,17.69059181,-0.9375870348
1965,1.671248569,1.06560657,1.287460453,2.574920905,26.85135784,13.40714321,-0.8921813098
1966,1.393572003,-0.05284557256,1.392569665,2.785139331,39.45475057,9.124376528,-0.7721266865
1967,2.492655088,0.8049382623,2.359110804,4.718221607,21.5838985,16.67909993,-0.9298799011
1968,2.089480875,1.118459227,1.764930391,3.529860781,23.20988251,15.51063431,-0.9190673775
1969,1.897376714,0.6214017778,1.792734845,3.585469691,28.15295474,12.78729012,-0.8816911639
1970,1.62580133,0.02319697876,1.625635834,3.251271669,34.18687065,10.53035839,-0.8272093542
1971,2.369753854,1.300294281,1.981153227,3.962306454,20.2653158,17.76434197,-0.9380987815
1972,2.187969825,0.5777146804,2.110321707,4.220643413,24.9438073,14.43243991,-0.906721833
1973,1.998128071,1.375254519,1.44954848,2.89909696,21.17234573,17.00331199,-0.9324982337
1974,1.175311014,0.9371530332,0.7092955459,1.418591092,32.08536172,11.22006986,-0.8472576587
1975,1.90235331,1.465682872,1.212733208,2.425466415,19.79754972,18.18406848,-0.9408952544
1976,1.43125334,0.2325719152,1.41223101,2.824462021,38.14017972,9.438864806,-0.7865021208
1977,1.987294952,0.2134470586,1.975798972,3.951597944,28.10644401,12.80845061,-0.8820738862
1978,1.814509977,-0.1458964152,1.808635035,3.617270071,30.73010046,11.71489825,-0.8595839381
1979,1.081600166,0.507061124,0.9553784254,1.910756851,46.08512902,7.811630511,-0.6935888222
1980,1.834613532,0.0811635627,1.832817309,3.665634619,30.46540519,11.81668183,-0.8619354516
1981,2.732953498,1.62844945,2.194809151,4.389618302,16.91088881,21.28805908,-0.9567583201
1982,1.917720325,0.7784948467,1.75259722,3.505194441,27.08117914,13.29336504,-0.8903623967
1983,1.533218496,1.145939942,1.018617007,2.037234014,25.86784095,13.91689398,-0.899802806
1984,2.306951182,1.206227326,1.966478934,3.932957867,21.19185524,16.98765851,-0.9323751977
1985,1.657179402,-0.8124293149,1.444369128,2.888738256,30.05440668,11.97827672,-0.8655502255
1986,1.234728602,1.04352423,0.6600090164,1.320018033,27.37670139,13.14986765,-0.8880024462
1987,2.517667495,0.6292569483,2.437762357,4.875524713,21.82008569,16.49856032,-0.9283555826
1988,1.774279442,1.097079893,1.394447291,2.788894583,25.69520938,14.01039371,-0.9011132773
1989,1.500746587,-0.07030108067,1.499099089,2.998198177,36.82259684,9.776605425,-0.8004950602
1990,0.9894882806,0.8490402775,0.5081512222,1.016302444,34.87530913,10.32248915,-0.8203983585
1991,1.38472162,1.017616228,0.9391012602,1.87820252,29.38798162,12.24990558,-0.8713167641
1992,2.32883297,1.367148662,1.885303036,3.770606071,20.02265071,17.97963742,-0.9395573367
1993,1.422369026,0.2814725695,1.394240595,2.788481191,38.17848145,9.42939547,-0.7860890931
1994,1.873991514,-0.4391844881,1.82180163,3.643603261,29.18418384,12.33544861,-0.8730567148
1995,1.678597114,0.9878201446,1.35716603,2.71433206,27.85894209,12.9222423,-0.8841007196
1996,1.528745411,-0.3732811341,1.482472168,2.964944335,35.38675566,10.1732977,-0.815261679
1997,1.088382892,-0.4303368246,0.9996937218,1.999387444,46.92810959,7.671308372,-0.6829154702
1998,1.891051333,-0.9918991708,1.610034527,3.220069055,25.829971,13.93729788,-0.9000909821
1999,2.25021226,-0.1834961017,2.242718082,4.485436164,24.98207619,14.41033152,-0.9064399501
