draw,midpoint_residual,valence_offset,markedness,markedness_ratio,apex_angle_deg,effective_vertices,step_cosine
0,0.6224419251,0.2683145143,0.5616415863,1.123283173,76.2498914,4.721318199,-0.2376877333
1,0.6001198318,0.2774628905,0.5321260724,1.064252145,78.30559596,4.597372583,-0.2026916557
2,0.6041251314,0.2249430549,0.5606851134,1.121370227,78.41225283,4.591119206,-0.2008684322
3,0.5986151163,0.248829363,0.5444483498,1.0888967,78.74569295,4.571678609,-0.1951640492
4,0.6177196825,0.292208242,0.5442351968,1.088470394,76.40862765,4.711509826,-0.2349957517
5,0.5906945293,0.2703441705,0.5251990636,1.050398127,79.33343276,4.537809439,-0.1850932177
6,0.6380033699,0.2055694061,0.6039780785,1.207956157,75.42453984,4.772982384,-0.2516548643
7,0.6297104598,0.2947339738,0.556477446,1.112954892,75.24740236,4.784218308,-0.2546457913
8,0.6381542989,0.300099258,0.5631885515,1.126377103,74.40039259,4.838684145,-0.268913221
9,0.6308580405,0.2881355889,0.561212749,1.122425498,75.2283407,4.785430553,-0.2549674986
10,0.588902263,0.2986874748,0.5075348932,1.015069786,79.20126175,4.545382132,-0.1873596829
11,0.611604104,0.2778342992,0.5448556527,1.089711305,77.17286267,4.664852223,-0.2220103384
12,0.6256723296,0.3545881116,0.515493099,1.030986198,74.65420937,4.822233107,-0.2646438372
13,0.582443879,0.3354083224,0.4761744737,0.9523489474,79.38520842,4.534849844,-0.1842051008
14,0.6134785855,0.2521410059,0.5592681718,1.118536344,77.26885875,4.659056777,-0.2203763919
15,0.5558875088,0.2563276729,0.4932616411,0.9865232822,83.17789326,4.328073072,-0.1187870808
16,0.6100087714,0.2591984436,0.5522018363,1.104403673,77.53061244,4.64332718,-0.2159179599
17,0.5782975518,0.249063073,0.521915361,1.043830722,80.81110257,4.454833415,-0.1596899011
18,0.6090394477,0.2416836216,0.5590331617,1.118066323,77.79394896,4.627609278,-0.2114280207
19,0.6196513382,0.263243154,0.560955277,1.121910554,76.56816797,4.701692747,-0.2322883164
20,0.6421762871,0.3343731446,0.5482563121,1.096512624,73.50101213,4.897891737,-0.2839984071
21,0.6284745272,0.3274891808,0.5364056933,1.072811387,74.87542334,4.807986171,-0.260918618
22,0.5871013839,0.2907603645,0.5100455327,1.020091065,79.48298452,4.529271292,-0.1825275206
23,0.6606687534,0.2741879881,0.6010858083,1.202171617,72.76381577,4.947514038,-0.2963112817
24,0.6520664658,0.2779767386,0.5898471061,1.179694212,73.4580373,4.900757129,-0.2847174959
25,0.5709766768,0.2738988155,0.5009928187,1.001985637,81.37246107,4.424101167,-0.150010567
26,0.5918033628,0.2217836887,0.5486740523,1.097348105,79.64741851,4.519920504,-0.1797050709
27,0.5838842082,0.2562914001,0.524628904,1.049257808,80.16801669,4.490568868,-0.1707595412
28,0.6131619697,0.3258572666,0.5194079734,1.038815947,76.3677421,4.714032262,-0.2356892963
29,0.6157751405,0.2870926762,0.5447539068,1.089507814,76.6596984,4.696079003,-0.23073421
30,0.6419273778,0.2955574245,0.5698390713,1.139678143,74.12345486,4.856762285,-0.2735654929
31,0.636157705,0.3121031946,0.5543358383,1.108671677,74.40735666,4.838231274,-0.2687961503
32,0.5936584749,0.3037810108,0.5100465492,1.020093098,78.64459282,4.577555647,-0.1968943439
33,0.6372427288,0.2473677681,0.5872712173,1.174542435,75.11662865,4.792547356,-0.2568523162
34,0.6246251333,0.2864572737,0.5550664713,1.110132943,75.82880185,4.74753644,-0.2448200272
35,0.6324104217,0.2443065301,0.5833157471,1.166631494,75.58406727,4.762908547,-0.2489592198
36,0.6267331274,0.2221683677,0.5860338125,1.172067625,76.30602,4.717845328,-0.2367360652
37,0.5820150165,0.2671160836,0.5170981313,1.034196263,80.26207919,4.485306182,-0.1691417235
38,0.6046061991,0.2779045524,0.5369522472,1.073904494,77.85552105,4.62394953,-0.2103775568
39,0.6160397259,0.3058797704,0.5347359255,1.069471851,76.38596027,4.712907958,-0.2353802749
40,0.6117049009,0.2708222851,0.54848717,1.09697434,77.24275487,4.660631287,-0.2208207667
41,0.6185053314,0.3233607807,0.5272443935,1.054488787,75.88832625,4.743812623,-0.2438126137
42,0.6054237134,0.2521241307,0.5504282837,1.100856567,78.04574809,4.612679215,-0.207130618
43,0.6518184804,0.2425458334,0.6050114462,1.210022892,73.87904345,4.872829739,-0.2776660501
44,0.6274813684,0.3435684889,0.5250652923,1.050130585,74.69073559,4.819874877,-0.2640290102
45,0.5779946001,0.2546015132,0.5188986676,1.037797335,80.79628665,4.455650314,-0.1599451638
46,0.6350270926,0.363273145,0.5208570153,1.041714031,73.60376068,4.891054433,-0.2822784904
47,0.7220855132,0.2938922756,0.6595716934,1.319143387,67.6332993,5.322821802,-0.3805329822
48,0.626953552,0.2502427505,0.5748472164,1.149694433,76.02390789,4.73535247,-0.241516998
49,0.6393304097,0.2947836783,0.5673146885,1.134629377,74.36756316,4.840820174,-0.2694650524
50,0.5668249568,0.2728478669,0.4968345531,0.9936691062,81.83439515,4.399128256,-0.1420347368
51,0.5878720008,0.2427918147,0.5353929623,1.070785925,79.87661401,4.506951183,-0.1757685488
52,0.6326460146,0.2909970719,0.5617487729,1.123497546,75.02656807,4.798300245,-0.2583711171
53,0.5993010713,0.2462833457,0.5463572894,1.092714579,78.70112795,4.57426735,-0.1959268393
54,0.5739747247,0.268762878,0.5071622028,1.014324406,81.09696728,4.439130242,-0.1547626797
55,0.6460633729,0.3265240391,0.5574763974,1.114952795,73.28614533,4.912251809,-0.2875921221
56,0.559239659,0.2766828756,0.4859995705,0.971999141,82.64305478,4.356082928,-0.1280503713
57,0.6633611519,0.2705184109,0.6056961344,1.211392269,72.57981588,4.960056672,-0.2993769329
58,0.6113338567,0.3038353368,0.530483904,1.060967808,76.87114983,4.683161379,-0.2271417053
59,0.6887584907,0.3001910225,0.619898063,1.239796126,70.10095674,5.135450595,-0.3403638489
60,0.6927316627,0.3260932733,0.6111794611,1.222358922,69.38768803,5.188240309,-0.3520427849
61,0.6531890778,0.3637355574,0.5425425473,1.085085095,71.96435744,5.002476404,-0.3096085678
62,0.635614761,0.272951515,0.5740240369,1.148048074,74.98166958,4.801173433,-0.2591280568
63,0.5916772068,0.2828879788,0.5196694223,1.039338845,79.09900496,4.551258264,-0.1891124964
64,0.6056305217,0.2489371083,0.5521038353,1.104207671,78.05610761,4.612067025,-0.2069537281
65,0.6192121464,0.2899562999,0.5471279799,1.09425596,76.29522998,4.718512548,-0.2369190292
66,0.6105149774,0.2654179506,0.5498016452,1.09960329,77.41654554,4.65016874,-0.2178614128
67,0.637993108,0.2907962252,0.5678668517,1.135733703,74.54200169,4.829491989,-0.2665318979
68,0.655160947,0.2588156441,0.6018723527,1.203744705,73.41661894,4.903521917,-0.285410389
69,0.6218461311,0.256623048,0.5664249482,1.132849896,76.43249556,4.710038543,-0.2345908232
70,0.6214161287,0.2621111881,0.5634320989,1.126864198,76.41446538,4.711149888,-0.234896716
71,0.6151638596,0.3100297481,0.5313267633,1.062653527,76.41170557,4.711320043,-0.2349435358
72,0.6045786528,0.2144569736,0.5652641452,1.13052829,78.45026646,4.588894547,-0.2002184476
73,0.6444889199,0.3246977727,0.556720149,1.113440298,73.45668111,4.900847609,-0.2847401861
74,0.7003415656,0.3047546027,0.6305576426,1.261115285,69.12444797,5.207998191,-0.3563393441
75,0.5608461204,0.2907903735,0.4795720273,0.9591440547,82.33429905,4.37241835,-0.1333929278
76,0.6066789053,0.260844144,0.5477404739,1.095480948,77.83661912,4.625072415,-0.2107000632
77,0.6375720135,0.2540249205,0.5847815081,1.169563016,75.0177049,4.798867154,-0.2585205532
78,0.5912915499,0.2352294695,0.5424875978,1.084975196,79.5938092,4.522964834,-0.1806254189
79,0.5975613315,0.2784488864,0.5287208739,1.057441748,78.55099135,4.583010269,-0.1984957549
80,0.6688560971,0.1962091343,0.6394297884,1.278859577,72.84646517,4.941900738,-0.2949332506
81,0.5852815646,0.2560693419,0.5262917461,1.052583492,80.02586224,4.498545719,-0.1732036363
82,0.6271322343,0.2320534252,0.5826199852,1.16523997,76.18241246,4.72550013,-0.2388315462
83,0.6486728271,0.2983762567,0.575975734,1.151951468,73.48494349,4.898962738,-0.2842672989
84,0.5826115375,0.3279779403,0.481525362,0.963050724,79.47805801,4.529552042,-0.1826120594
85,0.6305665827,0.3331267432,0.5353884461,1.070776892,74.5857103,4.826661817,-0.2657965568
86,0.5782300266,0.2860038705,0.5025452712,1.005090542,80.47197353,4.473607198,-0.1655300319
87,0.5584508129,0.2576699575,0.4954528266,0.9909056532,82.88230443,4.343508575,-0.1239079486
88,0.6329877913,0.2684689015,0.5732346752,1.14646935,75.27304823,4.782588303,-0.2542129165
89,0.6167562591,0.2044345614,0.5818889871,1.163777974,77.36992989,4.652970482,-0.2186553943
90,0.6347599268,0.2927215017,0.5632355521,1.126471104,74.81018885,4.812178736,-0.2620175667
91,0.5885638984,0.2774434769,0.5190689546,1.038137909,79.47826153,4.529540444,-0.1826085671
92,0.6573865036,0.3044225425,0.5826524957,1.165304991,72.63897795,4.956016868,-0.2983915596
93,0.6700006394,0.3419517741,0.5761682402,1.15233648,70.95465243,5.073663075,-0.3263163967
94,0.6447927933,0.2132452877,0.6085098139,1.217019628,74.76236459,4.815257008,-0.2628230046
95,0.6074596802,0.289486684,0.5340456187,1.068091237,77.43741141,4.64891573,-0.2175059678
96,0.6203040325,0.3369176107,0.5208297383,1.041659477,75.49161071,4.768741806,-0.2505217583
97,0.5654708175,0.2256947639,0.5184776938,1.036955388,82.33730174,4.372258896,-0.1333409892
98,0.6196827505,0.3265275394,0.5266749256,1.053349851,75.72462551,4.754067749,-0.2465825105
99,0.6158172701,0.2785408278,0.5492230125,1.098446025,76.75928574,4.689986319,-0.2290426355
100,0.6001507573,0.2580612662,0.5418351358,1.083670272,78.50575473,4.585651093,-0.1992695108
101,0.6305246324,0.3186596752,0.5440747408,1.088149482,74.82555246,4.811190672,-0.2617587798
102,0.613272822,0.323337029,0.5211110438,1.042222088,76.39651784,4.71225666,-0.2352011838
103,0.6283533797,0.2873001826,0.5588260685,1.117652137,75.47062364,4.770067911,-0.2508763542
104,0.6042078106,0.2939314348,0.527893351,1.055786702,77.70334521,4.633005169,-0.2129733411
105,0.6424934618,0.2764911008,0.5799573429,1.159914686,74.32021902,4.843903916,-0.2702607063
106,0.6162503791,0.2430364412,0.5663018789,1.132603758,77.09383946,4.669633819,-0.2233549227
107,0.6283865653,0.2712482896,0.5668280523,1.133656105,75.66327248,4.757922678,-0.2476201167
108,0.5802380061,0.3229469155,0.4820595746,0.9641191493,79.80691524,4.510887295,-0.1769659528
109,0.5985463123,0.3061436642,0.5143284406,1.028656881,78.11368702,4.608667363,-0.2059704298
110,0.6540130384,0.3182597512,0.5713525926,1.142705185,72.72042953,4.950465809,-0.2970344232
111,0.5985669847,0.2383305405,0.5490728446,1.098145689,78.84387876,4.565985409,-0.1934830505
112,0.6028398219,0.2338154834,0.5556493234,1.111298647,78.46359456,4.588115062,-0.1999905333
113,0.6030401815,0.3135202911,0.5151334658,1.030266932,77.5577781,4.641700792,-0.2154549896
114,0.686130507,0.3460593377,0.5924677269,1.184935454,69.5627724,5.175181891,-0.3491809672
115,0.6629713077,0.3426340174,0.5675675158,1.135135032,71.53400419,5.032571629,-0.3167417846
116,0.6403830198,0.3413718542,0.5418077788,1.083615558,73.53893081,4.895366251,-0.2833637892
117,0.6168634758,0.2728334857,0.5532471752,1.10649435,76.7256553,4.692042037,-0.2296139544
118,0.6259038866,0.3140625259,0.5414059522,1.082811904,75.32767942,4.779119745,-0.2532906309
119,0.5979725988,0.2560128865,0.5403967347,1.080793469,78.74187824,4.571900087,-0.1952293478
120,0.6169664469,0.2397489941,0.568478686,1.136957372,77.05704771,4.671863388,-0.2239807917
121,0.5408688984,0.2879580004,0.4578420636,0.9156841273,84.6917564,4.250708868,-0.09251384929
122,0.6203218607,0.2990556109,0.5434748866,1.086949773,76.0699261,4.732487837,-0.2407375274
123,0.576151713,0.3233028376,0.4768920963,0.9537841927,80.24932934,4.486018799,-0.1693610401
124,0.615717032,0.2801749588,0.5482786298,1.09655726,76.74950658,4.690583901,-0.2292087734
125,0.6203100246,0.249731987,0.5678190392,1.135638078,76.6467063,4.696875018,-0.2309548404
126,0.6188392747,0.2861140908,0.5487265028,1.097453006,76.37917486,4.713326645,-0.2354953736
127,0.6154902591,0.3041372485,0.5350969941,1.070193988,76.46327198,4.708142755,-0.2340686291
128,0.606668334,0.2587205102,0.5487350591,1.097470118,77.85929065,4.623725659,-0.2103132369
129,0.6172430429,0.262813337,0.5584963061,1.116992612,76.80050098,4.687469423,-0.2283423574
130,0.6483321463,0.2388891791,0.602715963,1.205431926,74.21908825,4.850504209,-0.2719596662
131,0.6154324972,0.3024402138,0.535991675,1.07198335,76.49222359,4.706360766,-0.2335773356
132,0.6620657799,0.2991356902,0.5906343503,1.181268701,72.31447221,4.97825662,-0.3037924206
133,0.6449362788,0.2581729605,0.5910072133,1.182014427,74.31633838,4.844156855,-0.2703259152
134,0.6315015943,0.2901929879,0.5608763619,1.121752724,75.14230834,4.790909515,-0.2564191318
135,0.6439974015,0.2783857553,0.5807185415,1.161437083,74.162931,4.854177082,-0.2729027221
136,0.601237651,0.258007977,0.5430640817,1.086128163,78.39881891,4.591905911,-0.201098114
137,0.6371945912,0.301585916,0.5613046252,1.12260925,74.46650821,4.834388085,-0.2678016129
138,0.64466684,0.3010852875,0.5700377042,1.140075408,73.80147634,4.877951199,-0.278966362
139,0.6156181755,0.2347549828,0.5691009015,1.138201803,77.22975967,4.661415515,-0.221041971
140,0.639532876,0.3207328589,0.5532926285,1.106585257,73.96668832,4.867055808,-0.2761961853
141,0.640283884,0.2773172769,0.5771122769,1.154224554,74.50773934,4.831712828,-0.2671082093
142,0.5826817442,0.2929799585,0.5036673098,1.00733462,79.92192065,4.504396254,-0.1749900547
143,0.5713667885,0.2443674445,0.5164731929,1.032946386,81.57895162,4.412902996,-0.1464464412
144,0.6549805804,0.3141549498,0.5747227403,1.149445481,72.70060335,4.951815851,-0.29736482
145,0.6138145103,0.2830606509,0.544651192,1.089302384,76.89760994,4.681549924,-0.2266919361
146,0.5845656614,0.2845967384,0.5106091548,1.02121831,79.81696503,4.510319327,-0.1767933166
147,0.6351991532,0.2868236866,0.5667540358,1.133508072,74.84761982,4.809772186,-0.2613870411
148,0.6453968989,0.2257827184,0.604615019,1.209230038,74.60013788,4.825728346,-0.2655537974
149,0.6261226148,0.2445633526,0.5763838091,1.152767618,76.15724991,4.727061448,-0.2392579834
150,0.5926610969,0.2471081361,0.5386879846,1.077375969,79.3553603,4.536555547,-0.1847171092
151,0.6257719639,0.2906462855,0.5541798332,1.108359666,75.66778518,4.757638923,-0.2475438074
152,0.5944967493,0.2600781311,0.534589329,1.069178658,79.05032978,4.554060698,-0.1899466406
153,0.6478786512,0.2418863433,0.601030568,1.202061136,74.22893292,4.849860908,-0.2717943166
154,0.6073061634,0.2782630729,0.5398059266,1.079611853,77.58615561,4.640003067,-0.2149713144
155,0.6558783551,0.2430399708,0.6091863338,1.218372668,73.52359054,4.89638764,-0.2836205433
156,0.6276835852,0.2794887526,0.5620255513,1.124051103,75.63031745,4.759995887,-0.248177337
157,0.6734316746,0.3273569386,0.5885130883,1.177026177,70.92440632,5.075826767,-0.3268153488
158,0.6302191739,0.308831592,0.5493625897,1.098725179,75.0024381,4.799843967,-0.2587779419
159,0.6128478186,0.2519411736,0.5586663528,1.117332706,77.33108505,4.655307756,-0.2193169089
160,0.6611399485,0.3380435248,0.5681836031,1.136367206,71.77299742,5.015813926,-0.3127825903
161,0.6441048721,0.3002454977,0.569845354,1.139690708,73.86346811,4.873857256,-0.2779271914
162,0.6192648366,0.286662453,0.548920373,1.097840746,76.33186951,4.716247647,-0.2362977067
163,0.5722179167,0.2520381581,0.5137218226,1.027443645,81.42832736,4.421065883,-0.1490464784
164,0.5845413941,0.2781439098,0.5141250887,1.028250177,79.88822508,4.506296136,-0.1755690487
165,0.6073153832,0.236273173,0.5594702516,1.118940503,78.0085345,4.614879671,-0.2077659885
166,0.6771290659,0.2390282376,0.6335371129,1.267074226,71.78307726,5.015109602,-0.3126154863
167,0.6328299806,0.261357009,0.5763387009,1.152677402,75.36753288,4.776592602,-0.252617678
168,0.640893392,0.2747223774,0.5790267311,1.158053462,74.48474675,4.833204323,-0.2674949037
169,0.5805107823,0.2457347261,0.5259346088,1.051869218,80.60796781,4.466059743,-0.1631887635
170,0.6286882256,0.20516423,0.5942697398,1.18853948,76.265283,4.720365359,-0.2374267893
171,0.6224976826,0.3111453568,0.5391585405,1.078317081,75.6926584,4.756075525,-0.2471231757
172,0.6310621167,0.2563685971,0.5766407353,1.153281471,75.58292236,4.762980694,-0.2489785729
173,0.5690662878,0.2124425673,0.527924801,1.055849602,82.03816359,4.388201591,-0.1385134721
174,0.6187435111,0.2483437687,0.566717659,1.133435318,76.80756063,4.687038581,-0.2282223967
175,0.6346420589,0.2302164871,0.5914143319,1.182828664,75.5163102,4.76718207,-0.2501043945
176,0.6433998609,0.2648000318,0.5863824044,1.172764809,74.37802363,4.840139364,-0.2692892315
177,0.6993987022,0.252714819,0.652145509,1.304291018,69.86071307,5.153110871,-0.3443035377
178,0.6507201437,0.2742232942,0.5901171836,1.180234367,73.62182467,4.889854355,-0.2819760218
179,0.6771156762,0.3290013719,0.5918139372,1.183627874,70.59353581,5.099617067,-0.3322675455
180,0.6255766238,0.2692876646,0.5646505698,1.12930114,75.94623608,4.740195414,-0.2428322732
181,0.6611359115,0.2580066966,0.6087144141,1.217428828,72.91412991,4.937314625,-0.2938046048
182,0.6353527467,0.3229661781,0.5471434552,1.09428691,74.31183851,4.844450187,-0.2704015279
183,0.575159084,0.2821363025,0.5012056252,1.00241125,80.8411788,4.453176034,-0.159171686
184,0.5913834412,0.2915930168,0.5144977037,1.028995407,79.02938904,4.555267406,-0.1903054588
185,0.6037940975,0.2386349634,0.5546356158,1.109271232,78.32894722,4.596002025,-0.2022925424
186,0.6382763059,0.2573632554,0.584089717,1.168179434,74.91855041,4.805218441,-0.2601919081
187,0.571991085,0.2538052601,0.5125979822,1.025195964,81.43817989,4.420531015,-0.1488764378
188,0.6002501402,0.270167579,0.5360127891,1.072025578,78.37204135,4.593474839,-0.201555901
189,0.5863911275,0.2748775004,0.5179738547,1.035947709,79.72969025,4.515256473,-0.1782923492
190,0.6810224847,0.2807323737,0.6204683385,1.240936677,70.98784528,5.071290706,-0.3257687293
191,0.5782883818,0.2936389678,0.4981903342,0.9963806683,80.38268558,4.478576417,-0.1670667008
192,0.6325792721,0.3146764998,0.5487579029,1.097515806,74.69675935,4.819486188,-0.2639276049
193,0.6270426732,0.2790540039,0.5615259361,1.123051872,75.69508045,4.755923342,-0.2470822138
194,0.6353382773,0.300984536,0.5595203621,1.119040724,74.64406426,4.822888512,-0.2648145856
195,0.5922603907,0.2555873866,0.5342728313,1.068545663,79.31859027,4.538658576,-0.1853477857
196,0.6077932289,0.1803947108,0.5804053389,1.160810678,78.37418939,4.593348943,-0.2015191799
197,0.6863477621,0.278700787,0.6272153711,1.254430742,70.58408458,5.100299907,-0.3324231242
198,0.6318732982,0.2680688165,0.5721913794,1.144382759,75.37944959,4.775837473,-0.2524164326
199,0.6597202675,0.296881016,0.5891455624,1.178291125,72.54654553,4.962331389,-0.2999309268
200,0.6353696716,0.2907969463,0.5649174768,1.129834954,74.78017297,4.814110287,-0.2625231039
201,0.6355076474,0.2641560956,0.5780065113,1.156013023,75.09311942,4.794047747,-0.2572488422
202,0.5840428398,0.3150908158,0.4917558505,0.9835117011,79.50400125,4.528073988,-0.1821668594
203,0.5502645886,0.2764386406,0.475786502,0.9515730039,83.66861693,4.302688549,-0.1102787247
204,0.6197027283,0.318508261,0.5315862669,1.063172534,75.84868692,4.74629179,-0.2444835141
205,0.6674967368,0.3074348593,0.5924826587,1.184965317,71.73426572,5.01852213,-0.3134245963
206,0.5885858503,0.2757233805,0.520009539,1.040019078,79.49411664,4.528637026,-0.182336489
207,0.5862402004,0.2881947416,0.5105108848,1.02102177,79.60203124,4.52249766,-0.1804842758
208,0.6795896813,0.2683671278,0.6243566446,1.248713289,71.25809627,5.052057504,-0.3213056547
209,0.6196760006,0.2779390144,0.5538485804,1.107697161,76.39919152,4.712091749,-0.235155828
210,0.6157898787,0.3243695393,0.5234324949,1.04686499,76.13499936,4.728442937,-0.2396350315
211,0.6230928427,0.3173204526,0.5362391453,1.072478291,75.54369185,4.765454152,-0.2496416543
212,0.7567869517,0.3388824965,0.6766721096,1.353344219,64.50203836,5.581218969,-0.4304789861
213,0.6340008077,0.3023597097,0.5572572387,1.114514477,74.74700802,4.816246289,-0.2630815952
214,0.6332375842,0.2230859187,0.5926402879,1.185280576,75.70656156,4.755202093,-0.2468880387
215,0.5980738266,0.2873765279,0.5245064663,1.049012933,78.39721318,4.591999963,-0.2011255666
216,0.5971888461,0.2995246629,0.5166425207,1.033285041,78.33796898,4.595472728,-0.2021383358
217,0.5587951519,0.2889694148,0.4782768018,0.9565536036,82.58413042,4.359191023,-0.1290702612
218,0.6128043826,0.3009482013,0.5338158779,1.067631756,76.76705962,4.689511384,-0.2289105605
219,0.6019842458,0.2718085928,0.5371267272,1.074253454,78.18227664,4.604624161,-0.2047988361
220,0.6248459548,0.2713500303,0.5628513377,1.125702675,75.99062098,4.737426742,-0.2420807246
221,0.6460972204,0.2737186431,0.5852518454,1.170503691,74.0340779,4.862625567,-0.275065576
222,0.6451804822,0.3070171534,0.56744896,1.13489792,73.66985167,4.886666552,-0.2811717077
223,0.5750826717,0.2313921139,0.5264767506,1.052953501,81.28321884,4.428958463,-0.1515503303
224,0.6224490559,0.3372333096,0.5231792446,1.046358489,75.28060332,4.782108327,-0.2540853849
225,0.641529274,0.2964994769,0.5689005797,1.137801159,74.14619497,4.855272751,-0.2731837217
226,0.5707299958,0.2561532469,0.5100178842,1.020035768,81.55384695,4.414261417,-0.1468798623
227,0.6202820868,0.2939423418,0.5462121995,1.092424399,76.14191567,4.728013432,-0.2395178346
228,0.6176561151,0.2886444084,0.5460617932,1.092123586,76.4602008,4.708331867,-0.2341207419
229,0.6463523591,0.3347696019,0.552902058,1.105804116,73.12022059,4.923398714,-0.2903645008
230,0.5619120606,0.2360101081,0.5099454802,1.01989096,82.65361657,4.355526291,-0.1278675486
231,0.5895775969,0.2803496002,0.5186577334,1.037315467,79.3426335,4.537283225,-0.1849354068
232,0.6135852657,0.3104124632,0.5292740132,1.058548026,76.55943847,4.702228846,-0.2324365047
233,0.6052623427,0.2493041764,0.5515341613,1.103068323,78.0884597,4.610156243,-0.2064012688
234,0.6254559702,0.2800763285,0.5592427209,1.118485442,75.83033386,4.747440525,-0.2447941022
235,0.6426188821,0.3029776947,0.5667129292,1.133425858,73.95734297,4.867670816,-0.2763529441
236,0.5888858303,0.2974426214,0.5082464049,1.01649281,79.21813001,4.544414264,-0.1870704816
237,0.6421548566,0.3013086175,0.567076694,1.134153388,74.02276071,4.863369003,-0.2752554735
238,0.6334479848,0.3046920751,0.5553549215,1.110709843,74.7644807,4.815120718,-0.2627873697
239,0.6279347924,0.2473940083,0.5771466956,1.154293391,75.96231488,4.739192066,-0.2425600353
240,0.6037522031,0.3043378073,0.5214357312,1.042871462,77.61345443,4.638371049,-0.2145059751
241,0.6289668823,0.2799735758,0.5632176629,1.126435326,75.50559277,4.767858735,-0.2502854998
242,0.6059916719,0.3257210006,0.5110105049,1.02202101,77.07987975,4.670479523,-0.2235924039
243,0.6146848251,0.3041126616,0.5341843533,1.068368707,76.54147327,4.703332515,-0.2327414575
244,0.5966320859,0.2751860096,0.5293793593,1.058758719,78.68028805,4.575478927,-0.1962835017
245,0.6057193653,0.2689892626,0.542716064,1.085432128,77.84472952,4.624590544,-0.2105616857
246,0.6309273225,0.2926276587,0.5589618409,1.117923682,75.16309848,4.789584348,-0.2560683905
247,0.6651773341,0.2532547911,0.6150795855,1.230159171,72.62488772,4.956978404,-0.2986262682
248,0.6066785507,0.2921999792,0.5316747465,1.063349493,77.48054593,4.646327613,-0.2167710907
249,0.6544756242,0.2662463596,0.5978722428,1.195744486,73.39076929,4.905249031,-0.2858427554
250,0.5802484904,0.290853101,0.5020884227,1.004176845,80.20414641,4.488545993,-0.1701381862
251,0.6272324019,0.2717946423,0.5652859086,1.130571817,75.76369722,4.751616054,-0.2459215802
252,0.6479755495,0.3231866851,0.5616250345,1.123250069,73.17123419,4.919966213,-0.2895123905
253,0.6057801184,0.2608897136,0.5467230644,1.093446129,77.92381991,4.61989672,-0.2092120453
254,0.5873832943,0.286592538,0.5127220022,1.025444004,79.50089366,4.528250985,-0.1822201893
255,0.6486292851,0.2377694591,0.603477948,1.206955896,74.20414009,4.851481326,-0.2722107181
256,0.6483910158,0.3162235631,0.5660508525,1.132101705,73.24545787,4.914980539,-0.2882721788
257,0.6415764452,0.2385516184,0.5955782571,1.191156514,74.81744401,4.811712091,-0.261895362
258,0.6083192556,0.240360574,0.5588193906,1.117638781,77.87531766,4.622774081,-0.2100397608
259,0.6236408418,0.2876307886,0.5533501866,1.106700373,75.90623954,4.74269312,-0.2435093909
260,0.6307902349,0.2713781266,0.5694297436,1.138859487,75.44043219,4.771976903,-0.2513864075
261,0.6377574117,0.286105696,0.5699807425,1.139961485,74.62470088,4.82413994,-0.26514046
262,0.6454673481,0.2818301319,0.5806891373,1.161378275,73.98922706,4.865573196,-0.2758180904
263,0.5494621906,0.2591927836,0.4844871513,0.9689743026,83.88457112,4.291611618,-0.1065318275
264,0.6170923982,0.2988739213,0.5398864761,1.079772952,76.38087805,4.713221544,-0.2354664832
265,0.6290977689,0.2953953313,0.5554328052,1.11086561,75.29527733,4.78117636,-0.2538376719
266,0.5985229706,0.2844861373,0.526590338,1.053180676,78.38577294,4.592670156,-0.2013211524
267,0.6164855705,0.3298970031,0.5207901938,1.041580388,75.97857379,4.738177911,-0.2422847285
268,0.5938125822,0.2665987954,0.5306019837,1.061203967,79.05465725,4.553811408,-0.1898724865
269,0.6091951273,0.2976451696,0.5315318017,1.063063603,77.16334617,4.665427536,-0.2221722846
270,0.7075331675,0.326172514,0.627865172,1.255730344,68.24131099,5.275396894,-0.370698289
271,0.6620912033,0.3471542405,0.5637807152,1.12756143,71.52501197,5.03320433,-0.3168906438
272,0.6209353811,0.2660663207,0.5610431895,1.122086379,76.41639111,4.711031165,-0.234864046
273,0.5816145588,0.2852490856,0.5068613757,1.013722751,80.12040265,4.493237529,-0.1715782984
274,0.613803603,0.2965343166,0.537421866,1.074843732,76.72890943,4.691843044,-0.2295586762
275,0.6547808009,0.2975729023,0.583256603,1.166513206,72.96241446,4.934047244,-0.2929989695
276,0.6925663402,0.2348601275,0.6515280931,1.303056186,70.58365964,5.100330612,-0.3324301189
277,0.5976486739,0.2711368126,0.5326056386,1.065211277,78.62152371,4.578898793,-0.1972890781
278,0.6339494835,0.2742940832,0.571537141,1.143074282,75.1170709,4.79251914,-0.2568448564
279,0.5899031239,0.2767268792,0.5209682619,1.041936524,79.34803433,4.536974394,-0.1848427697
280,0.6121849913,0.2526145452,0.5576346072,1.115269214,77.38783079,4.651894184,-0.2183505142
281,0.6203330181,0.3021338836,0.5417824007,1.083564801,76.02673334,4.735176486,-0.2414691441
282,0.55647106,0.2222921177,0.5101433671,1.020286734,83.32969553,4.320188592,-0.1161559763
283,0.6208786639,0.3119976606,0.5367939783,1.073587957,75.83405601,4.747207507,-0.2447311144
284,0.624553889,0.2520598512,0.5714310034,1.142862007,76.22736536,4.722713402,-0.2380696016
285,0.6483589189,0.3354402105,0.5548415565,1.109683113,72.93040623,4.936212735,-0.2935330552
286,0.6606251838,0.2828474279,0.5970116967,1.194023393,72.65826237,4.954701479,-0.2980702993
287,0.5943694171,0.2829893862,0.5226777318,1.045355464,78.8229946,4.567195167,-0.1938406475
288,0.6541776702,0.2530333694,0.6032599259,1.206519852,73.56509882,4.893624909,-0.2829257614
289,0.6856258162,0.3086136799,0.6122420734,1.224484147,70.22800251,5.126160323,-0.3382780375
290,0.6050528349,0.2725531079,0.5401886118,1.080377224,77.87135302,4.623009439,-0.2101074128
291,0.6581072802,0.2788511921,0.5961100611,1.192220122,72.92478284,4.936593377,-0.293626877
292,0.6287864693,0.2476498712,0.5779636367,1.155927273,75.88153857,4.744236962,-0.2439275042
293,0.6290260397,0.3061926117,0.5494723316,1.098944663,75.15157734,4.790318616,-0.2562627627
294,0.647716659,0.2628497383,0.5919855449,1.18397109,74.01898411,4.863617143,-0.2753188409
295,0.6286490269,0.270055461,0.5676879839,1.135375968,75.65283807,4.758578913,-0.2477965557
296,0.6274559028,0.2656348003,0.5684532196,1.136906439,75.81325007,4.748510315,-0.2450831879
297,0.5969990076,0.2585665258,0.5380995882,1.076199176,78.81421946,4.567703677,-0.1939908953
298,0.6733131832,0.3093012369,0.5980663738,1.196132748,71.22127329,5.05466953,-0.3219141926
299,0.6245339934,0.2983396804,0.548667608,1.097335216,75.68146015,4.75677926,-0.2473125553
300,0.6066206454,0.2754858611,0.5404592008,1.080918402,77.68487675,4.634106599,-0.2132882706
301,0.6768055203,0.2527591496,0.6278363836,1.255672767,71.66474317,5.023390639,-0.3145766233
302,0.655970364,0.3129345225,0.5765146166,1.153029233,72.63363536,4.956381409,-0.298480556
303,0.5967326237,0.2649992437,0.534663656,1.069327312,78.77694749,4.569864808,-0.1946290152
304,0.60615573,0.2665568269,0.5444007964,1.088801593,77.82804002,4.625582244,-0.210846433
305,0.6039330406,0.3078145988,0.5196010877,1.039202175,77.54811152,4.642279392,-0.2156197376
306,0.6472238154,0.2950451438,0.5760616551,1.15212331,73.65910193,4.887379707,-0.2813517521
307,0.6166700968,0.1977653927,0.5840983288,1.168196658,77.42610899,4.649594364,-0.2176985053
308,0.6002578895,0.2413256323,0.549610292,1.099220584,78.65123285,4.577169193,-0.1967807208
309,0.6439566488,0.2754777197,0.5820585808,1.164117162,74.2023524,4.851598209,-0.2722407409
310,0.5790862536,0.2818785386,0.5058511428,1.011702286,80.42394392,4.47627886,-0.1663566841
311,0.5962985125,0.3034470883,0.5133145046,1.026629009,78.37819696,4.59311408,-0.2014506691
312,0.583757252,0.2239513656,0.5390902662,1.078180532,80.44213807,4.475266429,-0.1660435529
313,0.6414546429,0.3173529591,0.5574505882,1.114901176,73.84648318,4.874978259,-0.2782119428
314,0.6127770936,0.3151905395,0.5255004189,1.051000838,76.56864837,4.701663248,-0.2322801612
315,0.5241693366,0.2715009824,0.4483756349,0.8967512698,86.84007706,4.145551365,-0.05512310538
316,0.5974973249,0.1598220168,0.5757256085,1.151451217,79.47127129,4.529938859,-0.182728517
317,0.5961869933,0.3087521832,0.5100108041,1.020021608,78.31930835,4.596567661,-0.2024572914
318,0.6210077182,0.3229445268,0.5304313515,1.060862703,75.65484044,4.758452967,-0.2477626976
319,0.5650962046,0.2708569339,0.4959538706,0.9919077413,82.04170025,4.388012424,-0.1384523405
320,0.6728373659,0.2208900817,0.6355451933,1.271090387,72.30967338,4.978587002,-0.3038722165
321,0.5895143391,0.2576733624,0.5302184401,1.06043688,79.57764461,4.523883583,-0.1809028967
322,0.6368688013,0.3606994652,0.5248788107,1.049757621,73.48738793,4.898799782,-0.2842263952
323,0.621466369,0.2252839541,0.5791956386,1.158391277,76.76518663,4.689625803,-0.2289423823
324,0.6636242738,0.2650740379,0.6083855121,1.216771024,72.62223775,4.957159283,-0.2986704082
325,0.6202050689,0.3125013117,0.5357212499,1.0714425,75.89090075,4.743651695,-0.2437690359
326,0.5881497409,0.2617487821,0.5266950662,1.053390132,79.67858206,4.518152692,-0.1791699922
327,0.5954648244,0.3149236176,0.5053726073,1.010745215,78.30861873,4.597195121,-0.2026399932
328,0.6337406717,0.3239989389,0.5446576232,1.089315246,74.44332882,4.835893366,-0.2681913708
329,0.5909241444,0.2789471157,0.5209413124,1.041882625,79.21947762,4.544336959,-0.1870473765
330,0.6102558559,0.2629921009,0.5506790031,1.101358006,77.46731582,4.647121127,-0.2169965034
331,0.5879365936,0.2733768483,0.520513724,1.041027448,79.58538059,4.523443845,-0.1807701044
332,0.6485175293,0.1836553266,0.6219692169,1.243938434,74.66371314,4.821619296,-0.2644838755
333,0.6128038753,0.2903777701,0.5396381567,1.079276313,76.90494982,4.681103113,-0.2265671642
334,0.6090734155,0.3044238755,0.5275381782,1.055076356,77.08472232,4.670186117,-0.2235100241
335,0.611069556,0.30751632,0.528052758,1.056105516,76.84604811,4.68469113,-0.2275683396
336,0.6715943587,0.349607222,0.5734228571,1.146845714,70.67960697,5.093406931,-0.3308502946
337,0.5984465069,0.2692323772,0.5344643568,1.068928714,78.56175567,4.582382317,-0.1983116169
338,0.6762858098,0.2609790083,0.6239009968,1.247801994,71.61502857,5.026877838,-0.3154001378
339,0.6347925114,0.2539325415,0.5817901656,1.163580331,75.26943767,4.782817716,-0.2542738618
340,0.5669968675,0.2520408052,0.507898494,1.015796988,81.98838814,4.390865684,-0.1393737909
341,0.5907139586,0.3257980264,0.4927460064,0.9854920129,78.64604727,4.577470992,-0.1968694558
342,0.6079864105,0.2921021488,0.5332202266,1.066440453,77.35307246,4.653984496,-0.218942483
343,0.6392084492,0.2357062921,0.594163265,1.18832653,75.05562805,4.796442443,-0.257881113
344,0.6163230998,0.2237767397,0.5742631227,1.148526245,77.2583825,4.659688545,-0.2205547378
345,0.6277889286,0.2740669297,0.5648063889,1.129612778,75.68556079,4.756521538,-0.2472432082
346,0.5261729006,0.2059399179,0.4841969347,0.9683938694,86.82511373,4.146265804,-0.05538386586
347,0.5930514238,0.2967536258,0.5134659451,1.02693189,78.79559803,4.568783143,-0.1943097163
348,0.6746410883,0.2635478019,0.6210339396,1.242067879,71.72052205,5.01948382,-0.3136523731
349,0.6343720857,0.2524535034,0.581975233,1.163950466,75.32306713,4.779412386,-0.2533685046
350,0.6189962042,0.2397253792,0.5706908475,1.141381695,76.86644394,4.683448089,-0.2272216909
351,0.6222900231,0.2839237354,0.5537437903,1.107487581,76.07980599,4.731873266,-0.2405701585
352,0.6173603511,0.321876464,0.52681054,1.05362108,76.02199814,4.735471427,-0.2415493425
353,0.5991676146,0.2704640635,0.5346503724,1.069300745,78.47674708,4.587346104,-0.1997656106
354,0.5847677632,0.2577964993,0.5248755108,1.049751022,80.06315017,4.496450605,-0.1725626387
355,0.5498380816,0.2543083991,0.4874927221,0.9749854442,83.87397461,4.292153814,-0.1067157172
356,0.6281404474,0.2841617961,0.5601896959,1.120379392,75.53015287,4.766308373,-0.2498704654
357,0.6123478704,0.2877432086,0.5405309984,1.081061997,76.98203787,4.676415563,-0.2252565067
358,0.5800749926,0.2553402729,0.5208534747,1.041706949,80.57213603,4.468045875,-0.1638057307
359,0.5902769555,0.270636799,0.5245785044,1.049157009,79.37312625,4.535540138,-0.1844123618
360,0.5995492842,0.2720634263,0.534266634,1.068533268,78.42159604,4.590572217,-0.2007086835
361,0.6335822645,0.2753978896,0.5705983599,1.14119672,75.13732855,4.791227036,-0.2565031387
362,0.6126437727,0.1889607728,0.5827745864,1.165549173,77.86275041,4.623520208,-0.2102542028
363,0.6442459264,0.2682264677,0.5857536817,1.171507363,74.2633031,4.847616319,-0.2712169769
364,0.6042180758,0.3232310422,0.510491113,1.020982226,77.29622508,4.657407262,-0.2199104767
365,0.6448446997,0.274602871,0.5834534685,1.166906937,74.13419504,4.856058663,-0.2733851873
366,0.6596048586,0.2893114244,0.5927710091,1.185542018,72.66027454,4.954564269,-0.2980367764
367,0.6172897821,0.3174744229,0.5293927331,1.058785466,76.09640833,4.730840889,-0.2402888928
368,0.584273775,0.2544892145,0.5259382891,1.051876578,80.14388822,4.491920819,-0.1711744622
369,0.5832500445,0.2638626242,0.5201510645,1.040302129,80.16418,4.490783789,-0.1708255201
370,0.6629013688,0.2404995229,0.6177363549,1.23547271,72.95104738,4.934816058,-0.2931886499
371,0.5954155792,0.2956116983,0.5168495292,1.033699058,78.56755983,4.582043795,-0.1982123262
372,0.6380230398,0.2574033733,0.5837952575,1.167590515,74.94086892,4.803787375,-0.2598157735
373,0.5895111954,0.2319802094,0.54194892,1.08389784,79.79882768,4.511344471,-0.1771048778
374,0.6046756009,0.2782079479,0.5368732811,1.073746562,77.8452279,4.624560936,-0.2105531823
375,0.6369170531,0.2523320013,0.5848007298,1.16960146,75.09452042,4.793958307,-0.257225213
376,0.6933431942,0.3865397713,0.575596899,1.151193798,68.15689603,5.281930677,-0.372066236
377,0.636282229,0.2450879583,0.587185633,1.174371266,75.22609474,4.785573427,-0.2550054023
378,0.6186357927,0.3036004103,0.5390148745,1.078029749,76.16837646,4.726370926,-0.2390694242
379,0.6253189816,0.3101332386,0.5429928204,1.085985641,75.44103587,4.771938718,-0.2513762096
380,0.6074579392,0.3329619877,0.508076237,1.016152474,76.81743044,4.686436372,-0.2280546788
381,0.5796733072,0.2930575512,0.5001383956,1.000276791,80.24091481,4.486489229,-0.1695057778
382,0.6754131326,0.3054564957,0.6023945791,1.204789158,71.10535198,5.062910034,-0.3238290433
383,0.6573135713,0.298619689,0.5855658907,1.171131781,72.72875479,4.949899129,-0.296895675
384,0.5958795146,0.2578700202,0.5371921896,1.074384379,78.93292276,4.560834534,-0.1919580736
385,0.6199392091,0.2725579493,0.5568094713,1.113618943,76.43711742,4.709753744,-0.2345124068
386,0.6802169582,0.1873038128,0.6539207842,1.307841568,71.98229944,5.001229508,-0.3093107924
387,0.5938623521,0.3081943266,0.5076305254,1.015261051,78.56570658,4.582151879,-0.1982440297
388,0.6155119673,0.2496987409,0.5625882337,1.125176467,77.09950884,4.669290446,-0.223258472
389,0.6591426064,0.2682574786,0.6020854596,1.204170919,72.96580633,4.933817881,-0.2929423677
390,0.6496542785,0.2740757176,0.5890103417,1.178020683,73.71684813,4.883551171,-0.280384461
391,0.6279376579,0.2757928291,0.5641312061,1.128262412,75.65132875,4.758673852,-0.2478220768
392,0.6329915205,0.2465360145,0.5830079404,1.166015881,75.50901294,4.767642775,-0.2502277061
393,0.5901714218,0.2531100848,0.533139374,1.066278748,79.55291841,4.525289671,-0.1813273132
394,0.5926794427,0.3452399555,0.4817450518,0.9634901036,78.12855002,4.607790621,-0.2057165768
395,0.6180986191,0.3274538017,0.5242326875,1.048465375,75.86219825,4.745446458,-0.2442548464
396,0.6489460849,0.3034490153,0.5736285524,1.147257105,73.38854144,4.90539794,-0.2858800162
397,0.6949918764,0.3495927487,0.6006651466,1.201330293,68.7974254,5.232753957,-0.361666464
398,0.6456460354,0.2735804474,0.5848183837,1.169636767,74.07563518,4.859897578,-0.2743681708
399,0.6317655276,0.248980333,0.5806345456,1.161269091,75.59573523,4.762173407,-0.2487619823
400,0.6296828275,0.2442267917,0.5803910212,1.160782042,75.83350207,4.747242184,-0.2447404886
401,0.6102410222,0.2040511858,0.5751149613,1.150229923,77.9857367,4.616228752,-0.208155186
402,0.5748263241,0.2567150262,0.5143177016,1.028635403,81.11247233,4.43828168,-0.1544953204
403,0.6369629928,0.2958440628,0.5640905465,1.128181093,74.56739328,4.827847457,-0.2661047359
404,0.6559152103,0.3107289041,0.5776437581,1.155287516,72.6720863,4.953758978,-0.2978399848
405,0.6643086858,0.2434308398,0.6180998756,1.236199751,72.8023553,4.944894962,-0.2956687804
406,0.6278172657,0.3179859199,0.5413312053,1.082662411,75.08839409,4.794349438,-0.2573285383
407,0.5571683013,0.2943083152,0.4730952669,0.9461905339,82.72006453,4.352027553,-0.1267172473
408,0.6156612298,0.2936415835,0.5411223247,1.082244649,76.58745322,4.700508828,-0.2319609189
409,0.6573939565,0.326455246,0.57060826,1.14121652,72.29430554,4.979645317,-0.3041277417
410,0.5947005924,0.2539025895,0.5377752966,1.075550593,79.08874141,4.551848893,-0.1892883937
411,0.6280140183,0.2376184499,0.5813252785,1.162650557,76.05003179,4.733725832,-0.2410745223
412,0.6022010807,0.2294238256,0.5567861796,1.113572359,78.56259167,4.582333556,-0.1982973159
413,0.5811201687,0.2519654603,0.5236545209,1.047309042,80.49245005,4.472469154,-0.1651775688
414,0.6098935706,0.1924925595,0.5787199513,1.157439903,78.0986022,4.609557532,-0.2062280572
415,0.6251474232,0.2852750235,0.5562620442,1.112524088,75.79483426,4.749664057,-0.2453947892
416,0.6239426952,0.269905287,0.5625438854,1.125087771,76.0914635,4.731148324,-0.2403726669
417,0.6451437916,0.2641101042,0.5886054406,1.177210881,74.23137189,4.849701559,-0.2717533508
418,0.6508147941,0.2848160519,0.5851834864,1.170366973,73.48014066,4.899282946,-0.2843476649
419,0.5954672932,0.2568936843,0.5372028781,1.074405756,78.98359473,4.557908528,-0.1910900529
420,0.6297860975,0.2945313262,0.5566703032,1.113340606,75.24312107,4.784490527,-0.2547180499
421,0.6799331443,0.2561121296,0.6298536797,1.259707359,71.37223063,5.043978545,-0.3194186239
422,0.5705467012,0.3101970251,0.478854199,0.9577083979,81.03729895,4.442398805,-0.1557914572
423,0.6153743974,0.2708495258,0.5525632844,1.105126569,76.89014974,4.682004148,-0.2268187495
424,0.6043710446,0.302232392,0.5233736149,1.04674723,77.5798257,4.640381655,-0.2150792079
425,0.6988875055,0.3202932201,0.6211730825,1.242346165,69.00018174,5.217377563,-0.3583649883
426,0.5589274133,0.2836417946,0.4816089552,0.9632179103,82.61757657,4.357426288,-0.1284913765
427,0.6047143847,0.2811193003,0.5353983807,1.070796761,77.8079481,4.626776683,-0.2111892068
428,0.7407761889,0.3496167069,0.6530830884,1.306166177,65.41852799,5.503028134,-0.4159867469
429,0.6563271068,0.3089775331,0.5790493546,1.158098709,72.6628928,4.954385741,-0.2979931557
430,0.6017742027,0.2403031255,0.5517124241,1.103424848,78.51146565,4.585317533,-0.1991718345
431,0.5915022349,0.2327059583,0.5438040372,1.087608074,79.5930511,4.523007914,-0.1806384327
432,0.6071242756,0.2818491743,0.5377368585,1.075473717,77.56232162,4.641428885,-0.2153775518
433,0.6607716456,0.3034724175,0.5869613781,1.173922756,72.36239895,4.974959444,-0.3029953686
434,0.6128375218,0.2752849913,0.5475289962,1.095057992,77.08320287,4.670278175,-0.2235358725
435,0.57676947,0.2074416919,0.5381737321,1.076347464,81.26766396,4.429806179,-0.1518186727
436,0.6202894968,0.245953526,0.5694435203,1.138887041,76.68586749,4.694476463,-0.2302897733
437,0.595895514,0.2936359787,0.5185261571,1.037052314,78.54285987,4.583484745,-0.1986348502
438,0.5737554915,0.2836732403,0.4987232266,0.9974464532,80.97698551,4.445707601,-0.1568311858
439,0.5719666613,0.3306586073,0.4667019896,0.9334039792,80.61387981,4.465732214,-0.1630869619
440,0.6091783163,0.3084843502,0.5252957517,1.050591503,77.01821222,4.674219118,-0.2246413266
441,0.6259997285,0.26344548,0.5678663039,1.135732608,75.97239037,4.738563552,-0.2423894325
442,0.5924743773,0.3083778577,0.5058942425,1.011788485,78.70672599,4.573942004,-0.1958310279
443,0.602152219,0.3033768246,0.5201440158,1.040288032,77.78651194,4.628051715,-0.211554885
444,0.6598660077,0.2903455102,0.5925560166,1.185112033,72.62400896,4.957038383,-0.2986409055
445,0.6465202293,0.3249044735,0.5589503466,1.117900693,73.27223675,4.913184256,-0.2878246087
446,0.6012374883,0.2717266718,0.5363311787,1.072662357,78.2572222,4.600214394,-0.2035183396
447,0.6718994721,0.3156259812,0.5931518697,1.186303739,71.24125475,5.053251817,-0.3215839946
448,0.6821987203,0.2920203881,0.6165380661,1.233076132,70.74251558,5.088877559,-0.3298139667
449,0.5701873591,0.2878390068,0.4922015143,0.9844030286,81.32318139,4.426782055,-0.1508608716
450,0.6656713294,0.2738955009,0.6067121009,1.213424202,72.34356793,4.976254424,-0.3033085656
451,0.6311122593,0.2885401942,0.5612906914,1.122581383,75.19968643,4.787254005,-0.2554510493
452,0.6555762191,0.2101128493,0.6209933732,1.241986746,73.8540489,4.874478859,-0.278085107
453,0.6322154827,0.3285649939,0.5401309668,1.080261934,74.50937363,4.83160685,-0.2670807219
454,0.5964700305,0.2964727963,0.5175716167,1.035143233,78.44947762,4.588940691,-0.2002319367
455,0.6370045047,0.3567044207,0.527765758,1.055531516,73.55556786,4.894259,-0.2830853075
456,0.6287162946,0.3225101252,0.5396956533,1.079391307,74.93334282,4.804269854,-0.2599426155
457,0.6031605674,0.2675509867,0.5405729734,1.081145947,78.11156184,4.608792751,-0.2060067258
458,0.5989633322,0.2854393355,0.526575217,1.053150434,78.33040745,4.595916346,-0.2022675834
459,0.6233226612,0.2487818181,0.5715231814,1.143046363,76.37489267,4.713590912,-0.2355680093
460,0.6223098595,0.2906691035,0.5502554257,1.100510851,75.99260131,4.737303288,-0.2420471894
461,0.595480051,0.2627205275,0.5343916313,1.068783263,78.92550101,4.561263412,-0.1920851971
462,0.6113701528,0.2572326061,0.5546213575,1.109242715,77.41959074,4.649985831,-0.2178095404
463,0.5525643566,0.2521684945,0.4916690132,0.9833380263,83.57953268,4.307274622,-0.111823921
464,0.5933598985,0.280790203,0.522716779,1.045433558,78.95035394,4.559827563,-0.1916594911
465,0.621343492,0.2790273897,0.5551679483,1.110335897,76.22867682,4.722632151,-0.2380473701
466,0.6841247644,0.3502424835,0.5876707378,1.175341476,69.64507339,5.169066274,-0.3478345994
467,0.639038041,0.3418081331,0.5399414949,1.07988299,73.65312023,4.887776633,-0.2814519337
468,0.6048053512,0.335361516,0.5033112024,1.006622405,77.0442151,4.672641542,-0.224199067
469,0.6153397042,0.3100169767,0.5315377933,1.063075587,76.39486512,4.712358605,-0.2352292198
470,0.5934615138,0.279502434,0.523521688,1.047043376,78.95421068,4.559604826,-0.1915934257
471,0.6420785674,0.3349752543,0.547774101,1.095548202,73.49934556,4.898002796,-0.2840262965
472,0.5727183227,0.2920519731,0.4926580175,0.985316035,81.00261934,4.444300727,-0.1563893117
473,0.6025290809,0.3415751301,0.4963544337,0.9927088674,77.17011031,4.665018601,-0.2220571771
474,0.6134167501,0.2627117322,0.5543127773,1.108625555,77.16625795,4.665251492,-0.2221227342
475,0.5495462785,0.2640799307,0.4819366166,0.9638732332,83.84159336,4.293811527,-0.1072776323
476,0.6181655657,0.3170558517,0.5306639742,1.061327948,76.01837205,4.73569731,-0.2416107552
477,0.6057075248,0.324246711,0.5116108638,1.023221728,77.13117373,4.667373548,-0.2227197307
478,0.6217609315,0.3053951367,0.5415906817,1.083181363,75.84543216,4.746495468,-0.244538596
479,0.583722381,0.3122717538,0.493171542,0.9863430839,79.57551139,4.524004857,-0.180939514
480,0.641864934,0.3087355478,0.5627370212,1.125474042,73.94090198,4.868753158,-0.2766287073
481,0.6519172176,0.2713029344,0.5927822335,1.185564467,73.55280006,4.894443171,-0.2831316384
482,0.651131277,0.3499781855,0.5490785095,1.098157019,72.41953488,4.971034412,-0.3020448848
483,0.6031106805,0.2687975478,0.5398984824,1.079796965,78.10324776,4.609283357,-0.2061487192
484,0.6467221065,0.2668911975,0.5890828225,1.178165645,74.05999011,4.860924224,-0.2746307399
485,0.6632428048,0.3217597971,0.5799669397,1.159933879,71.87067512,5.008997055,-0.3111628779
486,0.6575519889,0.3325805633,0.5672431463,1.134486293,72.17685746,4.987748326,-0.3060798579
487,0.6232837361,0.2695142029,0.5620006318,1.124001264,76.15750795,4.727045431,-0.2392536106
488,0.5978982849,0.2707922578,0.5330608898,1.06612178,78.60016219,4.580143221,-0.1976545655
489,0.6338889902,0.2856246615,0.5658920432,1.131784086,74.98253123,4.801118262,-0.2591135318
490,0.6045362678,0.2926986431,0.5289533094,1.057906619,77.68618328,4.634028662,-0.2132659919
491,0.6461109833,0.3067558389,0.5686477452,1.13729549,73.59098097,4.891903807,-0.2824924606
492,0.5908851306,0.3110369344,0.5023955245,1.004791049,78.83641223,4.56641785,-0.193610902
493,0.5602537214,0.2993372577,0.473583613,0.9471672261,82.31744038,4.373313824,-0.1336845317
494,0.5761355984,0.2782101007,0.5045110184,1.009022037,80.77573603,4.456783902,-0.1602992119
495,0.6112958064,0.3023725304,0.5312752731,1.062550546,76.89478926,4.681721654,-0.2267398843
496,0.6678058993,0.2877413718,0.6026355633,1.205271127,71.98653785,5.000935046,-0.3092404449
497,0.6272884419,0.2514854401,0.5746702209,1.149340442,75.98034495,4.73806746,-0.2422547368
498,0.6170547074,0.3076850171,0.534870491,1.069740982,76.26268128,4.720526396,-0.2374708993
499,0.6258207442,0.3300073738,0.5317393507,1.063478701,75.0832265,4.794679408,-0.2574156915
500,0.6265518673,0.2725276814,0.5641771931,1.128354386,75.81828251,4.748195133,-0.244998033
501,0.6178151172,0.20808405,0.5817186151,1.16343723,77.24381289,4.660567449,-0.2208027566
502,0.6619850343,0.3483902811,0.5628928829,1.125785766,71.5107235,5.034210009,-0.3171271622
503,0.6215928962,0.2338771884,0.5759159569,1.151831914,76.67767488,4.694978043,-0.2304289157
504,0.5743672309,0.2888174957,0.4964697071,0.9929394142,80.85768044,4.452267219,-0.1588873433
505,0.6620542907,0.2794399972,0.6001909462,1.200381892,72.58023151,4.960028268,-0.2993700114
506,0.6904841811,0.2214798551,0.6539992951,1.30799859,70.87646898,5.079259805,-0.327605956
507,0.6577571037,0.295609865,0.5875876234,1.175175247,72.73278364,4.949624942,-0.2968285281
508,0.6170123862,0.2829226044,0.5483238867,1.096647773,76.59257341,4.700194601,-0.2318739913
509,0.5864123499,0.1798841136,0.5581407974,1.116281595,80.45220383,4.474706507,-0.1658703083
510,0.5794082913,0.2551985693,0.5201804094,1.040360819,80.64303215,4.464117859,-0.1625849486
511,0.612300469,0.2701831465,0.5494660424,1.098932085,77.19244025,4.663669122,-0.2216771594
512,0.6115190273,0.2661875216,0.5505449338,1.101089868,77.31140395,4.656492854,-0.219652033
513,0.6180193476,0.2783931843,0.5517654837,1.103530967,76.55099264,4.70274764,-0.2325798725
514,0.6556892873,0.2443440936,0.6084606852,1.21692137,73.52647865,4.896195311,-0.2835722057
515,0.6240809558,0.2719684121,0.5617029661,1.123405932,76.05487138,4.733424612,-0.240992546
516,0.6656644189,0.301115092,0.5936655792,1.187331158,71.9811916,5.00130648,-0.3093291796
517,0.5946322785,0.269896455,0.5298522909,1.059704582,78.93804685,4.560538478,-0.1918703039
518,0.6543457554,0.2896613042,0.5867407403,1.173481481,73.10868095,4.924175834,-0.2905572223
519,0.5891408235,0.3316182305,0.4869458482,0.9738916964,78.72426867,4.57292276,-0.1955307694
520,0.5970736686,0.2784085655,0.5281909091,1.056381818,78.60052153,4.580122281,-0.1976484175
521,0.5461763729,0.1963953476,0.5096444817,1.019288963,84.58517576,4.256064928,-0.09436589376
522,0.6599119415,0.2941570719,0.5907244599,1.18144892,72.56803894,4.960861631,-0.2995730455
523,0.5952060614,0.3014174718,0.513242402,1.026484804,78.51609037,4.585047451,-0.1990927344
524,0.6432873565,0.2884831721,0.5749748538,1.149949708,74.09698355,4.858497374,-0.2740098511
525,0.6011883007,0.2263941816,0.5569318158,1.113863632,78.68601087,4.575146154,-0.1961855618
526,0.6154151499,0.2571086225,0.559134119,1.118268238,77.0341014,4.673255006,-0.2243710873
527,0.5999267608,0.2476458,0.546428107,1.092856214,78.62691666,4.57858473,-0.1971968025
528,0.6379677733,0.2615499573,0.5818887347,1.163777469,74.90025245,4.806392345,-0.2605002546
529,0.5945271739,0.2913056104,0.5182698157,1.036539631,78.71041508,4.573727627,-0.1957678874
530,0.6515553891,0.2978105328,0.5795112697,1.159022539,73.23990769,4.915353,-0.2883649341
531,0.6565602743,0.2861027846,0.5909455054,1.181891011,72.96443116,4.93391087,-0.2929653161
532,0.6036011191,0.2842427702,0.5324850783,1.064970157,77.88154574,4.622404404,-0.2099334838
533,0.5877328763,0.2881508775,0.5122489685,1.024497937,79.44700048,4.531322741,-0.183144974
534,0.5758000334,0.3269939267,0.4739416107,0.9478832215,80.23736376,4.486687786,-0.1695668582
535,0.6712140358,0.2942278462,0.6032895295,1.206579059,71.61363421,5.026975715,-0.3154232317
536,0.6096173206,0.3286691771,0.5134294981,1.026858996,76.67213454,4.695317304,-0.2305230097
537,0.5903542868,0.2745252826,0.5226414193,1.045282839,79.32497562,4.538293232,-0.1852382702
538,0.6292133184,0.2673957063,0.5695690795,1.139138159,75.6312499,4.759937201,-0.2481615717
539,0.5987055798,0.2309652488,0.5523616796,1.104723359,78.8920776,4.563195836,-0.19265765
540,0.6248036288,0.2727478984,0.5621282403,1.124256481,75.97838553,4.738189651,-0.2422879163
541,0.5971617625,0.2949340773,0.519245665,1.03849133,78.39826959,4.591938086,-0.2011075055
542,0.6648279219,0.3199258875,0.5827894923,1.165578985,71.76587256,5.016311893,-0.3129007008
543,0.6229547518,0.3514464229,0.5143520532,1.028704106,74.97377018,4.801679296,-0.2592612156
544,0.6415777761,0.2910489582,0.5717626664,1.143525333,74.21581868,4.850717898,-0.2720145798
545,0.6867602713,0.3453084863,0.5936343315,1.187268663,69.52634933,5.177893035,-0.349776585
546,0.5745809736,0.2153859353,0.5326839534,1.065367907,81.44391571,4.420219692,-0.1487774438
547,0.6353538366,0.2063998583,0.6008939974,1.201787995,75.65447793,4.758475769,-0.2477688275
548,0.6130227395,0.289074804,0.5405854574,1.081170915,76.90013045,4.68139648,-0.2266490898
549,0.6143829141,0.2147105662,0.5756437596,1.151287519,77.51430576,4.644303996,-0.2161958431
550,0.6069778158,0.2672270641,0.5449878577,1.089975715,77.7406024,4.630784801,-0.2123379538
551,0.6346171752,0.326586057,0.5441328021,1.088265604,74.32048302,4.84388671,-0.2702562701
552,0.634273619,0.3329126241,0.5398816615,1.079763323,74.24600411,4.848745792,-0.2715075722
553,0.6422363828,0.3172866799,0.55838762,1.11677524,73.7772013,4.8795562,-0.2793731967
554,0.6287814453,0.295310742,0.5551195111,1.110239022,75.32576442,4.779241244,-0.2533229639
555,0.6303642651,0.2843930849,0.5625652673,1.125130535,75.321645,4.779502625,-0.2533925155
556,0.6607726338,0.2984171111,0.5895487269,1.179097454,72.43492059,4.969978528,-0.3017888847
557,0.676046105,0.2886571725,0.6113226422,1.222645284,71.29015886,5.049785353,-0.320775679
558,0.5628245309,0.2665278725,0.4957159931,0.9914319862,82.32860332,4.372720847,-0.1334914481
559,0.6079764149,0.2371358959,0.5598230863,1.119646173,77.93722205,4.619102279,-0.2089833044
560,0.5961005752,0.2562108321,0.5382303459,1.076460692,78.92672588,4.561192625,-0.1920642171
561,0.5893525082,0.3024991942,0.505797011,1.011594022,79.10707519,4.55079396,-0.188974184
562,0.6338448442,0.3190864629,0.547670627,1.095341254,74.51197105,4.831438425,-0.2670370349
563,0.601355045,0.2865867459,0.5286737437,1.057347487,78.07729135,4.61081569,-0.2065919922
564,0.6673213479,0.3191044172,0.5860803292,1.172160658,71.56877552,5.03012658,-0.3161660991
565,0.6266954432,0.2398380191,0.5789860992,1.157972198,76.15012184,4.727503927,-0.2393787766
566,0.63280105,0.2834812175,0.5657522145,1.131504429,75.1092554,4.793017826,-0.2569766842
567,0.6452422977,0.1865637768,0.6176824265,1.235364853,74.92818134,4.8046008,-0.2600296025
568,0.6167710846,0.26003805,0.5592734424,1.118546885,76.87477712,4.682940407,-0.2270800515
569,0.6365607311,0.2519316251,0.5845853408,1.169170682,75.13081072,4.79164269,-0.2566130886
570,0.6146941694,0.2745654036,0.5499661454,1.099932291,76.91306675,4.680609098,-0.2264291786
571,0.5996832698,0.272473118,0.5342082216,1.068416443,78.40382605,4.591612657,-0.2010125075
572,0.6331747802,0.2398271386,0.5859976501,1.1719953,75.55857626,4.764515397,-0.2493900889
573,0.6384219334,0.3085468566,0.5589109073,1.117821815,74.2544265,4.848195818,-0.2713660927
574,0.5843846299,0.2673647919,0.5196358953,1.039271791,80.01287919,4.499275662,-0.173426804
575,0.6148803026,0.2788475162,0.5480162856,1.096032571,76.84542304,4.684729236,-0.2275789629
576,0.654262165,0.2410366848,0.6082436166,1.216487233,73.68298426,4.885795596,-0.2809517402
577,0.6125814228,0.3212382767,0.5215955992,1.043191198,76.49667906,4.706086649,-0.2335017233
578,0.6927939408,0.2670284624,0.6392646124,1.278529225,70.21475749,5.1271273,-0.3384955694
579,0.6334722862,0.2816777238,0.5674017953,1.134803591,75.0704691,4.795494211,-0.2576308403
580,0.6137136295,0.3410169691,0.510246848,1.020493696,76.06074157,4.733059297,-0.2408931101
581,0.6072629114,0.2853834433,0.5360266168,1.072053234,77.50672404,4.644758302,-0.2163250376
582,0.6707829438,0.2706567166,0.6137545923,1.227509185,71.95536006,5.003101919,-0.3097578819
583,0.6183258853,0.2462848358,0.5671601891,1.134320378,76.86698146,4.683415339,-0.2272125549
584,0.6136085373,0.2920769055,0.5396355422,1.079271084,76.80552887,4.687162569,-0.2282569216
585,0.5740474405,0.3005324791,0.489091702,0.978183404,80.76405766,4.457428346,-0.1605003987
586,0.6442055173,0.273467216,0.5832807474,1.166561495,74.20464446,4.851448351,-0.2722022476
587,0.647282516,0.333148151,0.5549657332,1.109931466,73.06568004,4.92707383,-0.2912752692
588,0.6204964894,0.238462193,0.5728452461,1.145690492,76.73780023,4.69129945,-0.2294076437
589,0.6446331552,0.2774790727,0.5818567427,1.163713485,74.11770282,4.857139203,-0.2736620541
590,0.6008351833,0.3177855351,0.5099169258,1.019833852,77.71898192,4.632073029,-0.2127066823
591,0.675086254,0.2554960893,0.6248705455,1.249741091,71.77563692,5.015629473,-0.3127388335
592,0.6399609529,0.3076981325,0.5611344585,1.122268917,74.12770732,4.856483669,-0.273494104
593,0.5820871058,0.3183582883,0.4873124244,0.9746248489,79.66975945,4.51865303,-0.1793214818
594,0.6327807118,0.2889795043,0.5629407387,1.125881477,75.04065951,4.797399201,-0.2581335182
595,0.6237030093,0.2942124981,0.5499494975,1.099898995,75.81499879,4.748400788,-0.2450535977
596,0.5843309504,0.2613881253,0.5226077951,1.04521559,80.07521235,4.495773279,-0.1723552683
597,0.6162845089,0.2762922979,0.5508803518,1.101760704,76.74098439,4.691104797,-0.2293535513
598,0.6513868459,0.2451281847,0.6035039321,1.207007864,73.89015322,4.872097083,-0.2774797675
599,0.5862092001,0.2906161366,0.5091006654,1.018201331,79.57781605,4.523873836,-0.1808999538
600,0.6486199301,0.3153680941,0.5667898896,1.133579779,73.23856072,4.915443401,-0.2883874444
601,0.6384297874,0.2807886928,0.5733675116,1.146735023,74.63150385,4.8237002,-0.2650259735
602,0.5870129885,0.2760285608,0.5180660984,1.036132197,79.6533629,4.51958319,-0.1796030097
603,0.5817897124,0.2882192577,0.5053799848,1.01075997,80.0695995,4.496088431,-0.172451764
604,0.6771303638,0.3095973941,0.6022084217,1.204416843,70.90236464,5.077404708,-0.3271789
605,0.6020979202,0.2568540775,0.5445621071,1.089124214,78.32537411,4.596211689,-0.2023536152
606,0.6203689662,0.3338344204,0.5228883571,1.045776714,75.53805607,4.765809696,-0.2497369016
607,0.6483502895,0.3359426102,0.5545274209,1.109054842,72.92235543,4.936757704,-0.2936673754
608,0.6154642418,0.2372506051,0.5678982156,1.135796431,77.2217873,4.66189676,-0.2211776712
609,0.6378641524,0.3247196244,0.5490244461,1.098048892,74.05397219,4.861319242,-0.2747317324
610,0.6306006493,0.3186372913,0.5441759416,1.088351883,74.81884243,4.811622157,-0.2618718068
611,0.5975058085,0.3128123413,0.5090791985,1.018158397,78.12873487,4.607779719,-0.2057134195
612,0.6490312813,0.2710976084,0.5897013573,1.179402715,73.80739012,4.877560356,-0.2788672433
613,0.6328753254,0.318303839,0.5470044273,1.094008855,74.61352823,4.824862308,-0.2653284755
614,0.6376941722,0.2829696173,0.5714735803,1.142947161,74.67049293,4.821181512,-0.2643697576
615,0.5942741392,0.2847350665,0.5216202588,1.043240518,78.81287881,4.567781376,-0.1940138496
616,0.6792303637,0.3341767985,0.5913372594,1.182674519,70.33225554,5.118561849,-0.3365651897
617,0.6481136572,0.3360863061,0.5541636107,1.108327221,72.94078156,4.935510592,-0.2933599436
618,0.628714468,0.3486507007,0.5231869372,1.046373874,74.48075114,4.833463606,-0.2675620984
619,0.6179907745,0.2695752967,0.5560950969,1.112190194,76.65538637,4.696343167,-0.2308074378
620,0.5680752957,0.3263917965,0.4649493915,0.9298987831,81.11197916,4.438308666,-0.1545038245
621,0.6143834584,0.2605588426,0.5563956537,1.112791307,77.09653461,4.669470577,-0.2233090715
622,0.6178825726,0.3151402893,0.531474808,1.062949616,76.07438789,4.732210275,-0.240661944
623,0.6173733966,0.2621850449,0.5589355179,1.117871036,76.79487291,4.687812953,-0.2284379895
624,0.586528543,0.2730502042,0.5190947098,1.03818942,79.73416984,4.515002799,-0.1782154178
625,0.6174941523,0.2657201876,0.5573973538,1.114794708,76.74519152,4.690847633,-0.2292820798
626,0.5508204606,0.286823253,0.4702505729,0.9405011458,83.52106247,4.310289996,-0.1128379597
627,0.6075137598,0.2384830338,0.5587475377,1.117495075,77.96983312,4.617170329,-0.2084266679
628,0.6228328733,0.2915034375,0.5504057903,1.100811581,75.93247375,4.741054548,-0.2430652746
629,0.6470687856,0.3063921702,0.5699314444,1.139862889,73.5114029,4.897199425,-0.2838245166
630,0.7092206608,0.3224425496,0.631684057,1.263368114,68.17354807,5.280640515,-0.3717964531
631,0.6427531955,0.305244191,0.565647995,1.13129599,73.91255203,4.87062062,-0.2771041647
632,0.5690295891,0.2342076798,0.5185956383,1.037191277,81.9013445,4.395532237,-0.140878
633,0.5789679707,0.2086506328,0.5400637227,1.080127445,81.03454764,4.442549635,-0.1558388902
634,0.6340130195,0.2558036064,0.5801181119,1.160236224,75.32020446,4.779594036,-0.253416837
635,0.6299645856,0.3241800628,0.5401505957,1.080301191,74.79015089,4.813468027,-0.2623550606
636,0.5670849699,0.2876393886,0.4887217462,0.9774434925,81.6668769,4.408151917,-0.1449282288
637,0.6001131244,0.2657831666,0.5380474611,1.076094922,78.43163122,4.589984862,-0.2005370975
638,0.6208974742,0.2910210444,0.5484709885,1.096941977,76.12157659,4.729276719,-0.2398624706
639,0.6297679648,0.3135032711,0.5461898831,1.092379766,74.97489329,4.801607367,-0.2592422839
640,0.5771734471,0.2531488385,0.518695338,1.037390676,80.89486764,4.450220521,-0.1582465158
641,0.6024300963,0.2888249957,0.5286796221,1.057359244,77.94322089,4.618746773,-0.2088809156
642,0.621356347,0.2879086288,0.5506290325,1.101258065,76.1179641,4.729501166,-0.2399236793
643,0.6430146298,0.282392596,0.5776869705,1.155373941,74.20010297,4.851745289,-0.2722785179
644,0.6727204553,0.3113829921,0.5963165629,1.192633126,71.23874767,5.053429654,-0.321625427
645,0.6826842248,0.3218165558,0.602072965,1.20414593,70.25914948,5.123887816,-0.3377664186
646,0.6003963888,0.2245967888,0.5568052677,1.113610535,78.77768172,4.569822215,-0.1946164454
647,0.588907986,0.2386690003,0.5383769351,1.07675387,79.80584345,4.510947876,-0.1769843639
648,0.6038169791,0.3142575359,0.5155939734,1.031187947,77.46923261,4.647006145,-0.216963846
649,0.6398748414,0.3094887451,0.5600504703,1.120100941,74.10896724,4.857711737,-0.2738086953
650,0.6605052693,0.3088226459,0.5838628128,1.167725626,72.30598347,4.978841069,-0.3039335717
651,0.6708901278,0.2734918094,0.6126139027,1.225227805,71.91179054,5.006133171,-0.3104808224
652,0.6098944375,0.2089574686,0.5729816762,1.145963352,77.98275983,4.61640497,-0.2082060039
653,0.5923474693,0.2776921668,0.5232232649,1.04644653,79.08747706,4.551921662,-0.1893100617
654,0.6165482179,0.3136153586,0.5308268191,1.061653638,76.22564176,4.722820192,-0.238098819
655,0.685670217,0.3188010746,0.6070498508,1.214099702,70.06707226,5.137934102,-0.3409198753
656,0.6437902316,0.3165370306,0.5605980473,1.121196095,73.64959169,4.888010805,-0.2815110282
657,0.5927649369,0.1774265446,0.5655882705,1.131176541,79.83877652,4.509087134,-0.1764186179
658,0.5456915098,0.2577489006,0.4809830851,0.9619661702,84.32704306,4.269093127,-0.09885008193
659,0.6230612734,0.2856499125,0.5537232864,1.107446573,75.9857166,4.737732512,-0.2421637754
660,0.5939098539,0.2243395261,0.5499097123,1.099819425,79.4185126,4.532948153,-0.1836337489
661,0.641711049,0.2541864072,0.5892218096,1.178443619,74.64571242,4.822782024,-0.2647868467
662,0.5700625419,0.2774878329,0.4979676739,0.9959353478,81.43816243,4.420531963,-0.1488767393
663,0.6212750317,0.2628796656,0.5629182413,1.125836483,76.41938562,4.710846562,-0.2348132436
664,0.5751112506,0.2454630538,0.5200969523,1.040193905,81.17442998,4.434894093,-0.1534268486
665,0.6158240657,0.3173127954,0.527780134,1.055560268,76.24054609,4.721896923,-0.2378461623
666,0.635130976,0.3058703282,0.5566279718,1.113255944,74.5932581,4.826173426,-0.2656695592
667,0.6815664494,0.256355034,0.6315179502,1.2630359,71.23687334,5.053562616,-0.3216564018
668,0.6365423965,0.2752786589,0.5739406611,1.147881322,74.86974804,4.808350628,-0.2610142383
669,0.6171010392,0.2956041246,0.5416935426,1.083387085,76.42356099,4.710589186,-0.2347424064
670,0.6001194943,0.3064781495,0.515959835,1.03191967,77.94978029,4.61835811,-0.2087689566
671,0.6177792275,0.2699390814,0.5556834226,1.111366845,76.6713739,4.695363885,-0.2305359278
672,0.6042265355,0.2655009258,0.542769716,1.085539432,78.028238,4.613714333,-0.2074295894
673,0.5938590217,0.2613884988,0.5332397119,1.066479424,79.10178677,4.551098208,-0.1890648205
674,0.6337245522,0.3444117172,0.5319655788,1.063931158,74.09278496,4.858772689,-0.274080325
675,0.6184950289,0.2427911301,0.5688484578,1.137696916,76.88462553,4.682340553,-0.2269126512
676,0.5821263982,0.251552066,0.5249692386,1.049938477,80.39159207,4.478080241,-0.1669134359
677,0.5928528199,0.2432354184,0.54065793,1.08131586,79.36999453,4.535719098,-0.1844660829
678,0.5792800024,0.3060731761,0.49181758,0.98363516,80.13059394,4.492666063,-0.1714030618
679,0.6119523911,0.2797643998,0.5442587708,1.088517542,77.11662244,4.668254244,-0.2229673126
680,0.6611959723,0.3414771483,0.5661920796,1.132384159,71.70638673,5.0204733,-0.313886622
681,0.6051651955,0.2561939133,0.5482605153,1.096521031,78.03114523,4.613542438,-0.2073799519
682,0.6306265497,0.2543291186,0.5770671924,1.154134385,75.64433076,4.759114085,-0.2479404028
683,0.6104214991,0.2868094092,0.5388457751,1.07769155,77.18062347,4.664383155,-0.2218782651
684,0.6276219644,0.2905992056,0.5562925776,1.112585155,75.49591768,4.768469754,-0.2504489839
685,0.6168220417,0.2919125556,0.5433750923,1.086750185,76.49834371,4.705984241,-0.2334734727
686,0.6166879437,0.2773827884,0.550783813,1.101567626,76.68973028,4.694240007,-0.2302241664
687,0.5881020209,0.2487606694,0.5328997244,1.065799449,79.80206287,4.51116158,-0.1770493054
688,0.6279212814,0.2369362928,0.5815035071,1.163007014,76.06495043,4.732797405,-0.2408218142
689,0.5846375991,0.2546050768,0.5262864023,1.052572805,80.10534161,4.494082326,-0.171837259
690,0.686455843,0.3238539607,0.6052604699,1.21052094,69.92273193,5.148540254,-0.3432870847
691,0.6091352781,0.3407933187,0.5048818683,1.009763737,76.51777277,4.704789318,-0.2331437299
692,0.6277012645,0.2744560797,0.564519918,1.129039836,75.68908316,4.756300182,-0.2471836395
693,0.6185290447,0.2618460201,0.5603702713,1.120740543,76.68912975,4.694276766,-0.2302343662
694,0.5858962231,0.2951006623,0.5061521346,1.012304269,79.55860156,4.524966414,-0.181229767
695,0.6531999255,0.258540666,0.5998557049,1.19971141,73.589188,4.892022997,-0.2825224791
696,0.6010400525,0.2152814356,0.5611622298,1.12232446,78.78663557,4.56930287,-0.194463157
697,0.6320868937,0.2905363958,0.5613576791,1.122715358,75.0839771,4.794631477,-0.2574030325
698,0.6260273809,0.266845007,0.5663073581,1.132614716,75.9320096,4.741083528,-0.2430731325
699,0.6568436883,0.3233598424,0.5717359908,1.143471982,72.39287174,4.972865302,-0.3024884764
700,0.5928939419,0.317012535,0.5010252279,1.002050456,78.54519566,4.58334844,-0.1985948951
701,0.6196163004,0.2791826389,0.5531558676,1.106311735,76.39003202,4.71265675,-0.2353112056
702,0.6135575274,0.3140628452,0.5270838346,1.054167669,76.50912649,4.705321006,-0.2332904747
703,0.5913073858,0.2537779441,0.5340797502,1.0681595,79.43170795,4.532195131,-0.1834073581
704,0.6797245874,0.2942273784,0.6127444528,1.225488906,70.91304929,5.076639682,-0.3270026754
705,0.592756696,0.2603918328,0.5325003231,1.065000646,79.22277651,4.54414773,-0.186990816
706,0.628359656,0.2989453772,0.5526911604,1.105382321,75.31551531,4.779891614,-0.2534960058
707,0.5941778223,0.2951275519,0.5157005067,1.031401013,78.69998346,4.574333871,-0.1959464273
708,0.6025298254,0.312344601,0.515250464,1.030500928,77.62577506,4.637634854,-0.21429594
709,0.5724701752,0.325426339,0.4709774936,0.9419549871,80.62933409,4.464876264,-0.1628208391
710,0.605825423,0.2349695187,0.5584028729,1.116805746,78.1638241,4.605711199,-0.2051140567
711,0.6027734776,0.2453945167,0.5505609834,1.101121967,78.3678561,4.593720154,-0.2016274477
712,0.6235550216,0.2699846435,0.5620757575,1.124151515,76.12678491,4.728953159,-0.2397742209
713,0.6333654198,0.3257065278,0.5432007113,1.086401423,74.45017109,4.835448928,-0.2680763236
714,0.600276107,0.2289916599,0.5548821716,1.109764343,78.75412431,4.571189168,-0.1950197219
715,0.5879572752,0.2907671129,0.5110266563,1.022053313,79.3937478,4.534362087,-0.1840586088
716,0.6022829682,0.2812494865,0.5325819187,1.065163837,78.04725426,4.612590198,-0.2071049004
717,0.5711809993,0.2777116466,0.4991232065,0.998246413,81.31445312,4.427257224,-0.1510114633
718,0.6379635723,0.283920474,0.5713026204,1.142605241,74.63407086,4.82353429,-0.2649827725
719,0.6094765978,0.2677450865,0.5475164764,1.095032953,77.49199649,4.645641051,-0.2165759883
720,0.6153300628,0.2433247563,0.5651762107,1.130352421,77.17819586,4.664529871,-0.2219195786
721,0.6009661024,0.2849049552,0.5291402675,1.058280535,78.13598968,4.607351893,-0.2055895057
722,0.6067280917,0.2936212178,0.5309477919,1.061895584,77.45776502,4.647694133,-0.2171592214
723,0.6068944684,0.2744415145,0.5412972852,1.08259457,77.66979078,4.635006692,-0.2135455043
724,0.6417681868,0.2399690698,0.5952152981,1.190430596,74.78655541,4.813699442,-0.2624156149
725,0.6347035503,0.3393866795,0.5363443656,1.072688731,74.09339138,4.858732922,-0.2740701462
726,0.5882454573,0.2600414674,0.5276468073,1.055293615,79.68496478,4.51779079,-0.1790603942
727,0.6337788529,0.2452039601,0.5844233503,1.168846701,75.45098831,4.771309271,-0.2512080807
728,0.6494518674,0.3243647516,0.5626501898,1.12530038,73.02157987,4.930049455,-0.2920115017
729,0.707494945,0.3034193429,0.6391289382,1.278257876,68.5940005,5.248272405,-0.3649742741
730,0.6993952348,0.3125609038,0.6256671446,1.251334289,69.08124922,5.211254922,-0.3570437106
731,0.6526180062,0.3204180186,0.5685442422,1.137088484,72.80768669,4.94453287,-0.2955798891
732,0.5825144611,0.3170192157,0.4886940907,0.9773881813,79.64186426,4.520235724,-0.1798004317
733,0.6112497832,0.2791497366,0.5437846283,1.087569257,77.19183843,4.663705481,-0.2216874018
734,0.615531156,0.3329589097,0.5177035527,1.035407105,76.02077734,4.735547473,-0.2415700185
735,0.5820228139,0.2979956678,0.4999491353,0.9998982706,79.9337658,4.503728761,-0.1747865039
736,0.5794601998,0.2835863326,0.5053245642,1.010649128,80.36639723,4.479484118,-0.167346984
737,0.6621497819,0.324238453,0.5773315852,1.15466317,71.9232004,5.005339001,-0.3102915182
738,0.6116195417,0.1653353893,0.5888485992,1.177697198,78.10106199,4.609412354,-0.2061860485
739,0.6210655312,0.2852882814,0.5516638383,1.103327677,76.17837855,4.725750362,-0.2388999131
740,0.596713649,0.312032868,0.508628222,1.017256444,78.22059512,4.602368461,-0.2041441821
741,0.6593272481,0.2802805603,0.5967874224,1.193574845,72.80211557,4.944911246,-0.2956727775
742,0.5555206644,0.2727993664,0.4839253189,0.9678506379,83.09512123,4.332384316,-0.1202213722
743,0.626907755,0.2519338299,0.5740580795,1.148116159,76.01084629,4.736166186,-0.2417382109
744,0.6285255352,0.3186651831,0.5417534951,1.08350699,75.01165055,4.799254481,-0.258622628
745,0.6326562725,0.2279604368,0.5901592992,1.180318598,75.71602381,4.754607834,-0.2467280001
746,0.6144724078,0.276948723,0.5485214169,1.097042834,76.90679693,4.680990685,-0.2265357643
747,0.5798267258,0.3124571732,0.4884358166,0.9768716331,79.99151098,4.500477558,-0.1737940861
748,0.6149163984,0.3160949054,0.5274525456,1.054905091,76.34685656,4.715321838,-0.2360435329
749,0.5862777382,0.2619807909,0.5244879899,1.04897598,79.86865718,4.507400183,-0.1759052578
750,0.6229417797,0.2549244073,0.5683924766,1.136784953,76.34784006,4.715261096,-0.2360268525
751,0.6762527777,0.2673710848,0.6211525757,1.242305151,71.54289177,5.031946447,-0.3165946501
752,0.6393926069,0.2943250313,0.567622834,1.135245668,74.3681895,4.840779403,-0.269454525
753,0.6291830785,0.324492942,0.5390507183,1.078101437,74.85796996,4.809107169,-0.2612126732
754,0.5982929846,0.3040234118,0.5152904622,1.030580924,78.16753971,4.605492271,-0.2050505855
755,0.6232731622,0.3375484729,0.523956547,1.047913094,75.19651001,4.787456226,-0.2555046484
756,0.5840915854,0.2270737293,0.538145428,1.076290856,80.38525138,4.478433466,-0.1670225483
757,0.5630587691,0.2783115437,0.4894669163,0.9789338325,82.20154541,4.379479707,-0.1356888494
758,0.6392250898,0.3220987031,0.5521423194,1.104284639,73.97272868,4.866658381,-0.2760948605
759,0.5982233919,0.2778286553,0.5297947384,1.059589477,78.49135292,4.586492481,-0.1995158224
760,0.6086052898,0.2555751666,0.5523420435,1.104684087,77.70293538,4.633029605,-0.2129803299
761,0.5855318838,0.3050129501,0.4998146528,0.9996293057,79.47646029,4.5296431,-0.1826394758
762,0.5918782892,0.2917752807,0.5149631976,1.029926395,78.97628642,4.558330308,-0.1912152549
763,0.6372766632,0.2796327094,0.5726491887,1.145298377,74.75005053,4.816050256,-0.2630303635
764,0.589241229,0.3040454801,0.5047391128,1.009478226,79.099147,4.551250091,-0.189110062
765,0.6018931621,0.2356775146,0.5538334476,1.107666895,78.54007093,4.583647503,-0.1986825561
766,0.5908865789,0.2818187822,0.5193506745,1.038701349,79.19196236,4.545915889,-0.1875191112
767,0.5912410088,0.3180856134,0.4983848644,0.9967697287,78.70234282,4.57419674,-0.1959060468
768,0.6092227777,0.2782492199,0.5419684165,1.083936833,77.39918455,4.651211794,-0.2181571309
769,0.5908024034,0.317291564,0.4983708893,0.9967417786,78.75936218,4.570885162,-0.1949300582
770,0.6487488252,0.2872271143,0.58170063,1.16340126,73.62980575,4.889324321,-0.2818423754
771,0.6137956495,0.2527085369,0.5593598974,1.118719795,77.23296083,4.661222309,-0.2209874819
772,0.6347795451,0.2864929085,0.5664511314,1.132902263,74.89011702,4.807042829,-0.2606710396
773,0.7098252388,0.3412785445,0.6223992486,1.244798497,67.81140865,5.308841199,-0.3776564214
774,0.6048346824,0.268780872,0.5418319259,1.083663852,77.93374141,4.619308576,-0.2090427114
775,0.584390158,0.1986766356,0.5495811598,1.09916232,80.54630039,4.469479024,-0.1642505404
776,0.6220937672,0.3239399008,0.5310965974,1.062193195,75.53542396,4.765975765,-0.2497813847
777,0.6117947561,0.2339358451,0.5653024358,1.130604872,77.59970781,4.639192726,-0.2147403079
778,0.6220361109,0.3146548248,0.5365829521,1.073165904,75.68439553,4.756594771,-0.2472629144
779,0.7155581574,0.2508398461,0.6701513622,1.340302724,68.64492477,5.244378972,-0.3641466451
780,0.6545834516,0.3092211823,0.5769417263,1.153883453,72.81031399,4.94435445,-0.2955360826
781,0.6160483355,0.2185827649,0.5759662547,1.151932509,77.32689374,4.655560085,-0.2193882796
782,0.6331983043,0.3029596786,0.5560175588,1.112035118,74.81214334,4.812053016,-0.2619846459
783,0.6301437292,0.2536324212,0.5768463525,1.153692705,75.69581915,4.75587693,-0.2470697208
784,0.6021230725,0.2782053084,0.5339981281,1.067996256,78.09782835,4.609603207,-0.2062412731
785,0.5982721529,0.3023188074,0.5162682516,1.032536503,78.19197033,4.604053312,-0.2046332324
786,0.717524692,0.3424293179,0.6305425013,1.261085003,67.21652578,5.355825756,-0.387249678
787,0.6132575669,0.2730977293,0.549092409,1.098184818,77.06769324,4.671218053,-0.2237997087
788,0.6367721761,0.262151135,0.5803064592,1.160612918,75.00127521,4.799918388,-0.2587975468
789,0.6592709863,0.2619290511,0.6050052938,1.210010588,73.02862363,4.929573941,-0.2918939208
790,0.5758324824,0.2862158098,0.4996634447,0.9993268895,80.72680151,4.45948549,-0.1611421775
791,0.5963613275,0.3136336172,0.5072285354,1.014457071,78.23450188,4.601550356,-0.2039065688
792,0.6158505732,0.3102131233,0.5320147993,1.064029599,76.34263162,4.715582793,-0.2361151877
793,0.6113476081,0.2872790093,0.5396449469,1.079289894,77.08479751,4.670181561,-0.2235087449
794,0.653157903,0.2897635264,0.5853651382,1.170730276,73.21048771,4.917328258,-0.2888565596
795,0.6303515419,0.3270502871,0.5388702776,1.077740555,74.70743525,4.81879747,-0.2637478774
796,0.5771981712,0.2471451844,0.5216099948,1.04321999,80.94184275,4.447637807,-0.157436923
797,0.6614341578,0.3112684353,0.5836155466,1.167231093,72.18961505,4.986866875,-0.3058678749
798,0.6074501328,0.2760192435,0.5411183244,1.082236649,77.59766848,4.639314647,-0.2147750704
799,0.6008040981,0.3181651024,0.5096435341,1.019287068,77.71660326,4.632214802,-0.2127472475
800,0.6342177942,0.2371663053,0.5882043472,1.176408694,75.48975435,4.768859074,-0.2505531246
801,0.6203256336,0.2183598111,0.5806228419,1.161245684,76.92914219,4.679631018,-0.2261558876
802,0.6668988847,0.2414726035,0.6216470898,1.24329418,72.6048902,4.958343701,-0.2989593467
803,0.6088941828,0.2507662658,0.5548589062,1.109717812,77.72234706,4.631872475,-0.2126492933
804,0.5955844831,0.2677957695,0.5319833666,1.063966733,78.86371738,4.564836809,-0.1931433325
805,0.6163297416,0.240982751,0.5672650739,1.134530148,77.10563308,4.66891958,-0.2231542805
806,0.6243472075,0.230083263,0.5804060024,1.160812005,76.45648652,4.708560599,-0.2341837661
807,0.6316680357,0.3180061789,0.5457807046,1.091561409,74.72971517,4.817360794,-0.2633727685
808,0.5567416607,0.2546052851,0.4951135481,0.9902270963,83.0947589,4.332403208,-0.1202276503
809,0.6153743963,0.3253337247,0.5223443455,1.044688691,76.1601201,4.726883302,-0.2392093438
810,0.6705014294,0.3218431602,0.5882084214,1.176416843,71.25853269,5.052026563,-0.3212984416
811,0.6407542092,0.3435115216,0.5408935119,1.081787024,73.46631131,4.90020519,-0.284579061
812,0.613313948,0.289650864,0.5406074137,1.081214827,76.86474453,4.683551636,-0.2272505753
813,0.6031476873,0.2828465721,0.5327146979,1.065429396,77.94288662,4.618766582,-0.208886621
814,0.6934983632,0.3218178519,0.61430713,1.22861426,69.39696734,5.187546572,-0.3518911935
815,0.6185101154,0.2485529039,0.5663710947,1.132742189,76.82746328,4.685824374,-0.2278841835
816,0.6522014797,0.2103058692,0.6173639215,1.234727843,74.14241203,4.855520479,-0.2732472343
817,0.6359273555,0.3371107849,0.5392215873,1.078443175,74.02118048,4.863472828,-0.2752819882
818,0.5820962242,0.2568425941,0.5223675871,1.044735174,80.34838089,4.480488543,-0.1676569858
819,0.5916769428,0.2306042484,0.5448883236,1.089776647,79.59228098,4.523051678,-0.1806516526
820,0.6200184957,0.315023576,0.5340253566,1.068050713,75.87123689,4.744881127,-0.2441018675
821,0.645290739,0.2926297866,0.5751242873,1.150248575,73.8633101,4.873867682,-0.2779298404
822,0.5934332394,0.2939250668,0.5155298873,1.031059775,78.79087313,4.569057122,-0.1943906089
823,0.6135490583,0.2387214216,0.5652030872,1.130406174,77.38990256,4.651769651,-0.2183152273
824,0.5957498701,0.2566449098,0.5376349114,1.075269823,78.95767033,4.559405039,-0.1915341617
825,0.6361451959,0.3404065286,0.5374049735,1.074809947,73.94264959,4.868638086,-0.2765993958
826,0.6364733216,0.2835244924,0.5698351966,1.139670393,74.7740199,4.814506436,-0.2626267272
827,0.6371316343,0.2439278114,0.5885880922,1.177176184,75.16133169,4.789696935,-0.2560981985
828,0.5887567137,0.2759328436,0.5200918513,1.040183703,79.47431913,4.529765136,-0.1826762174
829,0.6303956259,0.2986254533,0.5551769842,1.110353968,75.13108954,4.791624908,-0.2566083853
830,0.6839680231,0.3985164312,0.5558749056,1.111749811,68.6029251,5.247589654,-0.364829251
831,0.6087675832,0.2760086828,0.5426022276,1.085204455,77.46921024,4.647007487,-0.2169642273
832,0.6372627315,0.3041357614,0.5600046674,1.120009335,74.42395184,4.837152437,-0.2685171582
833,0.5604853422,0.2631761313,0.4948556787,0.9897113574,82.61442822,4.357592345,-0.1285458699
834,0.6493979428,0.3121522468,0.5694547066,1.138909413,73.21944207,4.916726894,-0.2887069349
835,0.6524772863,0.3105062973,0.5738575158,1.147715032,72.97436776,4.933239041,-0.2927994946
836,0.5804094014,0.3154937764,0.4871742505,0.974348501,79.88904326,4.506249985,-0.1755549905
837,0.6389166797,0.2296633963,0.5962124186,1.192424837,75.13817876,4.791172822,-0.2564887961
838,0.612577097,0.3172131733,0.5240481872,1.048096374,76.55812507,4.702309515,-0.2324588
839,0.6252027023,0.2383862081,0.5779709636,1.155941927,76.30147046,4.718126634,-0.2368132119
840,0.5872848677,0.3065309852,0.5009413847,1.001882769,79.27243186,4.541301327,-0.1861393827
841,0.5929215245,0.2333065041,0.5450908267,1.090181653,79.44621893,4.531367318,-0.1831583839
842,0.6301933349,0.2732092354,0.5678911455,1.135782291,75.47380767,4.769866674,-0.2508225592
843,0.5955950846,0.2353605575,0.5471187373,1.094237475,79.16312043,4.547572128,-0.1880135445
844,0.6371233437,0.2828041211,0.5709185443,1.141837089,74.72423074,4.817714367,-0.2634651091
845,0.6856327024,0.3213862756,0.6056426871,1.211285374,70.02871751,5.14074815,-0.3415491123
846,0.615001971,0.3178436964,0.5265005308,1.053001062,76.31228285,4.717458141,-0.2366298636
847,0.5968370372,0.3151602244,0.5068416734,1.013683347,78.16429169,4.605683647,-0.2051060692
848,0.64713532,0.2950425515,0.5759635538,1.151927108,73.66696019,4.886858357,-0.2812201374
849,0.6578119675,0.3292832686,0.5694638827,1.138927765,72.21078784,4.985404685,-0.3055160295
850,0.5992316083,0.2817680971,0.5288527771,1.057705554,78.34588557,4.595008371,-0.2020030156
851,0.6307977477,0.2689158403,0.5706050029,1.141210006,75.46825769,4.770217453,-0.2509163269
852,0.5600127498,0.22827365,0.5113760072,1.022752014,82.90893352,4.342113506,-0.1234467516
853,0.6041333434,0.2448562339,0.5522884404,1.104576881,78.23996328,4.601229153,-0.2038132512
854,0.599385976,0.294031129,0.5223114429,1.044622886,78.18454952,4.604490301,-0.2047600074
855,0.6552940976,0.2852393832,0.5899566498,1.1799133,73.08508013,4.925765962,-0.2909513389
856,0.6427561203,0.3184151599,0.5583432781,1.116686556,73.71281683,4.883818249,-0.2804519975
857,0.6084406412,0.2900932058,0.5348326335,1.069665267,77.33362018,4.655155147,-0.2192737396
858,0.6297865056,0.2774467093,0.5653798423,1.130759685,75.46069425,4.770695573,-0.2510441086
859,0.5996635496,0.2698192317,0.5355314696,1.071062939,78.43413449,4.58983837,-0.2004942944
860,0.6336613813,0.2992104576,0.5585694658,1.117138932,74.82228048,4.811401065,-0.261813895
861,0.5847179137,0.292419063,0.5063458602,1.01269172,79.71353942,4.516171313,-0.1785697107
862,0.6705177645,0.28711323,0.6059373447,1.211874689,71.76826106,5.016144946,-0.3128611066
863,0.5847183097,0.342390397,0.4739876767,0.9479753534,79.02776772,4.555360861,-0.190333239
864,0.6278438148,0.2509813862,0.5754964809,1.150992962,75.93436251,4.740936621,-0.243033298
865,0.604362163,0.310582318,0.5184517796,1.036903559,77.46675687,4.647154658,-0.2170060265
866,0.6166089769,0.2762028193,0.5512881579,1.102576316,76.71106092,4.692934704,-0.2298618612
867,0.599193908,0.235807776,0.5508430196,1.101686039,78.80365491,4.568316031,-0.1941717755
868,0.6112126256,0.2453671694,0.5597998088,1.119599618,77.55110551,4.642100169,-0.2155687116
869,0.6181026883,0.2413604963,0.5690307937,1.138061587,76.9350294,4.679272924,-0.2260557973
870,0.6627796728,0.336692325,0.5708898081,1.141779616,71.65720664,5.023918973,-0.31470148
871,0.6518160587,0.3426166211,0.5545070111,1.109014022,72.49729467,4.965702536,-0.3007508307
872,0.6117075086,0.2917436359,0.5376539101,1.07530782,76.99404198,4.675686465,-0.225052375
873,0.5998358754,0.3222022365,0.5059533537,1.011906707,77.75542512,4.629902022,-0.2120851409
874,0.6348974247,0.3061710649,0.5561960256,1.112392051,74.61026193,4.825073531,-0.2653834395
875,0.6199766765,0.3247657236,0.5281082315,1.056216463,75.72465822,4.754065696,-0.2465819574
876,0.5828098885,0.2732777651,0.51476852,1.02953704,80.11880874,4.493326919,-0.1716057048
877,0.6144660565,0.3025944898,0.5347944552,1.06958891,76.5835241,4.700749988,-0.2320276241
878,0.5636985257,0.2721066558,0.4936739772,0.9873479544,82.18506476,4.380357928,-0.1359738252
879,0.5931523583,0.2715884139,0.527322912,1.054645824,79.07031848,4.552909447,-0.1896041117
880,0.5745422978,0.2960660162,0.4923857899,0.9847715798,80.76034595,4.457633208,-0.1605643402
881,0.6608178586,0.289691144,0.5939354201,1.18787084,72.55151006,4.961991828,-0.2998482674
882,0.6561198437,0.284699844,0.5911338665,1.182267733,73.0207893,4.93010283,-0.2920246981
883,0.6449480105,0.2690605039,0.5861436527,1.172287305,74.19131194,4.852320179,-0.2724261501
884,0.6190740472,0.3221119597,0.5286743434,1.057348687,75.85323146,4.746007429,-0.2444066031
885,0.6317186004,0.2760014635,0.5682354989,1.136470998,75.30050965,4.780844136,-0.2537493406
886,0.5796675819,0.2843060741,0.5051579572,1.010315914,80.33678111,4.481135477,-0.167856571
887,0.6148522669,0.2937406604,0.540147882,1.080295764,76.66406445,4.695811559,-0.2306600636
888,0.6439527362,0.334821578,0.5500633031,1.100126606,73.33362166,4.909071608,-0.2867984119
889,0.6484654275,0.319190005,0.5644689109,1.128937822,73.1921678,4.918559059,-0.2891626576
890,0.6440845355,0.3171703807,0.5605781287,1.121156257,73.61337886,4.890415378,-0.2821174444
891,0.6607242437,0.2637214923,0.6058114399,1.21162288,72.88405264,4.939352121,-0.2943063434
892,0.6560833999,0.2875784369,0.5896982874,1.179396575,72.98608904,4.932446782,-0.2926038793
893,0.6101493803,0.3033282857,0.5294093099,1.05881862,76.99398967,4.675689642,-0.2250532646
894,0.6119688966,0.3057761297,0.530100829,1.060201658,76.78238999,4.688575076,-0.2286500914
895,0.5792686354,0.2652881986,0.5149507973,1.029901595,80.56723254,4.468317809,-0.1638901561
896,0.6483901471,0.2959586699,0.5769040202,1.15380804,73.54355969,4.895058133,-0.2832863105
897,0.6438568181,0.3607922995,0.5332733998,1.0665468,72.85139953,4.941566014,-0.2948509595
898,0.5874399178,0.2894923478,0.5111553948,1.02231079,79.46222699,4.530454451,-0.1828837098
899,0.6195253573,0.2807067843,0.5522819656,1.104563931,76.3803414,4.713254659,-0.2354755861
900,0.6483409538,0.2934503248,0.5781287912,1.156257582,73.58235924,4.892476998,-0.2826368061
901,0.643848242,0.2912366812,0.5742140317,1.148428063,74.01038831,4.864182018,-0.2754630647
902,0.6679408201,0.3081155951,0.5926294958,1.185258992,71.68680038,5.021844999,-0.3142111733
903,0.6605812181,0.36013694,0.5537769678,1.107553936,71.39990652,5.042023408,-0.3189608556
904,0.6216922657,0.2843440326,0.5528559888,1.105711978,76.1309366,4.728695273,-0.2397038735
905,0.643266161,0.2815073374,0.5783986281,1.156797256,74.1888994,4.852477971,-0.272466664
906,0.6130503329,0.3111564503,0.5282162191,1.056432438,76.60083584,4.699687622,-0.2317337125
907,0.6506696782,0.3098946498,0.5721331455,1.144266291,73.14184432,4.921943155,-0.2900033349
908,0.6428492094,0.278470129,0.5794044298,1.15880886,74.26409325,4.847564742,-0.2712037031
909,0.6405438392,0.2855752447,0.5733613081,1.146722616,74.38043633,4.839982363,-0.2692486773
910,0.640736263,0.2519490221,0.5891219306,1.178243861,74.75634746,4.815644587,-0.2629243298
911,0.5849439869,0.2598602708,0.5240535349,1.04810707,80.02601354,4.498537214,-0.1732010355
912,0.6312773641,0.2835678448,0.5640038898,1.12800778,75.24797854,4.784181675,-0.2546360666
913,0.6272243369,0.2001027319,0.5944487072,1.188897414,76.43660163,4.709785526,-0.2345211581
914,0.6276959436,0.3094671798,0.5461064568,1.092212914,75.22798832,4.785452968,-0.2549734456
915,0.6596532523,0.2993332189,0.5878282379,1.175656476,72.51765487,4.964308356,-0.3004119111
916,0.5844664493,0.2717077052,0.5174707269,1.034941454,79.96167063,4.50215706,-0.1743069492
917,0.5508974829,0.2422179048,0.4947913936,0.9895827873,83.83015969,4.294397164,-0.1074760338
918,0.6352224301,0.2460991234,0.5856131464,1.171226293,75.311461,4.780148934,-0.2535644548
919,0.6272203906,0.2502441637,0.5751376156,1.150275231,75.99929607,4.736885979,-0.2419338165
920,0.6137090751,0.2584587627,0.5566308444,1.113261689,77.1828325,4.664249657,-0.2218406712
921,0.6557006418,0.2873505256,0.5893835823,1.178767165,73.0221673,4.930009794,-0.2920016958
922,0.6881416092,0.2232544001,0.6509196165,1.301839233,71.04649872,5.06710403,-0.3248007062
923,0.5728619037,0.2510302719,0.5149316103,1.029863221,81.36794761,4.424346571,-0.1500884498
924,0.6386004986,0.3492046385,0.5346650515,1.069330103,73.55562009,4.894255525,-0.2830844332
925,0.6583365292,0.273316182,0.5989200701,1.19784014,72.97386721,4.933272879,-0.292807848
926,0.6322908257,0.3185210257,0.5462014687,1.092402937,74.66410352,4.821594086,-0.2644773047
927,0.6218672764,0.3452085562,0.5172523196,1.034504639,75.19431038,4.787596271,-0.2555417648
928,0.6195859606,0.3189414825,0.5311902609,1.062380522,75.85323672,4.7460071,-0.2444065141
929,0.6430675313,0.2619119288,0.5873142186,1.174628437,74.44030115,4.836090054,-0.2682422773
930,0.6151490528,0.3274864733,0.520731185,1.04146237,76.14765921,4.727656815,-0.2394205077
931,0.6259675676,0.286343216,0.5566353908,1.113270782,75.70475408,4.755315625,-0.2469186084
932,0.6323358655,0.3624301042,0.5181631658,1.036326332,73.87055336,4.873389783,-0.2778084003
933,0.60851038,0.2705506521,0.5450570862,1.090114172,77.55525544,4.641851774,-0.215497984
934,0.6010523574,0.2589994964,0.5423865755,1.084773151,78.40730236,4.59140908,-0.2009530724
935,0.598591862,0.3328422618,0.4975221061,0.9950442121,77.7181566,4.632122219,-0.2127207572
936,0.5819146038,0.2696703248,0.5156573688,1.031314738,80.2480072,4.486092709,-0.1693837822
937,0.5933673752,0.2884800379,0.5185210793,1.037042159,78.86222648,4.564923108,-0.1931688637
938,0.6349516787,0.3263828362,0.5446447269,1.089289454,74.29308723,4.845672907,-0.2707165933
939,0.6363777869,0.3236434668,0.5479339323,1.095867865,74.20706642,4.85129001,-0.2721615725
940,0.5849723426,0.2628866768,0.5225736664,1.045147333,79.9948104,4.500291934,-0.1737373765
941,0.6073552284,0.2840926367,0.5368163068,1.073632614,77.51311772,4.644375179,-0.2162160879
942,0.6105070402,0.318434957,0.5208819677,1.041763935,76.74297337,4.690983216,-0.2293197623
943,0.6795376416,0.3137397563,0.6027758884,1.205551777,70.64225099,5.09610035,-0.3314654915
944,0.627384604,0.2862438089,0.5582794311,1.116558862,75.57404093,4.763540437,-0.2491286988
945,0.5843620685,0.2978682414,0.5027459973,1.005491995,79.68735817,4.5176551,-0.1790192967
946,0.6017256396,0.2589792872,0.5431422228,1.086284446,78.34103328,4.595292977,-0.2020859576
947,0.6221650137,0.2504439709,0.5695323711,1.139064742,76.46607784,4.707969993,-0.2340210177
948,0.6196432585,0.2563716266,0.5641199845,1.128239969,76.64177449,4.697177256,-0.2310385888
949,0.6325042258,0.3108311446,0.5508589613,1.101717923,74.76159863,4.815306342,-0.2628359031
950,0.5597833268,0.2427820953,0.5043949119,1.008789824,82.84053682,4.345698541,-0.12463128
951,0.5762386127,0.2912683843,0.4972058599,0.9944117197,80.62927189,4.464879709,-0.1628219103
952,0.6730058169,0.3475335232,0.576330877,1.152661754,70.60188486,5.099014009,-0.3321301024
953,0.6556115094,0.3267609621,0.5683781531,1.136756306,72.44339805,4.969396932,-0.3016478204
954,0.6579182135,0.2596660772,0.6045079851,1.20901597,73.17006703,4.920044693,-0.2895318888
955,0.6120902067,0.2508159042,0.5583420129,1.116684026,77.41464198,4.650283084,-0.2178938381
956,0.6048346609,0.1951823295,0.5724760477,1.144952095,78.56215599,4.582358968,-0.1983047689
957,0.5285038736,0.2577848784,0.4613711098,0.9227422196,86.3642118,4.168393279,-0.06341389659
958,0.6412519377,0.2701820994,0.5815545381,1.163109076,74.50688906,4.831767969,-0.2671225103
959,0.6286198524,0.2455132772,0.578693485,1.15738697,75.91814722,4.741949233,-0.2433078132
960,0.6222043101,0.3294215982,0.5278443086,1.055688617,75.43608552,4.772251867,-0.2514598342
961,0.6415582003,0.2529172398,0.5896013858,1.179202772,74.67285881,4.821028761,-0.2643299342
962,0.5885294166,0.2533682935,0.5311980629,1.062396126,79.71756062,4.515943503,-0.1785006551
963,0.6666460364,0.3669318229,0.5565770164,1.113154033,70.74527093,5.08867936,-0.3297685673
964,0.6038545092,0.3057908833,0.5207035663,1.041407133,77.5836098,4.640155323,-0.2150147082
965,0.6409354705,0.1963086239,0.6101321181,1.220264236,75.2356076,4.784968335,-0.2548448571
966,0.6265653543,0.2854413221,0.5577700197,1.115540039,75.66042646,4.75810165,-0.2476682418
967,0.6259473472,0.2913288344,0.5540194867,1.108038973,75.64249856,4.75922936,-0.2479713822
968,0.5989451896,0.2963128289,0.520513254,1.041026508,78.20058474,4.60354614,-0.2044860618
969,0.615472262,0.2536971418,0.5607529452,1.12150589,77.06344971,4.671475276,-0.223871893
970,0.6149029373,0.2631932849,0.555729176,1.111458352,77.0190463,4.674168499,-0.2246271412
971,0.6123389875,0.3062810939,0.5302366709,1.060473342,76.73926353,4.691209994,-0.2293827853
972,0.5888600475,0.3029560475,0.5049492934,1.009898587,79.15271831,4.548169762,-0.188191855
973,0.5867824166,0.26335909,0.5243620831,1.048724166,79.80360137,4.511074611,-0.1770228776
974,0.5899139509,0.2764889454,0.5211068341,1.042213668,79.34944557,4.536893704,-0.1848185633
975,0.5771218173,0.3032170532,0.4910488883,0.9820977765,80.39831103,4.477706004,-0.1667978119
976,0.6129378812,0.2962185736,0.5366073079,1.073214616,76.81692913,4.686466956,-0.2280631977
977,0.6364192733,0.3012425003,0.5606089969,1.121217994,74.54187463,4.829500221,-0.2665340352
978,0.6242962879,0.2472932525,0.5732293628,1.146458726,76.29928305,4.718261897,-0.2368503031
979,0.5908851682,0.2570238075,0.5320564296,1.064112859,79.44436769,4.53147291,-0.1831901475
980,0.6488771941,0.2791304238,0.5857711324,1.171542265,73.72251625,4.883175702,-0.2802895004
981,0.6717362194,0.3000828645,0.6009823815,1.201964763,71.48768405,5.035832463,-0.317508495
982,0.5603888833,0.2458028702,0.5036036631,1.007207326,82.75344584,4.35027202,-0.1261393084
983,0.6745061424,0.2824235358,0.6125320258,1.225064052,71.49931128,5.035013535,-0.3173160557
984,0.6684094281,0.3459280911,0.5719308694,1.143861739,71.01436931,5.069396567,-0.3253310159
985,0.6518461083,0.2895808622,0.5839916722,1.167983344,73.32723604,4.909499109,-0.2869051782
986,0.5953232645,0.2938568112,0.5177431446,1.035486289,78.59846242,4.580242271,-0.1976836467
987,0.6456679834,0.2923167133,0.5757065954,1.151413191,73.8340624,4.875798355,-0.2784201612
988,0.639834699,0.3017502137,0.5642120617,1.128424123,74.22515186,4.850107962,-0.2718578237
989,0.6561330139,0.2363037684,0.6121037992,1.224207598,73.56911522,4.893357749,-0.2828585255
990,0.6406365081,0.3253925477,0.5518467409,1.103693482,73.79149479,4.878611024,-0.2791336527
991,0.6372398525,0.2476571178,0.5871461332,1.174292266,75.1139328,4.792719361,-0.2568977887
992,0.6374583257,0.2821907839,0.571595555,1.14319111,74.70165368,4.819170423,-0.2638452106
993,0.6200355167,0.2851670801,0.5505667793,1.101133559,76.27737712,4.719616925,-0.2372217378
994,0.6390883379,0.3020182824,0.5632218574,1.126443715,74.28874558,4.845956102,-0.2707895391
995,0.5647733696,0.2636370376,0.4994641843,0.9989283685,82.13797967,4.382868941,-0.1367879365
996,0.6525816356,0.3082357519,0.575198672,1.150397344,72.99937061,4.931549368,-0.2923822096
997,0.6046762073,0.2683723916,0.541857523,1.083715046,77.95367838,4.618127168,-0.2087024206
998,0.6011901268,0.3129423913,0.5133192265,1.026638453,77.75244749,4.63007933,-0.2121359279
999,0.5782789999,0.2549445954,0.5190470644,1.038094129,80.76350473,4.457458863,-0.1605099241
1000,0.5993713473,0.2347516263,0.5514867958,1.102973592,78.79513278,4.56881012,-0.1943176818
1001,0.5692464673,0.2630317452,0.5048324886,1.009664977,81.65617039,4.408729901,-0.1451131171
1002,0.5850989578,0.2620174367,0.5231516541,1.046303308,79.98990549,4.500567888,-0.1738216808
1003,0.640987174,0.3334831067,0.5474062246,1.094812449,73.62368472,4.889730816,-0.281944875
1004,0.5837795272,0.2930621516,0.5048892074,1.009778415,79.80498735,4.510996267,-0.1769990697
1005,0.6216241789,0.2892295625,0.5502389299,1.10047786,76.07584043,4.732119921,-0.2406373374
1006,0.6490514008,0.3150507274,0.5674599193,1.134919839,73.20541615,4.917668923,-0.2889413006
1007,0.6328779005,0.2700015701,0.5723928625,1.144785725,75.2653557,4.78307711,-0.2543427634
1008,0.5970430427,0.3001067139,0.5161359851,1.03227197,78.34537701,4.595038198,-0.2020117087
1009,0.6168586631,0.3117652826,0.5322753224,1.064550645,76.22281834,4.722995132,-0.2381466794
1010,0.612249266,0.3201150103,0.5218961045,1.043792209,76.54640863,4.703029266,-0.232657684
1011,0.5700621936,0.2703516343,0.5018773739,1.003754748,81.5039276,4.416965055,-0.1477416142
1012,0.6167821228,0.2181912495,0.5768992682,1.153798536,77.26122369,4.659517191,-0.2205063706
1013,0.7269690184,0.3076772652,0.6586491131,1.317298226,67.08083398,5.366659576,-0.3894320743
1014,0.6521718736,0.30729671,0.5752363729,1.150472746,73.04913346,4.928189876,-0.2915515271
1015,0.4993215851,0.2490448384,0.4327802142,0.8655604284,90.08975435,3.996014892,0.001566508369
1016,0.6170923849,0.3141976522,0.531114721,1.062229442,76.16452615,4.726609856,-0.2391346756
1017,0.6184431541,0.26343599,0.5595296364,1.119059273,76.68014644,4.694826715,-0.2303869396
1018,0.6066892585,0.3412748778,0.5016007518,1.003201504,76.75426873,4.690292878,-0.2291278702
1019,0.5915735348,0.2906445451,0.515252361,1.030504722,79.02096729,4.555752889,-0.1904497578
1020,0.6584595265,0.2304266521,0.6168245342,1.233649068,73.42682698,4.902840213,-0.2852396312
1021,0.6506506704,0.3477001224,0.5499553798,1.09991076,72.50511448,4.965166976,-0.3006206653
1022,0.612757408,0.2274785999,0.5689684769,1.137936954,77.56390573,4.641334093,-0.2153505528
1023,0.593764123,0.271553229,0.52802905,1.0560581,79.00863845,4.556463788,-0.1906609939
1024,0.57237199,0.2753305076,0.501799568,1.003599136,81.20813833,4.433053231,-0.1528454661
1025,0.6453121188,0.2882097718,0.5773758378,1.154751676,73.92045179,4.870100105,-0.2769716845
1026,0.6212760066,0.267637377,0.5606729089,1.121345818,76.3669081,4.714083744,-0.2357034423
1027,0.6447653187,0.2725542841,0.5843256613,1.168651323,74.16597759,4.853977682,-0.2728515671
1028,0.6123859811,0.2987566594,0.5345662245,1.069132449,76.8370653,4.685238805,-0.2277210029
1029,0.6798842645,0.3534694444,0.5807770355,1.161554071,69.9253741,5.148345713,-0.3432437722
1030,0.5958212995,0.3085334727,0.5097157219,1.019431444,78.35972896,4.594196596,-0.2017663779
1031,0.6306380316,0.310348692,0.548988175,1.09797635,74.94126121,4.803762229,-0.2598091618
1032,0.5637117224,0.2874581408,0.4849110467,0.9698220934,82.04390706,4.387894396,-0.1384141953
1033,0.5722868878,0.3065985999,0.4832282903,0.9664565805,80.88709337,4.450648243,-0.1583804911
1034,0.5843964785,0.2786223325,0.5137011192,1.027402238,79.89836352,4.505724324,-0.1753948453
1035,0.5833814504,0.249073075,0.5275381693,1.055076339,80.2830991,4.484131829,-0.1687801315
1036,0.5855774108,0.3122396866,0.495385993,0.990771986,79.37855366,4.535230026,-0.1843192596
1037,0.6142715108,0.2266021785,0.5709474071,1.141894814,77.42794746,4.649483963,-0.2176671875
1038,0.6656116261,0.2957087136,0.5963180305,1.192636061,72.06230308,4.995677138,-0.3079826388
1039,0.6840765805,0.370745977,0.5748984159,1.149796832,69.23681999,5.199545561,-0.3545061421
1040,0.6125537521,0.2961289251,0.5362180144,1.072436029,76.85538235,4.684122165,-0.227409698
1041,0.5881647197,0.2328199298,0.5401227803,1.080245561,79.92804917,4.504050877,-0.1748847411
1042,0.6593802352,0.3131714161,0.5802636975,1.160527395,72.33616404,4.976763764,-0.3034316981
1043,0.5692976685,0.2828856037,0.4940400495,0.988080099,81.46993445,4.418808023,-0.1483283698
1044,0.6281726803,0.3337178789,0.5321966682,1.064393336,74.7993702,4.812874748,-0.2621997862
1045,0.6655736263,0.26244643,0.6116454229,1.223290846,72.48831148,4.966317916,-0.3009003545
1046,0.5823055424,0.2840601277,0.5083203601,1.01664072,80.06022842,4.4966147,-0.1726128676
1047,0.6548119305,0.2057111258,0.6216603551,1.24332071,73.95568862,4.867779703,-0.2763806934
1048,0.5847261454,0.2812387462,0.5126494249,1.02529885,79.83632785,4.509225433,-0.1764606848
1049,0.6143605065,0.3304540401,0.5179179079,1.035835816,76.176424,4.725871616,-0.2389330386
1050,0.5907643743,0.2900986003,0.5146312739,1.029262548,79.110716,4.550584525,-0.1889117844
1051,0.6297378192,0.3610505271,0.515957593,1.031915186,74.14157298,4.855575428,-0.2732613211
1052,0.6791015286,0.3214169198,0.5982224083,1.196444817,70.55642521,5.102299315,-0.3328783788
1053,0.573016058,0.2787672439,0.5006358222,1.001271644,81.10559378,4.43865809,-0.1546139311
1054,0.6109542845,0.2344881743,0.5641634815,1.128326963,77.67502749,4.634694208,-0.2134562138
1055,0.5897027465,0.2851346762,0.5161855728,1.032371146,79.27695412,4.541042274,-0.1860618333
1056,0.6482839202,0.3350388114,0.5549964288,1.109992858,72.94406799,4.935288227,-0.2933051078
1057,0.7032052996,0.3118559183,0.6302726232,1.260545246,68.7975462,5.232744769,-0.3616644983
1058,0.6074356719,0.3228377497,0.5145424014,1.029084803,76.98027224,4.676522822,-0.2252865305
1059,0.6302382557,0.2853800194,0.5619239303,1.123847861,75.32077242,4.779557995,-0.2534072478
1060,0.6093575694,0.3039517303,0.5281382329,1.056276466,77.06322211,4.671489073,-0.2238757645
1061,0.6542971692,0.2916014846,0.585724645,1.17144929,73.0867441,4.925653816,-0.2909235533
1062,0.6727514469,0.3587216971,0.5691337746,1.138267549,70.40579966,5.113215129,-0.33535621
1063,0.5963799924,0.2357093638,0.5478231386,1.095646277,79.08235393,4.552216545,-0.1893978597
1064,0.6486019021,0.2675453335,0.5908501687,1.181700337,73.88708489,4.872299408,-0.2775312165
1065,0.5914527324,0.2616064448,0.5304511313,1.060902263,79.34312446,4.537255149,-0.1849269857
1066,0.6606047948,0.2095783996,0.6264787221,1.252957444,73.43047083,4.902596918,-0.2851786754
1067,0.5436005966,0.2800353237,0.4659204075,0.931840815,84.42220379,4.264281005,-0.09719721273
1068,0.6718856814,0.3081186451,0.5970705733,1.194141147,71.35743522,5.045024374,-0.3196633141
1069,0.6455536972,0.2605333733,0.5906453567,1.181290713,74.23559163,4.84942589,-0.2716824733
1070,0.6522031117,0.2531014855,0.6010894583,1.202178917,73.73530289,4.882328897,-0.28007527
1071,0.6368358541,0.2816800055,0.5711534641,1.142306928,74.76441833,4.815124735,-0.26278842
1072,0.6758479581,0.2698166527,0.6196526741,1.239305348,71.54678087,5.031672923,-0.3165302633
1073,0.6784819424,0.3035545135,0.6067885987,1.213577197,70.8815916,5.078892726,-0.3275214821
1074,0.6730642765,0.3280622584,0.5876994766,1.175398953,70.94298664,5.074497382,-0.3265088511
1075,0.6693743342,0.2593304781,0.6170978062,1.234195612,72.20559172,4.985763449,-0.3056023815
1076,0.6150067321,0.2657904194,0.5546068279,1.109213656,76.98114971,4.676469517,-0.2252716095
1077,0.6691508184,0.3184272792,0.5885294263,1.177058853,71.42617045,5.040169419,-0.3185263728
1078,0.5805831092,0.2502733811,0.5238701952,1.04774039,80.5626819,4.468570205,-0.1639685054
1079,0.6290893456,0.2883559895,0.559110211,1.118220422,75.38885865,4.775241414,-0.2522575277
1080,0.6207557792,0.3042609672,0.5410757815,1.082151563,75.95690069,4.739529875,-0.2426517077
1081,0.6111500621,0.2601020508,0.5530382642,1.106076528,77.41127865,4.650485127,-0.2179511284
1082,0.6373048003,0.3097903285,0.5569446659,1.113889332,74.33744553,4.842781419,-0.2699712231
1083,0.6487245923,0.2959256737,0.5772967974,1.154593595,73.51455477,4.896989462,-0.2837717679
1084,0.6597122769,0.2766880571,0.5988856379,1.197771276,72.81447495,4.944071907,-0.2954667033
1085,0.6021238932,0.2758939986,0.535196865,1.07039373,78.1236277,4.608080943,-0.2058006492
1086,0.6211900615,0.2840450024,0.5524450462,1.104890092,76.18204561,4.725522886,-0.2388377636
1087,0.5874782925,0.282972725,0.5148370432,1.029674086,79.53106118,4.52653334,-0.1817024567
1088,0.6528647256,0.2186897346,0.6151480715,1.230296143,74.01364404,4.863968051,-0.2754084394
1089,0.6266467372,0.29317406,0.5538367122,1.107673424,75.55293524,4.764871131,-0.2494854314
1090,0.604842568,0.2139448102,0.5657403558,1.131480712,78.42869904,4.590156466,-0.2005872339
1091,0.656261105,0.3281675641,0.5683174182,1.136634836,72.36357532,4.974878569,-0.3029758021
1092,0.6256617452,0.2911631963,0.5537839041,1.107567808,75.67135674,4.757414371,-0.2474834114
1093,0.6211656116,0.229788065,0.5770997853,1.154199571,76.75397384,4.690310898,-0.22913288
1094,0.663900143,0.3178801693,0.5828512657,1.165702531,71.87706745,5.008551584,-0.3110568472
1095,0.6376658896,0.2971487846,0.5641988892,1.128397778,74.48570634,4.833142058,-0.2674787661
1096,0.6693989373,0.2966497316,0.6000782233,1.200156447,71.73115845,5.018739524,-0.3134760953
1097,0.5806039474,0.2477472908,0.5250925858,1.050185172,80.58168808,4.467516238,-0.1636412656
1098,0.5919387895,0.3302589707,0.491243873,0.982487746,78.44996421,4.588912227,-0.200223616
1099,0.5803754644,0.312878286,0.4888178166,0.9776356332,79.92681778,4.504120269,-0.1749059017
1100,0.5925947047,0.3166044686,0.5009292311,1.001858462,78.58203809,4.581199581,-0.1979646402
1101,0.6423863457,0.2571352969,0.5886778883,1.177355777,74.55375402,4.828730689,-0.2663341954
1102,0.6291562958,0.3681600763,0.5101919273,1.020383855,74.04748989,4.861744814,-0.2748405147
1103,0.6252760359,0.2969524984,0.5502629688,1.100525938,75.63061816,4.759976961,-0.2481722527
1104,0.5718067099,0.2696327477,0.5042430911,1.008486182,81.32188726,4.426852501,-0.1508831998
1105,0.6276336396,0.2638405414,0.5694841124,1.138968225,75.81679891,4.748288046,-0.2450231375
1106,0.5756952705,0.2867764354,0.4991836542,0.9983673083,80.73570817,4.458993526,-0.1609887565
1107,0.6396978601,0.265596775,0.5819550715,1.163910143,74.69922507,4.819327104,-0.2638860957
1108,0.606120071,0.2622120095,0.5464672017,1.092934403,77.8770345,4.622672169,-0.2100104647
1109,0.5862912727,0.2675872071,0.5216651637,1.043330327,79.81329073,4.510526965,-0.1768564347
1110,0.5902926272,0.2826488816,0.5182229206,1.036445841,79.2438437,4.542939655,-0.1866295969
1111,0.5844696484,0.2829946138,0.5113891067,1.022778213,79.84435572,4.508772057,-0.1763227691
1112,0.5980668204,0.3025989293,0.5158660773,1.031732155,78.20916506,4.603041085,-0.2043394691
1113,0.6626672619,0.2207112923,0.6248315177,1.249663035,73.15965856,4.920744671,-0.2897057652
1114,0.5958010169,0.2849903381,0.5232201821,1.046440364,78.65481772,4.576960578,-0.1967193758
1115,0.5984151376,0.2970426561,0.5194866095,1.038973219,78.24499885,4.600933034,-0.2037272078
1116,0.5674219397,0.2276924811,0.5197343472,1.039468694,82.11638039,4.384021778,-0.137161362
1117,0.6697862901,0.247300377,0.6224597962,1.244919592,72.30322353,4.979031119,-0.3039794625
1118,0.6044333543,0.2410149611,0.5543026865,1.108605373,78.24558559,4.600898533,-0.203717182
1119,0.6262141104,0.292666142,0.5536159692,1.107231938,75.60003003,4.761902871,-0.2486893796
1120,0.6364252995,0.290216676,0.5664021917,1.132804383,74.69180712,4.819805731,-0.264010972
1121,0.6597603918,0.3215608777,0.5760923334,1.152184667,72.17108428,4.988147312,-0.3061757815
1122,0.5914436866,0.2678531437,0.5273142591,1.054628518,79.28231623,4.540735149,-0.1859698802
1123,0.605486287,0.2658375101,0.5440074098,1.08801482,77.9011519,4.621241037,-0.209598905
1124,0.6963430666,0.3047819701,0.6261003251,1.25220065,69.43544733,5.184671718,-0.3512624668
1125,0.6855288107,0.3456878674,0.5919878788,1.183975758,69.61773572,5.171096076,-0.3482818981
1126,0.6179473802,0.273026408,0.5543604831,1.108720966,76.62037732,4.698489,-0.2314019198
1127,0.6562019886,0.2879855484,0.5896315576,1.179263115,72.97044863,4.933503998,-0.2928648979
1128,0.6636174971,0.3157514593,0.5836858731,1.167371746,71.93457433,5.004547582,-0.3101027979
1129,0.6603229546,0.2658064925,0.6044611757,1.208922351,72.89395032,4.938681446,-0.2941412427
1130,0.5815339127,0.2897353709,0.5042173207,1.008434641,80.07996641,4.495506381,-0.1722735354
1131,0.6095722873,0.2896651008,0.5363511003,1.072702201,77.22820294,4.661509478,-0.2210684689
1132,0.5894279158,0.2483639501,0.5345471132,1.069094226,79.67078489,4.518594871,-0.1793038747
1133,0.6648268811,0.2510055612,0.6156224412,1.231244882,72.67881435,4.953300397,-0.2977278855
1134,0.6356327135,0.275055364,0.5730388234,1.146077647,74.95489015,4.802888768,-0.2595794532
1135,0.6342368455,0.3000062345,0.5587957009,1.117591402,74.75847715,4.815507401,-0.2628884673
1136,0.6319301372,0.2758755693,0.5685317657,1.137063531,75.28263506,4.781979267,-0.254051088
1137,0.6230706674,0.2921407726,0.5503370109,1.100674022,75.90176728,4.742972567,-0.2435850962
1138,0.6000594363,0.2569987822,0.5422388339,1.084477668,78.52520729,4.584515118,-0.198936797
1139,0.6306232143,0.3596532532,0.5180107875,1.036021575,74.08707101,4.859147421,-0.274176232
1140,0.6085216842,0.2955504545,0.5319291015,1.063858203,77.25662229,4.659794712,-0.2205847027
1141,0.6210319548,0.3022367712,0.542525228,1.085050456,75.95884822,4.739408357,-0.2426187326
1142,0.5884728511,0.2992715897,0.5066920288,1.013384058,79.23888856,4.543223745,-0.1867145603
1143,0.6020181699,0.3118733546,0.5149377511,1.029875502,77.68393127,4.634163,-0.2133043926
1144,0.6043476397,0.2798582541,0.5356448704,1.071289741,77.85871557,4.623759811,-0.2103230494
1145,0.6135788062,0.3107557313,0.5290650498,1.0581301,76.55513466,4.702493198,-0.2325095625
1146,0.6255603782,0.3360247406,0.5276487093,1.055297419,75.00580122,4.799628751,-0.2587212434
1147,0.6207743217,0.2641422622,0.561773641,1.123547282,76.45267639,4.708795257,-0.2342484158
1148,0.6812381914,0.3186489915,0.6021198333,1.204239667,70.42700751,5.111675375,-0.3350074749
1149,0.6034446537,0.2800301876,0.5345358212,1.069071642,77.94603088,4.618580265,-0.2088329536
1150,0.5893221356,0.2950821019,0.5101246246,1.020249249,79.20118096,4.545386769,-0.1873610681
1151,0.5809934484,0.2598462123,0.519647316,1.039294632,80.4362754,4.475592613,-0.1661444544
1152,0.6230533312,0.3141174237,0.5380759219,1.076151844,75.59590047,4.762162998,-0.2487591889
1153,0.6334285456,0.2713174278,0.5723797478,1.144759496,75.19976891,4.787248754,-0.2554496573
1154,0.6131186619,0.2539304649,0.5580625526,1.116125105,77.28537747,4.658060966,-0.2200951646
1155,0.6342281143,0.3066456468,0.5551700175,1.110340035,74.66467416,4.821557237,-0.2644676999
1156,0.5921071107,0.2740357441,0.5248764059,1.049752812,79.15099891,4.548268562,-0.1882213279
1157,0.634893519,0.3131627993,0.552285109,1.104570218,74.50697825,4.831762184,-0.2671210102
1158,0.6222108196,0.3014424744,0.544314926,1.088629852,75.85804071,4.745706541,-0.2443252105
1159,0.5611383798,0.2676377689,0.4932000669,0.9864001338,82.50625089,4.363305763,-0.1304180262
1160,0.5742564681,0.3381163502,0.4641635756,0.9283271511,80.24848908,4.48606577,-0.1693754934
1161,0.613536226,0.2946280293,0.5381644962,1.076328992,76.77968196,4.688740443,-0.2286961031
1162,0.6146983896,0.2650105809,0.5546381723,1.109276345,77.01904787,4.674168403,-0.2246271145
1163,0.5863369282,0.2833032766,0.5133519717,1.026703943,79.64608192,4.519996355,-0.1797280188
1164,0.6265683968,0.2226437174,0.5856771559,1.171354312,76.31706074,4.717162801,-0.2365488411
1165,0.6401850597,0.3355079347,0.5452259499,1.0904519,73.66112126,4.887245725,-0.2813179317
1166,0.6413552125,0.2940631881,0.56996785,1.1399357,74.19517301,4.852067667,-0.2723613099
1167,0.6794887932,0.3101281813,0.604587075,1.20917415,70.7015501,5.091826127,-0.3304888587
1168,0.6214977423,0.2553218346,0.5666305714,1.133261143,76.47863593,4.707196927,-0.2338079185
1169,0.6598757658,0.2300155253,0.618489195,1.23697839,73.31016728,4.910642185,-0.2871905473
1170,0.6503109002,0.3110965323,0.5710719871,1.142143974,73.15518848,4.921045349,-0.2897804362
1171,0.6551574332,0.3658049285,0.5435237037,1.087047407,71.74961745,5.017448354,-0.3131701473
1172,0.6350131137,0.2664275108,0.5764182822,1.152836564,75.11219745,4.792830089,-0.2569270597
1173,0.6305499456,0.2774885236,0.5662096371,1.132419274,75.38989213,4.775175953,-0.2522400734
1174,0.6403034628,0.2127490095,0.6039258095,1.207851619,75.16236629,4.789631005,-0.2560807435
1175,0.6375393048,0.2931428513,0.5661480671,1.132296134,74.55173594,4.8288614,-0.2663681451
1176,0.5749821369,0.2634390074,0.5110815464,1.022163093,81.03750538,4.442387489,-0.1557878983
1177,0.6164710784,0.2755281616,0.5514715067,1.102943013,76.73205724,4.691650569,-0.2295052033
1178,0.5984433298,0.2621732421,0.5379587439,1.075917488,78.63450373,4.578142965,-0.1970669817
1179,0.5734892663,0.2457196163,0.5181812509,1.036362502,81.34353861,4.425674198,-0.1505096279
1180,0.6737402352,0.2939112256,0.6062525018,1.212505004,71.40854101,5.041413743,-0.3188180231
1181,0.6041261663,0.2777104167,0.536512208,1.073024416,77.90508741,4.621007587,-0.2095317427
1182,0.6807441442,0.3083892426,0.6068843917,1.213768783,70.62563389,5.097299382,-0.3317391048
1183,0.5617634098,0.2927110699,0.4794771717,0.9589543434,82.21197314,4.378924216,-0.1355085322
1184,0.6170316352,0.2806069277,0.5495341581,1.099068316,76.61869453,4.698592194,-0.2314304928
1185,0.6253520368,0.3013826955,0.5479357999,1.0958716,75.56280999,4.764248445,-0.2493185306
1186,0.6240603725,0.2819018829,0.5567608795,1.113521759,75.93846754,4.740680338,-0.2429637992
1187,0.6063918179,0.2739386501,0.5409885885,1.081977177,77.72462604,4.631736662,-0.212610427
1188,0.575794463,0.2352521505,0.5255432326,1.051086465,81.18074341,4.434549191,-0.1533179622
1189,0.6009169951,0.2848310323,0.5291242936,1.058248587,78.14176271,4.607011507,-0.2054908985
1190,0.6598014868,0.3201382923,0.5769310841,1.153862168,72.19048469,4.986806801,-0.3058534243
1191,0.6113067463,0.2460318603,0.5596108127,1.119221625,77.53579974,4.643016532,-0.2158295592
1192,0.6433023144,0.3303191259,0.5520209622,1.104041924,73.46929773,4.900006004,-0.2845290929
1193,0.6057444609,0.2936647719,0.5297993523,1.059598705,77.55436927,4.641904813,-0.2155130872
1194,0.6324419745,0.2722512168,0.5708433464,1.141686693,75.27888205,4.782217671,-0.2541144408
1195,0.6962301938,0.266943977,0.6430220804,1.286044161,69.94528987,5.146879807,-0.3429172734
1196,0.62663264,0.2574124552,0.5713206573,1.142641315,75.97901987,4.738150092,-0.2422771749
1197,0.6084675654,0.3142104039,0.5210610331,1.042122066,77.00664391,4.674921302,-0.2248380667
1198,0.6071038549,0.1851947142,0.5781678031,1.156335606,78.41005303,4.591248011,-0.2009060433
1199,0.5970075921,0.3074256878,0.5117690021,1.023538004,78.25322379,4.600449446,-0.2035866641
1200,0.6173368668,0.3265780097,0.5238812944,1.047762589,75.94991439,4.739965843,-0.2427699957
1201,0.576177416,0.2617575286,0.51328687,1.02657374,80.92555816,4.448532802,-0.1577175918
1202,0.670840056,0.3469373808,0.5741609831,1.148321966,70.7926694,5.08527229,-0.3289874705
1203,0.6507414636,0.2793446187,0.5877338143,1.175467629,73.55649954,4.894197008,-0.2830697117
1204,0.6141433846,0.3045046789,0.5333376017,1.066675203,76.58849704,4.700444765,-0.2319431977
1205,0.6233375256,0.3410227731,0.5217788219,1.043557644,75.12922398,4.791743891,-0.2566398552
1206,0.585185616,0.2578081998,0.5253352618,1.050670524,80.01994806,4.498878201,-0.1733052971
1207,0.6333513742,0.2788653462,0.5686546244,1.137309249,75.11631102,4.792567621,-0.2568576738
1208,0.6374591417,0.262717732,0.5808042274,1.161608455,74.93300302,4.80429164,-0.2599483422
1209,0.6178592186,0.3130925545,0.532656612,1.065313224,76.10701125,4.730181807,-0.2401092547
1210,0.6361363356,0.3244652275,0.5471670253,1.094334051,74.21582587,4.850717428,-0.272014459
1211,0.6849838264,0.3576205932,0.584217728,1.168435456,69.43353501,5.184814513,-0.3512937159
1212,0.6471035031,0.308469522,0.568849275,1.13769855,73.47758364,4.899453441,-0.2843904508
1213,0.5835848826,0.2460271469,0.5291899075,1.058379815,80.28787881,4.483864879,-0.1686979059
1214,0.5876190509,0.3283845238,0.4872984235,0.974596847,78.93487613,4.560721669,-0.1919246148
1215,0.6699327389,0.3324673588,0.5816144169,1.163228834,71.12833108,5.061274383,-0.3234495673
1216,0.6657633423,0.3317063217,0.5772449602,1.15448992,71.49130917,5.035577109,-0.3174484978
1217,0.5883721892,0.2457594218,0.5345878221,1.069175644,79.80059156,4.511244754,-0.1770745788
1218,0.6086602247,0.3014350543,0.5287761126,1.057552225,77.16576712,4.665281166,-0.2221310868
1219,0.5994624812,0.255191095,0.5424322735,1.084864547,78.60185397,4.58004464,-0.1976256207
1220,0.6140315893,0.303255091,0.5339205395,1.067841079,76.61655568,4.698723361,-0.2314668091
1221,0.6129192339,0.3004609522,0.5342220544,1.068444109,76.76245972,4.689792397,-0.2289887113
1222,0.5643450775,0.262941848,0.4993465241,0.9986930481,82.19060688,4.38006256,-0.1358779947
1223,0.638850688,0.2846186132,0.571946192,1.143892384,74.54508071,4.829292511,-0.2664801025
1224,0.5638332075,0.2912829807,0.4827650682,0.9655301364,81.9930543,4.390615803,-0.1392931454
1225,0.5798136197,0.2244446526,0.5346105419,1.069221084,80.84221492,4.45311896,-0.1591538328
1226,0.6511163447,0.3229174748,0.5653996806,1.130799361,72.89881128,4.93835213,-0.2940601551
1227,0.656314848,0.2741092347,0.5963332182,1.192666436,73.13789267,4.922209088,-0.2900693397
1228,0.6098188405,0.2794519214,0.5420199644,1.084039929,77.32721047,4.655541016,-0.2193828862
1229,0.5993385959,0.2637344705,0.5381922348,1.07638447,78.52961812,4.584257617,-0.1988613517
1230,0.6167299776,0.2521963739,0.5628080083,1.125616017,76.95927775,4.677798578,-0.2256435187
1231,0.5912332968,0.2905630817,0.5149076683,1.029815337,79.05695697,4.55367894,-0.1898330788
1232,0.5637954322,0.2734851908,0.4930224536,0.9860449072,82.16240339,4.381566083,-0.1363656568
1233,0.5946675512,0.2527665702,0.5382736827,1.076547365,79.10263542,4.551049381,-0.1890502758
1234,0.5587025123,0.2072825107,0.5188279657,1.037655931,83.16929557,4.32852049,-0.118936075
1235,0.6220245677,0.2939047949,0.5482103012,1.096420602,75.97733312,4.738255282,-0.242305737
1236,0.5857840853,0.285628682,0.5114286368,1.022857274,79.67824017,4.518172078,-0.1791758627
1237,0.5981621102,0.3244789665,0.5025050352,1.00501007,77.89235152,4.621763151,-0.2097490865
1238,0.6368825987,0.2761025264,0.5739223287,1.147844657,74.82899187,4.810969532,-0.2617008433
1239,0.5698981376,0.283512327,0.4943729844,0.9887459688,81.39807351,4.422709095,-0.1495685889
1240,0.6318108846,0.3397185211,0.5327065987,1.065413197,74.35504611,4.841635085,-0.2696754288
1241,0.5980777931,0.3120363393,0.5102258025,1.020451605,78.08112016,4.610589593,-0.206526608
1242,0.5808858799,0.2871572396,0.5049446754,1.009889351,80.17693881,4.490069156,-0.1706061059
1243,0.6220793127,0.2728365868,0.5590553356,1.118110671,76.23233472,4.722405542,-0.2379853625
1244,0.5976490997,0.2683383788,0.5340214985,1.068042997,78.65085523,4.577191169,-0.1967871825
1245,0.6650728936,0.2940675999,0.5965284574,1.193056915,72.130576,4.990948637,-0.3068487539
1246,0.6543035687,0.3010100356,0.5809527678,1.161905536,72.95508779,4.934542757,-0.2931212296
1247,0.5723084196,0.2269967763,0.5253659589,1.050731918,81.60452205,4.411520231,-0.14600495
1248,0.6609184765,0.2976753275,0.5900869698,1.18017394,72.43294555,4.970114045,-0.3018217482
1249,0.5939665538,0.2682589176,0.5299371852,1.05987437,79.02220141,4.55568174,-0.1904286125
1250,0.578892376,0.2831670407,0.5049087146,1.009817429,80.43117241,4.475876569,-0.1662322798
1251,0.6582847108,0.3194034407,0.5756042065,1.151208413,72.33252565,4.977014099,-0.3034922054
1252,0.570783006,0.258025085,0.5091328858,1.018265772,81.53271554,4.415405492,-0.147244665
1253,0.5740210944,0.3090650183,0.4837137907,0.9674275815,80.66665991,4.462810291,-0.1621780395
1254,0.561060297,0.2033056746,0.5229296889,1.045859378,82.93729937,4.340628435,-0.1229554457
1255,0.5750589563,0.1987252058,0.5396305179,1.079261036,81.49538032,4.417428308,-0.1478891536
1256,0.7068973901,0.3675206652,0.603848061,1.207696122,67.5338727,5.330658314,-0.382137177
1257,0.64474348,0.3169407832,0.5614647762,1.122929552,73.55811624,4.894089441,-0.283042649
1258,0.6038803666,0.2749166156,0.53767309,1.07534618,77.96069617,4.617711458,-0.2085826327
1259,0.5986306585,0.2673883981,0.5355950988,1.071190198,78.56261271,4.582332328,-0.1982969558
1260,0.6174567158,0.2784113504,0.5511260436,1.102252087,76.60432356,4.699473649,-0.2316744968
1261,0.6367470141,0.2527951865,0.5844153948,1.16883079,75.10495824,4.79329206,-0.2570491643
1262,0.674052319,0.3202031712,0.5931411787,1.186282357,70.9903593,5.071111113,-0.3257272446
1263,0.6980006893,0.2912037329,0.6343542766,1.268708553,69.49765308,5.180031038,-0.3502457485
1264,0.6799913732,0.3586544269,0.5777155612,1.155431122,69.81482249,5.156498107,-0.3450553982
1265,0.6260362862,0.2808924019,0.5594826987,1.118965397,75.76626654,4.751454921,-0.245878114
1266,0.6561825934,0.2879311218,0.5896365533,1.179273107,72.97284584,4.933341928,-0.2928248929
1267,0.6233789521,0.305407359,0.543440579,1.086881158,75.69207526,4.756112166,-0.2471330376
1268,0.5687523757,0.2628861836,0.5043511865,1.008702373,81.71085869,4.40577918,-0.1441686635
1269,0.6590302835,0.2761276413,0.5983932155,1.196786431,72.87978554,4.939641319,-0.2943775192
1270,0.6389062687,0.2827749428,0.5729219423,1.145843885,74.56354755,4.828096461,-0.266169436
1271,0.6036397367,0.2794394373,0.5350649798,1.07012996,77.9334876,4.619323619,-0.2090470433
1272,0.6030312795,0.3003450738,0.522914487,1.045828974,77.73840048,4.630915967,-0.2123755081
1273,0.6593407822,0.2702585544,0.6014071673,1.202814335,72.9249587,4.936581472,-0.2936239429
1274,0.6401975164,0.2765482893,0.5773854031,1.154770806,74.52490863,4.830599683,-0.2668194244
1275,0.6426458765,0.2665080002,0.5847796238,1.169559248,74.42542424,4.837056741,-0.2684924035
1276,0.6310808483,0.2986661158,0.555933079,1.111866158,75.06721497,4.795702094,-0.257685718
1277,0.6181136597,0.3531161045,0.5073199317,1.014639863,75.4087202,4.773983686,-0.2519220737
1278,0.6013529382,0.2881811656,0.5278039145,1.055607829,78.05846949,4.611927474,-0.2069133977
1279,0.6302796901,0.3289929222,0.5376022181,1.075204436,74.68203816,4.820436197,-0.2641754193
1280,0.5912904259,0.2541807959,0.5338693574,1.067738715,79.42971703,4.532308731,-0.1834415165
1281,0.6073723171,0.31300148,0.5205105236,1.041021047,77.13260412,4.667286994,-0.2226953928
1282,0.5996684513,0.253138238,0.543620533,1.087241066,78.60110147,4.580088488,-0.1976384954
1283,0.6299375106,0.26927882,0.5694823829,1.138964766,75.54309456,4.765491831,-0.2496517489
1284,0.6461935371,0.2839351228,0.5804713029,1.160942606,73.89802693,4.87157797,-0.2773477391
1285,0.6025227203,0.2430729898,0.5513158352,1.10263167,78.41348924,4.591046814,-0.2008472925
1286,0.6151798761,0.3192557184,0.5258536548,1.05170731,76.27357395,4.719852255,-0.2372862203
1287,0.5895319428,0.3219464394,0.4938607109,0.9877214218,78.82670011,4.566980471,-0.1937772003
1288,0.6936444945,0.3512759775,0.5981202825,1.196240565,68.87105031,5.22716001,-0.3604681532
1289,0.6131824008,0.2476650728,0.5609408777,1.121881755,77.34091355,4.654716158,-0.2191495424
1290,0.5727294911,0.2566985716,0.5119813604,1.023962721,81.33555147,4.426108799,-0.1506474404
1291,0.6294759785,0.2624222473,0.5721665593,1.144333119,75.66271614,4.757957662,-0.2476295242
1292,0.633294605,0.2460416941,0.5835456635,1.167091327,75.48648278,4.769065755,-0.2506084024
1293,0.6791105236,0.3434228498,0.5858769917,1.171753983,70.17728571,5.129864975,-0.3391108956
1294,0.6475279316,0.3020169744,0.5727810833,1.145562167,73.53431378,4.895673618,-0.2834410677
1295,0.6256380643,0.2661798921,0.5661901205,1.132380241,75.97561891,4.73836219,-0.2423347639
1296,0.6496058915,0.2944268641,0.5790514968,1.158102994,73.45771489,4.900778639,-0.28472289
1297,0.6306110128,0.3272385732,0.5390595196,1.078119039,74.68019937,4.820554886,-0.2642063719
1298,0.6512281395,0.3090202448,0.5732404191,1.146480838,73.10600889,4.924355815,-0.2906018462
1299,0.6795379532,0.3055534089,0.6069670042,1.213934008,70.76603264,5.087186416,-0.3294264551
1300,0.543934277,0.2323107828,0.4918294399,0.9836588797,84.6724126,4.251679962,-0.09285000919
1301,0.5833841835,0.3148214404,0.491146176,0.9822923519,79.57800438,4.52386313,-0.180896721
1302,0.580954935,0.2869160886,0.505161157,1.010322314,80.17223144,4.490332794,-0.1706870598
1303,0.6224336231,0.2440047857,0.5726126786,1.145225357,76.50459102,4.705599954,-0.2333674487
1304,0.6839997529,0.2751863559,0.6262013506,1.252402701,70.8171969,5.083511008,-0.3285831845
1305,0.5970535326,0.2930856911,0.5201669909,1.040333982,78.43192658,4.589967577,-0.2005320472
1306,0.5822360241,0.2909138461,0.504349008,1.008698016,79.99245851,4.500424249,-0.1737778003
1307,0.6268778594,0.2925501648,0.5544278597,1.108855719,75.53961881,4.765711102,-0.2497104909
1308,0.5622549142,0.2594400034,0.498820081,0.997640162,82.44810582,4.366382907,-0.1314241143
1309,0.6346247035,0.3219051088,0.5469237746,1.093847549,74.39566057,4.838991915,-0.2689927672
1310,0.5805958321,0.2595376189,0.5193570493,1.038714099,80.48058167,4.473128704,-0.1653818621
1311,0.5764616282,0.2652329799,0.5118197683,1.023639537,80.86422974,4.451906624,-0.1587744875
1312,0.644918518,0.2485320665,0.5951064667,1.190212933,74.42115355,4.837334317,-0.2685642035
1313,0.6946911435,0.2813489883,0.6351681129,1.270336226,69.88749036,5.151136464,-0.3438647229
1314,0.6223644603,0.3236114588,0.531613718,1.063227436,75.51486457,4.767273332,-0.2501288236
1315,0.6204217034,0.3448296581,0.5157669987,1.031533997,75.34011064,4.778331183,-0.2530807343
1316,0.6228703807,0.2452553824,0.5725533237,1.145106647,76.45179101,4.708849789,-0.2342634386
1317,0.5763173103,0.2842207505,0.501358362,1.002716724,80.69543002,4.461219178,-0.1616825334
1318,0.6273108186,0.2804585284,0.5611255447,1.122251089,75.65305249,4.758565426,-0.2477929301
1319,0.6044836427,0.2971736312,0.5263917811,1.052783562,77.6347104,4.637101087,-0.2141436091
1320,0.6203021099,0.3221242118,0.5301044234,1.060208847,75.73524441,4.753401178,-0.2464028945
1321,0.664561204,0.2845524053,0.6005593414,1.201118683,72.30184778,4.97912586,-0.3040023376
1322,0.6562900633,0.3254440573,0.5699147416,1.139829483,72.40648171,4.971930571,-0.302262057
1323,0.6534681476,0.3394528044,0.5583837511,1.116767502,72.41017552,4.971676942,-0.3022006029
1324,0.6770425911,0.2421475266,0.6322588438,1.264517688,71.75825788,5.016844202,-0.3130269257
1325,0.6380072253,0.325034199,0.5490045437,1.098009087,74.03581235,4.862511649,-0.2750364717
1326,0.6529415086,0.3309102559,0.5628774433,1.125754887,72.60579178,4.958282131,-0.2989443308
1327,0.6307070535,0.3131989854,0.5474466028,1.094893206,74.89229738,4.80690288,-0.2606343006
1328,0.6104018575,0.3051276356,0.5286658241,1.057331648,76.94462411,4.678689436,-0.2258926696
1329,0.6305643042,0.2632491266,0.5729845016,1.145969003,75.55367391,4.764824546,-0.2494729468
1330,0.5719040072,0.2639582978,0.5073462432,1.014692486,81.36188159,4.424676433,-0.1501931217
1331,0.6003695387,0.244110553,0.5485012496,1.097002499,78.6154258,4.579253961,-0.1973934139
1332,0.6082558946,0.3035840767,0.5270786865,1.054157373,77.17665179,4.664623194,-0.2219458557
1333,0.6726014128,0.2675897089,0.6170805524,1.234161105,71.84132779,5.011043241,-0.3116496169
1334,0.5698813257,0.3181605034,0.4727987093,0.9455974185,81.01409618,4.443671126,-0.1561914645
1335,0.6131291247,0.2714152314,0.5497827714,1.099565543,77.09898407,4.669322227,-0.2232673998
1336,0.6262852751,0.2482009964,0.5750039227,1.150007845,76.10618202,4.730233346,-0.240123304
1337,0.6214561384,0.2730327097,0.5582659504,1.116531901,76.28865042,4.718919499,-0.2370305932
1338,0.6233013618,0.2857736858,0.5539295877,1.107859175,75.96159627,4.739236899,-0.2425722027
1339,0.6012827868,0.2709527845,0.5367733025,1.073546605,78.26105223,4.599989263,-0.2034528916
1340,0.5861536874,0.2785061975,0.5157620024,1.031524005,79.71652904,4.516001943,-0.1785183704
1341,0.6884968853,0.3719751768,0.5793638139,1.158727628,68.85954834,5.228033129,-0.3606553972
1342,0.6065003785,0.2292272121,0.5615136636,1.123027327,78.14756635,4.606669367,-0.2053917666
1343,0.6330358404,0.2833512856,0.5660798744,1.132159749,75.08939818,4.794285328,-0.2573116037
1344,0.6604416384,0.2462889754,0.6128008635,1.225601727,73.09999829,4.924760717,-0.2907022222
1345,0.619248469,0.2771123571,0.5537846223,1.107569245,76.44946108,4.7089933,-0.2343029718
1346,0.6313648253,0.3104959984,0.5497397363,1.099479473,74.87179336,4.808219275,-0.260979778
1347,0.5881452258,0.2640939729,0.5255180111,1.051036022,79.65652307,4.519403887,-0.1795487508
1348,0.5792696399,0.2464936504,0.524208161,1.048416322,80.73077205,4.459266162,-0.1610737837
1349,0.627810071,0.2389817317,0.5805456202,1.16109124,76.05583751,4.733364483,-0.2409761807
1350,0.6781374293,0.3168717769,0.5995520411,1.199104082,70.70764166,5.091387459,-0.3303885131
1351,0.6959558879,0.3152369097,0.6204677983,1.240935597,69.30813312,5.194195599,-0.3533420542
1352,0.6530578019,0.3153896549,0.5718512553,1.143702511,72.84874997,4.941745742,-0.2948951469
1353,0.5645974801,0.2895851724,0.4846759149,0.9693518298,81.9242506,4.394303242,-0.1404821891
1354,0.6247793431,0.3206969695,0.536192765,1.07238553,75.33182805,4.778856551,-0.253220584
1355,0.6264479622,0.3060536126,0.546596959,1.093193918,75.39418835,4.774903847,-0.2521675141
1356,0.6008501472,0.2633982367,0.5400391359,1.080078272,78.38302133,4.59283138,-0.2013681934
1357,0.5979472297,0.2247198634,0.5541135917,1.108227183,79.01672804,4.555997305,-0.1905223919
1358,0.6795542741,0.2750489227,0.6214033324,1.242806665,71.17925784,5.057653183,-0.3226083791
1359,0.6438072478,0.3221273575,0.5574241992,1.114848398,73.55943676,4.894001584,-0.283020544
1360,0.5933236619,0.2866088005,0.5195078087,1.039015617,78.88836214,4.563410752,-0.1927212817
1361,0.5724831551,0.27277832,0.5033179423,1.006635885,81.22009777,4.432400476,-0.1526391838
1362,0.6610022413,0.2768603066,0.6002269018,1.200453804,72.70225361,4.95170345,-0.2973373204
1363,0.6885216671,0.3051885171,0.6171888327,1.234377665,70.04725398,5.139387764,-0.3412450273
1364,0.6250785552,0.3618620654,0.509685242,1.019370484,74.56526456,4.827985284,-0.2661405493
1365,0.693201163,0.2933776959,0.6280584208,1.256116842,69.84441817,5.154313107,-0.3445705349
1366,0.6401839476,0.3369003015,0.5443653862,1.088730772,73.63681057,4.888859216,-0.2817250723
1367,0.6624787041,0.3218633085,0.5790354428,1.158070886,71.9339715,5.004589521,-0.3101128004
1368,0.6303371054,0.310928395,0.5483141432,1.096628286,74.96056732,4.802525019,-0.2594837629
1369,0.5789057555,0.2504154021,0.5219425257,1.043885051,80.736298,4.45896095,-0.1609785962
1370,0.6629246119,0.3126919698,0.5845449281,1.169089856,72.04089135,4.997161935,-0.3083381574
1371,0.644628436,0.2719454842,0.584458274,1.168916548,74.18540619,4.852706462,-0.2725253249
1372,0.6298806153,0.2875066983,0.5604368724,1.120873745,75.32662019,4.779186948,-0.253308515
1373,0.5805997366,0.2481341537,0.5249052256,1.049810451,80.57890598,4.467670485,-0.1636891676
1374,0.5715425816,0.2778692612,0.499449293,0.998898586,81.2737226,4.429475955,-0.1517141545
1375,0.6106341246,0.2656615317,0.549816319,1.099632638,77.40242906,4.651016827,-0.2181018671
1376,0.5968873499,0.2382678977,0.5472685971,1.094537194,79.01046496,4.556358454,-0.1906296999
1377,0.5989166976,0.274242738,0.5324397913,1.064879583,78.46124414,4.588252505,-0.2000307268
1378,0.6510011913,0.2201339949,0.6126528996,1.225305799,74.16197316,4.854239776,-0.2729188049
1379,0.6046226605,0.2972196081,0.5265254657,1.053050931,77.62030192,4.637961862,-0.2143892442
1380,0.5940193935,0.2540313639,0.5369609912,1.073921982,79.15591477,4.547986099,-0.1881370627
1381,0.6498006385,0.3152829835,0.5681879179,1.136375836,73.13580935,4.922349301,-0.2901041369
1382,0.578675528,0.3129246354,0.4867684658,0.9735369315,80.11020426,4.493809538,-0.1717536516
1383,0.6138423056,0.2431091507,0.5636491081,1.127298216,77.32142321,4.655889468,-0.2194814312
1384,0.6200989698,0.270139406,0.5581643429,1.116328686,76.44960647,4.708984344,-0.2343005048
1385,0.6132487566,0.229516194,0.5686794828,1.137358966,77.49992016,4.645166076,-0.2164409743
1386,0.6003725956,0.2839231589,0.5289942281,1.057988456,78.20678732,4.603181033,-0.2043800928
1387,0.6067776207,0.2550208385,0.5505846464,1.101169293,77.88567802,4.622159159,-0.2098629687
1388,0.6037498881,0.3130676229,0.5162388894,1.032477779,77.49296309,4.645583104,-0.2165595183
1389,0.6536203536,0.3062278691,0.5774461523,1.154892305,72.93862828,4.935656297,-0.2933958717
1390,0.6499934656,0.2650427952,0.5935013244,1.187002649,73.79435324,4.87842205,-0.2790857459
1391,0.5895848844,0.2687618861,0.5247641227,1.049528245,79.46294786,4.530413352,-0.1828713404
1392,0.6659089166,0.3235403925,0.5820277482,1.164055496,71.61597119,5.026811674,-0.3153845256
1393,0.6307265597,0.291460855,0.5593447623,1.118689525,75.19705744,4.787421373,-0.2554954111
1394,0.6366782494,0.2932353918,0.565130249,1.130260498,74.62861489,4.82388693,-0.2650745919
1395,0.5747478136,0.2998403732,0.4903374347,0.9806748694,80.69553747,4.461213238,-0.1616806827
1396,0.6019584461,0.2784659539,0.5336765719,1.067353144,78.11123829,4.608811841,-0.2060122516
1397,0.6439723127,0.2714428923,0.5839684031,1.167936806,74.24961678,4.848509873,-0.2714468872
1398,0.6017755166,0.2963546092,0.5237439431,1.047487886,77.9153965,4.620396175,-0.2093558058
1399,0.6429721791,0.3029671735,0.5671191364,1.134238273,73.92586479,4.869743506,-0.2768809046
1400,0.6098139937,0.2523218146,0.5551637676,1.110327535,77.61846625,4.638071549,-0.2144205376
1401,0.6142122631,0.3009769147,0.5354153537,1.070830707,76.63010215,4.697892733,-0.231236793
1402,0.6250603369,0.2767388219,0.5604605688,1.120921138,75.90745667,4.742617074,-0.2434887873
1403,0.6082726347,0.2849590335,0.5373955223,1.074791045,77.41284929,4.650390772,-0.2179243744
1404,0.6315195886,0.3597629567,0.5190256311,1.038051262,74.00114389,4.864789665,-0.2756181646
1405,0.6039194245,0.2518927763,0.5488794955,1.097758991,78.19482194,4.603885412,-0.2045845154
1406,0.6696782135,0.2665880172,0.6143286894,1.228657379,72.09610254,4.993335109,-0.3074213479
1407,0.6075141052,0.2467851125,0.5551310622,1.110262124,77.89372432,4.621681697,-0.2097256595
1408,0.6143719943,0.2190409059,0.573998283,1.147996566,77.48091659,4.646305385,-0.2167647751
1409,0.586473246,0.2850273237,0.5125527222,1.025105444,79.61299489,4.521874858,-0.180296063
1410,0.6032541208,0.2339804919,0.5560293731,1.112058746,78.42184434,4.590557682,-0.200704438
1411,0.6213435582,0.3133402659,0.5365498067,1.073099613,75.76991176,4.751226333,-0.2458164454
1412,0.6377916665,0.2605849169,0.5821286034,1.164257207,74.92680602,4.804688991,-0.2600527806
1413,0.6249520028,0.2786404696,0.559396545,1.11879309,75.89476801,4.74340998,-0.2437035751
1414,0.6195124818,0.2874715247,0.5487766737,1.097553347,76.29818844,4.718329588,-0.2368688641
1415,0.621888756,0.3104080865,0.5388807333,1.077761467,75.76125187,4.751769422,-0.2459629487
1416,0.6132539309,0.2579076559,0.5563847812,1.112769562,77.23203868,4.661277964,-0.2210031785
1417,0.6305678688,0.3359943521,0.533595008,1.067190016,74.53621597,4.829866868,-0.2666292235
1418,0.6782246871,0.3376826517,0.5881829247,1.176365849,70.3527942,5.117067547,-0.3362276138
1419,0.6151109112,0.2744239709,0.5505024226,1.101004845,76.87477581,4.682940486,-0.2270800736
1420,0.6102477026,0.2305423149,0.5650243354,1.130048671,77.77678357,4.628630595,-0.2117208311
1421,0.6186183384,0.2132456813,0.5807020992,1.161404198,77.12905487,4.667501769,-0.2227557829
1422,0.5701848056,0.2434916485,0.5155797996,1.031159599,81.71134365,4.405753032,-0.1441602879
1423,0.6022090923,0.3072674236,0.5179213465,1.035842693,77.72844539,4.631509072,-0.2125452904
1424,0.6206478127,0.281307889,0.5532355547,1.106471109,76.26682478,4.720269934,-0.2374006496
1425,0.5994074658,0.2677801598,0.5362677467,1.072535493,78.48108234,4.587092701,-0.1996914706
1426,0.609214608,0.2633451436,0.5493557808,1.098711562,77.56431523,4.641309588,-0.2153435733
1427,0.6565381707,0.3248605093,0.5705331008,1.141066202,72.39465245,4.972742983,-0.3024588529
1428,0.6333758098,0.2480864428,0.5827675637,1.165535127,75.45844884,4.770837534,-0.2510820432
1429,0.6416616226,0.3397905773,0.5443087373,1.088617475,73.45181508,4.90117228,-0.2848215976
1430,0.6338000768,0.2696394567,0.5735826887,1.147165377,75.18548578,4.788158197,-0.2556906664
1431,0.6028293998,0.2973357893,0.5243993837,1.048798767,77.79748182,4.627399134,-0.2113677542
1432,0.6454037716,0.307697438,0.5673343944,1.134668789,73.6399321,4.888651982,-0.2816727977
1433,0.6439732763,0.3073153694,0.5659141669,1.131828334,73.77308525,4.879828447,-0.2794421742
1434,0.5869899057,0.2149909533,0.5462014642,1.092402928,80.17843014,4.48998564,-0.1705804587
1435,0.6079623724,0.3250158727,0.5137926905,1.027585381,76.89418802,4.681758261,-0.2267501047
1436,0.5760901205,0.230287255,0.5280602306,1.056120461,81.18603629,4.434260083,-0.1532266755
1437,0.5969584725,0.2664754021,0.5341818772,1.068363754,78.73926631,4.572051746,-0.1952740572
1438,0.5806953828,0.2572126054,0.5206234754,1.041246951,80.4909395,4.472553088,-0.1652035706
1439,0.586310579,0.2900397946,0.5095458886,1.019091777,79.57379432,4.524102477,-0.1809689877
1440,0.6583020807,0.2920654755,0.5899655816,1.179931163,72.73472642,4.949492735,-0.2967961482
1441,0.6074813627,0.3002607351,0.5280881527,1.056176305,77.29754251,4.657327883,-0.2198880461
1442,0.6444010582,0.251469667,0.5933091355,1.186618271,74.43603458,4.836367252,-0.2683140132
1443,0.6487551351,0.3460762531,0.5487389656,1.097477931,72.70284878,4.951662913,-0.2973274024
1444,0.6178530315,0.2679429658,0.5567305772,1.113461154,76.6866635,4.694427735,-0.2302762538
1445,0.5733694864,0.2593886455,0.5113414696,1.022682939,81.2445723,4.431065237,-0.1522170142
1446,0.563714456,0.2706708089,0.49448084,0.98896168,82.19561682,4.379795589,-0.1357913652
1447,0.5698911657,0.2951384717,0.4875133058,0.9750266116,81.27979863,4.429144831,-0.1516093345
1448,0.5911180793,0.2705672938,0.5255605799,1.05112116,79.28790805,4.540414911,-0.185873986
1449,0.5962594387,0.2840542661,0.5242504097,1.048500819,78.61912633,4.57903842,-0.1973300977
1450,0.59579484,0.2924098437,0.5191030482,1.038206096,78.56797738,4.582019444,-0.1982051832
1451,0.6381776439,0.2936173805,0.56662116,1.13324232,74.48753592,4.833023345,-0.2674479971
1452,0.6672062501,0.3319251659,0.5787830893,1.157566179,71.36602502,5.044417142,-0.3195212564
1453,0.6307087262,0.3003140961,0.5546214394,1.109242879,75.07876366,4.794964414,-0.2574909571
1454,0.6815549935,0.2087636379,0.6487950005,1.297590001,71.70407762,5.020634976,-0.3139248865
1455,0.6459871762,0.2725004025,0.585698696,1.171397392,74.05849794,4.861022165,-0.2746557818
1456,0.6260006372,0.266527215,0.5664274371,1.132854874,75.93806053,4.740705747,-0.24297069
1457,0.6125871215,0.3097950506,0.528478957,1.056957914,76.6655203,4.695722387,-0.2306353392
1458,0.630163774,0.2516461241,0.5777374926,1.155474985,75.71462657,4.754695576,-0.2467516326
1459,0.6290368262,0.2782156058,0.5641661151,1.12833223,75.52055846,4.766913902,-0.2500326042
1460,0.595564837,0.2181106048,0.5541888118,1.108377624,79.30175569,4.539622066,-0.1856365054
1461,0.6246753109,0.2889029314,0.5538540785,1.107708157,75.79294012,4.749782756,-0.2454268372
1462,0.6486197464,0.3633312186,0.5373062451,1.07461249,72.37442629,4.974132694,-0.302795313
1463,0.6096322568,0.294336236,0.5338704606,1.067740921,77.16335826,4.665426805,-0.2221720789
1464,0.5874938926,0.2720445516,0.5207118548,1.04142371,79.64465436,4.520077372,-0.1797525287
1465,0.6336580901,0.2440903755,0.5847584662,1.169516932,75.47302515,4.769916129,-0.2508357801
1466,0.602635653,0.2999261029,0.5226988264,1.045397653,77.78342973,4.628235104,-0.2116074619
1467,0.6191963555,0.196644218,0.5871415317,1.174283063,77.19917937,4.663262005,-0.2215624644
1468,0.6240818947,0.3268118429,0.5316692869,1.063338574,75.30026367,4.780859753,-0.2537534933
1469,0.644270317,0.3230671647,0.5574153285,1.114830657,73.50280672,4.897772154,-0.2839683751
1470,0.6422811992,0.2349887663,0.5977502979,1.195500596,74.78929098,4.81352337,-0.262369543
1471,0.6644024476,0.3008213429,0.59239947,1.18479894,72.09204822,4.993615924,-0.3074886816
1472,0.5734454014,0.275437213,0.5029651778,1.005930356,81.09139598,4.439435228,-0.1548587449
1473,0.5898583681,0.3142239241,0.4991955728,0.9983911457,78.90059496,4.562703236,-0.1925117767
1474,0.6145387069,0.3074197256,0.5321192861,1.064238572,76.50943945,4.705301759,-0.2332851632
1475,0.6127039797,0.2732057099,0.548420283,1.096840566,77.11974039,4.668065507,-0.2229142636
1476,0.6382525557,0.2677213062,0.5793890118,1.158778024,74.8046218,4.812536864,-0.2621113341
1477,0.6388035818,0.3023977994,0.5626949325,1.125389865,74.30909711,4.844628908,-0.2704475917
1478,0.6518096378,0.2650111873,0.5955038829,1.191007766,73.63635591,4.888889402,-0.2817326863
1479,0.594729532,0.3132516722,0.5055458496,1.011091699,78.40766107,4.591388074,-0.2009469394
1480,0.6200928056,0.2188363362,0.5801945755,1.160389151,76.94688807,4.678551778,-0.2258541773
1481,0.6443133799,0.3273122523,0.5549832619,1.109966524,73.42920336,4.902681543,-0.2851998783
1482,0.6197711647,0.2772206751,0.554314887,1.108629774,76.39869034,4.71212266,-0.2351643299
1483,0.6166492338,0.3307171984,0.5204636512,1.040927302,75.94921421,4.740009541,-0.2427818504
1484,0.6316722567,0.366188917,0.5146994433,1.029398887,73.85382313,4.87449376,-0.2780888921
1485,0.5846158176,0.2877329018,0.5089061126,1.017812225,79.77720989,4.512566941,-0.1774762023
1486,0.6159643399,0.3184808043,0.5272400262,1.054480052,76.20927588,4.723834413,-0.2383762331
1487,0.6301008398,0.3165272767,0.5448280017,1.089656003,74.89792272,4.80654185,-0.2605395121
1488,0.6416574803,0.2688293027,0.5826277783,1.165255557,74.48654629,4.833087556,-0.2674646403
1489,0.7013072581,0.3391152779,0.613867004,1.227734008,68.49812333,5.255618439,-0.3665317014
1490,0.6042578316,0.2425292655,0.5534501625,1.106900325,78.24903471,4.600695731,-0.2036582455
1491,0.6032405461,0.2351425898,0.555524184,1.111048368,78.41322096,4.591062522,-0.2008518795
1492,0.6363126501,0.2514011907,0.5845436083,1.169087217,75.15871331,4.789863798,-0.2561423735
1493,0.6096684609,0.2413575671,0.559859051,1.119718102,77.7364827,4.631030213,-0.212408216
1494,0.6241994512,0.3096283815,0.5419919005,1.083983801,75.55388437,4.764811274,-0.2494693897
1495,0.6540121769,0.3592009989,0.5465405473,1.093081095,71.98576456,5.000988768,-0.3092532799
1496,0.6185659115,0.2771252615,0.5530148066,1.106029613,76.51404062,4.705018805,-0.2332070727
1497,0.5797500739,0.2762664672,0.5096930324,1.019386065,80.41070767,4.477015691,-0.1665844767
1498,0.6691234885,0.2762248468,0.6094473537,1.218894707,72.0251065,4.998257101,-0.3086002202
1499,0.6489176943,0.3048545573,0.572850655,1.14570131,73.37061291,4.906596602,-0.2861798549
1500,0.7026686715,0.3720972618,0.5960594682,1.192118936,67.75914924,5.312935656,-0.3785008182
1501,0.6445118071,0.2782021498,0.5813768428,1.162753686,74.11951645,4.857020353,-0.2736316084
1502,0.5878761113,0.3045084466,0.5028647215,1.005729443,79.23609195,4.543384096,-0.1867625118
1503,0.6019548617,0.3253989823,0.5064238914,1.012847783,77.49156932,4.64566666,-0.2165832669
1504,0.6357887857,0.3220786895,0.5481721425,1.096344285,74.28613527,4.846126382,-0.2708333951
1505,0.6187805875,0.3559065609,0.5061817217,1.012363443,75.28992623,4.781516174,-0.2539280061
1506,0.6139092646,0.2518197132,0.5598851822,1.119770364,77.23096915,4.661342515,-0.2210213837
1507,0.6060384572,0.2617080824,0.5466182317,1.093236463,77.89019787,4.621890942,-0.2097858384
1508,0.592852586,0.2515494497,0.5368398859,1.073679772,79.2961626,4.539942265,-0.1857324258
1509,0.6258772221,0.2852171988,0.5571117003,1.114223401,75.72739971,4.753893589,-0.2465355864
1510,0.632642304,0.2817922102,0.5664180745,1.132836149,75.1449671,4.790740004,-0.256374279
1511,0.6472670765,0.3241487611,0.5602519514,1.120503903,73.21831258,4.916802742,-0.2887258088
1512,0.6426102486,0.3224081767,0.5558784932,1.111756986,73.6622459,4.887171109,-0.2812990956
1513,0.588963536,0.2465040107,0.5348960829,1.069792166,79.7341229,4.515005457,-0.1782162239
1514,0.6364250786,0.3188032652,0.5508188076,1.101637615,74.27988311,4.846534283,-0.2709384361
1515,0.6280123057,0.2624534322,0.5705415428,1.141083086,75.79714492,4.749519265,-0.2453556936
1516,0.5848289894,0.292920106,0.5061845102,1.01236902,79.69609588,4.517159793,-0.1788692563
1517,0.6185483073,0.2852741874,0.548835719,1.097671438,76.41729241,4.7109756,-0.2348487553
1518,0.6914439997,0.3461420364,0.5985653644,1.197130729,69.13969885,5.206849407,-0.3560906262
1519,0.6205295327,0.2827823933,0.5523504494,1.104700899,76.26002181,4.720691018,-0.2375159878
1520,0.5716165836,0.2405819138,0.5185227684,1.037045537,81.58088851,4.412798225,-0.1464130006
1521,0.6018485866,0.2216943765,0.5595295565,1.119059113,78.6589758,4.57671863,-0.1966482212
1522,0.5934932843,0.3051416327,0.5090411207,1.018082241,78.64396428,4.577592232,-0.1969050991
1523,0.6184751118,0.2778123134,0.552568351,1.105136702,76.51455579,4.704987127,-0.2331983292
1524,0.6268146147,0.2906430042,0.5553586277,1.110717255,75.57051237,4.763762858,-0.2491883415
1525,0.5996468619,0.1873346291,0.5696332994,1.139266599,79.11141819,4.550544134,-0.1888997495
1526,0.6277772268,0.3635508303,0.5117958971,1.023591794,74.27459327,4.846879453,-0.2710273068
1527,0.6274824022,0.2812326187,0.5609299236,1.121859847,75.62761698,4.760165855,-0.2482229943
1528,0.6216452154,0.2236745652,0.5800107437,1.160021487,76.76232021,4.689800921,-0.2289910816
1529,0.5810381639,0.2807504929,0.5087086677,1.017417335,80.22886404,4.487163121,-0.1697130561
1530,0.6285670341,0.2132053823,0.5913036287,1.182607257,76.21293934,4.723607344,-0.2383141363
1531,0.6011443252,0.2149179399,0.561413198,1.122826396,78.77921195,4.56973345,-0.1945902485
1532,0.6403515762,0.2762856307,0.5776819119,1.155363824,74.51429768,4.831287568,-0.2669979019
1533,0.6479435552,0.2803153093,0.5841696484,1.168339297,73.78970058,4.878729649,-0.2791637228
1534,0.6898815612,0.377037615,0.5777362767,1.155472553,68.64091595,5.244685258,-0.3642118076
1535,0.5877654826,0.2528359331,0.5306055536,1.061211107,79.80028715,4.511261962,-0.1770798078
1536,0.6114791879,0.3057410115,0.5295556922,1.059111384,76.83070539,4.68562664,-0.2278290865
1537,0.6093304671,0.3027327603,0.5288066697,1.057613339,77.08242548,4.670325275,-0.2235490972
1538,0.6171722658,0.2782917812,0.5508677611,1.101735522,76.63283935,4.697724932,-0.2311903144
1539,0.5873506919,0.2675661545,0.5228663197,1.045732639,79.70425155,4.516697579,-0.1787292069
1540,0.6619333337,0.2919413942,0.5940757195,1.188151439,72.4259573,4.970593602,-0.3019380259
1541,0.5862698464,0.2851463411,0.5122537428,1.024507486,79.63287868,4.520745777,-0.1799547017
1542,0.5618251027,0.2240962306,0.5151973655,1.030394731,82.73839276,4.351063491,-0.1263999315
1543,0.6157272963,0.2878013078,0.5443257395,1.088651479,76.6554519,4.696339152,-0.2308063249
1544,0.5425177409,0.2702715933,0.470402769,0.9408055379,84.61698066,4.254465205,-0.09381325599
1545,0.6294624478,0.3293028147,0.5364537533,1.072907507,74.75309252,4.815854273,-0.26297914
1546,0.5334946788,0.2945242961,0.4448280695,0.8896561389,85.55020389,4.20805543,-0.07758554359
1547,0.6239176166,0.2390001754,0.5763263906,1.152652781,76.41454282,4.711145113,-0.2348954022
1548,0.6039194296,0.3063795475,0.5204327529,1.040865506,77.5691168,4.641022289,-0.2152617355
1549,0.6482860745,0.3156942431,0.5662260849,1.13245217,73.26297905,4.913805098,-0.2879793448
1550,0.5780157871,0.3053402878,0.4907846358,0.9815692716,80.27607998,4.484523909,-0.1689008794
1551,0.6026291855,0.3001371825,0.5225701933,1.045140387,77.7813293,4.628360086,-0.2116432911
1552,0.6438195141,0.3270950077,0.5545380264,1.109076053,73.47702343,4.899490796,-0.2843998247
1553,0.6306255368,0.2491398055,0.5793254051,1.15865081,75.69810798,4.75573313,-0.2470310114
1554,0.6335245064,0.3056264369,0.5549286272,1.109857254,74.74400398,4.816439859,-0.2631321782
1555,0.5699444704,0.2222725222,0.5248158012,1.049631602,81.88455433,4.396433527,-0.1411681153
1556,0.6630796829,0.2999842277,0.5913409584,1.182681917,72.2161762,4.985032702,-0.30542648
1557,0.6084621804,0.2578585407,0.5511217633,1.102243527,77.69382242,4.633573028,-0.2131357292
1558,0.5980154256,0.3156309197,0.5079365824,1.015873165,78.03700221,4.613196173,-0.2072799495
1559,0.6251571384,0.3019614777,0.5473944772,1.094788954,75.57305479,4.763602596,-0.2491453675
1560,0.6388832625,0.2624768666,0.5824755082,1.164951016,74.80762813,4.81234346,-0.262060698
1561,0.6075839336,0.296780135,0.5301695841,1.060339168,77.3329812,4.655193611,-0.2192846205
1562,0.6212656953,0.3146799248,0.5356749099,1.07134982,75.75733843,4.752014887,-0.2460291522
1563,0.6511988944,0.368639542,0.5368099181,1.073619836,72.03477299,4.997586375,-0.3084397383
1564,0.6220593281,0.2982763079,0.5458837347,1.091767469,75.91567051,4.742103937,-0.2433497408
1565,0.6227391733,0.33049726,0.5278026516,1.055605303,75.36729291,4.776607811,-0.2526217304
1566,0.6165721179,0.2959442142,0.5409049812,1.081809962,76.46981967,4.707739623,-0.2339575236
1567,0.6245095368,0.2665365366,0.5647746773,1.129549355,76.07662389,4.732071188,-0.2406240652
1568,0.594691055,0.3096055045,0.5077419448,1.01548389,78.46140947,4.588242837,-0.2000278996
1569,0.6543824837,0.2893794559,0.5869207489,1.173841498,73.10927029,4.92413614,-0.2905473802
1570,0.6046446196,0.2862488811,0.5325943053,1.065188611,77.7543605,4.629965416,-0.2121032994
1571,0.5954326015,0.3030088666,0.5125676635,1.025135327,78.47242595,4.587598709,-0.1998395079
1572,0.6424702596,0.3608387627,0.5315669495,1.063133899,72.97519164,4.933183345,-0.2927857454
1573,0.6015703835,0.269993037,0.5375785396,1.075157079,78.24280505,4.601062037,-0.2037646938
1574,0.6124212243,0.2994496121,0.534218762,1.068437524,76.82441315,4.686010413,-0.2279360173
1575,0.5534920416,0.2746556038,0.4805390092,0.9610780185,83.31139892,4.32113738,-0.1164731449
1576,0.5602842724,0.2857422612,0.4819437997,0.9638875993,82.44515772,4.366539042,-0.1314751218
1577,0.6340636843,0.2059396071,0.5996879471,1.199375894,75.77374958,4.750985691,-0.2457515176
1578,0.5853875635,0.3016006035,0.501712742,1.003425484,79.53404919,4.526363283,-0.1816511739
1579,0.5953082452,0.3327213073,0.4936480917,0.9872961835,78.05956132,4.611862966,-0.2068947541
1580,0.6122545105,0.2801552151,0.5443975028,1.088795006,77.08280977,4.670301992,-0.2235425598
1581,0.6291734659,0.2902946115,0.5582009394,1.116401879,75.35590853,4.777329436,-0.2528139758
1582,0.6609269152,0.2984017202,0.58972943,1.17945886,72.42196572,4.970867559,-0.3020044398
1583,0.6331918791,0.2748186443,0.5704442729,1.140888546,75.17990284,4.78851377,-0.2557848668
1584,0.6471057416,0.3250217552,0.5595593798,1.11911876,73.2183097,4.916802935,-0.2887258569
1585,0.6245724797,0.3274189209,0.5318718198,1.06374364,75.24389337,4.78444142,-0.2547050153
1586,0.5924004071,0.2192767182,0.5503235077,1.100647015,79.60654916,4.522240994,-0.1804067175
1587,0.6212812089,0.2583956971,0.5649973489,1.129994698,76.46678345,4.70792655,-0.2340090446
1588,0.5845086297,0.2604547201,0.5232720869,1.046544174,80.06549729,4.496318791,-0.1725222879
1589,0.6088694281,0.3084118097,0.5249801292,1.049960258,77.04966616,4.672310965,-0.224106349
1590,0.6370118669,0.3015465001,0.5611183715,1.122236743,74.48367161,4.833274089,-0.2675129847
1591,0.6375083916,0.2890219547,0.5682281752,1.13645635,74.60929446,4.825136098,-0.2653997194
1592,0.6196431858,0.2807435572,0.5523954497,1.104790899,76.36873107,4.713971215,-0.2356725216
1593,0.6375186958,0.3236064025,0.5492804236,1.098560847,74.10352716,4.858068351,-0.2739000129
1594,0.6132388594,0.319679689,0.5233228402,1.04664568,76.45619916,4.708578297,-0.2341886422
1595,0.6164899055,0.2404196709,0.5676778888,1.135355778,77.09576028,4.669517477,-0.2233222449
1596,0.6128967922,0.2449958533,0.5618002401,1.12360048,77.39366261,4.651543652,-0.2182511846
1597,0.5626272572,0.2355034132,0.5109672915,1.021934583,82.57944999,4.359438093,-0.1291512663
1598,0.6213145135,0.3010940882,0.5434832792,1.086966558,75.94779235,4.740098281,-0.242805924
1599,0.6695978025,0.3811550713,0.5505288627,1.101057725,70.18538635,5.129272898,-0.3389778869
1600,0.6050935447,0.2607636309,0.5460224598,1.09204492,77.99221532,4.615845293,-0.2080445882
1601,0.5790124443,0.2504626761,0.5220381772,1.044076354,80.72475901,4.459598324,-0.1611773598
1602,0.648127558,0.2640350017,0.5919078048,1.18381561,73.96937011,4.866879351,-0.2761511996
1603,0.600263251,0.2769822315,0.5325380869,1.065076174,78.29663329,4.597898848,-0.2028448344
1604,0.6543268077,0.3821534087,0.5311330751,1.06226615,71.45839806,5.037896311,-0.3179931418
1605,0.6076669724,0.2819796106,0.5382811984,1.076562397,77.50760122,4.644705736,-0.2163100904
1606,0.6258146192,0.3103819852,0.5434215315,1.086843063,75.39079511,4.775118759,-0.2522248229
1607,0.5844906011,0.2862775502,0.5095826007,1.019165201,79.80643882,4.510914224,-0.1769741367
1608,0.6129645442,0.1959260803,0.5808084913,1.161616983,77.78583683,4.628091882,-0.2115664013
1609,0.6542703837,0.3057116762,0.57845493,1.15690986,72.88970669,4.938968976,-0.2942120307
1610,0.6590868073,0.2108470522,0.6244509109,1.248901822,73.54854587,4.894726276,-0.2832028491
1611,0.5990105033,0.2701042665,0.5346562151,1.06931243,78.49623924,4.586206976,-0.199432254
1612,0.6153422003,0.2174529222,0.5756389929,1.151277986,77.40232598,4.651023021,-0.2181036229
1613,0.5620414237,0.2682430355,0.4938990139,0.9877980278,82.40109834,4.368873805,-0.1322373891
1614,0.6005487881,0.3081761641,0.5154476683,1.030895337,77.8833755,4.622295807,-0.2099022601
1615,0.5969917492,0.3115945566,0.5092229187,1.018445837,78.19817387,4.603688068,-0.2045272501
1616,0.6403200478,0.3049108327,0.5630622947,1.126124589,74.13603097,4.855938405,-0.2733543648
1617,0.6153168204,0.2878535885,0.5438337072,1.087667414,76.69421804,4.693965324,-0.2301479436
1618,0.6385586345,0.3139177699,0.5560690276,1.112138055,74.1613276,4.854282031,-0.2729296443
1619,0.6193068353,0.2831710007,0.5507768518,1.101553704,76.37110935,4.713824417,-0.2356321818
1620,0.6095126871,0.3249867852,0.5156445532,1.031289106,76.74078426,4.691117031,-0.2293569512
1621,0.6326919007,0.2093765997,0.5970431146,1.194086229,75.87001822,4.744957342,-0.2441224937
1622,0.5949398173,0.2786575004,0.5256456826,1.051291365,78.8133489,4.567754131,-0.1940058008
1623,0.6343530593,0.320845646,0.5472310986,1.094462197,74.43748563,4.836272974,-0.2682896162
1624,0.6281690853,0.2753338302,0.56461286,1.12922572,75.63537723,4.759677458,-0.2480917889
1625,0.6231969487,0.2445401722,0.5732142192,1.146428438,76.42839593,4.71029119,-0.234660378
1626,0.64129745,0.308429194,0.562257816,1.124515632,73.99646103,4.865097533,-0.2756967293
1627,0.6485477721,0.261847282,0.5933381949,1.18667639,73.95742718,4.867665273,-0.2763515316
1628,0.6011035615,0.279425808,0.5322092722,1.064418544,78.18543723,4.604438023,-0.2047448423
1629,0.6077431545,0.2807672171,0.5390004746,1.078000949,77.51436666,4.644300347,-0.2161948053
1630,0.6429138691,0.2570475012,0.5892917997,1.178583599,74.5078403,4.831706282,-0.2671065113
1631,0.6571966599,0.328771793,0.5690488185,1.138097637,72.2725166,4.981146595,-0.3044899946
1632,0.6205528126,0.3122369472,0.536277803,1.072555606,75.86160383,4.745483642,-0.2442649067
1633,0.63301,0.3009925681,0.5568708414,1.113741683,74.85719832,4.809156742,-0.2612256731
1634,0.6120831087,0.3077230557,0.5291051435,1.058210287,76.7440485,4.690917498,-0.2293014978
1635,0.6077262958,0.2013581087,0.5733987816,1.146797563,78.24385757,4.601000145,-0.2037467092
1636,0.6426562215,0.2852634711,0.5758747877,1.151749575,74.19531321,4.852058498,-0.2723589555
1637,0.5875573462,0.2486375216,0.5323561006,1.064712201,79.85863631,4.507965783,-0.1760774252
1638,0.6197905863,0.3031502041,0.5405925681,1.081185136,76.06432819,4.732836121,-0.2408323547
1639,0.6119585612,0.28734697,0.5403008416,1.080601683,77.0246683,4.673827333,-0.2245315252
1640,0.6506983869,0.2783124823,0.588175614,1.176351228,73.57320869,4.893085491,-0.2827899979
1641,0.578464151,0.2704140542,0.5113677868,1.022735574,80.60388395,4.466286019,-0.1632590844
1642,0.6193176956,0.2801395807,0.5523370559,1.104674112,76.40685895,4.711618891,-0.2350257568
1643,0.6152406618,0.2307582126,0.5703259763,1.140651953,77.3007111,4.657136977,-0.2198340969
1644,0.5937668644,0.2969572011,0.5141745909,1.028349182,78.71962472,4.573192533,-0.1956102565
1645,0.6513205877,0.3230104614,0.5655817799,1.13116356,72.87938009,4.9396688,-0.294384282
1646,0.5557567617,0.2585099541,0.4919737612,0.9839475225,83.1768909,4.328125229,-0.1188044513
1647,0.6391799583,0.3638964636,0.5254810967,1.050962193,73.21010085,4.917354243,-0.2888630237
1648,0.6282433119,0.291735999,0.5563989268,1.112797854,75.42328197,4.773061986,-0.2516761117
1649,0.6049006741,0.3042687446,0.522805276,1.045610552,77.49982385,4.645171848,-0.2164426154
1650,0.6198476737,0.302527668,0.5410066069,1.082013214,76.06751769,4.732637674,-0.2407783256
1651,0.579542015,0.3127260808,0.4879255533,0.9758511066,80.01884844,4.498940025,-0.1733241987
1652,0.6337387893,0.2937222417,0.561562194,1.123124388,74.89013382,4.807041751,-0.2606707566
1653,0.6067167083,0.2529420081,0.5514757516,1.102951503,77.9120188,4.620596482,-0.209413451
1654,0.600012963,0.2495434834,0.5456588729,1.091317746,78.60086499,4.580102268,-0.1976425413
1655,0.5761452461,0.2562104158,0.5160422148,1.03208443,80.97722476,4.445694466,-0.1568270616
1656,0.5936430587,0.2878880856,0.5191652254,1.038330451,78.84093458,4.566155918,-0.1935334649
1657,0.5983597632,0.3155918702,0.5083661846,1.016732369,78.00238984,4.615243209,-0.2078708915
1658,0.6352104926,0.2630043284,0.5782050616,1.156410123,75.13295893,4.791505687,-0.2565768507
1659,0.5818383265,0.2620926598,0.5194644125,1.038928825,80.3276341,4.48164575,-0.1680139493
1660,0.6711750065,0.2820174417,0.6090501227,1.218100245,71.78044216,5.015293709,-0.312659172
1661,0.6290053695,0.3237428124,0.539294304,1.078588608,74.88663306,4.807266468,-0.2607297434
1662,0.5588604586,0.2499732352,0.4998383678,0.9996767355,82.892454,4.342976744,-0.1237321683
1663,0.6397621952,0.3185534143,0.5548147336,1.109629467,73.98043029,4.866151745,-0.2759656643
1664,0.6276694797,0.3429523707,0.5256925405,1.051385081,74.68420574,4.820296292,-0.2641389316
1665,0.6487607529,0.327518484,0.5600197829,1.120039566,73.0303868,4.929454926,-0.2918644876
1666,0.6391309797,0.3083741379,0.5598158628,1.119631726,74.19275231,4.852225976,-0.2724019616
1667,0.5891868203,0.2846177528,0.5158816182,1.031763236,79.33600683,4.537662209,-0.1850490678
1668,0.6598778027,0.3477400091,0.5608169046,1.121633809,71.7031076,5.020702896,-0.3139409607
1669,0.6326700382,0.2183676025,0.5937903396,1.187580679,75.79824777,4.74945016,-0.2453370336
1670,0.6317544868,0.2720215732,0.5701911919,1.140382384,75.34448996,4.778053448,-0.2530067884
1671,0.5837626072,0.3014020278,0.499935595,0.9998711901,79.70831136,4.516467528,-0.1786594902
1672,0.5608729283,0.3021515387,0.4725281889,0.9450563779,82.21783817,4.378611844,-0.1354071115
1673,0.6148198982,0.2352695089,0.5680244408,1.136048882,77.30060755,4.657143215,-0.21983586
1674,0.6034537109,0.2981905208,0.5246320563,1.049264113,77.7241796,4.631763267,-0.2126180408
1675,0.6222461593,0.2189739338,0.5824437304,1.164887461,76.7459933,4.690798627,-0.2292684589
1676,0.6371824124,0.3014534243,0.5613619684,1.122723937,74.46948888,4.834194587,-0.2677514902
1677,0.6197362915,0.2626064611,0.5613474126,1.122694825,76.56704401,4.701761765,-0.2323073966
1678,0.6407015546,0.2811295407,0.5757296791,1.151459358,74.42291055,4.837220116,-0.2685346645
1679,0.6138409223,0.2850590599,0.5436377565,1.087275513,76.87078865,4.683183382,-0.2271478442
1680,0.6158192982,0.2772275536,0.5498893448,1.09977869,76.77451945,4.689055725,-0.228783817
1681,0.599030425,0.315878728,0.508977484,1.017954968,77.9299086,4.619535766,-0.209108128
1682,0.6164957313,0.2950511294,0.5413056602,1.08261132,76.48889219,4.706565747,-0.2336338707
1683,0.6223501426,0.2933220461,0.5488914985,1.097782997,75.9542444,4.739695627,-0.2426966829
1684,0.6245899193,0.2250848411,0.5826228468,1.165245694,76.47794701,4.70723933,-0.2338196091
1685,0.6176005759,0.3050256144,0.5370194092,1.074038818,76.24771917,4.721452706,-0.2377245593
1686,0.6785531951,0.2740084217,0.6207687358,1.241537472,71.27385133,5.050940749,-0.3210452454
1687,0.640497101,0.3016639932,0.5650091784,1.130018357,74.16666982,4.853932378,-0.2728399437
1688,0.6411553533,0.2813267945,0.5761383703,1.152276741,74.37975513,4.840026689,-0.2692601273
1689,0.646448108,0.2834379142,0.5809975087,1.161995017,73.88190058,4.872641299,-0.2776181443
1690,0.6399511392,0.3206044044,0.5538504098,1.10770082,73.93087293,4.869413626,-0.2767969123
1691,0.6694454135,0.3218979688,0.586974326,1.173948652,71.34578834,5.045847953,-0.3198559184
1692,0.6451494585,0.3083810264,0.5666735977,1.133347195,73.65242722,4.887822623,-0.28146354
1693,0.6588989196,0.3036416348,0.58476452,1.16952904,72.52030038,4.96412726,-0.3003678707
1694,0.5548400816,0.2444265748,0.4980995541,0.9961991081,83.37554776,4.317812712,-0.1153610838
1695,0.6310503183,0.280075851,0.5654927249,1.13098545,75.31229902,4.780095744,-0.2535503067
1696,0.6490185965,0.3511705055,0.5458062062,1.091612412,72.58281105,4.959851992,-0.2993270544
1697,0.5885272596,0.23880385,0.5379006009,1.075801202,79.84326379,4.508833719,-0.1763415281
1698,0.6299518047,0.315447561,0.5452816818,1.090563364,74.92831112,4.804592478,-0.2600274154
1699,0.654742654,0.3044839519,0.5796356321,1.159271264,72.86670827,4.940527829,-0.2945956394
1700,0.5785350896,0.2871402463,0.5022482742,1.004496548,80.4272947,4.476092368,-0.1662990167
1701,0.62123158,0.2353130667,0.5749403766,1.149880753,76.69825112,4.693718498,-0.2300794421
1702,0.6649041296,0.3353402347,0.574146696,1.148293392,71.50083425,5.034906289,-0.3172908484
1703,0.656144727,0.2794715948,0.5936510174,1.187302035,73.08578133,4.925718703,-0.29093963
1704,0.5882808229,0.3125644402,0.4983751572,0.9967503143,79.08864913,4.551854203,-0.1892899751
1705,0.6711735424,0.3103777817,0.5950962583,1.190192517,71.38253993,5.043250077,-0.3192481133
1706,0.5967901991,0.2461391732,0.5436672228,1.087334446,78.95122936,4.559777003,-0.1916444952
1707,0.6084402369,0.2957490853,0.5317254935,1.063450987,77.26206282,4.659466585,-0.2204920856
1708,0.632442695,0.2931418439,0.5604030887,1.120806177,75.01677043,4.798926932,-0.2585363082
1709,0.5880044405,0.2793742349,0.5173966166,1.034793233,79.51547888,4.527420385,-0.1819698853
1710,0.603993435,0.2992189926,0.5246675747,1.049335149,77.65705284,4.635766963,-0.2137626898
1711,0.6882415803,0.3107830605,0.6140768374,1.228153675,69.98593058,5.143891022,-0.3422508817
1712,0.6069984165,0.2365952462,0.5589899526,1.117979905,78.0362807,4.613238827,-0.2072922689
1713,0.6322502947,0.3246891963,0.5425102404,1.085020481,74.56974825,4.827694989,-0.2660651157
1714,0.6077533498,0.3109368444,0.5221900162,1.044380032,77.1243294,4.66778775,-0.2228361849
1715,0.6258048808,0.2599493998,0.5692609757,1.138521951,76.0285215,4.735065116,-0.2414388581
1716,0.615511258,0.3003501859,0.5372558744,1.074511749,76.51307023,4.705078478,-0.2332235421
1717,0.5861282698,0.2782581988,0.515866963,1.031733926,79.72178075,4.515704449,-0.1784281825
1718,0.5343847525,0.263223984,0.4650593488,0.9301186977,85.62661532,4.204300248,-0.07625586403
1719,0.6538522533,0.2403370398,0.6080796629,1.216159326,73.72536398,4.882987083,-0.2802417901
1720,0.62411947,0.2818034606,0.5568769365,1.113753873,75.93414045,4.740950485,-0.2430370574
1721,0.5793824156,0.2524513089,0.5214904795,1.042980959,80.66933196,4.462662468,-0.1621320207
1722,0.6129741035,0.3140090071,0.5264366961,1.052873392,76.56680625,4.701776366,-0.2323114328
1723,0.5812461769,0.2428602897,0.5280776438,1.056155288,80.55518396,4.468986132,-0.1640975966
1724,0.622045018,0.2816280533,0.5546401032,1.109280206,76.13110897,4.728684566,-0.2397009528
1725,0.6118262035,0.3267979437,0.5172372833,1.034474567,76.48391174,4.706872227,-0.2337183894
1726,0.5886200109,0.2948452302,0.5094504957,1.018900991,79.27699753,4.541039787,-0.1860610888
1727,0.5644814151,0.3033787928,0.4760258145,0.952051629,81.79494152,4.401250167,-0.1427163177
1728,0.6434398759,0.2612446502,0.5880187978,1.176037596,74.41472814,4.837752001,-0.2686722263
1729,0.6217543843,0.2692739039,0.5604195563,1.120839113,76.30357521,4.71799649,-0.2367775217
1730,0.6389648375,0.2961697109,0.5661798,1.1323596,74.38161802,4.839905471,-0.2692288145
1731,0.6399321767,0.3232544783,0.552285916,1.104571832,73.89003596,4.872104815,-0.2774817336
1732,0.5728832959,0.3236344273,0.4727113582,0.9454227164,80.60726581,4.466098638,-0.1632008515
1733,0.6214564557,0.37986652,0.491843017,0.983686034,74.52077274,4.83086778,-0.2668889917
1734,0.6041019626,0.3047046435,0.5216265536,1.043253107,77.57358398,4.64075503,-0.2151855957
1735,0.6490530741,0.2892278456,0.5810483167,1.162096633,73.57658344,4.892861059,-0.2827335011
1736,0.5952202698,0.2795606594,0.5254835937,1.050967187,78.77496636,4.569979736,-0.194662931
1737,0.601908897,0.2594286889,0.543130809,1.086261618,78.31847826,4.59661638,-0.2024714792
1738,0.583679814,0.2468487299,0.5289119301,1.05782386,80.27121033,4.484795962,-0.1689846491
1739,0.6257569704,0.303435927,0.547264492,1.094528984,75.49611749,4.768457134,-0.2504456077
1740,0.5940766962,0.2455350014,0.5409618139,1.081923628,79.22727485,4.543889723,-0.1869136893
1741,0.6096138416,0.2666673426,0.5481948233,1.096389647,77.49032025,4.645741544,-0.2166045497
1742,0.6604309137,0.2651016042,0.6048885279,1.209777056,72.89299273,4.938746326,-0.2941572165
1743,0.6621060206,0.345705934,0.564687338,1.129374676,71.55087339,5.031385124,-0.3164625071
1744,0.6012515008,0.2590004231,0.542606808,1.085213616,78.38762021,4.592561925,-0.2012895714
1745,0.6231134112,0.2585231633,0.5669533466,1.133906693,76.29408641,4.718583274,-0.23693842
1746,0.5959519264,0.3041899908,0.512471607,1.024943214,78.40392819,4.591606675,-0.2010107612
1747,0.6171209689,0.2872498421,0.5461921077,1.092384215,76.52884939,4.704108357,-0.2329557297
1748,0.5725498978,0.3000662629,0.487620368,0.975240736,80.93331111,4.448106658,-0.1575839695
1749,0.6161820729,0.3002141207,0.5381002032,1.076200406,76.45028509,4.708942545,-0.2342889905
1750,0.6391580133,0.3210447993,0.552678209,1.105356418,73.99568561,4.865148515,-0.2757097383
1751,0.5953070629,0.1943811289,0.5626779504,1.125355901,79.48973199,4.528886826,-0.1824117323
1752,0.6125500926,0.2542524665,0.5572910363,1.114582073,77.33653394,4.654979757,-0.2192241222
1753,0.5730944762,0.3051360986,0.485107452,0.9702149039,80.81530583,4.454601715,-0.1596174812
1754,0.5930532941,0.2608021525,0.5326297466,1.065259493,79.18882679,4.54609589,-0.1875728662
1755,0.5908423699,0.320843287,0.4961393869,0.9922787739,78.70485584,4.574050688,-0.195863036
1756,0.6065876504,0.2961139593,0.5294006995,1.058801399,77.4398455,4.648769605,-0.2174645018
1757,0.5894333331,0.2592038677,0.5293817235,1.058763447,79.57153066,4.524231179,-0.1810078436
1758,0.5975392517,0.2745215551,0.5307457707,1.061491541,78.59626163,4.580370523,-0.1977212995
1759,0.6366927694,0.3105260442,0.5558338407,1.111667681,74.38220687,4.839867156,-0.2692189165
1760,0.6358484322,0.2985337506,0.5614096797,1.122819359,74.63176021,4.82368363,-0.2650216591
1761,0.6148414206,0.308233008,0.5319984824,1.063996965,76.46859603,4.707814955,-0.2339782873
1762,0.6040799862,0.2757416578,0.5374748068,1.074949614,77.93180056,4.619423617,-0.209075837
1763,0.6315383941,0.2474306775,0.5810497423,1.162099485,75.63214902,4.759880615,-0.24814637
1764,0.5965188976,0.3008548187,0.5150933636,1.030186727,78.3891867,4.59247015,-0.2012627905
1765,0.6069741311,0.2538785779,0.5513286347,1.102657269,77.87784749,4.622623912,-0.2099965917
1766,0.5694080006,0.2129674304,0.5280817596,1.056163519,81.99910415,4.390291866,-0.1391885842
1767,0.5803133854,0.2582553685,0.519680469,1.039360938,80.52156479,4.470852013,-0.1646763793
1768,0.6350271156,0.2769647155,0.5714455214,1.142891043,74.98680383,4.800844704,-0.2590415071
1769,0.6340464385,0.2456606421,0.5845218003,1.169043601,75.42218306,4.77313153,-0.2516946739
1770,0.6259778474,0.3063923723,0.5458680973,1.091736195,75.43339768,4.772421912,-0.2515052382
1771,0.5456836278,0.2619774362,0.4786840759,0.9573681519,84.30099563,4.270412197,-0.09930245855
1772,0.6143281415,0.2507640543,0.5608176661,1.121635332,77.20151381,4.663120996,-0.2215227331
1773,0.6053840735,0.2231895976,0.5627399755,1.125479951,78.30468334,4.597426165,-0.2027072534
1774,0.5868704702,0.3005868746,0.5040480925,1.008096185,79.39045517,4.534550145,-0.1841150939
1775,0.5853102742,0.2379278107,0.5347695522,1.069539104,80.17738636,4.490044093,-0.1705984091
1776,0.5676959795,0.2877208874,0.4893826888,0.9787653777,81.59851311,4.411845097,-0.1461087012
1777,0.6059370542,0.2716221501,0.5416466756,1.083293351,77.7947899,4.627559255,-0.2114136753
1778,0.5882284577,0.2680365746,0.5236116052,1.04722321,79.60931521,4.522083867,-0.1803592327
1779,0.6045987649,0.2234331745,0.5617982583,1.123596517,78.37856521,4.5930925,-0.2014443737
1780,0.6083652593,0.2901669771,0.5347068488,1.069413698,77.34009295,4.654765546,-0.2191635164
1781,0.6917081412,0.2410478362,0.6483487435,1.296697487,70.58895298,5.099948148,-0.3323429855
1782,0.6674175167,0.3591030346,0.5625754635,1.125150927,70.84209823,5.08172413,-0.3281726749
1783,0.6660051818,0.2985576353,0.5953370814,1.190674163,71.9890185,5.000762721,-0.3091992714
1784,0.6167917937,0.2359362015,0.569882642,1.139765284,77.10844807,4.668749132,-0.2231063883
1785,0.6287449759,0.2911010986,0.5572974027,1.114594805,75.38506407,4.775481781,-0.2523216132
1786,0.6173000595,0.3231140127,0.5259816521,1.051963304,76.00847053,4.736314222,-0.2417784457
1787,0.6381128432,0.2490865254,0.5874894923,1.174978985,75.02086995,4.798664694,-0.25846719
1788,0.6388929091,0.2998082399,0.5641800852,1.12836017,74.33762842,4.842769505,-0.2699681496
1789,0.6512856769,0.3421307191,0.5541837276,1.108367455,72.55271709,4.961909277,-0.29982817
1790,0.6727001188,0.3594695253,0.5686010115,1.137202023,70.39501574,5.113998431,-0.3355335197
1791,0.5929762843,0.2485862142,0.538354686,1.076709372,79.3105126,4.539120833,-0.1854863229
1792,0.5625367496,0.2582947235,0.4997313583,0.9994627165,82.42600118,4.367553865,-0.1318065569
1793,0.5996549661,0.2779076438,0.5313693817,1.062738763,78.34707543,4.594938586,-0.2019826767
1794,0.6036718849,0.2765563415,0.5365969946,1.073193989,77.96296859,4.617576864,-0.2085438438
1795,0.640795942,0.2492410037,0.5903374979,1.180674996,74.77936816,4.814162099,-0.2625366579
1796,0.643405405,0.2152379917,0.6063358163,1.212671633,74.86754165,4.808492333,-0.261051412
1797,0.618226172,0.2538146051,0.5637213372,1.127442674,76.80154588,4.687405649,-0.2283246022
1798,0.6288063429,0.3062434229,0.5491924824,1.098384965,75.17128387,4.78906281,-0.255930289
1799,0.6822670837,0.3016446027,0.6119631583,1.223926317,70.60148884,5.099042611,-0.3321366221
1800,0.5744142389,0.2347696194,0.5242470255,1.048494051,81.32876635,4.426478061,-0.1507645106
1801,0.5728223297,0.2316392964,0.5238975642,1.047795128,81.51835718,4.416183206,-0.1474925295
1802,0.5951701475,0.2390926597,0.5450341316,1.090068263,79.1739663,4.546949166,-0.1878276209
1803,0.630573372,0.3734478496,0.5080939687,1.016187937,73.79918538,4.878102626,-0.2790047593
1804,0.595541565,0.2998785703,0.5145314361,1.029062872,78.50137385,4.585907002,-0.1993444375
1805,0.672679678,0.2580984923,0.621194911,1.242389822,71.94499803,5.003822501,-0.3099298333
1806,0.6829125523,0.2959456374,0.6154557123,1.230911425,70.6303701,5.096957577,-0.3316611224
1807,0.56276513,0.2577613646,0.5002636009,1.000527202,82.40504402,4.368664616,-0.1321691284
1808,0.6740055548,0.3442566096,0.5794573967,1.158914793,70.58026864,5.100575656,-0.3324859366
1809,0.5884742741,0.2804959683,0.5173238667,1.034647733,79.45485692,4.530874687,-0.1830101708
1810,0.6423741945,0.2740812259,0.5809682327,1.161936465,74.36017697,4.841301012,-0.2695891949
1811,0.5918071217,0.2800256953,0.5213648236,1.042729647,79.1173128,4.550205098,-0.1887987205
1812,0.5810851935,0.2645986442,0.5173466532,1.034693306,80.38305744,4.478555699,-0.1670603018
1813,0.5833783498,0.2374335466,0.5328748539,1.065749708,80.37896288,4.47878384,-0.1671307608
1814,0.7023517761,0.3709119924,0.5964246065,1.192849213,67.80810016,5.309100227,-0.3777098885
1815,0.5590235253,0.2146900416,0.5161545193,1.032309039,83.09499577,4.332390858,-0.1202235461
1816,0.6193989844,0.3146893915,0.5335032228,1.067006446,75.93552931,4.740863773,-0.243013544
1817,0.6573015527,0.2431740959,0.6106649575,1.221329915,73.40015503,4.904621793,-0.2856857743
1818,0.619707101,0.2839936519,0.550803501,1.101607002,76.32303003,4.716793867,-0.2364476128
1819,0.5888322131,0.2698250522,0.5233715854,1.046743171,79.52940635,4.526627527,-0.1817308582
1820,0.6462424563,0.2639824064,0.5898665963,1.179733193,74.13581858,4.855952317,-0.2733579306
1821,0.6353302362,0.2807799001,0.5699185527,1.139837105,74.91230666,4.805618944,-0.2602971271
1822,0.5559710652,0.2247221742,0.5085309919,1.017061984,83.37056308,4.318070872,-0.1154475017
1823,0.6602078057,0.2804372397,0.5976866247,1.195373249,72.72484757,4.950165068,-0.2969607932
1824,0.6037785821,0.280257362,0.5347937801,1.06958756,77.91037397,4.620694032,-0.2094415221
1825,0.6134900395,0.2548931321,0.5580318269,1.116063654,77.24020198,4.660785327,-0.2208642229
1826,0.5960825473,0.2748328121,0.5289435967,1.057887193,78.73947841,4.57203943,-0.1952704265
1827,0.5938645661,0.2947869371,0.5155344649,1.03106893,78.73621565,4.572228891,-0.1953262759
1828,0.6551978705,0.2762249737,0.5941245773,1.188249155,73.20817878,4.917483347,-0.2888951398
1829,0.660389886,0.3271172685,0.5736803067,1.147360613,72.02577051,4.998211021,-0.3085891967
1830,0.6114774726,0.3336605738,0.5124210389,1.024842078,76.4066546,4.711631492,-0.2350292234
1831,0.6058966196,0.2551865352,0.5495366647,1.099073329,77.96976868,4.617174144,-0.2084277678
1832,0.6122606524,0.3267894439,0.5177564735,1.035512947,76.44134004,4.709493578,-0.2344407628
1833,0.5827314975,0.2493844473,0.5266720001,1.053344,80.34753954,4.48053546,-0.1676714624
1834,0.6560560253,0.2460856284,0.6081540691,1.216308138,73.47695798,4.89949516,-0.2844009198
1835,0.5847686445,0.282672927,0.5119085699,1.02381714,79.81653667,4.510343533,-0.1768006751
1836,0.6053657491,0.28315603,0.5350610739,1.070122148,77.71988291,4.63201933,-0.2126913168
1837,0.6012472461,0.2752798784,0.5345271176,1.069054235,78.21749028,4.602551152,-0.2041972303
1838,0.6206138264,0.324756014,0.5288620358,1.057724072,75.66376218,4.757891884,-0.2476118359
1839,0.6046358889,0.3229033667,0.5111926975,1.022385395,77.2592275,4.659637582,-0.2205403531
1840,0.6657214562,0.2853309703,0.6014742676,1.202948535,72.19371374,4.986583753,-0.3057997668
1841,0.6179383611,0.2664775442,0.557528059,1.115056118,76.69476677,4.69393174,-0.2301386236
1842,0.6049947723,0.2908926605,0.5304716152,1.06094323,77.66317954,4.635401256,-0.2136582292
1843,0.5872824505,0.3043263034,0.5022809749,1.00456195,79.30069375,4.539682858,-0.1856547178
1844,0.6206293468,0.2883778566,0.5495625515,1.099125103,76.180801,4.725600089,-0.2388588575
1845,0.5766137589,0.3048052222,0.4894662434,0.9789324869,80.43455285,4.47568846,-0.1661741007
1846,0.6459524688,0.3549193435,0.5397099698,1.07941994,72.78193917,4.94628206,-0.2960091591
1847,0.6322157536,0.2856366581,0.5640110449,1.12802209,75.13557975,4.791338553,-0.2565326397
1848,0.6068356892,0.2679985376,0.5444504914,1.088900983,77.74620482,4.630451105,-0.2122424019
1849,0.5747176744,0.2435224585,0.5205739308,1.041147862,81.23103371,4.431803752,-0.1524505495
1850,0.6779234127,0.2772427261,0.6186409494,1.237281899,71.2848992,5.050157944,-0.3208626249
1851,0.5844887337,0.2554953483,0.5256892683,1.051378537,80.11273358,4.49366766,-0.1717101625
1852,0.5718976363,0.2512390758,0.5137565895,1.027513179,81.46886159,4.418866214,-0.1483468875
1853,0.5932049389,0.3034750815,0.5097008676,1.019401735,78.69526379,4.574608212,-0.1960272035
1854,0.692043743,0.2923716788,0.6272506227,1.254501245,69.94968596,5.146556343,-0.3428451983
1855,0.5617419866,0.2976945927,0.4763737912,0.9527475825,82.16470705,4.381443237,-0.1363258257
1856,0.6109111368,0.2809445728,0.5424781692,1.084956338,77.20357543,4.662996474,-0.221487645
1857,0.6048764561,0.2418489538,0.5544227726,1.108845545,78.19499203,4.603875397,-0.2045816094
1858,0.6220890707,0.3071651301,0.5409661678,1.081932336,75.78911805,4.750022289,-0.2454915042
1859,0.6995478821,0.3334867528,0.6149421315,1.229884263,68.73144245,5.237777459,-0.3627398877
1860,0.5521024592,0.2397139916,0.4973472908,0.9946945816,83.71030354,4.300545868,-0.1095555646
1861,0.6727052722,0.3330290052,0.5844861546,1.168972309,70.88810483,5.078426075,-0.3274140727
1862,0.646524882,0.3192127737,0.5622256025,1.124451205,73.36372231,4.907057448,-0.2862950866
1863,0.6101878883,0.201247121,0.5760458795,1.152091759,78.0107609,4.614747964,-0.2077279782
1864,0.6100609052,0.2551224251,0.5541541809,1.108308362,77.56690452,4.641154655,-0.2152994417
1865,0.654613032,0.276411532,0.5933926918,1.186785384,73.25643751,4.914243884,-0.2880886776
1866,0.5918143042,0.2956679508,0.5126642503,1.025328501,78.93622417,4.560643783,-0.1919015245
1867,0.6706674824,0.3054505847,0.5970718652,1.19414373,71.49849664,5.035070903,-0.317329539
1868,0.6337968366,0.3137439147,0.5506933685,1.101386737,74.59881975,4.825813615,-0.2655759771
1869,0.669944048,0.274156761,0.611279885,1.22255977,71.98235449,5.001225683,-0.3093098787
1870,0.5954279113,0.2704001193,0.5304886172,1.060977234,78.85251306,4.565485436,-0.193335199
1871,0.6353009909,0.2677242122,0.5761346155,1.152269231,75.07123347,4.795445384,-0.2576179498
1872,0.6043419278,0.2607775715,0.5451827436,1.090365487,78.06567659,4.611501696,-0.2067903305
1873,0.6559806015,0.3406893994,0.5605722814,1.121144563,72.16938366,4.988264854,-0.3062040373
1874,0.6566592877,0.2793300474,0.5942862482,1.188572496,73.04322367,4.928588607,-0.2916501898
1875,0.6446009077,0.3060209498,0.5673283956,1.134656791,73.73611444,4.882275161,-0.2800616727
1876,0.627057958,0.3106595116,0.5446947315,1.089389463,75.27011585,4.782774624,-0.2542624145
1877,0.6384148691,0.3299413391,0.546545751,1.093091502,73.91730214,4.870307622,-0.2770245052
1878,0.6372476465,0.3241799574,0.5486273036,1.097254607,74.11893814,4.85705825,-0.2736413166
1879,0.6225214941,0.2803196202,0.5558362359,1.111672472,76.10219045,4.730481447,-0.2401909313
1880,0.6541612295,0.2755275557,0.5933055539,1.186611108,73.30649275,4.910888333,-0.2872519777
1881,0.6169788574,0.2531822655,0.5626381171,1.125276234,76.92580347,4.679834123,-0.226212649
1882,0.6107571408,0.2986022276,0.5327860685,1.065572137,76.99786319,4.675454423,-0.2249873927
1883,0.5684616437,0.2993227014,0.4832748294,0.9665496588,81.39302325,4.422983514,-0.1496557404
1884,0.5729257184,0.2710994631,0.504726619,1.009453238,81.18801958,4.434151761,-0.1531924694
1885,0.6084222105,0.3052369124,0.5263155075,1.052631015,77.13773477,4.666976559,-0.2226080939
1886,0.6293646807,0.2295477215,0.5860100212,1.172020042,76.00081068,4.736791579,-0.2419081668
1887,0.6142397414,0.2871845884,0.5429691263,1.085938253,76.80618133,4.687122752,-0.2282458347
1888,0.5567708533,0.3245639302,0.4523848343,0.9047696686,82.44570337,4.366510143,-0.1314656811
1889,0.6712247362,0.3163586786,0.5919964805,1.183992961,71.28585633,5.050090138,-0.3208468031
1890,0.6023224243,0.2595755318,0.5435189474,1.087037895,78.276254,4.599095915,-0.2031931128
1891,0.5928924961,0.1828833247,0.5639815613,1.127963123,79.7955509,4.511529727,-0.177161164
1892,0.6274550811,0.3035714941,0.5491304278,1.098260856,75.335324,4.778634788,-0.2531615564
1893,0.5415250954,0.2445874775,0.4831422097,0.9662844195,84.88468956,4.241047495,-0.08916045334
1894,0.6464321829,0.3006137788,0.5722813321,1.144562664,73.65133283,4.887895251,-0.2814818685
1895,0.5742400381,0.3156234844,0.4797222503,0.9594445005,80.5611634,4.468654434,-0.1639946495
1896,0.5684039028,0.2836975599,0.4925430856,0.9850861712,81.56009477,4.413923268,-0.1467719992
1897,0.5940882995,0.2705449167,0.5289105366,1.057821073,78.98631444,4.557751587,-0.1910434595
1898,0.6219673724,0.3190732362,0.5338873311,1.067774662,75.62371846,4.760411248,-0.2482889061
1899,0.605790626,0.2980061889,0.5274225952,1.05484519,77.49425256,4.645505804,-0.2165375469
1900,0.6441865515,0.281535844,0.5794082168,1.158816434,74.10662768,4.857865096,-0.2738479675
1901,0.6694170023,0.3268816214,0.5841810751,1.16836215,71.26615096,5.051486507,-0.3211725248
1902,0.5862227665,0.2961665092,0.5059076307,1.011815261,79.51174953,4.527632735,-0.1820338875
1903,0.6919746634,0.3418277251,0.6016500155,1.203300031,69.17640737,5.204086388,-0.3554918645
1904,0.6099011752,0.2311286964,0.5644102844,1.128820569,77.80488593,4.626958779,-0.2112414459
1905,0.7050452154,0.2248210963,0.6682396504,1.336479301,69.7075875,5.16443063,-0.3468114468
1906,0.5799510706,0.2524220594,0.5221363311,1.044272662,80.61023925,4.465933898,-0.1631496506
1907,0.6193525314,0.2915153295,0.546458023,1.092916046,76.26185879,4.720577307,-0.2374848438
1908,0.6228087125,0.2590453084,0.566379926,1.132759852,76.31698367,4.717167564,-0.2365501481
1909,0.5963530958,0.265399177,0.53404147,1.06808294,78.81094832,4.567893264,-0.1940469026
1910,0.6643505054,0.3542614816,0.5620145876,1.124029175,71.19669084,5.056414782,-0.3223203691
1911,0.5823491255,0.2301400341,0.5349449212,1.069889842,80.54048973,4.469801477,-0.1643505772
1912,0.6011457464,0.2410347647,0.5507072277,1.101414455,78.56659675,4.582099962,-0.1982288016
1913,0.59567116,0.3118411413,0.5075226433,1.015045287,78.33017878,4.595929763,-0.202271492
1914,0.6196209103,0.2612359972,0.5618592584,1.123718517,76.59263581,4.700190772,-0.2318729318
1915,0.6947217379,0.2734804053,0.6386288132,1.277257626,69.9844412,5.144000493,-0.3422753064
1916,0.6487654278,0.3417907702,0.5514305484,1.102861097,72.78100879,4.94634529,-0.2960246696
1917,0.6222489772,0.2890308339,0.5510489694,1.102097939,76.01939858,4.735633361,-0.2415933695
1918,0.5772729801,0.3006427256,0.4928062958,0.9856125915,80.41219106,4.476933102,-0.1665589484
1919,0.5703152637,0.2733645277,0.500531053,1.001062106,81.44910194,4.419938237,-0.1486879338
1920,0.594511735,0.2383356217,0.5446469814,1.089293963,79.24596466,4.542818067,-0.1865932295
1921,0.6426010107,0.2422678896,0.595182601,1.190365202,74.68992248,4.819927349,-0.264042698
1922,0.6260868924,0.2702602591,0.5647514402,1.12950288,75.88768611,4.743852638,-0.243823449
1923,0.6337038701,0.3489297123,0.5289883277,1.057976655,74.01044591,4.864178233,-0.2754620983
1924,0.639246339,0.3127067181,0.5575395864,1.115079173,74.11743861,4.857156517,-0.2736664892
1925,0.6008553275,0.2902121428,0.5261216939,1.052243388,78.08374565,4.610434566,-0.2064817722
1926,0.6391008679,0.3261053919,0.5496409671,1.099281934,73.91884219,4.870206153,-0.2769986782
1927,0.5625029754,0.2367165833,0.5102693961,1.020538792,82.58485341,4.359152861,-0.1290577481
1928,0.6854376433,0.2883471495,0.6218365414,1.243673083,70.53104438,5.104135394,-0.333296062
1929,0.618648108,0.2836782103,0.5497746398,1.09954928,76.42747215,4.710348123,-0.2346760507
1930,0.6682399372,0.2208043151,0.6307060076,1.261412015,72.69158952,4.95242988,-0.2975150207
1931,0.7205621818,0.3580585385,0.6253030792,1.250606158,66.70681708,5.396749774,-0.3954362226
1932,0.6127698168,0.2792394422,0.545446773,1.090893546,77.04383445,4.672664627,-0.2242055414
1933,0.6126367553,0.2584899429,0.5554338334,1.110867667,77.28514064,4.658075239,-0.2200991967
1934,0.654349932,0.24140427,0.6081922492,1.216384498,73.67171423,4.886543007,-0.2811405112
1935,0.5526164011,0.2917618964,0.4693185299,0.9386370598,83.26957986,4.32330751,-0.1171980263
1936,0.6274106748,0.3123399045,0.5441396318,1.088279264,75.21217957,4.786458817,-0.2552402311
1937,0.5871039991,0.2465486838,0.5328272255,1.065654451,79.92291842,4.50434002,-0.1749729089
1938,0.6383420683,0.2956189384,0.5657650037,1.131530007,74.44546485,4.835754612,-0.2681554556
1939,0.6977189213,0.3343474153,0.6123916223,1.224783245,68.85852573,5.22811077,-0.3606720438
1940,0.6293736044,0.2890337221,0.5590801744,1.118160349,75.35378485,4.777464074,-0.2528498366
1941,0.6499359584,0.3059048954,0.5734448055,1.146889611,73.2656262,4.913627559,-0.2879351003
1942,0.6396648992,0.2937057018,0.5682500718,1.136500144,74.35203505,4.841831158,-0.2697260342
1943,0.6162071787,0.2182502605,0.5762621894,1.152524379,77.31466768,4.656296286,-0.219596461
1944,0.6887438969,0.3368617595,0.6007431319,1.201486264,69.52012691,5.178356484,-0.3498783246
1945,0.6473081599,0.3412038755,0.5500797844,1.100159569,72.92082042,4.936861625,-0.2936929851
1946,0.6175855273,0.3100090866,0.5341406647,1.068281329,76.17831726,4.725754164,-0.2389009519
1947,0.6149618345,0.3087140428,0.5318587197,1.063717439,76.4500929,4.708954382,-0.2342922514
1948,0.5806715241,0.2938325954,0.5008411173,1.001682235,80.1256858,4.492941263,-0.1714874567
1949,0.6444152418,0.3055662171,0.5673625745,1.134725149,73.75931814,4.880739262,-0.2796728752
1950,0.6051916667,0.2954429038,0.5281765273,1.056353055,77.58656818,4.639978394,-0.2149642821
1951,0.6229839906,0.3092590694,0.540802996,1.081605992,75.67412793,4.757240154,-0.2474365492
1952,0.6393292829,0.237155638,0.5937163762,1.187432752,75.03096817,4.798018855,-0.2582969278
1953,0.6201339994,0.236066446,0.5734446881,1.146889376,76.79375531,4.687881177,-0.2284569795
1954,0.6478596889,0.2437573963,0.6002537033,1.200507407,74.21171056,4.850986418,-0.2720835757
1955,0.6210619472,0.3251643825,0.5291370962,1.058274192,75.61436223,4.761000283,-0.2484470864
1956,0.5938069048,0.2177065563,0.5524585917,1.104917183,79.47849513,4.529527131,-0.1826045585
1957,0.6364174545,0.3343958024,0.5414855711,1.082971142,74.02359664,4.863314083,-0.2752414473
1958,0.6385893849,0.3024959574,0.5623989672,1.124797934,74.32708421,4.843456511,-0.270145343
1959,0.6497471007,0.3085269021,0.5718237889,1.143647578,73.24339724,4.915118817,-0.2883066167
1960,0.6432823788,0.2743001314,0.5818691062,1.163738212,74.2766233,4.846746984,-0.270993202
1961,0.6344811226,0.3834400549,0.5055096628,1.011019326,73.20582445,4.917641495,-0.2889344784
1962,0.6385758268,0.2887239828,0.5695766395,1.139153279,74.51667452,4.831133465,-0.2669579239
1963,0.6313927128,0.233175746,0.5867587488,1.173517498,75.78311809,4.750398362,-0.2455930174
1964,0.6340443372,0.2629509222,0.576948034,1.153896068,75.23936859,4.784729148,-0.2547813821
1965,0.6185047904,0.325773113,0.5257566496,1.051513299,75.8500646,4.746205582,-0.2444601986
1966,0.6368075129,0.305672604,0.5586484294,1.117296859,74.44316996,4.835903686,-0.2681940418
1967,0.639776625,0.2522984911,0.587928228,1.175856456,74.83834474,4.810368284,-0.2615432904
1968,0.6226260941,0.2389143239,0.5749636501,1.1499273,76.5351783,4.703719361,-0.2328483069
1969,0.658208527,0.2826504849,0.5944301207,1.188860241,72.86761214,4.940466545,-0.294580564
1970,0.6175004177,0.2733582359,0.5536985107,1.107397021,76.65904366,4.696119112,-0.230745329
1971,0.6303911114,0.3209149002,0.5425924623,1.085184925,74.80257214,4.812668732,-0.2621458566
1972,0.632704448,0.312444345,0.5501758354,1.100351671,74.71900743,4.818051154,-0.263553051
1973,0.6144058086,0.2228462818,0.5725679282,1.145135856,77.44667017,4.648359952,-0.217348238
1974,0.6399218547,0.2737387667,0.5784177277,1.156835455,74.58368693,4.826792759,-0.2658306009
1975,0.623084415,0.3034287904,0.5442105818,1.088421164,75.74779374,4.75261367,-0.2461906146
1976,0.5860108968,0.2370997634,0.535903418,1.071806836,80.11259081,4.493675668,-0.1717126174
1977,0.6074683841,0.2777624361,0.5402461168,1.080492234,77.57602363,4.640609084,-0.215144013
1978,0.613622223,0.3205630897,0.5232318205,1.046463641,76.40526224,4.711717353,-0.2350528439
1979,0.5898631436,0.2417549293,0.5380456136,1.076091227,79.68360341,4.517867975,-0.1790837706
1980,0.6265723064,0.2797256031,0.5606660701,1.12133214,75.73062755,4.753690965,-0.2464809885
1981,0.6112283626,0.3172116409,0.5224718998,1.0449438,76.69034276,4.694202517,-0.2302137639
1982,0.6228228722,0.2941145992,0.5490035816,1.098007163,75.89919875,4.743133076,-0.2436285749
1983,0.6104364365,0.3299232052,0.513598405,1.02719681,76.57084155,4.701528581,-0.2322429298
1984,0.5841545174,0.2327940282,0.5357643518,1.071528704,80.33568284,4.481196739,-0.1678754675
1985,0.6331554846,0.3456153633,0.5305053141,1.061010628,74.1232332,4.856776809,-0.273569214
1986,0.5974404439,0.2800314953,0.5277475207,1.055495041,78.54549875,4.583330754,-0.1985897105
1987,0.6480139008,0.2530911017,0.5965458154,1.193091631,74.10075779,4.858249912,-0.2739464988
1988,0.5878743856,0.3083996561,0.5004857095,1.000971419,79.18635451,4.546237824,-0.1876152495
1989,0.5774528356,0.3160031124,0.4833154356,0.9666308713,80.20360242,4.488576437,-0.1701475422
1990,0.6569183687,0.2924760685,0.5882172154,1.176434431,72.84818125,4.941784322,-0.2949046316
1991,0.5936915201,0.2489405032,0.5389788929,1.077957786,79.23550444,4.543417784,-0.1867725853
1992,0.6134833823,0.3156464518,0.5260505468,1.052101094,76.49296681,4.706315038,-0.2335647228
1993,0.6512483627,0.2646628185,0.595044555,1.19008911,73.68924754,4.885380324,-0.2808468266
1994,0.5842304834,0.3036497875,0.4991212922,0.9982425844,79.63116905,4.520842835,-0.1799840533
1995,0.5984449728,0.2556053289,0.5411120968,1.082224194,78.69882714,4.574401082,-0.1959662177
1996,0.629374748,0.2268083445,0.5870864913,1.174172983,76.02430793,4.735327553,-0.2415102226
1997,0.6360258629,0.328230638,0.544787616,1.089575232,74.16402269,4.854105629,-0.2728843917
1998,0.5851717981,0.3245966028,0.4868912391,0.9737824782,79.25149439,4.542501094,-0.1864984117
1999,0.6327433094,0.2324585376,0.5884956447,1.176991289,75.66723651,4.757673421,-0.2475530853
