draw,midpoint_residual,valence_offset,markedness,markedness_ratio,apex_angle_deg,effective_vertices,step_cosine
0,1.543767657,-0.5930035599,1.425329912,2.850659824,33.74923546,10.6669083,-0.8314770256
1,1.057536521,-0.4837932544,0.9403869314,1.880773863,47.27962372,7.614273796,-0.6784209869
2,1.724565542,0.9231364012,1.45668991,2.91337982,28.13504446,12.79543029,-0.8818386107
3,1.454456403,0.2107012208,1.439113763,2.878227526,37.64872598,9.562076556,-0.791770472
4,2.534201721,-0.3801625116,2.50552486,5.01104972,22.09412761,16.29392236,-0.9265671862
5,1.967431754,-0.5591722369,1.886296401,3.772592803,27.51784607,13.08241928,-0.8868669681
6,1.50653008,1.023302985,1.105659931,2.211319862,28.69876077,12.54409564,-0.8771565501
7,1.70497816,1.30419267,1.098194885,2.196389771,22.45673028,16.03082887,-0.9241682712
8,1.96597783,0.2199144114,1.953639291,3.907278581,28.38747558,12.68164896,-0.8797525197
9,1.455866476,1.180382567,0.8521996188,1.704399238,24.50502121,14.6908667,-0.9099249251
10,2.13952086,-0.4152763533,2.098831833,4.197663666,25.87306709,13.91408288,-0.8997630061
11,1.888365169,0.7535489048,1.731498502,3.462997003,27.57252497,13.05647562,-0.8864256416
12,1.684610875,-0.04647082301,1.683969793,3.367939585,33.05227545,10.8918371,-0.8381733018
13,1.372800317,-0.152300187,1.364325974,2.728651949,39.85054288,9.033753971,-0.7677185586
14,1.910679779,-0.5498731282,1.829846104,3.659692207,28.28379233,12.72813758,-0.880611427
15,1.455765855,0.983548972,1.073259356,2.146518712,29.86291138,12.05508717,-0.8672192476
16,1.629777048,1.09656751,1.205700178,2.411400356,26.61481691,13.52630008,-0.8940384147
17,1.798968437,1.117009376,1.410169312,2.820338625,25.27737746,14.24198379,-0.9042512162
18,1.490724868,1.100712504,1.005332092,2.010664183,27.00957289,13.32860765,-0.8909306597
19,2.037341284,-0.2919501255,2.016314616,4.032629232,27.33458188,13.17013012,-0.8883402448
20,2.542716054,0.7059212429,2.44276076,4.885521519,21.45567811,16.77877521,-0.9307008013
21,2.725995891,0.7410053818,2.623349886,5.246699771,20.06803007,17.93898049,-0.9392858613
22,1.620609747,0.6714122262,1.47498528,2.94997056,31.82733012,11.31103359,-0.8496412381
23,1.655637448,1.262820165,1.07071032,2.14142064,23.25842804,15.47826016,-0.9187331346
24,1.984018243,1.479500732,1.321894842,2.643789684,19.72752352,18.24861593,-0.9413085037
25,1.852622069,-0.06080191479,1.85162406,3.70324812,30.19373854,11.92300183,-0.8643297684
26,1.435001765,0.5784791677,1.313237191,2.626474381,35.97417778,10.00717799,-0.8092818169
27,1.439492308,1.006952606,1.028680977,2.057361954,29.44673134,12.22546557,-0.8708131326
28,1.424710921,0.513445291,1.328975222,2.657950444,36.7486488,9.796278551,-0.8012679227
29,2.221973186,-0.3381287837,2.196095118,4.392190235,25.10467784,14.33995697,-0.9055341628
30,1.565603125,1.017113802,1.190206981,2.380413962,28.40140072,12.67543117,-0.879636945
31,2.20504657,-0.4745703217,2.153372561,4.306745122,25.02707718,14.38442042,-0.9061079624
32,0.9618679463,0.8254981475,0.4937031036,0.9874062073,36.17450444,9.951760379,-0.8072230408
33,2.569126527,0.582812751,2.50214716,5.00429432,21.5051055,16.74021083,-0.9303849062
34,1.810969879,0.3909782905,1.768261259,3.536522518,30.27037135,11.89281743,-0.8636563352
35,1.307914281,0.7119784995,1.09714465,2.1942893,36.91167015,9.753013033,-0.7995623468
36,1.404288351,-0.2809169573,1.375903861,2.751807722,38.62496177,9.320397575,-0.7812485957
37,1.604097548,0.3419594796,1.567224508,3.134449015,34.0043096,10.58689338,-0.8289955096
38,1.966835696,0.6502973775,1.856220885,3.71244177,27.15731973,13.25609462,-0.8897566239
39,1.741871714,0.5813827783,1.641983902,3.283967804,30.53075498,11.79138872,-0.8613566021
40,2.242469612,-0.3994290106,2.206609713,4.413219426,24.78571328,14.52449627,-0.9078820408
41,1.999475145,0.2124588081,1.988155455,3.976310909,27.94468653,12.88259217,-0.8834004102
42,2.065933409,0.4374069818,2.019097814,4.038195627,26.67966685,13.49342186,-0.8935307865
43,1.720315665,1.378807724,1.028773662,2.057547325,20.79143388,17.31482311,-0.9348787569
44,1.778011356,0.05995035856,1.777000376,3.554000751,31.39885845,11.46538498,-0.8535611776
45,2.447343245,0.4022447577,2.414060503,4.828121006,22.81188881,15.78124472,-0.9217827227
46,1.268532793,-0.6832587904,1.068799735,2.137599469,38.18005605,9.429006587,-0.7860721059
47,2.331144624,0.6738708836,2.231621224,4.463242449,23.29008718,15.45721994,-0.9185148015
48,1.415904819,-0.4519562857,1.3418353,2.6836706,37.40411579,9.624609283,-0.7943709882
49,1.689178645,-0.04292918963,1.688633051,3.377266101,32.96925108,10.91926532,-0.8389627385
50,1.219584836,0.8449334938,0.8794740268,1.758948054,35.40334518,10.16853064,-0.8150939734
51,1.922628747,0.6201560659,1.819864762,3.639729524,27.83551093,12.93311989,-0.884291747
52,1.597110135,-0.16963942,1.588075329,3.176150658,34.61496001,10.40012757,-0.8229880757
53,1.541191817,-0.4632125549,1.46993413,2.939868259,34.66948235,10.383772,-0.8224471417
54,1.52072086,0.271189708,1.496344906,2.992689812,35.95969236,10.01120912,-0.8094303017
55,1.172021941,1.075969684,0.4646769516,0.9293539031,22.46743285,16.02319243,-0.9240969021
56,1.611278676,-0.3903411922,1.563282676,3.126565353,33.67546959,10.69027409,-0.832191595
57,1.588661466,1.032184433,1.20765912,2.415318241,27.97316251,12.86947802,-0.8831673977
58,1.99598868,0.8515407226,1.805228299,3.610456597,25.80194376,13.9524372,-0.9003040057
59,1.71289857,0.9705324945,1.411413543,2.822827085,27.73798627,12.97859176,-0.8850852476
60,2.245634959,-0.963576317,2.028397656,4.056795312,22.93861238,15.69406178,-0.9209229606
61,1.743741353,-0.03011328114,1.743481315,3.48696263,31.9955658,11.25155911,-0.8480891048
62,2.006834517,1.41450694,1.423571177,2.847142354,20.64976406,17.43361324,-0.9357535918
63,1.665997744,0.9057940121,1.398243788,2.796487575,28.97065268,12.4263683,-0.8748679155
64,1.881471752,0.4880981735,1.817056995,3.634113991,28.91220891,12.45148723,-0.8753615266
65,1.805950519,-0.6346187252,1.690773892,3.381547783,29.31190516,12.28169912,-0.8719675676
66,1.972749723,0.908004159,1.751362303,3.502724606,25.68352517,14.01676747,-0.9012016784
67,1.905230399,0.9251585084,1.665528326,3.331056653,26.23288027,13.72323573,-0.8970048554
68,2.410601525,1.422642868,1.946043932,3.892087864,19.28723777,18.6651922,-0.9438745479
69,1.373595619,-0.6418942125,1.214387395,2.428774789,36.57333394,9.843237169,-0.8030948776
70,2.016027524,0.08797147066,2.014107246,4.028214493,27.83548088,12.93313385,-0.8842919919
71,1.528379503,0.8908912344,1.241876287,2.483752575,30.76764793,11.7006019,-0.859248885
72,1.832098802,0.06276879095,1.831023238,3.662046476,30.51511716,11.79743135,-0.8614952194
73,1.673721128,1.228756222,1.136442063,2.272884127,24.0095808,14.99401439,-0.9134774318
74,1.715741606,0.7761621143,1.530144317,3.060288634,29.59791586,12.16301856,-0.8695128961
75,2.140435968,0.3850162445,2.105523361,4.211046722,25.92436168,13.88655213,-0.8993719732
76,1.16402048,0.882067996,0.759539155,1.51907831,34.50466284,10.43337249,-0.8240800907
77,1.828398786,0.9614941454,1.555175594,3.110351189,26.69316145,13.48660033,-0.8934250106
78,2.226138011,0.1387868651,2.221807519,4.443615037,25.27449568,14.24360765,-0.9042726917
79,1.31594479,0.8930833693,0.9664951041,1.932990208,33.11573795,10.87096415,-0.8375686822
80,1.299101158,-0.7366598656,1.070044888,2.140089775,36.66009746,9.81994116,-0.8021916542
81,1.727634854,1.00693284,1.403854852,2.807709704,27.17345178,13.24822488,-0.8896280759
82,2.454912969,0.9571985686,2.260612436,4.521224872,21.37238252,16.84416792,-0.9312315841
83,1.800130924,1.217302885,1.326139144,2.652278287,23.91512648,15.05323421,-0.9141469632
84,2.276177142,0.2005936861,2.267321009,4.534642018,24.69350214,14.57873403,-0.9085555616
85,1.911023996,0.8950475442,1.688461609,3.376923219,26.39578181,13.6385428,-0.8957444925
86,2.386442091,0.5412655196,2.324249877,4.648499755,23.11527011,15.57412041,-0.9197169014
87,1.50538772,0.839217619,1.249762368,2.499524735,31.79323079,11.32316506,-0.8499549443
88,1.136049298,-0.3130052585,1.092078621,2.184157243,46.3825175,7.761545069,-0.6898404761
89,1.605588602,-0.3984286109,1.555367931,3.110735862,33.74838379,10.66717749,-0.8314852836
90,1.827617076,1.096566264,1.462096647,2.924193294,25.32080839,14.21755556,-0.9039272844
91,1.562064173,0.8645060041,1.301027997,2.602055995,30.71304959,11.72140197,-0.8597359689
92,0.7481981355,-0.3410972192,0.665922771,1.331845542,65.05121914,5.53410074,-0.4218079058
93,1.696863845,-0.487321101,1.62538151,3.25076302,31.72308358,11.34820324,-0.850599336
94,1.703957425,-0.4631662399,1.639801189,3.279602379,31.71538036,11.35095956,-0.8506700223
95,1.715354161,0.7339920352,1.550385626,3.100771253,29.93459563,12.02621891,-0.8665956002
96,2.669803876,0.7709495258,2.556069162,5.112138325,20.38696251,17.65834415,-0.9373612818
97,1.92113408,0.8169676446,1.738769686,3.477539372,26.80953395,13.42805887,-0.8925107806
98,2.180354694,0.6841327419,2.070243701,4.140487402,24.6859256,14.5832085,-0.9086107969
99,1.843215066,0.2438545958,1.827013059,3.654026118,30.13411812,11.94659152,-0.8648526308
100,1.854225586,1.126212854,1.473023127,2.946046253,24.79836864,14.51708397,-0.907789421
101,2.293261669,1.251584605,1.921610017,3.843220035,20.98819749,17.15249726,-0.9336542279
102,2.380610152,-0.2957899059,2.362162786,4.724325573,23.55913848,15.28069459,-0.9166480126
103,1.641422352,0.9047338286,1.36957075,2.739141499,29.26276191,12.30232475,-0.8723871512
104,1.481674564,1.197782407,0.8721678839,1.744335768,24.14824378,14.90791642,-0.9124900342
105,1.076087134,-0.1982866055,1.057660599,2.115321197,49.35509825,7.29407929,-0.6513690457
106,1.618210456,0.7616066343,1.427781641,2.855563283,31.08133318,11.58251475,-0.8564353244
107,1.716127549,-0.1212673349,1.711837608,3.423675216,32.42241094,11.10343092,-0.8441182751
108,1.652657337,1.08264775,1.24865933,2.497318661,26.71303503,13.47656676,-0.8932691433
109,2.464136778,0.235557575,2.45285195,4.905703901,22.8461597,15.75757172,-0.9215506549
110,2.097660802,1.436743918,1.528380762,3.056761524,20.21716169,17.80665385,-0.9383895542
111,1.421919495,0.2916670063,1.391684378,2.783368757,38.14747944,9.437058627,-0.7864234311
112,0.9949702321,0.7750709065,0.6238836852,1.24776737,40.13507748,8.969709855,-0.7645269138
113,1.746076821,1.384626579,1.063763837,2.127527674,20.81083044,17.29868499,-0.934758535
114,1.751121737,1.366296218,1.095290821,2.190581642,21.25074447,16.94058298,-0.9320031599
115,1.434435242,-0.4238582563,1.370382663,2.740765326,37.16652521,9.686135521,-0.7968830163
116,2.125361737,-0.0625924259,2.124439856,4.248879713,26.46677278,13.60196058,-0.8951929721
117,1.845285382,1.140312012,1.450781395,2.90156279,24.69411789,14.57837051,-0.9085510719
118,2.078525467,1.118567381,1.751877602,3.503755204,23.28745021,15.45897025,-0.9185329977
119,1.930997852,1.5754809,1.116518088,2.233036176,17.79421826,20.23129057,-0.9521602357
120,2.187718923,0.8252127137,2.02611403,4.05222806,24.06854505,14.95728135,-0.91305821
121,2.228860525,0.03665649812,2.228559073,4.457118146,25.28467283,14.23787456,-0.9041968396
122,1.273757721,-0.2103672845,1.25626603,2.512532059,42.46910706,8.476749922,-0.7376414967
123,1.777565646,0.07921142766,1.775799869,3.551599738,31.39551263,11.46660684,-0.8535915998
124,1.595551442,0.5403393519,1.501272057,3.002544114,33.18169785,10.84935441,-0.8369391804
125,2.006904061,0.9147267077,1.786319949,3.572639899,25.30776495,14.22488318,-0.9040246241
126,1.308238084,-0.6861484173,1.113861407,2.227722814,37.31256915,9.648223325,-0.7953405242
127,1.89267981,0.9077236221,1.660805434,3.321610868,26.49192157,13.58904823,-0.8949972644
128,1.513583147,1.089587354,1.05058714,2.101174281,27.23750884,13.21706776,-0.8891169423
129,1.568814334,0.6380015781,1.433224477,2.866448954,32.95018732,10.92558281,-0.8391437576
130,1.706035801,1.127701354,1.280174915,2.560349829,25.69536175,14.01031064,-0.9011121243
131,1.389091009,1.018789892,0.9442674333,1.888534867,29.34498035,12.26785623,-0.8716848115
132,1.664832202,0.6801955298,1.519539504,3.039079008,31.07289048,11.58566179,-0.8565113867
133,2.330417662,-0.730428082,2.212989222,4.425978444,23.12966333,15.56442889,-0.9196182522
134,1.945376711,1.060101733,1.631157523,3.262315046,24.77319201,14.53183747,-0.9079736356
135,1.553090849,0.7674846258,1.350206849,2.700413698,31.98441377,11.2554822,-0.8481922192
136,1.899362861,0.5523849282,1.817264474,3.634528949,28.42413365,12.66529367,-0.8794481564
137,2.260298068,0.3919062849,2.226063077,4.452126154,24.61426311,14.62566636,-0.9091324527
138,1.572984562,-0.7429831377,1.386454647,2.772909294,31.93641244,11.27239951,-0.8486356847
139,1.696702612,0.0009314946289,1.696702356,3.393404713,32.83935198,10.96245749,-0.8401943484
140,2.57393402,1.580916307,2.031216377,4.062432754,17.67267803,20.37042712,-0.9528063536
141,1.566542277,0.9322793476,1.258932057,2.517864115,29.73453758,12.10713296,-0.8683326969
142,1.860021855,0.2642698618,1.841152558,3.682305116,29.83964832,12.06448535,-0.8674213427
143,1.458573895,1.111258268,0.9447448691,1.889489738,26.7119829,13.47709758,-0.8932773977
144,1.483106545,0.4624640733,1.409160036,2.818320071,35.85912367,10.03928605,-0.8104597679
145,1.537833084,-0.1230529678,1.532902006,3.065804012,35.93460558,10.01819817,-0.8096873348
146,1.613720213,0.1025877894,1.610456045,3.22091209,34.37638049,10.47230671,-0.8253463291
147,2.343144021,0.6748137461,2.243869495,4.48773899,23.18026536,15.53045206,-0.9192709719
148,1.904584809,1.077101857,1.570762517,3.141525033,24.94193395,14.43352391,-0.9067356214
149,1.860739647,0.4131979329,1.81428209,3.62856418,29.45702645,12.22119281,-0.8707247835
150,2.622024262,0.24646378,2.610415069,5.220830139,21.50564286,16.73979254,-0.930381468
151,1.564926073,0.8381608218,1.32154457,2.64308914,31.00489878,11.61106838,-0.8571232619
152,1.407364314,0.8424604489,1.127357399,2.254714797,33.08013156,10.8826653,-0.8379080379
153,1.264200052,-0.9231979932,0.8636592132,1.727318426,32.64365944,11.02817534,-0.8420416086
154,1.450119544,-0.5675235719,1.334452579,2.668905159,35.76209296,10.06652492,-0.811450651
155,1.340898537,1.158164987,0.6757682663,1.351536533,23.58320871,15.26509833,-0.9164800178
156,2.56291508,0.7062063009,2.463697703,4.927395405,21.30160851,16.90013221,-0.9316810294
157,2.194497981,-0.268434639,2.178018418,4.356036837,25.5023853,14.1163266,-0.9025673608
158,0.851385958,-0.2102929251,0.8250060213,1.650012043,60.07607349,5.992402284,-0.4988497092
159,1.898359339,1.089036133,1.554917515,3.109835031,24.87399407,14.47294708,-0.9072350244
160,1.970666109,0.4332995859,1.922440215,3.844880431,27.88260465,12.91127585,-0.8839076557
161,1.315180363,-0.03608587973,1.314685208,2.629370416,41.62049058,8.649585697,-0.747560604
162,1.300102033,1.080545636,0.7229705552,1.44594111,26.65529674,13.50575848,-0.8937216836
163,1.569722734,0.8978330272,1.287604488,2.575208975,30.18083144,11.92810081,-0.8644430412
164,1.580826254,-0.2141184905,1.566258253,3.132516507,34.85415169,10.32875519,-0.8206094467
165,2.357603826,0.7171469032,2.245884262,4.491768524,22.93271206,15.69809968,-0.9209630917
166,1.298508983,0.4038470273,1.234112295,2.46822459,40.6736057,8.850948762,-0.7584346563
167,1.461724653,0.9086613093,1.144977548,2.289955097,31.25303905,11.51887979,-0.854884353
168,1.967511937,1.231854261,1.534157195,3.068314391,22.96097511,15.67877663,-0.9207707719
169,2.157886326,0.0296144554,2.157683105,4.31536621,26.089241,13.79879161,-0.8981101717
170,1.648310368,1.166459869,1.164602268,2.329204535,25.27135022,14.24538051,-0.9042961296
171,1.828258552,1.222492696,1.359426696,2.718853392,23.72952676,15.17097259,-0.9154553323
172,2.261005386,-0.01843542768,2.260930227,4.521860454,24.93874387,14.4353702,-0.9067590991
173,1.615907499,0.648928403,1.479881405,2.95976281,32.07788599,11.22268469,-0.8473269581
174,1.811275544,1.06052322,1.468335655,2.93667131,25.84945717,13.92679148,-0.8999427487
175,1.259901915,-0.312244375,1.220596693,2.441193385,42.38658086,8.493254061,-0.7386132476
176,1.815318963,-0.4972257644,1.745895036,3.491790073,29.82532154,12.0702806,-0.8675457338
177,2.273401416,0.6845808382,2.167879857,4.335759714,23.7866114,15.13456431,-0.9150539413
178,1.915316815,1.079952855,1.581815518,3.163631037,24.83141657,14.49776331,-0.907547347
179,1.951769063,0.584226173,1.862278779,3.724557559,27.61855688,13.03471436,-0.8860534811
180,1.624805832,-0.05815550445,1.623764739,3.247529478,34.19223429,10.52870652,-0.8271567499
181,2.455206064,1.021011732,2.232839416,4.465678833,21.12830924,17.03875099,-0.9327755503
182,2.322343512,0.4378340981,2.280697414,4.561394827,23.91405602,15.05390803,-0.9141545368
183,1.498814112,1.07284781,1.046633325,2.093266651,27.6657236,13.01249175,-0.8856715526
184,1.566519009,-0.117929366,1.562073773,3.124147545,35.32713626,10.19046654,-0.8158638153
185,1.772494155,0.7837030107,1.589825499,3.179650999,28.80122389,12.49946882,-0.8762963891
186,1.384234285,0.478347762,1.298956494,2.597912989,37.94129188,9.488343231,-0.7886411774
187,1.582499093,0.8155007976,1.356193876,2.712387751,31.03120837,11.60122402,-0.8568866381
188,1.634613861,1.232691321,1.073515059,2.147030118,23.9049239,15.0596589,-0.9142191347
189,1.64404053,1.103972607,1.218242073,2.436484146,26.41175286,13.63029564,-0.8956205351
190,1.422216855,0.2909835299,1.392131232,2.784262464,38.14313317,9.438133947,-0.7864702847
191,1.50069945,1.154766963,0.9584425386,1.916885077,25.58131895,14.0727693,-0.9019733582
192,1.394659392,-0.07021750604,1.392890635,2.78578127,39.41090702,9.134527146,-0.7726127301
193,1.419241842,0.3417704298,1.37747609,2.75495218,37.98174391,9.478237779,-0.7882068812
194,1.728408902,1.161110733,1.280319959,2.560639917,25.06616568,14.36198917,-0.9058191395
195,1.462310074,-0.2633734535,1.438396738,2.876793475,37.29729206,9.652175269,-0.7955021205
196,1.483564317,-0.1914307715,1.471161902,2.942323803,37.01883484,9.724779333,-0.7984376323
197,2.00641289,1.402900911,1.434420342,2.868840685,20.80224426,17.30582506,-0.9348117662
198,1.623925787,0.962896329,1.307656538,2.615313077,28.71363258,12.53759861,-0.8770318776
199,2.285201189,0.6562318969,2.188950473,4.377900945,23.76114524,15.15078488,-0.915233119
200,1.495303862,1.182899597,0.9147033304,1.829406661,24.73037599,14.55699663,-0.908286513
201,0.908943672,0.7688583735,0.4848044971,0.9696089942,40.07771222,8.982548655,-0.765171904
202,1.843462094,1.296141832,1.310865684,2.621731369,22.60516545,15.9255636,-0.9231755676
203,1.81464457,0.877146422,1.588568245,3.177136489,27.56687049,13.05915375,-0.8864713177
204,2.035432178,0.9456241588,1.80243699,3.60487398,24.84395877,14.49044427,-0.9074553972
205,2.054605372,1.379236807,1.522862129,3.045724258,20.97966792,17.15947084,-0.9337075388
206,1.859555587,1.318796306,1.311000871,2.622001743,22.22850215,16.19542323,-0.925682511
207,1.40803082,0.7438056779,1.195534987,2.391069974,34.60735447,10.40241317,-0.8230634735
208,1.712430406,0.6168540617,1.59746955,3.194939099,30.77521274,11.6977258,-0.8591813361
209,1.78996666,1.154458626,1.367920292,2.735840583,24.84776623,14.48822388,-0.9074274752
210,1.967304796,1.124463341,1.614270843,3.228541686,24.03188572,14.98009787,-0.9133189629
211,1.546244861,0.4834831732,1.468712767,2.937425534,34.45146501,10.44948306,-0.8246056929
212,2.035593576,0.1221269008,2.031926728,4.063853456,27.55815222,13.06328513,-0.8865417257
213,1.969217185,1.383510742,1.401325925,2.80265185,21.12017888,17.04531017,-0.9328266904
214,1.892935697,1.381348202,1.294249859,2.588499718,21.22068554,16.96457917,-0.9321931829
215,2.046943994,0.1878456297,2.038306584,4.076613169,27.35430458,13.16063433,-0.8881821284
216,2.566729057,1.555656453,2.04157563,4.083151259,17.85435781,20.16314469,-0.9518389442
217,1.889602434,0.06431377012,1.888507638,3.777015275,29.6279839,12.15067489,-0.8692535791
218,1.703346707,0.1108341745,1.699736977,3.399473954,32.66287313,11.0216881,-0.8418606735
219,1.961924818,-0.3687196507,1.926965182,3.853930364,28.16435911,12.78211227,-0.8815972322
220,1.740885641,0.8680418463,1.509034847,3.018069693,28.48801989,12.63689092,-0.8789168637
221,1.936393229,0.6081071375,1.838429886,3.676859772,27.71397449,12.98983659,-0.885280224
222,1.439864903,1.121817449,0.9026275822,1.805255164,26.33889738,13.66799813,-0.8961854284
223,1.35918937,0.6295140553,1.204619358,2.409238716,37.02047724,9.724347897,-0.7984203732
224,2.581648011,1.345169577,2.203502952,4.407005904,18.95745747,18.98988831,-0.9457600517
225,1.88078503,0.9658078763,1.613867242,3.227734484,26.14791,13.76783078,-0.8976593903
226,1.653016441,-0.1372243309,1.647310789,3.294621579,33.56742042,10.72468469,-0.833235776
227,1.703443415,0.210560555,1.690379756,3.380759512,32.51610632,11.0714363,-0.8432403731
228,1.795354649,0.9187596975,1.54245873,3.08491746,27.41894157,13.12960966,-0.8876631979
229,1.86732661,0.9402232735,1.6133471,3.226694199,26.49268395,13.58865718,-0.8949913289
230,1.31272489,0.8568386111,0.9945221119,1.989044224,34.02150424,10.58154271,-0.828827638
231,1.733782147,0.2223132165,1.719470083,3.438940166,31.96005941,11.26405916,-0.848417294
232,2.053840519,0.6986617433,1.931355132,3.862710264,25.95221681,13.87164737,-0.8991593238
233,2.179669094,0.5809718355,2.10081629,4.201632581,25.02075605,14.38805443,-0.9061546293
234,1.683544614,1.177176054,1.203569278,2.407138556,24.97231199,14.41596597,-0.9065119102
235,1.820453726,0.3768975514,1.78101095,3.5620219,30.16772694,11.93328224,-0.8645580015
236,1.332661634,1.151526501,0.6708008266,1.341601653,23.72956468,15.17094835,-0.915455066
237,1.364898781,-0.5272516333,1.25894972,2.517899439,37.97299323,9.48042199,-0.7883008625
238,1.291387673,0.8943808191,0.9315390879,1.863078176,33.30835596,10.80809874,-0.8357272835
239,1.743130544,0.3300675752,1.711595598,3.423191196,31.54177828,11.41343385,-0.8522589482
240,1.651185202,0.8661746832,1.405757443,2.811514887,29.58179312,12.16964768,-0.8696518455
241,1.232601923,-0.5790825919,1.088104247,2.176208495,40.60458332,8.865994195,-0.7592192469
242,1.841628575,1.113508392,1.466865662,2.933731324,25.02868794,14.38349469,-0.9060960689
243,1.834565581,-0.08053419008,1.832797074,3.665594149,30.4665427,11.81624064,-0.8619253855
244,2.558621758,1.20122854,2.259113829,4.518227658,19.73728813,18.23958781,-0.9412509637
245,2.155415546,1.041620759,1.887019442,3.774038883,23.23269825,15.49540205,-0.91891037
246,1.788901953,0.4279809467,1.736952074,3.473904149,30.48801716,11.80791778,-0.8617352882
247,1.714079855,0.9245960564,1.443326671,2.886653343,28.23303913,12.75101835,-0.8810308131
248,1.382389624,1.146351166,0.7725801421,1.545160284,24.9445151,14.43203039,-0.9067166231
249,0.7105589259,-0.4008834749,0.5866740378,1.173348076,66.51635851,5.412202473,-0.398487223
250,2.260238895,0.6657684922,2.159961151,4.319922303,23.96788389,15.02009946,-0.9137733029
251,2.305720408,0.9872196782,2.083685175,4.16737035,22.35636751,16.10279486,-0.9248359622
252,1.924171899,0.04240841791,1.923704505,3.84740901,29.12663212,12.3598224,-0.8735460712
253,1.337461244,1.141646988,0.6967386401,1.39347728,24.36005459,14.778292,-0.9109714472
254,1.553575759,0.7596563789,1.35518258,2.71036516,32.06122247,11.22851758,-0.8474813756
255,1.53963336,0.2502814326,1.519154399,3.038308798,35.61868767,10.10705401,-0.8129108518
256,1.344927412,-0.4549627368,1.265637646,2.531275292,39.07367217,9.213364907,-0.7763361252
257,1.25136106,0.8531639796,0.9154319885,1.830863977,34.82508072,10.33737733,-0.8208993057
258,2.142002428,0.3692144161,2.10994197,4.21988394,25.93672837,13.879931,-0.8992775907
259,1.585981662,0.1254053514,1.581015918,3.162031835,34.9118113,10.31169643,-0.8200339128
260,2.146988292,0.7771479691,2.001399451,4.002798901,24.65905244,14.59910111,-0.9088065824
261,1.82889538,1.144267277,1.426713254,2.853426508,24.74945081,14.54577731,-0.9081471867
262,2.784220894,1.061751026,2.573824148,5.147648296,18.93659617,19.01080832,-0.9458782721
263,1.987589673,0.4213252059,1.942420598,3.884841196,27.69524175,12.99862277,-0.8854322265
264,1.651686103,0.919487603,1.372082188,2.744164377,28.97288315,12.42541166,-0.874849059
265,2.793092112,0.7385440943,2.693680784,5.387361568,19.63205382,18.33735804,-0.9418696387
266,1.657104072,-0.6698888584,1.515665801,3.031331603,31.26777252,11.51345206,-0.8547509118
267,1.547819103,0.07656592554,1.545924201,3.091848402,35.77126755,10.06394306,-0.8113570591
268,1.851860414,0.4238106977,1.802712258,3.605424516,29.55323438,12.18140781,-0.8698978021
269,2.051478741,0.1081591053,2.048625547,4.097251095,27.36234281,13.15676814,-0.888117656
270,2.313680334,0.4695229382,2.265538544,4.531077089,23.93892075,15.03827193,-0.9139785336
271,1.845561171,1.096510042,1.484507246,2.969014493,25.1905046,14.2910992,-0.9048976028
272,1.534750721,-0.1693339749,1.525380537,3.050761073,35.92288218,10.0214676,-0.8098073967
273,1.842107994,1.090744899,1.484465368,2.968930735,25.27921328,14.24094951,-0.9042375342
274,2.124566974,0.04972770303,2.12398493,4.247969859,26.47998095,13.59517594,-0.8950902077
275,1.878937461,-0.5632485806,1.792528108,3.585056216,28.65372944,12.56380957,-0.8775336935
276,1.743820161,0.09736822458,1.741099705,3.48219941,31.95784816,11.26483855,-0.8484377221
277,1.804359163,0.9912129805,1.507716424,3.015432848,26.639124,13.51395789,-0.8938482794
278,3.05655564,0.4959037207,3.016058998,6.032117997,18.35105751,19.61739806,-0.9491452952
279,1.89132188,-0.3180186974,1.86439335,3.7287867,29.26479432,12.30147036,-0.8723698113
280,2.026968999,-0.7766647744,1.872270053,3.744540106,25.88357157,13.90843605,-0.8996829862
281,2.238549178,1.658897876,1.503050318,3.006100637,17.52058146,20.54726328,-0.9536088714
282,1.320096531,0.6774511002,1.133011411,2.266022821,37.20060186,9.677262785,-0.796523567
283,1.133814484,-0.6633561623,0.9195074145,1.839014829,41.60359408,8.653098559,-0.7477564419
284,1.675968011,-0.2255768995,1.660717868,3.321435736,32.98376051,10.91446198,-0.8388249027
285,1.645621417,1.017082586,1.293681902,2.587363803,27.75782742,12.96931473,-0.8849240196
286,1.418848383,0.6526020491,1.25985765,2.5197153,35.54797403,10.12715942,-0.8136290077
287,2.195687391,1.463072271,1.637211852,3.274423703,19.70601554,18.26853325,-0.9414351477
288,1.883771522,0.1236116495,1.879711496,3.759422992,29.67674541,12.13071026,-0.8688325343
289,2.403250696,0.04392787116,2.402849194,4.805698389,23.50212677,15.31776267,-0.9170452725
290,2.176401502,-0.123184706,2.172912567,4.345825135,25.84082803,13.93144212,-0.9000084043
291,1.654914859,0.09448098284,1.652215644,3.304431289,33.57920979,10.72091935,-0.8331219882
292,1.652645194,0.4743742669,1.583099868,3.166199736,32.53904425,11.06363166,-0.8430251068
293,1.07335093,-0.4901539849,0.9548985754,1.909797151,46.62917073,7.720489007,-0.6867175043
294,1.499749245,1.15288381,0.9592219339,1.918443868,25.63129198,14.04533179,-0.9015964091
295,2.255068207,1.425212842,1.747598631,3.495197261,19.8710025,18.11685142,-0.9404602733
296,2.080184777,0.3178206502,2.055762326,4.111524652,26.75784491,13.4539983,-0.8929173078
297,1.49755909,-0.5012518122,1.411180304,2.822360607,35.30539917,10.19674068,-0.816083133
298,2.247553504,0.3167838097,2.225116799,4.450233598,24.86402014,14.47875275,-0.9073082321
299,1.868568086,-0.3138102165,1.842028729,3.684057458,29.60766866,12.15901205,-0.8694288109
300,1.662882043,0.7171160615,1.500307049,3.000614099,30.81614626,11.68218754,-0.8588155664
301,1.770410341,-1.014978064,1.450576541,2.901153083,26.69838647,13.48396093,-0.8933840415
302,1.999148466,0.5168917996,1.931169971,3.862339941,27.26869444,13.20195218,-0.8888676993
303,1.257072034,0.7597138669,1.001531297,2.003062594,36.9761197,9.736013485,-0.7988862711
304,2.762894182,-0.3095114089,2.745503041,5.491006083,20.39708681,17.64957925,-0.9372997114
305,1.714332835,1.272775091,1.148468823,2.296937647,23.12775691,15.56571186,-0.9196313219
306,1.924196551,0.6481558513,1.81174677,3.62349354,27.6886384,13.00172276,-0.8854857853
307,1.064111903,0.8977635882,0.5712746116,1.142549223,32.92137564,10.93514451,-0.8394171611
308,1.230169522,-0.09721723489,1.226322087,2.452644175,44.14867205,8.154265651,-0.7175348695
309,1.919678913,0.6132987653,1.819074423,3.638148845,27.90321828,12.90173758,-0.8837393452
310,1.942415744,1.267997175,1.471448975,2.942897951,22.66891849,15.88077526,-0.922747298
311,1.254251001,1.031676661,0.7132943579,1.426588716,28.32865671,12.7079799,-0.8802401263
312,2.030132966,1.104397769,1.703451034,3.406902068,23.74971143,15.15807891,-0.9153135075
313,2.88627769,1.619499601,2.389104423,4.778208847,16.47080527,21.85685485,-0.9589643287
314,1.970638785,1.187386598,1.572746098,3.145492196,23.40565869,15.38089591,-0.9177153978
315,2.070499444,0.611407222,1.978168131,3.956336262,26.10547017,13.79021323,-0.8979855696
316,1.268571063,0.03540130007,1.268077005,2.536154009,43.01205648,8.369746288,-0.7312101758
317,1.770051229,1.386890534,1.099825441,2.199650882,20.88063687,17.24085344,-0.9343249807
318,1.608724376,0.3382162877,1.572769488,3.145538976,33.92873588,10.61047489,-0.8297324516
319,1.616415375,0.02970180569,1.616142465,3.23228493,34.37193263,10.47366186,-0.8253901585
320,1.504115866,0.8477021179,1.242483665,2.484967329,31.69220858,11.35925882,-0.8508825583
321,2.427280179,0.9936505324,2.214576187,4.429152374,21.4318837,16.79740358,-0.9308526267
322,1.92522244,0.4769062606,1.865218985,3.73043797,28.35260352,12.69724665,-0.8800417199
323,1.408116541,0.8464853563,1.125279847,2.250559694,32.99980091,10.90915672,-0.8386724604
324,2.387196358,-0.5308144906,2.327432583,4.654865167,23.1299075,15.56426458,-0.9196165782
325,1.58938161,1.140859507,1.106604485,2.213208971,25.92796587,13.8846218,-0.8993444704
326,2.19360952,0.5097254282,2.133565727,4.267131455,25.06502278,14.36264404,-0.9058275903
327,0.9821109094,-0.2965563085,0.9362671596,1.872534319,52.64979383,6.837633613,-0.6066852115
328,1.295065624,-0.4809849854,1.20243437,2.404868741,40.1146686,8.974273317,-0.7647564703
329,1.94665997,0.6016464617,1.851352633,3.702705267,27.61213418,13.03774629,-0.8861054419
330,2.710798053,-0.3310075041,2.690512984,5.381025969,20.75818676,17.34255521,-0.9350845769
331,1.965599515,1.13183071,1.607028531,3.214057061,23.97562637,15.01524901,-0.9137184008
332,0.8901547124,-0.3246566934,0.8288386112,1.657677222,56.80006666,6.338020731,-0.5475622499
333,1.249171429,-0.7104791161,1.027447655,2.05489531,38.09837178,9.449222715,-0.7869525565
334,2.15906978,-0.1154145938,2.155982789,4.311965579,26.04520553,13.82212168,-0.8984478982
335,1.664479362,-0.4724621707,1.596017244,3.192034489,32.3426722,11.1308057,-0.844863629
336,2.232671131,-0.08631534552,2.231002026,4.462004051,25.22936453,14.2690871,-0.9046087185
337,1.95652362,1.181921109,1.55918157,3.11836314,23.54617058,15.28911034,-0.9167384533
338,1.411867944,-0.3498455129,1.36783742,2.735674841,38.11749606,9.444481858,-0.7867465648
339,1.852922375,1.017474983,1.548569012,3.097138025,25.94122144,13.87752696,-0.8992432892
340,1.663703657,0.9717914922,1.350381855,2.700763711,28.20513287,12.76363425,-0.8812611148
341,1.430318022,0.8636563343,1.140134808,2.280269617,32.41090153,11.10737385,-0.8442259597
342,2.023532062,1.415901953,1.445649911,2.891299822,20.60690661,17.46987099,-0.9360171168
343,2.69663938,0.5192514148,2.646174959,5.292349917,20.64881432,17.43441509,-0.9357594373
344,1.217010567,0.8917320442,0.8282081151,1.65641623,33.9299149,10.61010619,-0.8297209657
345,1.178732525,0.1763985035,1.16545868,2.33091736,45.64749661,7.886522301,-0.6990708222
346,1.284903503,-0.1740717985,1.273057745,2.54611549,42.26119827,8.518452262,-0.7400867015
347,2.028340659,1.379059681,1.487400492,2.974800985,21.05278819,17.09987279,-0.933249856
348,1.77804692,0.01740587128,1.777961722,3.555923445,31.41153353,11.4607585,-0.8534459017
349,1.291996565,0.8953502405,0.9314521302,1.86290426,33.27674906,10.81836448,-0.836030089
350,1.707091717,1.090950939,1.313007303,2.626014606,26.2359503,13.7216299,-0.8969811698
351,1.782929519,1.312856667,1.206335377,2.412670753,22.38587866,16.08156666,-0.9246399256
352,2.207257018,1.006461834,1.964438373,3.928876747,23.02649333,15.63416517,-0.9203240826
353,2.306351853,0.31974223,2.28408051,4.56816102,24.25512901,14.84222161,-0.9117252732
354,2.046936734,1.18121962,1.671726712,3.343453425,22.99158551,15.65790231,-0.9205622265
355,2.106744021,0.02932024614,2.106539982,4.213079964,26.70009981,13.48309567,-0.8933706056
356,1.602259468,1.089109294,1.175192049,2.350384097,26.89196509,13.38689824,-0.8918609683
357,1.64688927,0.1896451055,1.635933679,3.271867358,33.6003632,10.7141699,-0.8329177327
358,2.237013652,0.9757789017,2.012979288,4.025958576,22.94819037,15.68751149,-0.9208577952
359,1.70552746,0.6492033364,1.577136312,3.154272624,30.67517409,11.73587471,-0.860073406
360,1.8903668,0.411510453,1.845032732,3.690065465,29.03683324,12.3980462,-0.8743078611
361,1.840575524,1.26154348,1.340233677,2.680467355,23.12909173,15.56481354,-0.919622171
362,1.644430732,0.1403586027,1.638429704,3.276859408,33.7276797,10.67372565,-0.8316859786
363,1.511791569,0.3513431489,1.470398497,2.940796995,35.84329905,10.04371834,-0.8106215285
364,1.904442885,0.7777482027,1.738393062,3.476786123,27.23892079,13.21638264,-0.8891056633
365,1.964415595,-0.7818169055,1.80213511,3.60427022,26.53546056,13.56675152,-0.8946580368
366,1.561787225,-0.3623910844,1.519161623,3.038323246,34.75837213,10.35721692,-0.8215636405
367,2.612361603,0.7200374542,2.511170885,5.022341769,20.90485992,17.22087598,-0.9341742119
368,1.948415577,0.3735489735,1.912272058,3.824544116,28.33472974,12.70525617,-0.880189824
369,2.197824241,0.8203198713,2.038996494,4.077992988,23.99641966,15.00223804,-0.9135708723
370,1.720516714,0.007547282761,1.720500161,3.441000321,32.40857546,11.10817106,-0.8442477188
371,1.780044768,1.084170214,1.411784093,2.823568185,25.81427785,13.94577071,-0.9002102858
372,1.987795527,1.49341984,1.311879659,2.623759318,19.51608599,18.44632168,-0.9425477365
373,1.29085622,0.9788798829,0.8414891304,1.682978261,30.71632558,11.72015185,-0.8597067651
374,1.976577741,0.09825693027,1.974134023,3.948268046,28.36212961,12.69298198,-0.8799627507
375,1.789084846,-0.004285939461,1.789079712,3.578159424,31.22835896,11.52798328,-0.8551077542
376,2.480736495,-0.4848673186,2.432890717,4.865781434,22.3951508,16.0749085,-0.924578282
377,1.284576707,-0.7977661878,1.00682989,2.013659779,35.71967303,10.07847971,-0.8118831148
378,2.599395636,0.5524615192,2.54000865,5.080017301,21.32362131,16.88268586,-0.931541391
379,1.948724567,-0.2308671811,1.935000719,3.870001437,28.61028233,12.58288876,-0.877897055
380,1.784559401,0.5520893146,1.697011975,3.39402395,30.03936948,11.98427285,-0.8656816358
381,1.62313967,0.1777169814,1.613381251,3.226762503,34.0818337,10.56281194,-0.8282380502
382,1.707443458,0.5153777911,1.627804931,3.255609862,31.41347153,11.46005145,-0.8534282725
383,1.635420531,0.01713614193,1.635330751,3.270661502,33.99865501,10.58865417,-0.8290506991
384,1.537945145,0.8152922433,1.304060515,2.60812103,31.65370093,11.3730777,-0.8512354501
385,1.374582787,1.095095695,0.8308087969,1.661617594,26.87370689,13.39599339,-0.8920050586
386,2.458206436,0.7219720653,2.349794718,4.699589436,22.07954362,16.30468484,-0.9266628956
387,1.974939268,0.7133081853,1.841623345,3.68324669,26.77099523,13.44738949,-0.8928139512
388,1.776790902,-0.09747744047,1.774115007,3.548230013,31.39545113,11.46662931,-0.853592159
389,1.119694109,-0.3488868752,1.063951524,2.127903048,46.6687066,7.713948515,-0.6862157403
390,1.444766698,-0.3114940661,1.410787815,2.821575629,37.51842466,9.595285602,-0.7931575392
391,1.217713721,-0.4535449041,1.130098989,2.260197978,42.51064514,8.468467106,-0.7371518044
392,1.948778455,1.477675016,1.270517223,2.541034445,19.70348278,18.27088155,-0.9414500524
393,1.934002291,0.4976157495,1.868888286,3.737776572,28.16647119,12.78115379,-0.8815798323
394,1.117705362,0.8183747828,0.7612673583,1.522534717,37.30113247,9.65118151,-0.7954615032
395,2.640133235,0.2139343922,2.63145123,5.26290246,21.38368756,16.83526281,-0.9311596606
396,1.975003141,1.161013919,1.597712141,3.195424281,23.63673164,15.2305321,-0.9161058823
397,1.450686376,0.6160436593,1.313385385,2.626770771,35.30684387,10.19632345,-0.8160685602
398,1.969076788,-0.2423056632,1.954111399,3.908222799,28.31262725,12.71517464,-0.8803728492
399,2.176344374,1.431295294,1.639472053,3.278944107,20.07358956,17.93401219,-0.9392525619
400,1.685245736,-0.33190189,1.652239186,3.304478372,32.53449914,11.06517726,-0.8430677721
401,2.155026242,0.1303221575,2.151082109,4.302164217,26.08334182,13.80191244,-0.8981554458
402,1.376263353,0.04566232604,1.375505641,2.751011282,39.91689597,9.018737337,-0.7669759612
403,2.044124181,0.007264734539,2.044111272,4.088222544,27.48959031,13.09586632,-0.8870947106
404,2.013463751,-0.02480399069,2.013310965,4.026621929,27.89032253,12.90770301,-0.8838446526
405,1.499234022,1.159018164,0.950988721,1.901977442,25.45637161,14.14184258,-0.9029128392
406,2.105601995,-1.106560125,1.791391764,3.582783527,23.1805104,15.53028789,-0.9192692885
407,1.828781024,0.7784813336,1.654813236,3.309626473,28.13652809,12.79475559,-0.8818264
408,2.222511858,-0.1119977089,2.219688147,4.439376295,25.32939052,14.21273835,-0.9038632127
409,2.178953874,0.7622259736,2.041286739,4.082573478,24.41031057,14.74786644,-0.9106093065
410,1.118084622,0.9149340125,0.6426577427,1.285315485,32.72419137,11.00103578,-0.8412826072
411,1.929311837,-0.7496714238,1.777705521,3.555411042,27.11135487,13.27856913,-0.8901225073
412,1.32162891,-0.6302002844,1.161701587,2.323403175,37.81767645,9.519357977,-0.7899658854
413,2.398389655,0.8321865118,2.24938626,4.49877252,22.23525319,16.19050599,-0.9256379301
414,1.660205376,0.03456611289,1.659845498,3.319690995,33.51547583,10.74130655,-0.8337367112
415,2.292548856,0.9166812089,2.101303362,4.202606724,22.77146539,15.80925926,-0.9220560289
416,2.047789767,0.470940425,1.992901916,3.985803831,26.81071293,13.42746837,-0.8925014996
417,1.80698004,0.5053322008,1.734882195,3.46976439,29.91540061,12.03393545,-0.8667627284
418,2.20394364,1.007345169,1.960261023,3.920522046,23.04792182,15.61962952,-0.9201777265
419,2.067354154,0.5274309481,1.998942168,3.997884336,26.41638443,13.62790586,-0.8955845748
420,2.20926202,1.001480525,1.969232193,3.938464386,23.03728863,15.62683898,-0.920250367
421,1.359455904,-0.2833449539,1.329599937,2.659199873,39.7596894,9.054396688,-0.7687336843
422,2.005329446,1.526047948,1.300970348,2.601940696,19.03247815,18.91503551,-0.9453338752
423,2.485318987,1.542294057,1.948881604,3.897763209,18.20214152,19.7778926,-0.9499603769
424,1.65400971,1.197297717,1.141151303,2.282302607,24.65879568,14.59925313,-0.9088084521
425,2.363768427,1.09357699,2.095588353,4.191176705,21.43613124,16.7940752,-0.9308255361
426,1.949447102,0.05392618989,1.948701098,3.897402196,28.76135734,12.51679452,-0.8766313955
427,2.153437177,1.027144776,1.892687318,3.785374636,23.33547402,15.42715608,-0.9182013079
428,2.476387292,0.9182532159,2.29984892,4.59969784,21.35375593,16.85886086,-0.9313500088
429,1.311019797,1.149110006,0.6311252666,1.262250533,23.25298429,15.48188377,-0.9187706484
430,1.536714087,-0.7164363347,1.359488567,2.718977135,32.77556756,10.98379149,-0.8407975258
431,1.18598552,0.8616630166,0.8149223887,1.629844777,35.16882401,10.23633886,-0.8174584278
432,1.721803494,-0.1675127859,1.713635533,3.427271065,32.26276834,11.1583729,-0.8456088849
433,1.945067979,0.2429571814,1.929834514,3.859669028,28.64276529,12.56861886,-0.8776254377
434,1.764775836,0.1789409629,1.755680461,3.511360923,31.50513587,11.42670838,-0.8525933253
435,1.740054995,0.925694581,1.473390962,2.946781924,27.94229061,12.8836968,-0.8834200055
436,1.580593517,1.154271562,1.079783788,2.159567576,25.65366735,14.03308132,-0.9014274082
437,1.938398664,1.173465202,1.542844385,3.085688771,23.74392481,15.16177308,-0.915354178
438,1.716236467,0.9740289221,1.413058835,2.826117669,27.66510756,13.01278151,-0.8856765448
439,1.677716425,1.230764574,1.140153922,2.280307845,23.96757884,15.02029063,-0.9137754657
440,2.589118441,0.3251672951,2.568618409,5.137236818,21.7034121,16.58725358,-0.9291105506
441,2.423096011,0.7533976975,2.302995048,4.605990095,22.27812536,16.15934888,-0.9253545214
442,1.848603606,0.7137117339,1.705271489,3.410542978,28.29771615,12.72187473,-0.8804962503
443,2.087540811,0.6672757987,1.978021649,3.956043299,25.71198277,14.00125394,-0.9009863067
444,1.267871609,1.120548971,0.5931849798,1.18636996,23.60384548,15.2517521,-0.9163358575
445,2.09035446,1.24602826,1.678390701,3.356781402,22.16685364,16.24046452,-0.9260890157
446,2.297981101,0.8802210315,2.122717145,4.24543429,22.87737148,15.73607354,-0.9213390152
447,1.571422624,0.7309440179,1.39107509,2.782150181,32.07901434,11.22228994,-0.8473164993
448,2.121382764,0.7974082058,1.96580899,3.931617979,24.82122436,14.50371645,-0.9076220366
449,2.066471094,-0.03956467212,2.066092307,4.132184614,27.19929343,13.23563794,-0.8894220101
450,1.69672792,-0.4259516329,1.642391805,3.284783611,31.99501121,11.25175414,-0.8480942334
451,1.81989933,1.287031972,1.286694322,2.573388643,22.79258825,15.79460815,-0.9219132727
452,1.737340343,0.628171539,1.619799983,3.239599965,30.33248145,11.86846518,-0.863109391
453,2.635050435,0.7025257874,2.539674844,5.079349689,20.77797573,17.32603814,-0.934962109
454,1.195604449,0.8160866374,0.8737691908,1.747538382,36.53160646,9.854480405,-0.8035286122
455,2.525129804,1.396622307,2.10374111,4.20748222,18.95227392,18.99508215,-0.9457894384
456,1.761000658,1.42550355,1.033955001,2.067910002,19.93308999,18.06042115,-0.9400913911
457,1.751083581,1.343118934,1.123532481,2.247064963,21.7490386,16.5524558,-0.9288157706
458,1.77010628,0.8280030634,1.564508603,3.129017207,28.48491652,12.63826769,-0.8789426973
459,1.816938328,0.9734923958,1.534137361,3.068274723,26.692671,13.48684813,-0.8934288557
460,2.55323743,0.8829888065,2.395694501,4.791389002,20.91426063,17.2131354,-0.9341156551
461,1.95331595,-0.1910507953,1.943950307,3.887900614,28.60009374,12.58737133,-0.8779821923
462,1.90377148,1.475842503,1.202595009,2.405190018,19.61573815,18.3526104,-0.9419652745
463,1.782131702,1.409399959,1.090681054,2.181362108,20.44323238,17.60973966,-0.9370187086
464,1.702469732,0.8182405811,1.492945257,2.985890514,29.41061895,12.24047684,-0.8711228142
465,1.783118321,0.5627441397,1.691989947,3.383979894,30.00932855,11.99626974,-0.8659439854
466,1.826673081,0.9079522361,1.585041728,3.170083456,27.18055038,13.24476491,-0.8895714884
467,3.043001052,1.577809427,2.601994008,5.203988016,16.10841087,22.34857323,-0.9607384347
468,1.795861561,-0.1220476017,1.791709555,3.58341911,31.05766593,11.59134111,-0.8566485012
469,1.496860605,0.00118389319,1.496860136,2.993720273,36.94197446,9.745012423,-0.7992445806
470,1.339890153,0.8819777856,1.008672795,2.01734559,33.13383186,10.86502767,-0.8373961098
471,1.852119999,-0.1378082847,1.846986023,3.693972046,30.14585923,11.9419386,-0.864749737
472,1.749049244,1.280810379,1.191091109,2.382182218,22.97697299,15.66786017,-0.9206618128
473,2.398489901,-0.05143827067,2.397938262,4.795876524,23.546156,15.28911981,-0.9167385549
474,1.131587951,0.9183413718,0.6611659511,1.322331902,32.68433867,11.01444957,-0.8416584208
475,2.109413825,1.096847984,1.801818854,3.603637708,23.22139488,15.50294467,-0.9189881729
476,2.186868506,-0.1157947521,2.183800686,4.367601372,25.72572464,13.99377491,-0.9008822264
477,1.515399875,0.7644684502,1.308443644,2.616887289,32.59389373,11.04501361,-0.8425098114
478,2.153850023,0.1721992482,2.146955365,4.29391073,26.06600911,13.81109009,-0.898288413
479,2.296384564,0.8823340853,2.120110523,4.240221046,22.88210022,15.73282158,-0.9213069269
480,1.888620796,0.09927442259,1.886009836,3.772019671,29.62291302,12.15275485,-0.8692973288
481,1.031565429,-0.5466557365,0.8748112601,1.74962252,47.05776792,7.650171607,-0.6812606332
482,1.883661323,-0.7159032014,1.742315295,3.48463059,27.84595646,12.92826844,-0.8842066059
483,1.907977357,-0.1199107279,1.904205612,3.808411224,29.32074483,12.27799642,-0.8718920267
484,2.148481839,-0.418648923,2.107298577,4.214597155,25.76493076,13.97248079,-0.9005849963
485,2.410448714,1.225050842,2.075936761,4.151873522,20.4732313,17.58393654,-0.9368357046
486,1.724816325,-0.3716582738,1.684298513,3.368597026,31.71992751,11.34933237,-0.8506282986
487,2.027652946,0.7326154563,1.890674763,3.781349527,26.0881037,13.79939317,-0.8981189008
488,1.696891425,-0.1791258736,1.687410569,3.374821138,32.68981111,11.0126057,-0.8416068394
489,1.943764248,1.320578098,1.426286415,2.85257283,22.01107291,16.35540446,-0.9271114412
490,2.331757506,0.7157564736,2.219185828,4.438371655,23.16261544,15.54228628,-0.9193921843
491,1.987265561,0.7895429207,1.82369032,3.647380641,26.24295695,13.71796634,-0.8969271028
492,1.343013175,0.7882062205,1.087389233,2.174778465,34.98732141,10.28944159,-0.819278947
493,1.756865101,1.351134687,1.122947033,2.245894065,21.59768714,16.66845147,-0.9297913452
494,1.415097862,1.010210854,0.9909470166,1.981894033,29.4858594,12.20924224,-0.8704771996
495,1.857684139,1.275624441,1.350471267,2.700942535,22.87447751,15.73806439,-0.92135865
496,2.460966811,0.3809666462,2.431300488,4.862600975,22.72055971,15.84468008,-0.9223995536
497,1.599061598,0.3677117132,1.556208884,3.112417768,34.00203275,10.5876023,-0.8290177329
498,1.24530714,1.088701153,0.6045822307,1.209164461,24.92810301,14.44153211,-0.9068373913
499,1.51470816,1.154276288,0.980809391,1.961618782,25.63020339,14.04592833,-0.9016046277
500,1.873078985,0.492329012,1.807218036,3.614436071,29.01403591,12.40778777,-0.8745009157
501,1.385811327,-0.5660224472,1.26494728,2.529894561,37.13442459,9.694508638,-0.7972213639
502,2.161335469,-0.1587819995,2.155495137,4.310990274,25.99003739,13.85146141,-0.8988702568
503,1.802441226,-0.3275287966,1.772433147,3.544866294,30.58515011,11.77041796,-0.8608739312
504,1.657835453,1.017767268,1.308651281,2.617302563,27.64518239,13.02216042,-0.885837957
505,1.680212544,0.2638251103,1.659370514,3.318741029,32.81748482,10.96976206,-0.8404012525
506,2.871312676,1.156086421,2.628288544,5.256577087,18.19903996,19.78126323,-0.9499772848
507,1.654902894,0.8535837287,1.417779393,2.835558787,29.66955582,12.1336498,-0.8688946543
508,2.028865089,0.08768690461,2.026969303,4.053938606,27.66653007,13.01211244,-0.885665017
509,0.9007678172,0.7571747419,0.4879232222,0.9758464443,40.99539092,8.781474989,-0.7547623536
510,1.897239812,1.102579669,1.543967933,3.087935867,24.7474404,14.54695896,-0.9081618759
511,1.992227486,1.157577402,1.621414479,3.242828959,23.55646903,15.28242622,-0.9166666338
512,1.552381761,1.181695882,1.006719412,2.013438823,24.99011927,14.40569355,-0.9063806546
513,2.154975606,-0.1615024136,2.148915269,4.297830537,26.06166868,13.81339025,-0.8983216975
514,1.575769955,0.4705764964,1.503864593,3.007729185,33.9585856,10.60114824,-0.8294415504
515,2.285445769,0.06961287312,2.284385346,4.568770693,24.67089761,14.59209169,-0.9087203086
516,1.847272404,1.21491965,1.39154072,2.783081441,23.75067805,15.157462,-0.9153067129
517,1.807608261,1.049328178,1.471855291,2.943710583,26.00226634,13.84494702,-0.8987767058
518,2.021806455,1.148716835,1.663776119,3.327552238,23.43839828,15.35941133,-0.9174882605
519,0.9618727522,-0.5082212702,0.8166457812,1.633291562,50.41620496,7.14056126,-0.6372060401
520,1.755517764,0.9333507121,1.486841978,2.973683955,27.7014491,12.99571003,-0.8853818689
521,1.36963316,0.9862529213,0.950368438,1.900736876,30.30714779,11.878386,-0.8633326028
522,2.534848649,1.187444977,2.239516041,4.479032083,19.93306427,18.06044445,-0.9400915441
523,2.046698804,1.031908676,1.767523827,3.535047654,24.16704876,14.8963162,-0.9123557152
524,1.164580924,-0.5453712428,1.028989279,2.057978557,42.92776727,8.386180388,-0.7322129148
525,0.8090142899,0.6626139271,0.4641625846,0.9283251692,48.92880161,7.357629621,-0.6569963594
526,1.583272134,1.125647933,1.113403512,2.226807025,26.26015405,13.70898279,-0.8967943444
527,2.514440384,0.04277231604,2.514076565,5.02815313,22.49034947,16.00686554,-0.9239439761
528,1.457530683,1.178984968,0.8569656559,1.713931312,24.56967574,14.65220802,-0.9094563017
529,1.382898853,1.118680711,0.8129961285,1.625992257,26.06080301,13.81384909,-0.8983283353
530,2.173174337,1.336464932,1.713635955,3.427271911,20.96350832,17.17269812,-0.9338084816
531,1.719131561,0.3051536986,1.691831713,3.383663425,32.01982414,11.24303489,-0.8478646951
532,1.830101544,0.8335885682,1.629233489,3.258466977,27.73012815,12.98226961,-0.885149073
533,1.509871129,1.249644283,0.8474078062,1.694815612,22.66062132,15.88659,-0.9228031
534,2.351959903,-0.2183263694,2.341804642,4.683609284,23.91151951,15.05550493,-0.9141724817
535,2.665273332,0.4279376176,2.630694077,5.261388155,20.99863073,17.14397499,-0.9335889906
536,2.216737152,1.025678728,1.965173465,3.930346929,22.8484301,15.75600592,-0.9215352691
537,1.870822659,0.5422894888,1.790502592,3.581005184,28.85158651,12.47765005,-0.8758725758
538,1.833236635,1.154769642,1.423820085,2.847640169,24.59397802,14.6377296,-0.9092798566
539,1.689228754,1.294509258,1.085237101,2.170474202,22.62826567,15.90930588,-0.9230205208
540,2.206989223,0.4786696498,2.154455105,4.308910209,24.99735197,14.40152542,-0.9063273181
541,0.8071747663,0.1513647262,0.7928554868,1.585710974,63.14067324,5.701554664,-0.4518015244
542,2.379929546,0.3955469702,2.346829189,4.693658377,23.43523675,15.36148339,-0.9175102073
543,2.035984311,0.8782004109,1.836844075,3.673688149,25.24679129,14.25923777,-0.904479033
544,2.302402982,1.078757639,2.034045586,4.068091173,21.93448921,16.41250893,-0.9276115657
545,2.875093989,1.504973267,2.449738947,4.899477894,16.99314437,21.18501392,-0.9563397324
546,1.297535503,1.041232405,0.774230883,1.548461766,28.37176174,12.68867275,-0.8798828777
547,1.34184146,0.3583005832,1.293119946,2.586239892,39.82747068,9.038987258,-0.7679765323
548,2.230758628,0.7684399418,2.094226376,4.188452752,23.89823246,15.06387557,-0.9142664532
549,1.601622101,1.148282747,1.116530379,2.233060758,25.74625899,13.98261394,-0.9007266036
550,1.605588665,-0.2599778519,1.584400984,3.168801968,34.23957423,10.51414943,-0.8266921457
551,2.603064768,-0.1076334965,2.600838561,5.201677122,21.72916838,16.56759217,-0.9289442189
552,2.003044382,0.004695387959,2.003038879,4.006077758,28.03143794,12.84272326,-0.882689863
553,1.661005315,1.31636769,1.012973229,2.025946458,21.9861819,16.37392075,-0.9272741719
554,2.183369299,0.7168502544,2.062335378,4.124670755,24.53962147,14.67015294,-0.9096742826
555,2.065610419,0.7395536394,1.928680072,3.857360143,25.64844582,14.03593818,-0.9014668587
556,1.796766679,1.319467364,1.219580408,2.439160816,22.2680731,16.16664353,-0.9254210189
557,2.217844579,1.042367026,1.957627534,3.915255068,22.74814966,15.82546296,-0.9222134598
558,2.002083002,0.3562880735,1.97012567,3.94025134,27.66359714,13.013492,-0.8856887843
559,1.978475996,0.7089211334,1.847105328,3.694210655,26.75139862,13.45724032,-0.892967956
560,1.751739348,0.007885041647,1.751721601,3.503443203,31.86047397,11.29926693,-0.8493360337
561,1.906165303,0.8447549985,1.708758366,3.417516733,26.79523224,13.43522597,-0.8926233343
562,1.9852153,-0.01037740653,1.985188177,3.970376354,28.27287449,12.73305267,-0.8807017021
563,1.96430006,1.17332932,1.575364413,3.150728826,23.58480599,15.2640645,-0.9164688641
564,1.753628593,0.950406069,1.473750843,2.947501686,27.54845225,13.06788478,-0.8866200378
565,0.8085644556,0.6119879009,0.5284385376,1.056877075,52.61678806,6.841922765,-0.6071430447
566,1.530728767,0.4043089432,1.476368801,2.952737602,35.19684909,10.2281883,-0.8171765973
567,1.885938468,0.4601227199,1.828948055,3.65789611,28.94667539,12.43666138,-0.8750705357
568,1.638470284,-0.2383763275,1.621037198,3.242074397,33.65715344,10.69609171,-0.8323688096
569,1.531257255,-0.3752418101,1.484568074,2.969136147,35.32555755,10.19092195,-0.8158797478
570,1.925866831,0.9646442036,1.666860705,3.33372141,25.72923446,13.99186597,-0.9008556349
571,1.281243137,1.102291311,0.6530986467,1.306197293,25.14161972,14.31888653,-0.9052604212
572,1.482595128,-0.09790519596,1.479358944,2.958717888,37.21267629,9.674122796,-0.7963961352
573,2.671451862,0.8003888158,2.548731605,5.097463211,20.30937102,17.72580744,-0.937832179
574,1.504468212,0.8285302848,1.255771543,2.511543086,31.95176173,11.26698437,-0.8484939434
575,1.435310388,0.7573704192,1.219223506,2.438447013,33.96267131,10.59987292,-0.8294017155
576,1.635131336,1.230592674,1.076706162,2.153412324,23.95313884,15.02934552,-0.9138778144
577,1.857289854,1.131382176,1.472922257,2.945844514,24.71928437,14.5635284,-0.9083674822
578,1.580939121,-0.06967716626,1.579402924,3.158805848,35.07476247,10.26379011,-0.8184029152
579,2.184241459,1.091588788,1.891915609,3.783831218,22.70838758,15.85317314,-0.9224815864
580,1.823545918,0.2854092305,1.80107226,3.602144521,30.35552924,11.85945391,-0.8629061731
581,2.105148015,-0.7271417412,1.97557917,3.951158339,25.28793867,14.23603579,-0.9041724927
582,1.917548747,0.2445442493,1.901891508,3.803783015,29.02912793,12.40133706,-0.8743731275
583,1.838883218,0.1461138947,1.833069071,3.666138142,30.34326091,11.86424891,-0.8630143634
584,2.196948365,0.9504362258,1.980720349,3.961440697,23.40270378,15.38283796,-0.9177358833
585,1.196156294,0.847160933,0.8444573604,1.688914721,35.57095151,10.12061766,-0.8133957881
586,2.705144813,-0.08410960207,2.703836909,5.407673819,20.93468249,17.19634392,-0.9339883612
587,1.504832924,0.3086867805,1.47283217,2.945664341,36.17081649,9.952775051,-0.8072610314
588,2.05610669,0.02538439482,2.055949988,4.111899976,27.33377877,13.17051707,-0.888346681
589,1.104419144,0.2523303773,1.075207434,2.150414867,47.95234516,7.507453469,-0.6697484736
590,1.64192701,-0.4194228324,1.587453557,3.174907113,32.98437331,10.9142592,-0.8388190801
591,1.614348211,0.5479844306,1.518497023,3.036994046,32.80139523,10.9751429,-0.840553412
592,1.177324479,-0.6223012054,0.9994168998,1.9988338,41.33797355,8.708699752,-0.7508265435
593,1.651152826,-0.532757986,1.56284183,3.125683659,32.25677343,11.16044668,-0.8456647326
594,2.013325635,-0.140938762,2.008386511,4.016773023,27.83580926,12.93298128,-0.8842893157
595,2.429253319,1.284453739,2.061904528,4.123809055,20.04483826,17.95973584,-0.9394246766
596,1.817469986,0.890402883,1.584417829,3.168835659,27.42648155,13.12600012,-0.8876025905
597,1.399302813,1.165501768,0.7743732888,1.548746578,24.38798586,14.7613666,-0.9107702631
598,2.122899626,-0.1796551475,2.115284106,4.230568212,26.42416836,13.6238914,-0.8955241257
599,1.626816155,-0.1339941697,1.621288489,3.242576977,34.07893202,10.56371132,-0.8282664287
600,1.681981226,0.09470085283,1.679313131,3.358626263,33.06950267,10.88616311,-0.8380092765
601,1.714836544,1.251829303,1.172001608,2.344003215,23.53701432,15.29505803,-0.9168022824
602,1.196196048,1.067213521,0.5403149865,1.080629973,24.5865062,14.64217799,-0.9093341226
603,2.732898377,1.149524099,2.479380545,4.95876109,18.95579029,18.99155849,-0.9457695041
604,2.273808971,-0.15724206,2.268365528,4.536731057,24.75114213,14.54478335,-0.9081348281
605,1.732198668,0.2503240637,1.714015779,3.428031557,31.92960855,11.27480155,-0.848698495
606,2.309650144,0.08074045129,2.308238456,4.616476911,24.41695376,14.74385394,-0.9105613838
607,2.054783761,-0.5523345007,1.97915712,3.95831424,26.48524555,13.59247356,-0.895049234
608,1.325459842,-0.4727205701,1.238296836,2.476593673,39.41274384,9.134101434,-0.7725923764
609,2.546604928,0.8442589305,2.402586839,4.805173678,21.07299864,17.08347285,-0.9331230843
610,1.784993247,-0.9877393647,1.486799193,2.973598386,26.85621052,13.40472066,-0.8921430517
611,2.07964359,1.481007741,1.459977236,2.919954472,19.71178341,18.26318769,-0.9414011981
612,2.579096541,0.6946024332,2.483800803,4.967601605,21.20567813,16.97658513,-0.9322879589
613,2.250950458,-0.4970023347,2.195396694,4.390793388,24.50260521,14.69231524,-0.9099424141
614,2.00709994,0.688499655,1.885316523,3.770633046,26.51761656,13.57588074,-0.8947971282
615,1.298567862,1.087746068,0.7092862496,1.418572499,26.28182538,13.69767871,-0.8966269305
616,2.090849605,-0.1888311944,2.082305177,4.164610354,26.80342105,13.43112132,-0.8925588956
617,1.948393095,1.112636203,1.599461264,3.198922528,24.2768379,14.82894937,-0.9115695589
618,1.933862732,-0.05976722175,1.93293894,3.865877881,28.98112426,12.42187835,-0.8747793772
619,1.884449994,0.971502216,1.614724504,3.229449009,26.06509403,13.81157496,-0.8982954307
620,2.388224272,1.321407802,1.98934577,3.978691541,20.04073589,17.96341222,-0.9394492154
621,1.797250974,0.923924302,1.541581963,3.083163925,27.35207822,13.16170556,-0.8881999824
622,2.179419507,0.9734126085,1.949958276,3.899916553,23.42885227,15.36566947,-0.9175545187
623,2.190684101,1.116788908,1.884643034,3.769286068,22.50371344,15.99735976,-0.9238547282
624,1.534615182,1.089715428,1.080538774,2.161077547,27.17185641,13.24900274,-0.8896407917
625,1.901873377,0.7188890156,1.760772821,3.521545641,27.60646503,13.04042367,-0.8861512971
626,1.277965634,1.011557926,0.7809908603,1.561981721,29.45027597,12.22399411,-0.8707827169
627,1.964479109,-0.2096159581,1.953263761,3.906527521,28.42196385,12.66626057,-0.8794661817
628,0.9421895162,-0.558449887,0.7588509789,1.517701958,49.95707086,7.206187109,-0.6433613918
629,1.889497973,-0.6089316326,1.788688026,3.577376053,28.31261573,12.71517981,-0.8803729446
630,1.841486938,0.9862762907,1.555099104,3.110198207,26.33932758,13.66777489,-0.8961820971
631,2.792789425,1.198562778,2.522522555,5.045045111,18.4756814,19.48507296,-0.9484582465
632,2.045359387,0.7643421269,1.897175832,3.794351663,25.74861813,13.98133283,-0.9007087171
633,1.57128614,0.6171462187,1.445015806,2.890031611,33.0729363,10.88503291,-0.8379765748
634,1.162806459,-0.4621997174,1.067000601,2.134001202,44.07245666,8.168366987,-0.7184607554
635,2.717299905,0.4455050675,2.680530546,5.361061091,20.59396124,17.48085255,-0.9360966133
636,1.973669584,0.1387445871,1.968786826,3.937573651,28.3725283,12.68832993,-0.8798765201
637,1.748915872,1.071255593,1.382431981,2.764863962,26.20619002,13.73721246,-0.8972106658
638,1.685684901,1.210441109,1.173186219,2.346372438,24.35624376,14.78060425,-0.9109988791
639,1.954253274,0.3916258563,1.914610939,3.829221879,28.21088598,12.76103133,-0.8812136533
640,2.355823492,0.7563531046,2.231106073,4.462212145,22.82968169,15.76894522,-0.9216622781
641,1.812770156,-0.04973935688,1.812087645,3.62417529,30.83044877,11.67676808,-0.85868766
642,2.150496298,-0.3632006953,2.119603638,4.239207276,25.85117795,13.92586445,-0.8999296536
643,1.810715449,0.2337777585,1.795560747,3.591121495,30.6616047,11.74106846,-0.8601942058
644,1.987033356,1.299605696,1.503105649,3.006211299,22.11836584,16.2760668,-0.9264079867
645,1.863302018,-0.4104044175,1.817543019,3.635086038,29.4283214,12.23311364,-0.8709710501
646,2.398428724,0.06423761789,2.397568324,4.795136649,23.54403774,15.29049537,-0.9167533236
647,1.695752695,0.9738181412,1.388256256,2.776512511,27.8673455,12.91834559,-0.8840321731
648,1.544362568,-0.4683586597,1.471630357,2.943260714,34.5773393,10.41144308,-0.8233608886
649,1.752514278,0.5522493736,1.663227863,3.326455727,30.52037146,11.79540034,-0.8614486512
650,1.751712437,0.3211997862,1.722012532,3.444025064,31.42361565,11.45635194,-0.8533359798
651,2.947974972,-0.2777523572,2.934861166,5.869722332,19.17304583,18.77635944,-0.9445309774
652,1.239548153,0.9692842575,0.772636817,1.545273634,30.98827968,11.61729543,-0.857272638
653,0.9309082641,-0.4313835129,0.8249233061,1.649846612,53.22366694,6.763908252,-0.5986927926
654,2.051252989,0.9252512568,1.830723611,3.661447221,24.82430576,14.50191613,-0.9075994588
655,2.053222691,1.56967081,1.323577336,2.647154672,18.45665494,19.50515958,-0.9485634292
656,1.735181818,-0.2493692176,1.717169454,3.434338908,31.88037102,11.29221488,-0.8491526757
657,1.780743836,0.214317837,1.767799896,3.535599793,31.18205736,11.54510095,-0.8555264426
658,1.234578096,0.5960413719,1.081165,2.162330001,40.31514506,8.929646649,-0.7624973363
659,1.805323841,1.124488845,1.412345216,2.824690431,25.14269983,14.3182714,-0.9052524118
660,1.525931429,1.337512848,0.7345244086,1.469048817,19.46326767,18.49638026,-0.942855301
661,1.734189349,-0.8660913179,1.502430873,3.004861746,28.58463166,12.59418013,-0.8781113425
662,2.330985436,-0.09264388924,2.329143665,4.658287331,24.19622485,14.87835405,-0.9121471235
663,1.379347325,1.01173357,0.9375469192,1.875093838,29.56696291,12.17575174,-0.8697795948
664,1.658091477,0.3421717892,1.622401249,3.244802498,32.98964762,10.91251426,-0.8387689613
665,2.454815421,0.6595880662,2.364542732,4.729085464,22.26249119,16.17069703,-0.925457932
666,2.302953293,1.3964867,1.83123422,3.66246844,19.91863032,18.07353188,-0.9401773993
667,1.995928399,0.1525551213,1.990089724,3.980179447,28.05775365,12.83067791,-0.8824739211
668,1.321678796,0.8483332695,1.013491739,2.026983478,34.1015318,10.55671053,-0.8280453456
669,1.539000451,1.282004445,0.8514616782,1.702923356,21.89583552,16.44148266,-0.9278633617
670,2.132389155,1.158690217,1.790117451,3.580234902,22.61607008,15.91788488,-0.9231023953
671,2.062927191,1.431067067,1.485838364,2.971676727,20.35152582,17.68909138,-0.9375765578
672,2.95836606,0.9843119375,2.78981357,5.57962714,18.16667367,19.81650612,-0.9501535617
673,1.574833132,0.9547454431,1.252421867,2.504843734,29.31852839,12.27892462,-0.8719109697
674,2.482919531,-0.210456757,2.473984105,4.947968209,22.69779279,15.86057302,-0.9225529551
675,1.324147895,1.112064317,0.7188049829,1.437609966,25.55385649,14.08789316,-0.9021802168
676,2.408539725,0.6176293123,2.328002929,4.656005858,22.7521837,15.82265706,-0.9221862324
677,2.049175828,0.06933699412,2.048002431,4.096004861,27.41111723,13.13335743,-0.8877260748
678,1.269877419,1.047904512,0.7172759528,1.434551906,27.76262439,12.96707382,-0.8848850238
679,1.239862919,0.5985222164,1.085832037,2.171664075,40.14836422,8.96674141,-0.7643774141
680,2.541854043,-0.9216741301,2.36886867,4.73773734,20.87672941,17.24408038,-0.9343492858
681,1.610181088,0.02917345354,1.609916782,3.219833564,34.4972636,10.43561032,-0.8241532388
682,1.458766668,0.9332592577,1.121172311,2.242344622,30.83734085,11.67415835,-0.8586260056
683,2.597382879,0.1993794493,2.589719223,5.179438446,21.73416708,16.56378175,-0.928911916
684,1.855563387,0.8329760005,1.658091211,3.316182422,27.44152854,13.11880275,-0.8874815947
685,2.454106275,0.9073234553,2.280219673,4.560439346,21.55425875,16.70203574,-0.9300700764
686,1.754141696,1.261401083,1.218966939,2.437933877,23.32500298,15.43408163,-0.918273684
687,1.468047978,1.080557216,0.9937610228,1.987522046,27.54718428,13.06848629,-0.8866302727
688,1.480386471,0.7173316575,1.294982392,2.589964785,33.70272543,10.68162872,-0.8319277285
689,1.471388824,0.1835278192,1.45989815,2.919796301,37.3202611,9.646234764,-0.7952591398
690,2.35107528,1.412363932,1.879569924,3.759139847,19.60305544,18.36448411,-0.9420395627
691,1.579551931,1.392523219,0.745562464,1.491124928,18.37140001,19.59567587,-0.949033454
692,1.509774951,0.7801421346,1.29259377,2.58518754,32.49418352,11.07890585,-0.8434459863
693,1.768747242,-0.1863306752,1.758905252,3.517810503,31.42727869,11.45501663,-0.8533026463
694,1.625539282,1.139691485,1.159086397,2.318172793,25.84978627,13.92661418,-0.8999402443
695,1.358949722,0.924819233,0.9957176969,1.991435394,31.94735285,11.26853927,-0.848534663
696,1.160825458,-0.1940994535,1.144482916,2.288965832,46.20010208,7.792190576,-0.692141888
697,1.753231503,1.063840591,1.393579529,2.787159057,26.26673094,13.70555022,-0.8967435506
698,2.017561056,0.9890765906,1.758488019,3.516976038,24.7152251,14.56592034,-0.9083971064
699,1.698057481,-0.04173757378,1.697544457,3.395088915,32.80667856,10.97337541,-0.8405034547
700,1.836633862,0.3821050292,1.796446406,3.592892812,29.90707177,12.03728679,-0.8668352162
701,1.032495828,0.7335209425,0.7266324118,1.453264824,41.68279274,8.636657392,-0.7468379329
702,2.323969133,0.8752099126,2.152867888,4.305735776,22.68322204,15.87076119,-0.922651055
703,2.054983145,-0.3193306148,2.030020612,4.060041223,27.06520542,13.3012107,-0.8904892837
704,1.636880032,0.4355175333,1.577878549,3.155757099,33.00370199,10.90786725,-0.8386353761
705,1.979869841,0.1120498233,1.976696594,3.953393188,28.30807641,12.71721875,-0.8804105173
706,1.42483546,-0.5639161169,1.308493294,2.616986588,36.31752825,9.91256887,-0.8057471325
707,1.740524638,-0.6906427693,1.597635309,3.195270619,29.89061827,12.0439128,-0.8669783608
708,1.525001796,0.4495160204,1.457245973,2.914491946,35.0716911,10.26468895,-0.8184337181
709,2.23562416,0.9687574874,2.014826125,4.02965225,22.99399938,15.65625857,-0.9205457699
710,0.7606130097,-0.510832321,0.5635445771,1.127089154,59.7589026,6.024207011,-0.5036397485
711,1.127245901,0.6725913085,0.9046017101,1.80920342,41.54963058,8.664336963,-0.7483814672
712,1.985401378,1.346889084,1.458666661,2.917333321,21.55936693,16.69807843,-0.9300373189
713,1.413860399,-0.0842710744,1.411346738,2.822693475,38.90160025,9.254118022,-0.7782256094
714,1.235311876,1.022590983,0.6930390412,1.386078082,28.50797735,12.62804427,-0.8787506688
715,1.483290471,-0.02891840556,1.483008546,2.966017092,37.25148094,9.664045319,-0.7959863571
716,2.156432114,1.344273391,1.686157915,3.372315829,20.96684925,17.16996177,-0.9337876183
717,1.483247442,0.8939128241,1.18361431,2.367228621,31.25668506,11.51753615,-0.8548513363
718,2.335772808,0.01028384927,2.335750169,4.671500338,24.164786,14.89771107,-0.9123718827
719,1.741679473,-0.3596365739,1.70414463,3.408289261,31.47673708,11.43701773,-0.8528522361
720,1.59507149,1.204117168,1.046114192,2.092228384,24.51163776,14.68690111,-0.9098770207
721,2.06947521,1.290208447,1.618051237,3.236102475,21.86213607,16.46682643,-0.9280825403
722,1.595463059,-0.5132510561,1.510654073,3.021308145,33.34863527,10.79504445,-0.8353410247
723,1.333759098,1.006458571,0.8751882519,1.750376504,29.78790185,12.08544334,-0.8678703713
724,2.583531443,1.307655397,2.228154411,4.456308822,19.12727104,18.82129444,-0.9447930594
725,1.934222782,0.6583562894,1.818731636,3.637463273,27.51702481,13.08280973,-0.8868735905
726,2.140779979,1.142450963,1.810454285,3.62090857,22.67688786,15.87519426,-0.9226936823
727,2.548035534,1.374886319,2.145267511,4.290535022,18.96559149,18.98174387,-0.9457139224
728,1.65362282,0.4127143926,1.601291748,3.202583496,32.80262497,10.97473145,-0.8405417846
729,2.290094323,0.9272584116,2.093973221,4.187946441,22.74602064,15.82694422,-0.9222278277
730,1.596230905,-0.6193131879,1.471191448,2.942382896,32.62811221,11.03343024,-0.8421879474
731,1.857092451,1.022026532,1.550565748,3.101131496,25.8610793,13.9205327,-0.8998542883
732,1.593400622,0.9839070543,1.253336527,2.506673054,28.70358971,12.54198529,-0.8771160749
733,2.448145518,0.9499230069,2.256338351,4.512676703,21.44770318,16.78501408,-0.930751705
734,2.504209526,0.5620905875,2.440311357,4.880622714,22.06249655,16.317283,-0.9267746932
735,1.928693976,1.418272142,1.307044217,2.614088434,20.64063664,17.44132249,-0.935809759
736,1.197709598,0.9534439996,0.7248812466,1.449762493,31.46530127,11.44117442,-0.8529564368
737,1.344611587,1.114772409,0.7518396079,1.503679216,25.76071293,13.97476851,-0.9006169928
738,0.8084628607,-0.3538500396,0.7269128879,1.453825776,60.95914822,5.905594328,-0.4854330991
739,1.919254927,0.6580266569,1.80292551,3.60585102,27.70362322,12.99469016,-0.8853642287
740,2.256872273,1.575610771,1.615835126,3.231670253,18.44925985,19.51297792,-0.9486042828
741,1.800925315,0.7503875799,1.637147052,3.274294104,28.67563096,12.55421373,-0.877350333
742,1.67820669,1.16351767,1.209381795,2.418763591,25.23172486,14.26775228,-0.9045911584
743,1.737381552,0.4918294095,1.666312842,3.332625684,31.04306518,11.59679297,-0.856779941
744,1.701432866,1.282344909,1.118242072,2.236484144,22.91844718,15.70787049,-0.9210600739
745,2.137294656,0.5363577356,2.06890039,4.137800781,25.60051589,14.06221662,-0.9018286359
746,2.023532787,1.445772085,1.415778238,2.831556476,20.21587544,17.80778681,-0.938397312
747,1.825897029,0.8963149271,1.590760671,3.181521341,27.28593206,13.19361198,-0.888729819
748,1.714381877,1.281691292,1.138583616,2.277167232,22.94809675,15.68757548,-0.9208584322
749,2.855102837,-0.5217023632,2.807033818,5.614067635,19.55749251,18.40726769,-0.9423060636
750,1.670804751,1.058946716,1.292370059,2.584740118,26.95284016,13.35666289,-0.8913798994
751,1.480730157,1.239050448,0.8107501368,1.621500274,22.65376914,15.89139528,-0.9228491693
752,1.253114791,0.4318179703,1.176363005,2.35272601,41.70052191,8.632985477,-0.7466321227
753,1.633997265,-0.4519839008,1.57024126,3.140482521,32.97849977,10.91620306,-0.8388748846
754,2.347228029,1.048772748,2.099894079,4.199788158,21.76479609,16.54047199,-0.928713829
755,2.05533434,0.006298568009,2.055324689,4.110649379,27.34533692,13.16495025,-0.888254035
756,2.083839546,0.6244083697,1.988089897,3.976179795,25.91057403,13.89394151,-0.8994771511
757,1.406725095,0.7072996877,1.21597806,2.431956121,35.120049,10.25055517,-0.8179484609
758,2.776232119,0.9174194473,2.620268371,5.240536742,19.35952789,18.59549478,-0.9434570518
759,1.769804072,0.3024730783,1.743765033,3.487530067,31.17437664,11.54794542,-0.8555958425
760,1.343120357,-0.0696568299,1.341312871,2.682625742,40.79915423,8.823712324,-0.757004701
761,1.669396174,1.274259969,1.078492058,2.156984116,23.03154696,15.63073469,-0.920289578
762,1.812724893,1.071514533,1.46213137,2.92426274,25.71558072,13.99929498,-0.900959061
763,1.248785942,-0.7660803749,0.9861983515,1.972396703,36.98449952,9.733807532,-0.7987982925
764,1.500600552,-0.01818546531,1.500490355,3.00098071,36.85411958,9.768243118,-0.8001651972
765,1.897036048,0.305017873,1.872354097,3.744708195,29.21047249,12.32434703,-0.872832892
766,1.643530259,-0.6323077042,1.517029558,3.034059116,31.7531454,11.3374595,-0.8503233358
767,1.743301273,1.350855407,1.10194782,2.20389564,21.55852602,16.69872976,-0.930042712
768,1.818823213,1.157229565,1.403188375,2.806376749,24.64757466,14.60589956,-0.9088901433
769,1.767350226,0.3053737699,1.74076813,3.481536259,31.20727075,11.53577328,-0.8552985164
770,1.696633791,-0.2081475777,1.683817331,3.367634662,32.64297249,11.02840742,-0.8420480758
771,1.658803914,0.7477163893,1.480726385,2.96145277,30.62148212,11.7564525,-0.8605511097
772,1.715898557,-0.01114880048,1.715862338,3.431724675,32.49090707,11.08002307,-0.8434767055
773,1.648853576,-0.5328466891,1.560382171,3.120764342,32.29541263,11.14709399,-0.8453046133
774,1.661757829,1.121490793,1.226253434,2.452506867,26.02474137,13.8329905,-0.8986046658
775,1.848481685,-0.3354230624,1.817794243,3.635588486,29.85585818,12.05793509,-0.8672805366
776,1.331292188,0.9157155348,0.9663353191,1.932670638,32.40616214,11.1089983,-0.8442702926
777,1.447438313,0.7726355387,1.223973853,2.447947707,33.5592028,10.72731084,-0.8333150695
778,2.045818268,0.1911906991,2.036864871,4.073729743,27.36512078,13.15543253,-0.8880953706
779,2.132045972,1.206254502,1.758001735,3.51600347,22.25705148,16.1746492,-0.9254938961
780,1.737093137,1.294838325,1.157966442,2.315932883,22.70527209,15.85534842,-0.9225025763
781,1.996372742,0.2359655204,1.98237847,3.964756941,27.95425116,12.87818436,-0.8833221694
782,2.058644313,0.3385701494,2.030612386,4.061224772,26.98421818,13.34113138,-0.8911315397
783,1.283771131,-0.05123592386,1.282748299,2.565496598,42.53684032,8.463252026,-0.7368427902
784,1.56836466,0.9226188906,1.268283126,2.536566253,29.85341457,12.05892208,-0.8673017674
785,1.902758932,0.8065923806,1.723339864,3.446679728,27.08076199,13.29356981,-0.8903657112
786,2.033137812,0.7476197791,1.890691416,3.781382832,25.95838026,13.86835374,-0.8991122426
787,1.514761067,1.248978885,0.8570605787,1.714121157,22.74356752,15.82865132,-0.9222443811
788,1.667548514,1.012898477,1.324671553,2.649343105,27.62922579,13.02968106,-0.885967143
789,1.950390735,0.1465469182,1.944877379,3.889754758,28.68891085,12.54840248,-0.8772390908
790,2.137822394,-0.09219639939,2.135833423,4.271666846,26.30656302,13.68479796,-0.8964356724
791,2.434669991,0.905729386,2.259927487,4.519854974,21.70460744,16.58634006,-0.9291028353
792,1.866152213,-0.2630750572,1.847516061,3.695032122,29.74968386,12.10096893,-0.8682015525
793,1.201466086,-0.4446677321,1.116150243,2.232300485,43.08139478,8.356275414,-0.7303841124
794,2.225310094,0.2745241279,2.208311916,4.416623832,25.15724947,14.30999046,-0.9051444905
795,1.770364275,0.1244847735,1.765982222,3.531964443,31.47903289,11.43618361,-0.852831313
796,1.674952788,0.4306656859,1.618639524,3.237279048,32.35027886,11.12818846,-0.8447925967
797,2.707207357,0.8939211265,2.55536234,5.110724681,19.84853381,18.13735984,-0.9405934951
798,1.248594548,0.9525648485,0.8072227421,1.614445484,31.66117166,11.37039412,-0.8511670169
799,1.701670638,1.082098915,1.313295435,2.62659087,26.39942676,13.63665974,-0.8957162088
800,2.512508844,0.1623523608,2.507257944,5.014515889,22.46776744,16.02295382,-0.9240946704
801,2.180832132,0.468190154,2.129982809,4.259965618,25.29992475,14.22929133,-0.9040831109
802,2.283105732,1.544321541,1.681559622,3.363119243,18.71886896,19.2319312,-0.9471046404
803,1.999128059,1.156372224,1.630741021,3.261482042,23.52199983,15.30482113,-0.9169068993
804,1.50159963,0.1915586008,1.489330974,2.978661949,36.60799375,9.833917763,-0.8027342837
805,2.254955925,0.6475371764,2.159981905,4.31996381,24.07293374,14.95455451,-0.9130269688
806,2.028403697,0.405594473,1.987439227,3.974878454,27.21637451,13.22733121,-0.8892857034
807,1.901457322,-0.2063626321,1.890226021,3.780452042,29.32036272,12.27815643,-0.8718952925
808,2.057152977,1.038248801,1.775927307,3.551854614,24.03698609,14.97691926,-0.913282707
809,2.158984436,1.342965812,1.690460476,3.380920952,20.96777642,17.16920253,-0.9337818277
810,1.675434485,0.2312244154,1.659402297,3.318804594,32.98131497,10.91527128,-0.8388481385
811,2.689434915,0.8367484511,2.555956219,5.111912437,20.10375599,17.90710155,-0.9390717217
812,1.278737612,0.6087588795,1.124536574,2.249073148,39.07107988,9.213976196,-0.7763646426
813,1.724910804,0.9239382334,1.456590341,2.913180683,28.1230035,12.8009087,-0.8819376899
814,2.078629013,-0.8197776756,1.910147413,3.820294825,25.13799575,14.32095078,-0.9052872916
815,1.745124632,1.154826642,1.308371281,2.616742563,25.08120825,14.3533755,-0.9057078783
816,1.50788904,0.1393664433,1.501434765,3.002869529,36.57226667,9.843524417,-0.8031059765
817,2.033475807,1.34261797,1.527219972,3.054439944,21.46000796,16.77538986,-0.9306731565
818,1.751549608,1.005095493,1.434471707,2.868943414,26.97847356,13.34397215,-0.8911770288
819,1.449303519,1.240208887,0.7499083978,1.499816796,22.06028114,16.31892167,-0.9267892163
820,2.05936123,0.657122079,1.951706753,3.903413506,26.06005907,13.81424344,-0.8983340394
821,1.350691282,0.8210913083,1.072462588,2.144925177,34.26278622,10.50702642,-0.8264641321
822,2.492731705,1.536340551,1.963000016,3.926000031,18.21934525,19.7592172,-0.9498665411
823,1.370069225,0.9330593881,1.003239682,2.006479364,31.65737604,11.37175739,-0.8512017873
824,1.250597834,0.8535273218,0.9140492623,1.828098525,34.8234849,10.33785105,-0.8209152111
825,2.271286238,1.505164278,1.700947286,3.401894573,19.11191461,18.83641736,-0.9448808471
826,1.837575207,0.9073507135,1.597935332,3.195870663,27.06994575,13.29888147,-0.8904516362
827,1.800591366,1.454051244,1.062009533,2.124019065,19.54152307,18.42231021,-0.9423993289
828,1.117367836,0.9440358946,0.597751714,1.195503428,30.90655985,11.64801265,-0.8580061043
829,2.062252553,-0.3669423514,2.029344452,4.058688904,26.88365849,13.39103456,-0.8919265337
830,2.234237828,-0.1708319861,2.227697265,4.45539453,25.16404743,14.30612468,-0.9050940469
831,1.903253074,0.814148382,1.720329816,3.440659631,27.02724359,13.31989327,-0.8907905553
832,1.817890657,0.526644731,1.739934415,3.47986883,29.66530422,12.13538878,-0.8689313829
833,2.36759193,0.7635526137,2.241088788,4.482177575,22.70763109,15.85370127,-0.9224866833
834,2.729310768,-0.4063732704,2.698888296,5.397776591,20.5505455,17.51778316,-0.9363628769
835,2.049697259,0.8766075849,1.852786549,3.705573098,25.12237123,14.32985751,-0.9054031006
836,1.337938142,0.8963640134,0.9932824505,1.986564901,32.82022519,10.96884613,-0.8403753302
837,1.687557833,0.444772392,1.627890954,3.255781908,32.07248142,11.22457584,-0.847377049
838,2.303493029,0.4445381931,2.26019157,4.520383139,24.08581209,14.94655853,-0.9129352624
839,2.049656857,0.5417290692,1.976770813,3.953541627,26.57925132,13.54439956,-0.8943163264
840,1.549463839,-0.5681915358,1.441525777,2.883051555,33.83061877,10.64124787,-0.8306870671
841,1.793002981,1.171780457,1.357125732,2.714251464,24.59531855,14.63693179,-0.9092701189
842,1.72472305,1.075792284,1.348087742,2.696175483,26.32487457,13.67527883,-0.8962939896
843,1.881116622,0.5871452388,1.787137436,3.574274872,28.52116787,12.62220403,-0.8786407669
844,2.319918824,1.181699057,1.996399432,3.992798864,21.25644583,16.93603921,-0.9319670887
845,1.279285763,0.9865825109,0.8143875083,1.628775017,30.42736712,11.83145418,-0.8622718656
846,1.632048103,0.6144216843,1.511974539,3.023949077,32.06485989,11.22724382,-0.8474476745
847,1.423867871,0.86265092,1.132798793,2.265597585,32.51078232,11.07324937,-0.843290318
848,1.526114377,-0.4743219613,1.450532236,2.901064472,34.90341528,10.31417691,-0.82011777
849,2.468489093,1.271041158,2.116103206,4.232206412,19.90700465,18.0840868,-0.9402465071
850,1.58466139,-0.4147876709,1.529412603,3.058825206,34.07389162,10.56527397,-0.8283157191
851,1.432465087,1.151118536,0.8525739518,1.705147904,25.3206098,14.21766707,-0.9039287668
852,1.439024244,0.3555903841,1.394398169,2.788796339,37.44561818,9.613941963,-0.7939307837
853,1.850326797,0.7655199265,1.684544002,3.369088005,27.95850522,12.87622486,-0.8832873622
854,1.122894676,0.4608506847,1.023967333,2.047934666,45.36814583,7.93508294,-0.7025488025
855,1.077929965,0.5230187934,0.9425414317,1.885082863,45.94559094,7.835354658,-0.6953411546
856,1.84312109,0.4589095288,1.7850763,3.570152601,29.56251084,12.17758539,-0.8698179341
857,2.067578138,0.5743346029,1.98620722,3.972414439,26.26552935,13.70617722,-0.8967528314
858,2.379589241,1.260560973,2.01827426,4.03654852,20.45023949,17.60370583,-0.9369759857
859,1.626185303,0.7437764883,1.446124191,2.892248382,31.12950569,11.56459096,-0.8560009711
860,2.469381466,-0.1294346859,2.465986919,4.931973838,22.86474319,15.74476463,-0.9214246775
861,2.162486159,-0.2842097073,2.143728348,4.287456696,25.84141847,13.93112381,-0.9000039126
862,2.548618989,1.490946324,2.067011807,4.134023614,18.31260022,19.65859549,-0.9493564029
863,1.890900329,0.5523549675,1.808426953,3.616853905,28.53758494,12.61494274,-0.8785039165
864,1.645862953,-0.2574623941,1.625600805,3.251201609,33.46942438,10.75608579,-0.8341802418
865,1.936730532,1.401644624,1.336531894,2.673063788,20.89512323,17.22890054,-0.9342348349
866,1.752001,-0.08109445302,1.750123194,3.500246387,31.8286796,11.31055402,-0.849628817
867,1.578783629,1.058560358,1.171327331,2.342654662,27.57885656,13.0534781,-0.8863744856
868,1.570268548,1.251774616,0.9480525426,1.896105085,23.16468278,15.5408992,-0.9193779911
869,1.257433379,0.4551094675,1.172183464,2.344366929,41.36672676,8.702646504,-0.7504949852
870,2.258836458,0.6602253084,2.16019552,4.32039104,23.99796608,15.00127131,-0.9135598956
871,1.667686511,-0.3930050062,1.620717546,3.241435091,32.63150099,11.03228442,-0.8421560557
872,2.373014068,0.7830262214,2.24010395,4.4802079,22.60116472,15.92838265,-0.9232024049
873,1.355655872,0.8767240638,1.034000851,2.068001703,33.07277392,10.88508635,-0.8379781213
874,1.44570701,0.9951392454,1.048697593,2.097395186,29.67981218,12.12945681,-0.8688060323
875,1.977861074,-0.08458873054,1.97605141,3.952102821,28.35216674,12.69744225,-0.8800453401
876,1.920310892,0.9376743474,1.67581644,3.35163288,25.98909087,13.85196588,-0.8988774959
877,1.738394563,0.7959853778,1.54545234,3.09090468,29.14051206,12.35393528,-0.8734281321
878,1.67990805,0.2142602754,1.666188342,3.332376684,32.93497423,10.93062947,-0.8392881461
879,1.549827402,0.8723969139,1.280971741,2.561943482,30.76350998,11.70217574,-0.859285828
880,1.904402171,1.224308158,1.458703933,2.917407866,23.3636146,15.40857466,-0.9180066474
881,1.574397773,0.9574578161,1.249801136,2.499602271,29.28234475,12.29409745,-0.8722200304
882,1.980699329,0.9744481211,1.724418943,3.448837886,25.148339,14.31506073,-0.9052105904
883,1.962518041,-0.7502769666,1.813439145,3.62687829,26.72646599,13.46979433,-0.8931637442
884,1.681192532,-0.0790647534,1.679332335,3.358664671,33.09676741,10.87719521,-0.837749526
885,1.959215336,0.5152738428,1.890242736,3.780485472,27.7778606,12.95996136,-0.8847611235
886,1.458716063,1.189939867,0.8437390981,1.687478196,24.19488988,14.87917497,-0.9121566729
887,1.986778069,-0.2344240073,1.972899511,3.945799022,28.08470802,12.81836363,-0.8822525455
888,1.706756534,-0.1690620944,1.698362704,3.396725408,32.52804694,11.06737213,-0.8431283305
889,1.987540007,1.190871634,1.591269943,3.182539887,23.26946074,15.47092148,-0.9186570808
890,1.21119143,-0.364434999,1.155063554,2.310127107,43.50466206,8.274975209,-0.7253183584
891,1.415602191,1.066191046,0.9312175994,1.862435199,27.96526965,12.87311027,-0.883232005
892,1.829515763,-0.5644372827,1.740269658,3.480539316,29.33154047,12.27347743,-0.8717997426
893,2.217544841,-0.3835233128,2.18412797,4.368255941,25.07693121,14.35582357,-0.9057395195
894,2.499345976,1.306855602,2.130459749,4.260919498,19.55861127,18.40621478,-0.942299527
895,2.115228736,0.6591217802,2.009913203,4.019826406,25.4455736,14.14784377,-0.9029938281
896,1.816849725,0.8462440788,1.607735639,3.215471277,27.78759492,12.95542133,-0.8846819316
897,2.000239933,1.164516361,1.626302996,3.252605991,23.44009987,15.35829634,-0.9174764472
898,1.355353516,-0.1266366762,1.349424435,2.69884887,40.3747793,8.916457408,-0.7618235259
899,2.199901531,1.25501496,1.8067939,3.6135878,21.4882786,16.75331964,-0.9304925262
900,1.992521217,0.4553518569,1.93979264,3.87958528,27.53888314,13.07242557,-0.8866972685
901,2.041180188,-0.7916418406,1.881414297,3.762828594,25.65924667,14.03002998,-0.9013852463
902,1.212391257,-0.5129050634,1.09855403,2.19710806,42.00409376,8.570593192,-0.7430970145
903,2.785295556,0.5915041691,2.721763059,5.443526119,19.92665785,18.06625089,-0.9401296578
904,1.058935842,0.8366187453,0.6491642257,1.298328451,36.68662292,9.812841067,-0.8019151524
905,2.240955651,0.6459264034,2.145847458,4.291694916,24.2127706,14.86818696,-0.9120287262
906,1.84588876,0.6628739635,1.722760408,3.445520815,28.61876488,12.57915921,-0.8778261525
907,1.427522561,-0.2974398818,1.396191311,2.792382623,37.98791298,9.476698554,-0.788140615
908,1.502682722,0.7933181262,1.276205984,2.552411968,32.43772262,11.09818973,-0.8439749628
909,1.212447091,-0.06474264817,1.210717283,2.421434565,44.78053674,8.039206902,-0.7098100584
910,2.362978321,1.291643036,1.978717972,3.957435944,20.35417094,17.6867926,-0.9375605012
911,1.409923563,1.167188796,0.7909202037,1.581840407,24.4705273,14.7115751,-0.9101744669
912,1.606407425,1.211841511,1.054506978,2.109013957,24.34543461,14.7871667,-0.911076666
913,1.821869389,-0.02465815304,1.821702513,3.643405027,30.69089142,11.72986457,-0.8599334242
914,1.948141768,1.106169292,1.603635197,3.207270395,24.33879251,14.79120215,-0.9111244491
915,1.457019377,-0.6272087697,1.315110119,2.630220237,35.07562703,10.26353712,-0.818394244
916,2.320753246,0.7637947884,2.1914637,4.3829274,23.10772584,15.57920509,-0.9197685857
917,0.8556912189,0.5017015719,0.6931832332,1.386366466,55.17589858,6.524587895,-0.5710589329
918,2.55627228,0.8879463581,2.397098087,4.794196173,20.87827673,17.24280239,-0.9343396617
919,2.065445518,-0.7502132977,1.924381769,3.848763539,25.60238713,14.06118883,-0.9018145235
920,1.597249891,0.9455198808,1.287322558,2.574645116,29.22316585,12.31899384,-0.8727247544
921,1.592468009,0.6646361077,1.447139663,2.894279327,32.3361465,11.13305199,-0.8449245553
922,1.387519588,0.9579830795,1.003732547,2.007465093,30.92869108,11.63967783,-0.8578076404
923,2.157086115,0.6259891329,2.064257279,4.128514558,25.11847722,14.33207901,-0.9054319526
924,2.224457686,0.5413655689,2.15757626,4.315152519,24.6661716,14.59488752,-0.908754735
925,1.472234934,1.057253658,1.024543998,2.049087995,28.11644396,12.80389514,-0.8819916487
926,1.860162336,1.257987709,1.3702813,2.7405626,23.11529969,15.57410048,-0.9197166987
927,1.180859086,-0.4808476338,1.078523868,2.157047737,43.30183775,8.313734907,-0.7277507598
928,2.406544234,0.9795402756,2.198171058,4.396342115,21.63711806,16.63807532,-0.9295378078
929,2.27090149,0.5905968294,2.1927583,4.385516599,24.07814378,14.95131865,-0.9129898738
930,1.877696101,1.533215363,1.083971078,2.167942156,18.30981842,19.6615822,-0.9493716568
931,1.378427434,0.2793626834,1.349821722,2.699643445,39.28464006,9.163886941,-0.7740099796
932,1.796660712,-0.4076302938,1.749807777,3.499615554,30.43765148,11.82745654,-0.8621809468
933,1.66002695,0.7908923309,1.459513205,2.919026411,30.21993065,11.91266797,-0.8640997715
934,1.988303806,0.929714698,1.757550171,3.515100342,25.38824946,14.17978819,-0.9034232423
935,2.132657057,0.7177007319,2.008265865,4.01653173,25.04345435,14.37501373,-0.9059870037
936,1.924563977,-0.0563775951,1.923738046,3.847476092,29.11641223,12.36416071,-0.8736328777
937,1.458911406,1.035486552,1.027711094,2.055422189,28.68368306,12.5506895,-0.8772828882
938,1.731593377,1.053104332,1.374549704,2.749099408,26.57075279,13.54873168,-0.8943826835
939,1.7368905,-0.3792486856,1.694980544,3.389961088,31.49232593,11.43135635,-0.852710139
940,1.49562606,-0.3810000332,1.446283612,2.892567224,36.05127007,9.985778567,-0.8084907017
941,1.550563549,0.4051658588,1.496692336,2.993384671,34.79016116,10.34775316,-0.8212472001
942,1.335682528,1.165930938,0.6516539442,1.303307888,23.01548259,15.64164465,-0.9203992357
943,1.815916144,0.1650219273,1.80840239,3.616804781,30.6846902,11.73223512,-0.8599886612
944,2.095123073,-0.3946673291,2.057614733,4.115229466,26.43029555,13.62073304,-0.895476531
945,1.11824164,0.9075727527,0.653280999,1.306561998,33.14364406,10.86181107,-0.83730249
946,1.298305738,0.4905267344,1.202073755,2.404147509,39.94055792,9.013394374,-0.7667108972
947,1.774188591,0.4522493234,1.715580282,3.431160565,30.62721864,11.7542505,-0.8605001073
948,1.97033374,0.6904202922,1.845409133,3.690818266,26.93362747,13.36619066,-0.8915318376
949,2.115922327,0.3064093733,2.093619017,4.187238034,26.34837478,13.6630818,-0.8961120263
950,1.919581085,0.7865830703,1.751022163,3.502044326,27.01202937,13.32739555,-0.8909111883
951,2.147833058,1.37363411,1.651156012,3.302312024,20.72809114,17.36773529,-0.9352706158
952,1.558144552,1.105941698,1.097591639,2.195183277,26.74754104,13.45918114,-0.8929982595
953,1.622890124,0.9035070514,1.348127354,2.696254708,29.49005491,12.20750525,-0.8704411551
954,2.145504531,0.5182919005,2.081961382,4.163922765,25.5599769,14.08451977,-0.9021341333
955,2.388295429,-0.05689844302,2.387617563,4.775235125,23.64271059,15.22668049,-0.9160640386
956,1.291542604,0.8590049237,0.9644650535,1.928930107,34.22037357,10.5200488,-0.8268806531
957,1.768555613,0.5194096866,1.690562786,3.381125571,30.43218984,11.8295792,-0.8622292339
958,2.017787656,0.9375115744,1.786767772,3.573535545,25.05894254,14.36612895,-0.9058725426
959,1.740308432,0.6415674297,1.617734426,3.235468852,30.20782173,11.91744321,-0.8642061242
960,2.184775464,0.0084089727,2.184759281,4.369518562,25.78087655,13.96383864,-0.9004639871
961,2.211456819,0.079313607,2.210034076,4.420068151,25.46588653,14.13655871,-0.9028414474
962,2.057858083,-0.5201319702,1.991040588,3.982081177,26.54952752,13.55956334,-0.8945483257
963,1.927971756,1.379904052,1.346454566,2.692909132,21.22390978,16.962002,-0.9321728126
964,1.44222783,0.2187712694,1.42553858,2.851077161,37.91765808,9.494257246,-0.7888947298
965,1.371885146,0.2457724553,1.349690615,2.699381229,39.59011597,9.093178718,-0.7706231926
966,2.570553876,-0.3450780701,2.547286468,5.094572937,21.83393511,16.48809517,-0.9282657105
967,1.946007901,0.9383352211,1.70483834,3.40967668,25.73446114,13.98902421,-0.9008160296
968,1.131028711,-0.4865341079,1.021034038,2.042068076,44.77107333,8.040906176,-0.7099263917
969,2.405293659,1.105644212,2.136115274,4.272230547,21.10151062,17.06038997,-0.9329440431
970,2.138747669,0.7196257438,2.014045774,4.028091548,24.97407906,14.41494596,-0.9064988892
971,1.625479244,1.320010097,0.9485547507,1.897109501,21.62944941,16.6439743,-0.9295871511
972,2.34705269,1.01242671,2.117462748,4.234925496,21.93278829,16.41378174,-0.9276226547
973,2.263983193,0.6279408739,2.175157502,4.350315004,24.04305631,14.973138,-0.9132395476
974,1.302673675,0.9730162716,0.8661397335,1.732279467,30.90445504,11.64880596,-0.8580249727
975,1.781270959,0.7082090258,1.634431463,3.268862926,29.21289188,12.32332634,-0.8728122839
976,1.971972056,-0.3249561535,1.945013442,3.890026884,28.12624652,12.79943272,-0.8819110085
977,0.9979743201,-0.4008347665,0.9139388566,1.827877713,50.77883289,7.089568222,-0.6323155518
978,0.793505948,-0.2850756667,0.740529239,1.481058478,62.85686712,5.727297851,-0.4562149398
979,1.836806389,1.428109436,1.155145511,2.310291022,20.29347291,17.73969402,-0.9379284511
980,1.84865056,1.155514838,1.443015714,2.886031428,24.49249185,14.69838194,-0.9100156053
981,1.831849662,1.228163534,1.359149558,2.718299115,23.63584294,15.23110477,-0.916112101
982,1.411826677,-0.2886033327,1.382013995,2.76402799,38.4066094,9.373386655,-0.7836217991
983,0.9053281107,-0.5670239557,0.7057639986,1.411527997,51.09315474,7.045953648,-0.6280560317
984,2.077493532,0.2127332691,2.066572992,4.133145983,26.94239056,13.36184327,-0.8914625496
985,1.978235497,-0.3308035425,1.950380655,3.900761309,28.03057087,12.84312052,-0.8826969748
986,2.577518601,0.8653099281,2.427929338,4.855858675,20.79395172,17.31272655,-0.9348631571
987,2.021255069,1.362208478,1.493271615,2.98654323,21.27255033,16.92321769,-0.9318651497
988,1.303833187,-0.6096972668,1.152497385,2.30499477,38.47894875,9.355764949,-0.7828368244
989,2.484533943,-0.6685762955,2.392888349,4.785776698,21.99898389,16.36439219,-0.9271904979
990,2.446748984,0.1094929218,2.444297832,4.888595663,23.07835385,15.59903286,-0.9199696553
991,1.953602505,0.1735540955,1.945878137,3.891756273,28.61640565,12.58019628,-0.8778458744
992,2.260927779,0.4391295083,2.217872787,4.435745573,24.52171244,14.68086704,-0.909804056
993,1.041161771,0.5782576067,0.8658152076,1.731630415,46.07165989,7.813914256,-0.6937581484
994,1.995279379,-0.757295585,1.845980281,3.691960562,26.3238899,13.67579037,-0.8963016106
995,2.105528594,0.5697695349,2.026971469,4.053942938,25.85225724,13.92528307,-0.8999214398
996,1.240979484,-0.773797404,0.9701894954,1.940378991,36.9456305,9.744048081,-0.7992062287
997,1.851960363,1.266679236,1.35102957,2.702059141,23.01988698,15.63865193,-0.9203691779
998,1.683814659,-0.7567319687,1.504190325,3.00838065,30.19254117,11.92347467,-0.8643402783
999,1.681153352,0.8183305032,1.468540697,2.937081395,29.68419835,12.12766455,-0.8687681243
1000,1.870636523,0.7022118555,1.733833761,3.467667521,28.08462002,12.8184038,-0.8822532685
1001,1.437155577,0.4072885374,1.378235175,2.756470351,37.20519218,9.676068819,-0.7964751256
1002,1.943910688,-0.2008353399,1.933508192,3.867016384,28.71939409,12.5350834,-0.8769835623
1003,1.938212755,0.1628702582,1.931357544,3.862715087,28.84452437,12.48070502,-0.8759320463
1004,1.21476496,0.7155382006,0.9816613426,1.963322685,38.69223766,9.304191791,-0.7805151071
1005,1.359747185,0.7820073332,1.112374459,2.224748918,34.8266037,10.33692527,-0.8208841256
1006,2.370819524,0.5572619754,2.304396734,4.608793468,23.22230439,15.50233749,-0.9189819139
1007,1.19762856,-0.04920956319,1.196617142,2.393234285,45.29606159,7.947710847,-0.7034435602
1008,1.686575023,1.105032463,1.274142286,2.548284571,26.15504971,13.76407248,-0.8976044683
1009,2.600261585,0.8878266226,2.443997585,4.887995171,20.57330424,17.49840453,-0.9362233673
1010,1.720792781,0.182893153,1.711045847,3.422091694,32.25682582,11.16042855,-0.8456642446
1011,1.737221505,1.005382546,1.416737271,2.833474542,27.10511047,13.28162821,-0.8901721689
1012,1.873699268,0.5390236266,1.794492262,3.588984523,28.82536602,12.48900013,-0.8760933119
1013,2.638868134,0.5175337129,2.587621279,5.175242558,21.07807592,17.07935778,-0.9330912184
1014,1.783905741,-0.2824971966,1.761395761,3.522791522,30.99253895,11.61569888,-0.8572343616
1015,1.399931042,0.7577673525,1.177113233,2.354226466,34.54539168,10.4210716,-0.8236772036
1016,1.915373986,1.351845177,1.356897977,2.713795955,21.64860307,16.62924849,-0.9294638774
1017,0.8776550967,-0.3053997076,0.8228058625,1.645611725,57.69392101,6.239825508,-0.5344420273
1018,1.966283493,1.623318002,1.109553712,2.219107423,17.05719853,21.10545875,-0.956012404
1019,1.703489488,0.4581929838,1.640711927,3.281423853,31.74501587,11.34036289,-0.8503979968
1020,1.774352401,1.298609917,1.209106582,2.418213163,22.644631,15.89780818,-0.9229105872
1021,2.224947482,0.3029853099,2.204221223,4.408442446,25.12395647,14.32895334,-0.9053913539
1022,1.227739078,1.038576896,0.654752834,1.309505668,27.50793625,13.08713226,-0.8869468662
1023,1.583759069,1.31029916,0.8896116558,1.779223312,21.50102062,16.74339122,-0.9304110393
1024,1.423558251,1.219188564,0.7349131519,1.469826304,22.47398786,16.01851893,-0.9240531746
1025,1.683983953,0.2887881821,1.659036871,3.318073742,32.68401632,11.0145582,-0.8416614589
1026,1.391995246,1.091502111,0.8638714647,1.727742929,27.10691237,13.28074534,-0.8901578396
1027,2.549011447,0.07290998368,2.547968503,5.095937006,22.1876368,16.22525207,-0.9259520932
1028,1.939777414,1.021043288,1.649305012,3.298610023,25.15106132,14.31351128,-0.905190398
1029,1.861721616,0.9255539785,1.615350491,3.230700982,26.66966687,13.49848132,-0.8936091384
1030,1.779617307,-0.3464600395,1.745566727,3.491133454,30.89646605,11.65181802,-0.8580965788
1031,2.016954006,0.3863842945,1.979598606,3.959197212,27.40569798,13.13595444,-0.8877696145
1032,2.175814403,0.5315615706,2.109884028,4.219768056,25.19785115,14.28693256,-0.9048430205
1033,1.878529031,1.325183679,1.331450163,2.662900327,22.10057881,16.28916614,-0.9265248301
1034,2.355602496,0.1798576341,2.348726113,4.697452226,23.90536103,15.05938352,-0.9142160431
1035,2.069934775,-0.000189395524,2.069934767,4.139869533,27.15973017,13.25491814,-0.8897374208
1036,1.292515875,0.5338508316,1.177115362,2.354230725,39.64534767,9.080510606,-0.770008502
1037,1.854266645,0.8773932294,1.633550094,3.267100189,27.12864771,13.27010487,-0.8899849224
1038,1.291744819,1.098421215,0.6797613639,1.359522728,25.60262408,14.0610587,-0.9018127364
1039,1.229628757,-0.1626405168,1.21882523,2.43765046,44.0032575,8.181212493,-0.719300305
1040,0.9928305264,0.6932630274,0.7107030527,1.421406105,44.00941992,8.180066918,-0.7192255827
1041,2.37426509,0.4589616678,2.32948254,4.65896508,23.38442155,15.39486445,-0.9178625744
1042,1.881527594,0.8593721743,1.673805709,3.347611418,26.96394005,13.35116453,-0.8912920734
1043,2.648987952,-0.01737538523,2.648930967,5.297861933,21.3773827,16.84022806,-0.9311997771
1044,2.411449484,0.1394868996,2.407411893,4.814823785,23.39291486,15.38927501,-0.9178037296
1045,1.759643333,0.9004409138,1.511803829,3.023607659,27.9745012,12.86886216,-0.8831564381
1046,1.477710588,-0.2413091486,1.457874644,2.915749288,37.01475741,9.725850584,-0.7984804768
1047,1.874102772,0.8335712539,1.678517252,3.357034504,27.22698492,13.22217649,-0.8892009927
1048,1.013883655,-0.1947359043,0.9950065298,1.99001306,51.97941809,6.925818203,-0.6159445065
1049,1.886321329,1.084224949,1.543588163,3.087176326,25.01344724,14.39225855,-0.9062085742
1050,1.561608406,1.218377129,0.9768203446,1.953640689,24.05205539,14.9675358,-0.913175545
1051,2.531907203,1.139796579,2.260844498,4.521688996,20.1524905,17.86379703,-0.9387790204
1052,1.776298554,1.078682578,1.411269091,2.822538183,25.90896843,13.89480253,-0.899489396
1053,1.803172288,-0.3818860257,1.762269379,3.524538759,30.41903561,11.83469471,-0.8623454999
1054,1.45400636,1.208037931,0.8091840659,1.618368132,23.46471514,15.34218497,-0.9173054649
1055,1.651141562,-0.49145991,1.576304417,3.152608834,32.47938009,11.08395539,-0.8435847574
1056,2.526400954,0.09240594525,2.524710463,5.049420926,22.37598357,16.08867824,-0.924705684
1057,2.269911856,1.043885444,2.015639605,4.031279209,22.34978239,16.10753938,-0.9248796724
1058,0.9805892141,-0.2694812131,0.9428335392,1.885667078,52.95819409,6.797814884,-0.602397588
1059,1.42373595,0.8104492352,1.170553755,2.34110751,33.3735261,10.78699323,-0.8351021275
1060,1.756640194,0.4900045168,1.686914445,3.373828891,30.74701231,11.70845468,-0.8594330717
1061,2.484592614,0.7434306879,2.370761748,4.741523497,21.81376304,16.50334238,-0.9283965937
1062,2.154867077,1.480070436,1.566155683,3.132311366,19.61987828,18.34873769,-0.941941014
1063,1.63149217,0.8473455421,1.394192323,2.788384646,30.03131641,11.9874865,-0.8657519872
1064,1.734329543,0.780366147,1.548847197,3.097694394,29.31874246,12.27883496,-0.8719091401
1065,1.41444564,0.2065482603,1.39928349,2.79856698,38.63502036,9.317971019,-0.7811389984
1066,1.478735686,1.227107544,0.8251462326,1.650292465,23.07724477,15.59978254,-0.9199772429
1067,1.336693615,1.106232651,0.750332687,1.500665374,26.02438285,13.83318106,-0.8986074113
1068,2.050101451,-0.5930021531,1.962463861,3.924927721,26.40255062,13.63504629,-0.8956919656
1069,1.787131858,1.134683476,1.380700434,2.761400868,25.12720499,14.32710085,-0.90536728
1070,1.37876795,0.9942113682,0.9552721162,1.910544232,30.05374963,11.9785386,-0.8655559688
1071,1.710256419,0.4832847201,1.64055262,3.28110524,31.52062154,11.42109458,-0.8524520547
1072,2.033857239,1.176398204,1.659114984,3.318229969,23.11683797,15.57306412,-0.9197061584
1073,2.14389218,0.01635813093,2.143829771,4.287659543,26.25514043,13.71160063,-0.896833057
1074,2.108469234,1.032371657,1.838437182,3.676874364,23.66196306,15.21429135,-0.9159292325
1075,2.394845621,-0.01118516281,2.3948195,4.789639001,23.58558885,15.26355785,-0.9164633971
1076,1.493320892,0.8134490346,1.252321028,2.504642055,32.31265898,11.14114441,-0.8451437523
1077,1.972401658,-0.4707184355,1.915409213,3.830818426,27.75146438,12.97228842,-0.8849757369
1078,1.386769525,0.973338486,0.9877964903,1.975592981,30.55711241,11.78121791,-0.8611228184
1079,2.158856984,0.8913914906,1.966236173,3.932472347,24.02690528,14.98320303,-0.9133543592
1080,1.495203047,-0.3762728839,1.447083574,2.894167147,36.08371498,9.976799788,-0.8081573169
1081,1.847385512,1.054948605,1.516547616,3.033095233,25.6172625,14.05302382,-0.9017023035
1082,2.290189048,1.699685891,1.534937701,3.069875402,17.08203265,21.07477531,-0.9558851757
1083,1.940457548,1.053973344,1.629268451,3.258536902,24.86627265,14.4774412,-0.9072917013
1084,1.77013292,1.200269037,1.301047575,2.60209515,24.28606488,14.82331542,-0.9115033356
1085,1.948424131,-0.138037686,1.943528284,3.887056569,28.72429277,12.53294564,-0.8769424755
1086,1.740772571,-0.1925619406,1.730089317,3.460178634,31.89274722,11.28783286,-0.8490385731
1087,1.517424921,0.03844429387,1.516937846,3.033875691,36.46588898,9.872239787,-0.8042108457
1088,1.125486373,-0.2548493426,1.096253341,2.192506683,47.1556352,7.634294363,-0.6800092362
1089,1.545188118,0.9288314182,1.234859715,2.469719431,30.01431375,11.99427723,-0.8659004657
1090,1.649043913,1.011481266,1.302402194,2.604804388,27.80842064,12.94571902,-0.8845124218
1091,1.724249297,-0.2912816932,1.699467744,3.398935488,31.96860796,11.2610471,-0.8483383086
1092,2.445505765,0.6515386384,2.357116003,4.714232006,22.35875087,16.10107837,-0.9248201392
1093,1.529962537,1.063805887,1.099591924,2.199183848,27.74091037,12.97722372,-0.8850614933
1094,1.906059682,0.7461364648,1.753950937,3.507901874,27.40450352,13.13652699,-0.8877792101
1095,1.662013441,1.287203429,1.051378148,2.102756295,22.70902553,15.85272778,-0.9224772881
1096,1.898614365,1.040388888,1.588183702,3.176367403,25.33359228,14.21038107,-0.9038318362
1097,1.261712407,1.027804159,0.7318038036,1.463607607,28.60547157,12.5850049,-0.8779372578
1098,2.002421094,0.4756509491,1.94510833,3.890216659,27.3551772,13.16021451,-0.8881751302
1099,2.067966762,0.5840511279,1.983776905,3.967553811,26.22863179,13.72545861,-0.8970376288
1100,2.048974354,0.9424175511,1.819380407,3.638760814,24.74031789,14.5511469,-0.9082139079
1101,1.47591628,-0.379593224,1.426267103,2.852534206,36.48807125,9.866238135,-0.8039806829
1102,2.055235822,0.5673737653,1.975368648,3.950737296,26.43076952,13.62048879,-0.8954728489
1103,1.960585815,1.03002759,1.668214585,3.33642917,24.89978045,14.4579588,-0.9070456276
1104,1.81286763,0.1904401426,1.802837096,3.605674193,30.69863055,11.72690747,-0.859864474
1105,2.263388058,0.5022173058,2.206966986,4.413933972,24.36595783,14.77471161,-0.9109289452
1106,1.223404053,0.9217135087,0.8044636004,1.608927201,32.83275185,10.96466119,-0.8402568108
1107,1.192997154,0.7851921748,0.8981734006,1.796346801,37.43579545,9.616464555,-0.7940350084
1108,1.570957733,0.6630737072,1.424163424,2.848326848,32.70533529,11.00737836,-0.841460472
1109,1.458709458,0.6576060412,1.302070496,2.604140992,34.73704553,10.36357567,-0.8217757922
1110,1.842658241,0.9013089624,1.607181243,3.214362486,27.06540401,13.30111311,-0.8904877067
1111,1.701365898,1.293577694,1.105125635,2.210251271,22.67872397,15.87390898,-0.9226813269
1112,1.822571814,0.6066886724,1.718632268,3.437264535,29.22670137,12.31750362,-0.8726946268
1113,1.363602571,0.2252330274,1.344872505,2.689745011,39.88313386,9.026371931,-0.7673539419
1114,2.045809131,0.7714209456,1.894794111,3.789588223,25.70999143,14.00233839,-0.9010013847
1115,2.210982827,1.0592393,1.940736244,3.881472488,22.70454815,15.85585397,-0.9225074533
1116,1.355831723,1.061015837,0.8441119923,1.688223985,27.98899469,12.8621983,-0.8830377521
1117,1.881320249,1.302666648,1.357359747,2.714719493,22.42353514,16.05456044,-0.924389425
1118,1.462457121,1.090503216,0.9744657856,1.948931571,27.29025732,13.19152091,-0.8886952094
1119,1.837358086,-0.2073406651,1.825621699,3.651243397,30.28636362,11.8865376,-0.8635156036
1120,2.082403656,1.011703896,1.820126428,3.640252856,24.00867851,14.99457789,-0.9134838393
1121,2.193395688,-0.5117845728,2.13285283,4.265705661,25.06219673,14.36426359,-0.9058484851
1122,1.104045087,0.68677152,0.8644422679,1.728884536,41.73854622,8.625120725,-0.746190474
1123,2.175048223,0.5440280942,2.105912677,4.211825355,25.17269016,14.30121285,-0.9050298959
1124,2.319076541,1.248534228,1.954297389,3.908594778,20.86157426,17.25660755,-0.9344435125
1125,1.986217122,0.5739087442,1.901496045,3.802992091,27.23058294,13.22042943,-0.8891722601
1126,1.867942734,1.144380122,1.476348263,2.952696526,24.50227296,14.69251447,-0.909944819
1127,1.795995373,0.5572367895,1.707362451,3.414724903,29.84667554,12.06164484,-0.8673603096
1128,1.767429166,0.7943468529,1.578866344,3.157732688,28.7843539,12.50679453,-0.8764382027
1129,2.078330721,0.2950643377,2.057278693,4.114557386,26.81847453,13.4235823,-0.8924403905
1130,1.855528687,1.44076552,1.169265336,2.338530671,20.11262939,17.89920119,-0.9390184783
1131,2.032340975,-0.1044649706,2.029654382,4.059308763,27.61188636,13.0378633,-0.8861074465
1132,2.420652159,0.6823898635,2.32247733,4.644954661,22.4906081,16.00668147,-0.9239422494
1133,1.453160862,0.9374451656,1.110348167,2.220696335,30.81285618,11.68343493,-0.8588449818
1134,1.686374384,1.066047861,1.30667537,2.613350739,26.73701739,13.46447866,-0.8930809079
1135,1.134758513,-0.797278614,0.8074798414,1.614959683,37.88866755,9.501521781,-0.789205568
1136,1.727843011,0.9713856993,1.428933621,2.857867243,27.58156284,13.0521973,-0.8863526169
1137,1.719214016,1.117721969,1.306290333,2.612580666,25.77090519,13.96924156,-0.9005396657
1138,1.971802676,0.288205924,1.950626346,3.901252691,28.1993242,12.76626338,-0.8813090257
1139,1.813530648,1.416065771,1.132983294,2.265966588,20.44684283,17.60663018,-0.9369966972
1140,2.430076393,1.225986061,2.098149055,4.196298109,20.3552404,17.68586334,-0.9375540088
1141,2.066833071,0.312402664,2.043086762,4.086173524,26.93071561,13.36763587,-0.8915548564
1142,2.684706021,-0.6024978783,2.616226811,5.232453623,20.60735552,17.46949043,-0.9360143593
1143,1.587368812,1.3366803,0.8561690966,1.712338193,20.66698954,17.4190827,-0.935647527
1144,2.483450248,-0.8884437373,2.319093112,4.638186223,21.40033884,16.82216355,-0.931053658
1145,1.702871473,1.336027628,1.055841575,2.111683149,21.72556006,16.57034383,-0.9289675324
1146,1.642025316,1.112713647,1.207524524,2.415049048,26.27201876,13.70279167,-0.8967027038
1147,1.391496189,-0.01276547988,1.391437633,2.782875265,39.52812548,9.107439212,-0.7713122509
1148,2.162275878,1.432919712,1.619314075,3.238628149,20.09810596,17.91213564,-0.939105612
1149,1.790816813,1.428271486,1.080308021,2.160616041,20.06907507,17.93804641,-0.9392796028
1150,1.893919719,0.5194589461,1.821289187,3.642578375,28.62560293,12.57615432,-0.8777689817
1151,1.749562712,0.9208426387,1.487621765,2.97524353,27.88869459,12.90845647,-0.8838579432
1152,1.84626624,-0.344473648,1.813845896,3.627691793,29.86609189,12.0538034,-0.8671916062
1153,2.043293064,0.2403839303,2.029103771,4.058207542,27.33729017,13.16882536,-0.8883185388
1154,1.515501008,1.218687424,0.9008575173,1.801715035,23.7563064,15.15387089,-0.9152671443
1155,1.761005273,0.9212585522,1.5008072,3.0016144,27.76180467,12.9674567,-0.8848916879
1156,1.351999189,0.1589456339,1.342623586,2.685247171,40.39418501,8.912173867,-0.7616040818
1157,1.825879807,0.9997726133,1.527838929,3.055677857,26.35539695,13.65944139,-0.896057624
1158,2.067018679,0.2892136213,2.046685541,4.093371081,26.96703555,13.34963197,-0.8912675748
1159,1.960070664,0.3703637855,1.924761719,3.849523438,28.18530614,12.77261273,-0.8814246117
1160,1.536464731,1.223292349,0.9296664454,1.859332891,23.77104922,15.14447245,-0.915163457
1161,2.421519268,0.4325880621,2.382566501,4.765133003,22.9971343,15.65412435,-0.9205243951
1162,1.748969776,1.019091282,1.421389544,2.842779087,26.84084812,13.41239287,-0.8922641456
1163,1.403533657,-0.4795661849,1.319061409,2.638122819,37.48596075,9.603595394,-0.793502482
1164,1.879433601,0.05038880813,1.878758001,3.757516002,29.78664143,12.08595473,-0.8678812998
1165,2.244384628,1.568523609,1.605302479,3.210604958,18.53773777,19.41984532,-0.9481144574
1166,1.788044489,1.089916815,1.417457029,2.834914058,25.68598254,14.01542649,-0.9011830894
1167,1.759037491,1.354494797,1.122299755,2.244599509,21.53372753,16.71796021,-0.9302016635
1168,1.871827976,0.1427378863,1.866377739,3.732755479,29.83901287,12.06474228,-0.8674268612
1169,1.879215598,0.1667414729,1.871803555,3.743607109,29.70127523,12.12069169,-0.8686204868
1170,1.936652367,1.321077841,1.416112895,2.83222579,22.02489535,16.34514009,-0.9270209983
1171,1.308481211,-0.3822276414,1.251409249,2.502818499,40.55972349,8.875800155,-0.7597285865
1172,1.44638221,0.760338309,1.230409343,2.460818687,33.74161106,10.66931865,-0.831550947
1173,1.798171435,0.5655722522,1.706911989,3.413823978,29.77527853,12.090567,-0.8679798025
1174,2.055061403,0.9926521275,1.799421886,3.598843771,24.36486954,14.77537154,-0.9109367813
1175,2.076979687,1.163840998,1.720267059,3.440534118,22.94343823,15.69076075,-0.9208901304
1176,1.67345552,1.36695732,0.96533987,1.93067974,20.73152199,17.36486111,-0.9352494207
1177,1.549840714,1.274124075,0.8823911147,1.764782229,22.29519176,16.14697931,-0.925241559
1178,1.306754345,0.6414465975,1.138487233,2.276974466,37.99218589,9.475632726,-0.7880947114
1179,1.395101737,0.9102950814,1.057199944,2.114399888,31.93262668,11.27373591,-0.8486706345
1180,2.259379893,0.1677284793,2.253145503,4.506291006,24.89634449,14.45995416,-0.9070708749
1181,1.87632134,1.219579411,1.425905968,2.851811936,23.55620536,15.28259728,-0.9166684729
1182,1.007282379,-0.5513767128,0.8429718332,1.685943666,47.79039249,7.532894819,-0.6718447999
1183,1.66976622,1.115414778,1.242565532,2.485131065,26.08459204,13.80125092,-0.8981458515
1184,1.930959043,0.9847607414,1.660978359,3.321956717,25.52374448,14.10451355,-0.9024067947
1185,2.02371661,1.122336489,1.683980321,3.367960643,23.64944889,15.22234204,-0.9160168687
1186,1.331853087,-0.1709492199,1.320836481,2.641672961,40.91828063,8.798023633,-0.7556445309
1187,1.790366173,0.2394244336,1.774284919,3.548569837,30.97855515,11.62094224,-0.8573600108
1188,1.81983536,0.8611514518,1.60319023,3.20638046,27.63701503,13.02600877,-0.8859040893
1189,1.038583876,-0.5038565213,0.908176785,1.81635357,47.62143703,7.559620676,-0.6740260497
1190,2.125627681,0.1415783988,2.120907493,4.241814986,26.42270275,13.62464708,-0.8955355087
1191,2.561344795,0.2737601713,2.546672835,5.093345669,21.97713078,16.38066422,-0.9273333023
1192,1.763661625,-0.7104559703,1.614235002,3.228470003,29.43685056,12.22956917,-0.8708978995
1193,1.355321945,0.8866471798,1.025063098,2.050126195,32.86060709,10.95536668,-0.839993118
1194,2.180102498,1.063222055,1.903261874,3.806523749,22.91279265,15.71174695,-0.9210985014
1195,1.73413625,1.197502323,1.254279363,2.508558726,24.46106532,14.71726579,-0.9102428607
1196,1.886859814,1.342900075,1.325465709,2.650931418,21.8218446,16.49723049,-0.9283441716
1197,1.369870786,1.112998598,0.798611351,1.597222702,26.15039343,13.76652328,-0.8976402882
1198,0.9730820363,0.7244667917,0.6496433769,1.299286754,42.99050846,8.373941433,-0.7314666705
1199,1.011231341,-0.4267018918,0.9167956805,1.833591361,49.87897432,7.217469984,-0.6444042876
1200,1.665711225,0.3549348606,1.627456644,3.254913288,32.80748639,10.97310522,-0.8404958156
1201,1.575443645,0.5852827502,1.462691622,2.925383244,33.23767235,10.83108336,-0.8364041062
1202,2.160618426,0.4069565987,2.12194682,4.243893641,25.65340193,14.03322651,-0.9014294137
1203,1.924946585,0.7184248527,1.785856961,3.571713923,27.33118018,13.1717693,-0.8883675055
1204,2.141199771,1.348105681,1.66353465,3.327069301,20.99522148,17.14675886,-0.9336103115
1205,1.920663978,0.1707820739,1.913056089,3.826112178,29.08678215,12.37675581,-0.8738843949
1206,1.849273974,1.085744647,1.496987907,2.993975814,25.27966109,14.24069724,-0.9042341966
1207,2.042802652,-0.1013886147,2.040285035,4.08057007,27.47791311,13.10143163,-0.8871887663
1208,1.564492328,1.30352175,0.8651400415,1.730280083,21.48799436,16.75354126,-0.9304943435
1209,1.916070692,1.111341012,1.560848504,3.121697008,24.52301466,14.68008746,-0.9097946229
1210,1.553924512,0.5916318825,1.436890081,2.873780162,33.57573981,10.72202734,-0.8331554832
1211,2.804995737,0.2729324471,2.791685685,5.58337137,20.12581855,17.88747122,-0.9389392973
1212,2.106372431,1.16129026,1.75733029,3.51466058,22.76928576,15.81077263,-0.9220707525
1213,2.492850503,1.36502764,2.08590584,4.17181168,19.27634845,18.67573627,-0.9439373066
1214,2.39453581,0.8186862994,2.250234319,4.500468638,22.31040366,16.13596981,-0.9251408022
1215,2.264004625,-0.1080497781,2.261424814,4.522849628,24.88252111,14.46798733,-0.9071724151
1216,1.681850291,-0.2300319684,1.666044926,3.332089851,32.86647553,10.95341055,-0.8399375388
1217,1.303064632,-0.2763016426,1.273434269,2.546868538,41.33024733,8.710327745,-0.7509156038
1218,1.758629354,1.31657275,1.165938848,2.331877697,22.30053394,16.14311123,-0.9252061822
1219,1.809696849,1.072835365,1.457404187,2.914808373,25.72411989,13.99464789,-0.9008943834
1220,3.094641339,0.6791387928,3.019201139,6.038402279,17.93740305,20.06979488,-0.9513935568
1221,1.914356727,1.001943064,1.631217881,3.262435762,25.53361798,14.09905953,-0.902332529
1222,1.632788836,0.385414196,1.586649073,3.173298147,33.29393793,10.81277921,-0.835865445
1223,2.368262231,0.427484486,2.329361073,4.658722147,23.49412596,15.32297906,-0.9171009499
1224,1.531152401,0.1165675987,1.526708771,3.053417541,36.08974447,9.975132972,-0.8080953328
1225,0.9096984051,-0.2929725803,0.8612306633,1.722461327,56.1537402,6.410971,-0.5569663591
1226,2.136682079,1.430652721,1.587023346,3.174046692,20.19136359,17.82940505,-0.9385450602
1227,1.488139031,-0.180537207,1.477147281,2.954294563,36.93943669,9.745681911,-0.7992711998
1228,1.745085232,0.3040482599,1.718393762,3.436787524,31.58066447,11.39938016,-0.8519037144
1229,1.615824945,0.5066733194,1.534331255,3.068662511,33.0196464,10.9026001,-0.838483765
1230,1.675941664,-0.4290549576,1.620090215,3.24018043,32.33991969,11.13175306,-0.8448893287
1231,1.619628558,1.195808408,1.092354758,2.184709516,24.71606422,14.56542582,-0.908390983
1232,2.077851136,1.243780194,1.664474743,3.328949487,22.2551974,16.17599671,-0.9255061523
1233,1.986796938,0.8388825095,1.80101033,3.602020659,25.97102958,13.86159909,-0.8990155846
1234,1.606848236,0.9060883912,1.327013594,2.654027189,29.64224527,12.144829,-0.8691305005
1235,1.95367294,1.445021015,1.314820225,2.62964045,20.23507092,17.79089391,-0.9382814889
1236,1.675052767,0.9264495296,1.39552608,2.79105216,28.6355473,12.57178696,-0.8776858177
1237,1.679939837,0.7071643475,1.523849218,3.047698437,30.64380647,11.7478878,-0.8603525791
1238,2.683806954,0.324170357,2.664157155,5.328314309,20.96565846,17.17093697,-0.9337950548
1239,1.420406837,1.186054634,0.7815561327,1.563112265,23.85347026,15.09214366,-0.914582668
1240,2.140496369,0.781630315,1.992681299,3.985362597,24.70339019,14.57289859,-0.9084834508
1241,1.625379363,1.37978174,0.8591044307,1.718208861,19.75720642,18.22119952,-0.9411335061
1242,1.867691046,1.015970438,1.567186623,3.134373246,25.82503278,13.93996295,-0.9001285311
1243,2.419203812,1.538161128,1.867245948,3.734491897,18.43246602,19.5307562,-0.9486970003
1244,1.684030954,0.2665360489,1.662804495,3.325608991,32.74151994,10.99521344,-0.8411190706
1245,1.743756488,0.9011015992,1.492883986,2.985767972,28.14465193,12.79106243,-0.8817595277
1246,2.305683468,0.2140801553,2.295723403,4.591446806,24.37752219,14.76770269,-0.9108456565
1247,2.097236106,-0.2051167239,2.087181453,4.174362905,26.70831057,13.47895065,-0.8933062066
1248,2.405604264,0.2187827414,2.395634777,4.791269554,23.39642988,15.38696296,-0.9177793703
1249,1.599794687,1.335126514,0.8813513659,1.762702732,20.8891513,17.23382606,-0.9342720043
1250,2.285927217,-0.1749500924,2.27922261,4.558445221,24.61216253,14.62691462,-0.909147722
1251,2.627516946,0.5665291946,2.56571432,5.13142864,21.08657605,17.07247299,-0.9330378536
1252,1.833006653,0.5252431884,1.756141504,3.512283008,29.45304579,12.22284454,-0.8707589475
1253,1.237504674,1.010563939,0.7142676967,1.428535393,29.13547988,12.35606901,-0.8734708968
1254,1.367608932,1.095321668,0.8189167445,1.637833489,26.81174484,13.42695159,-0.8924933761
1255,1.786027609,0.9950850386,1.483138695,2.966277389,26.77035195,13.44771263,-0.8928190083
1256,2.529361048,1.019566589,2.314768084,4.629536168,20.63275453,17.44798541,-0.935858244
1257,1.962722282,-0.5192951996,1.892778712,3.785557423,27.71919933,12.98738812,-0.8852378115
1258,1.691009664,1.045023737,1.329450666,2.658901331,26.99715923,13.33473633,-0.8910290323
1259,2.253531169,-0.2326250413,2.241492431,4.482984862,24.90217225,14.45657015,-0.9070280509
1260,1.785585411,-0.0282514388,1.7853619,3.5707238,31.2834573,11.50767949,-0.8546087925
1261,1.543609026,-0.3423278759,1.505171236,3.010342473,35.21249307,10.22364419,-0.8170191906
1262,2.032330998,1.523432197,1.345185351,2.690370702,19.11960328,18.82884256,-0.9448369019
1263,1.967838719,0.6897879837,1.842981758,3.685963516,26.96586273,13.35021259,-0.8912768571
1264,2.451175921,0.505490263,2.398487646,4.796975293,22.61317724,15.91992121,-0.9231218101
1265,2.311886333,-0.0888363888,2.310178892,4.620357785,24.39129532,14.75936375,-0.9107464113
1266,2.003443727,0.427176729,1.957372425,3.91474485,27.47686773,13.10193008,-0.8871971846
1267,1.590709892,1.065768555,1.180887526,2.361775051,27.37746239,13.14950213,-0.8879963385
1268,1.013592317,0.8157423706,0.6016093169,1.203218634,37.73643305,9.539852364,-0.7908345173
1269,1.732463739,-0.07080801769,1.731016127,3.462032254,32.17535761,11.18868683,-0.8464222731
1270,1.429179914,0.03024463874,1.428859856,2.857719712,38.55862442,9.336432652,-0.7819707971
1271,2.28331479,0.3473672192,2.256737123,4.513474246,24.44958693,14.72417514,-0.9103257964
1272,1.801880444,-0.1985560887,1.790907204,3.581814408,30.86304051,11.66443727,-0.8583959946
1273,2.32671257,0.877782184,2.15478301,4.30956602,22.65093166,15.89338599,-0.9228682426
1274,1.499596449,1.141238597,0.9728124048,1.94562481,25.95222283,13.87164415,-0.8991592779
1275,2.162711967,1.282696679,1.741267435,3.48253487,21.46972867,16.76779458,-0.9306110733
1276,1.791099725,0.5713172745,1.697537863,3.395075726,29.85034444,12.06016234,-0.8673284392
1277,1.783509255,-0.1338791358,1.778477338,3.556954676,31.24943369,11.52020877,-0.8549169982
1278,0.9477413849,0.6889503941,0.6508157091,1.301631418,45.11476419,7.979649377,-0.7056890196
1279,2.251874698,0.6958641594,2.141661207,4.283322414,23.95277584,15.02957329,-0.9138803866
1280,1.926676888,0.6331537888,1.81967033,3.63934066,27.72640359,12.98401355,-0.8851793188
1281,2.538008372,1.094027397,2.290107105,4.58021421,20.29842654,17.73536482,-0.9378984618
1282,2.150664904,0.6051870463,2.063760686,4.127521371,25.25221916,14.2561728,-0.9044386231
1283,1.247729126,0.8622483324,0.9018623988,1.803724798,34.61016323,10.40156897,-0.8230356304
1284,1.595182208,-0.6103694303,1.473789481,2.947578963,32.7119945,11.00513758,-0.8413976677
1285,1.881673249,0.5203809943,1.808285884,3.616571767,28.78945536,12.50457835,-0.8763953266
1286,1.636679734,1.153673455,1.160929848,2.321859696,25.54782695,14.09121804,-0.9022256061
1287,2.146640356,1.321669048,1.69152468,3.38304936,21.21305785,16.97067922,-0.9322413619
1288,1.90220583,-0.5197208817,1.829829835,3.659659669,28.51241179,12.62608027,-0.8787137268
1289,1.602428746,1.135617002,1.130553806,2.261107613,26.00195698,13.84511175,-0.8987790729
1290,1.935180805,0.1739129532,1.927350262,3.854700524,28.87546923,12.46732987,-0.8756713606
1291,1.502705882,-0.1933741646,1.490211864,2.980423728,36.57878481,9.841770355,-0.8030381872
1292,1.346673945,-0.2855947469,1.316041927,2.632083854,40.08770792,8.980308894,-0.7650595718
1293,2.0088958,0.3020244217,1.986062331,3.972124662,27.6827363,13.00449479,-0.8855336464
1294,2.091014456,0.5227724766,2.024611171,4.049222343,26.15710241,13.76299234,-0.8975886755
1295,2.000356396,0.9657400606,1.751791039,3.503582079,25.0310102,14.38216025,-0.9060789206
1296,2.037396439,1.260919281,1.600333345,3.200666689,22.30531939,16.13964784,-0.9251744854
1297,1.739734395,1.143911521,1.310779232,2.621558465,25.27048753,14.24586683,-0.9043025574
1298,1.744850411,0.3413208782,1.711140852,3.422281705,31.48013014,11.435785,-0.8528213127
1299,1.386987378,-0.632013037,1.23462282,2.46924564,36.4141844,9.8862574,-0.8047468633
1300,1.783337049,1.021623305,1.461703408,2.923406816,26.51118326,13.57917512,-0.8948472536
1301,2.126432825,0.8450993889,1.951287673,3.902575346,24.55056046,14.66361636,-0.9095949721
1302,2.183583458,0.7067631551,2.06604031,4.13208062,24.57401109,14.64962308,-0.9094248372
1303,1.58645693,-0.09721615908,1.583475484,3.166950968,34.93572341,10.30463849,-0.8197949886
1304,1.84025317,-0.6869461122,1.707230731,3.414461463,28.55968529,12.60518092,-0.8783195773
1305,1.695696808,1.132080751,1.262450331,2.524900662,25.68115359,14.01806187,-0.9012196169
1306,1.607011376,1.080404913,1.189626322,2.379252645,27.02272559,13.32212026,-0.890826385
1307,2.289000644,1.436392268,1.782218056,3.564436112,19.65632137,18.31471887,-0.941727251
1308,2.366090893,0.2892800748,2.34834051,4.696681021,23.70505798,15.18663233,-0.9156271064
1309,1.745401003,0.436205123,1.690014719,3.380029438,31.14659922,11.55824421,-0.8558466998
1310,1.655197934,0.07926222316,1.653299035,3.306598071,33.58657821,10.71856733,-0.8330508522
1311,1.815824691,1.129665079,1.421645567,2.843291133,25.01086982,14.3937417,-0.906227594
1312,1.146251087,0.8509004648,0.768023407,1.536046814,35.82552119,10.04870238,-0.8108031815
1313,1.791538553,-1.218295516,1.313532041,2.627064082,23.9325693,15.04226293,-0.9140235082
1314,1.812278858,0.1241839424,1.808019084,3.616038167,30.78858412,11.69264551,-0.8590619017
1315,1.617066513,1.233880219,1.045200322,2.090400644,23.84365938,15.09835358,-0.9146519007
1316,1.186214119,-0.5488222269,1.051616897,2.103233795,42.26566937,8.517551132,-0.7400342195
1317,1.553788399,0.8441252946,1.304496406,2.608992813,31.0792707,11.58328339,-0.8564539075
1318,1.470691916,0.9439647556,1.127770035,2.25554007,30.5214617,11.79497901,-0.8614389877
1319,1.43040065,0.9494900512,1.06981992,2.13963984,30.78026285,11.69580655,-0.8591362336
1320,1.974477406,0.2289355565,1.961160253,3.922320506,28.25874481,12.73941934,-0.8808184872
1321,2.095946677,-0.9513672934,1.867590091,3.735180181,24.26503657,14.83616144,-0.9116542241
1322,1.380992062,1.018911376,0.9321795342,1.864359068,29.35877271,12.26209295,-0.8715668163
1323,1.083463422,0.801561496,0.7289664981,1.457932996,38.27401061,9.40586038,-0.7850574218
1324,1.580532518,1.11241044,1.122776047,2.245552095,26.5392434,13.56481775,-0.894628539
1325,1.91282095,1.23416837,1.461407685,2.922815371,23.2050852,15.51384091,-0.9191003719
1326,2.012581599,1.080595491,1.697880466,3.395760933,24.07287874,14.95458868,-0.9130273603
1327,1.695606292,1.175493994,1.222004324,2.444008648,24.9625028,14.42163083,-0.9065841753
1328,1.728758238,0.2173091909,1.715045702,3.430091404,32.05677034,11.23007702,-0.8475226204
1329,1.284359939,-0.3493041675,1.235947836,2.471895671,41.4472249,8.685744363,-0.7495657419
1330,1.59796628,1.188411283,1.068257859,2.136515718,24.87974765,14.46960014,-0.9071927812
1331,1.655389003,-0.0722573222,1.653811244,3.307622488,33.58804961,10.71809778,-0.8330366455
1332,1.752097399,-0.06420617872,1.750920575,3.501841151,31.83729899,11.30749188,-0.8495494698
1333,1.908926297,0.6286099308,1.802456425,3.60491285,27.97149709,12.87024426,-0.8831810314
1334,1.682139964,0.02374660843,1.681972341,3.363944683,33.10554259,10.87431203,-0.8376658847
1335,1.917333779,0.1964331514,1.907244829,3.814489657,29.10336706,12.36970276,-0.8737436414
1336,2.175818691,0.6258941654,2.083853035,4.16770607,24.92483273,14.44342692,-0.9068614468
1337,1.44250323,1.167761065,0.8468468956,1.693693791,24.82298258,14.50268914,-0.9076091542
1338,1.566224251,0.422576539,1.508140402,3.016280805,34.3942421,10.46686823,-0.8251702701
1339,1.002455805,0.7875150958,0.6202722111,1.240544422,39.40796934,9.135208081,-0.7726452805
1340,1.867978358,-0.7071468927,1.728955296,3.457910593,28.09046298,12.81573751,-0.8822052548
1341,2.222292742,1.340500266,1.772468354,3.544936709,20.70855112,17.38412301,-0.935391266
1342,1.741916183,0.1394769028,1.736323179,3.472646359,31.94842297,11.26816182,-0.84852478
1343,2.65506623,0.675238815,2.567767362,5.135534724,20.68891653,17.40062122,-0.9355123906
1344,1.349956165,0.2027050642,1.334650631,2.669301261,40.32487433,8.927492174,-0.7623874612
1345,1.033413149,0.8783989282,0.5443877832,1.088775566,33.6460417,10.69962414,-0.8324762778
1346,1.825201431,1.364414465,1.212325629,2.424651258,21.4765843,16.76244206,-0.9305672724
1347,1.693357939,0.5050402351,1.616290652,3.232581303,31.69546353,11.35809229,-0.8508527116
1348,1.817159906,1.033976796,1.494309911,2.988619821,26.08661808,13.80017904,-0.8981303028
1349,1.05307696,-0.4294135202,0.961548289,1.923096578,48.2249221,7.465019834,-0.6662081455
1350,2.276647811,0.1988633362,2.267945905,4.53589181,24.69004653,14.58077446,-0.908580756
1351,1.080983025,-0.4895629531,0.9637698973,1.927539795,46.37698063,7.762471708,-0.6899104341
1352,2.560594849,-1.084251509,2.31970788,4.639415759,20.19451031,17.82662687,-0.9385261026
1353,1.580155299,1.152167751,1.081388109,2.162776219,25.70067512,14.00741414,-0.9010719114
1354,1.726567523,0.6709218389,1.590880039,3.181760078,30.22161308,11.9120048,-0.8640849916
1355,2.393277176,0.4827845685,2.344076513,4.688153026,23.16728724,15.5391521,-0.9193601088
1356,1.786992982,1.378072908,1.137655035,2.27531007,21.13240809,17.03544615,-0.9327497614
1357,1.668221868,0.5654751823,1.569459149,3.138918298,31.78291955,11.3268386,-0.850049746
1358,2.135325782,0.4017029595,2.097200736,4.194401473,25.94907541,13.87332667,-0.8991833163
1359,2.013059735,0.3201794557,1.987434178,3.974868356,27.59505948,13.04581352,-0.8862435252
1360,1.279343199,0.3407122002,1.233139982,2.466279965,41.64509738,8.644474924,-0.7472752841
1361,1.555423808,1.092727126,1.106928476,2.213856953,27.03338985,13.31686489,-0.8907418042
1362,1.425677381,0.9547942851,1.05873692,2.117473841,30.70790397,11.72336609,-0.8597818338
1363,2.008350972,0.3120849743,1.983954787,3.967909573,27.67134334,13.00984905,-0.8856260072
1364,1.791906234,0.1972128466,1.781020788,3.562041575,31.02723007,11.60271153,-0.8569224298
1365,1.384583257,0.8968517156,1.054859136,2.109718272,32.32407595,11.13720932,-0.8450372213
1366,2.110569045,0.9926270748,1.862577028,3.725154057,23.8931464,15.06708217,-0.9143024109
1367,2.737065108,0.1646010894,2.732111251,5.464222502,20.67068576,17.41596791,-0.9356247567
1368,1.84701438,-0.1095669695,1.843761698,3.687523397,30.25069623,11.90055255,-0.8638293836
1369,1.973655333,1.094531621,1.642350725,3.28470145,24.25334336,14.84331437,-0.9117380755
1370,2.018290533,1.152908331,1.656592604,3.313185209,23.42546355,15.36789226,-0.9175780334
1371,2.165935892,0.3917711431,2.130209769,4.260419537,25.62418752,14.04922594,-0.9016500402
1372,1.906398622,0.4593704634,1.850225522,3.700451045,28.66540481,12.55869235,-0.8774359627
1373,1.387528011,0.9012770634,1.054956699,2.109913399,32.20013612,11.18007696,-0.8461919001
1374,1.961810583,0.9433693367,1.720103211,3.440206423,25.54681782,14.09177466,-0.9022332016
1375,1.823577498,1.096234135,1.457293935,2.914587871,25.3539202,14.19898766,-0.9036799693
1376,1.740646742,1.172363075,1.286629667,2.573259335,24.83664469,14.49471152,-0.9075090237
1377,1.834775655,0.464024508,1.775128999,3.550257997,29.66620812,12.13501903,-0.8689235747
1378,2.49210119,0.9604047195,2.299606731,4.599213462,21.09677729,17.06421768,-0.9329737821
1379,1.688942723,1.179341371,1.209000187,2.418000374,24.91715277,14.44787867,-0.9069179272
1380,1.738025367,0.07997633823,1.736184311,3.472368621,32.0719045,11.22477775,-0.8473823956
1381,3.408386512,-0.1332299728,3.405781612,6.811563224,16.67913577,21.58385213,-0.9579270735
1382,1.487623688,-0.3994083915,1.433002852,2.866005704,36.12935197,9.96419754,-0.8076879394
1383,1.357826076,0.09863084652,1.354239126,2.708478251,40.35621231,8.920559671,-0.7620334038
1384,1.606381205,0.4175707777,1.551159315,3.102318631,33.64781699,10.69905962,-0.8324591101
1385,1.635795007,-0.3103261304,1.606089349,3.212178698,33.50772849,10.74379005,-0.833811365
1386,1.703464876,-0.1931334369,1.692481036,3.384962072,32.54766187,11.06070234,-0.8429441978
1387,2.218935691,0.1503948927,2.213833096,4.427666192,25.34604336,14.2034003,-0.9037388295
1388,2.089343739,1.171751714,1.729842531,3.459685061,22.79888345,15.79024695,-0.9218707031
1389,1.945657465,-0.5730174807,1.859363853,3.718727705,27.73989186,12.9777002,-0.8850697676
1390,1.793742936,0.1096356304,1.790389273,3.580778546,31.10382981,11.5741374,-0.8562325561
1391,1.648774323,1.112643913,1.216749888,2.433499777,26.23957571,13.71973404,-0.8969531959
1392,1.969897266,-0.2849907466,1.949173033,3.898346067,28.23086281,12.75200133,-0.8810487811
1393,1.373057568,0.9377765649,1.002926817,2.005853634,31.52092302,11.42098535,-0.8524493038
1394,1.920069052,-0.6744892436,1.79770115,3.5954023,27.61382515,13.03694791,-0.8860917627
1395,1.508014594,1.082867352,1.04952671,2.099053419,27.40733494,13.13516986,-0.8877564636
1396,2.208105753,0.7309518636,2.083612342,4.167224684,24.24868669,14.84616485,-0.9117714577
1397,1.412370858,0.8185719041,1.150969799,2.301939599,33.41125492,10.77481228,-0.8347397132
1398,1.496531231,0.437578847,1.431129093,2.862258185,35.72757252,10.07625133,-0.8118026146
1399,2.053158402,1.196313032,1.668620554,3.337241109,22.82080849,15.77507652,-0.9217223542
1400,1.830040929,1.137307754,1.433729707,2.867459414,24.82692516,14.50038608,-0.907580264
1401,2.135766064,0.2837358067,2.11683506,4.23367012,26.14986249,13.7668028,-0.8976443723
1402,1.833656948,1.240202365,1.350627964,2.701255928,23.45915053,15.3458242,-0.9173441325
1403,1.830849469,1.423854018,1.150934193,2.301868385,20.3562917,17.68494995,-0.9375476262
1404,2.624340201,0.8986673381,2.465676074,4.931352149,20.37980837,17.66454294,-0.9374047717
1405,1.52110255,0.345076923,1.481443514,2.962887028,35.67228084,10.09186942,-0.8123657437
1406,1.94417959,0.4505805276,1.891246008,3.782492017,28.18191158,12.77415121,-0.8814525936
1407,1.653357912,0.159459029,1.645650389,3.291300779,33.52880884,10.73703518,-0.8336081977
1408,2.223339479,-0.2739148581,2.206401842,4.412803685,25.1793216,14.29744636,-0.9049806599
1409,1.753582914,0.7351838295,1.592029451,3.184058902,29.40298437,12.24365511,-0.8711882402
1410,2.708678581,0.7978489644,2.588508583,5.177017167,20.06474874,17.94191418,-0.9393055111
1411,1.578592389,1.229372116,0.9902515504,1.980503101,23.83063056,15.10660824,-0.9147438002
1412,1.842438744,1.158850868,1.432356517,2.864713034,24.48926626,14.70031794,-0.9100389432
1413,1.287425215,0.9891056027,0.824095741,1.648191482,30.34975381,11.86171072,-0.8629571096
1414,1.974789628,0.2718742683,1.955985291,3.911970581,28.18759695,12.7715747,-0.8814057264
1415,1.884250635,0.8691383595,1.671825041,3.343650082,26.86459312,13.40053796,-0.8920769488
1416,1.384417246,1.211556994,0.6698811556,1.339762311,21.89727075,16.44040502,-0.9278540199
1417,1.984259371,-0.5999369652,1.891391257,3.782782515,27.15553456,13.25696606,-0.8897708446
1418,1.872266789,-0.5343226866,1.794403019,3.588806038,28.86403917,12.47226689,-0.8757676795
1419,1.866921652,0.2006792966,1.856104597,3.712209194,29.84232905,12.0634016,-0.8673980616
1420,2.360637336,0.6611854685,2.266151454,4.532302907,23.06234289,15.60986244,-0.9200791585
1421,1.82206805,0.4730667305,1.759585135,3.519170271,29.81993175,12.07246224,-0.8675925163
1422,1.995517649,0.4055260375,1.95387802,3.907756041,27.6336064,13.02761554,-0.8859316841
1423,2.186780029,0.3424351126,2.159802094,4.319604189,25.48089885,14.12823002,-0.9027287571
1424,1.760174835,1.262063506,1.226951978,2.453903955,23.30537242,15.44708205,-0.9184092884
1425,1.841058968,0.8772002901,1.618646897,3.237293793,27.27450241,13.19914089,-0.8888212514
1426,1.655822303,0.752603319,1.474901944,2.949803888,30.62191307,11.75628705,-0.8605472785
1427,1.726156712,0.4724869607,1.660232835,3.32046567,31.30918939,11.49822167,-0.8543754961
1428,1.704023612,-0.2322393964,1.688123613,3.376247227,32.46208875,11.0898594,-0.8437467795
1429,1.358096758,1.147705295,0.7260849525,1.452169905,24.48401331,14.70347183,-0.9100769433
1430,2.169023557,0.5951807709,2.085766775,4.171533551,25.08997961,14.34835762,-0.9056429729
1431,2.103240473,0.5657115333,2.025732201,4.051464402,25.89034542,13.9047971,-0.8996313691
1432,2.079238713,-1.15052809,1.731911874,3.463823748,23.03487492,15.62847644,-0.9202668519
1433,1.817844183,0.9828160829,1.529257996,3.058515993,26.59474421,13.53650921,-0.8941953064
1434,1.851556723,1.173807526,1.431935121,2.863870242,24.25348198,14.84322954,-0.9117370817
1435,2.253816339,0.2215401058,2.242901708,4.485803415,24.91010237,14.45196791,-0.9069697634
1436,1.671713918,1.201846289,1.161978022,2.323956043,24.54332343,14.66794019,-0.9096474461
1437,2.144983297,0.04569365239,2.144496546,4.288993092,26.23775167,13.72068783,-0.8969672707
1438,1.040666538,0.586373869,0.8597398037,1.719479607,45.9054646,7.842203606,-0.695844302
1439,2.033161152,-0.2767744241,2.014234392,4.028468785,27.41270338,13.13259751,-0.8877133298
1440,1.191528581,0.0544649169,1.190283131,2.380566262,45.49871725,7.912310979,-0.7009252325
1441,1.569183804,1.313640805,0.8583039365,1.716607873,21.20438178,16.97762301,-0.9322961427
1442,2.191695917,1.16522851,1.856279481,3.712558962,22.17861715,16.2318506,-0.926011531
1443,1.8680446,1.456269395,1.169987213,2.339974426,19.85732718,18.12932812,-0.9405413745
1444,1.650457885,0.383758416,1.605222947,3.210445893,32.97688373,10.91673801,-0.8388902371
1445,1.368278085,0.9860562249,0.9486190168,1.897238034,30.31818205,11.87406288,-0.863235402
1446,1.916971251,0.6167111622,1.815060913,3.630121827,27.92265143,12.89275844,-0.8835805687
1447,2.108940253,1.004474932,1.854362182,3.708724364,23.83412504,15.10439336,-0.9147191563
1448,1.650234369,1.332230906,0.9738759083,1.947751817,21.49253099,16.75000493,-0.9304653368
1449,2.160510027,0.46163887,2.110614397,4.221228794,25.53623087,14.0976169,-0.9023128711
1450,1.599967592,0.8620462664,1.347877046,2.695754091,30.26453403,11.89511127,-0.8637076867
1451,2.184842074,1.408784064,1.669988728,3.339977456,20.2630274,17.76634818,-0.9381126147
1452,2.14190913,0.6224504366,2.049470706,4.098941411,25.28935388,14.23523913,-0.9041619414
1453,1.735615615,-0.03813813069,1.735196543,3.470393087,32.13526861,11.20264481,-0.8467946568
1454,0.8645597053,0.5750495068,0.6455862055,1.291172411,52.38355924,6.872385253,-0.6103724826
1455,1.173953149,0.8372503065,0.8229082083,1.645816417,36.10780463,9.970143676,-0.8079096181
1456,1.642083696,0.8910267352,1.379315128,2.758630256,29.41453299,12.23884806,-0.8710892661
1457,2.408675812,0.6250633138,2.326158855,4.652317711,22.73358327,15.83560303,-0.9223117366
1458,1.141234408,0.1695749893,1.128565593,2.257131185,46.99968682,7.659625507,-0.6820023576
1459,1.564446895,0.6123313162,1.439633442,2.879266883,33.22981264,10.83364519,-0.8364792874
1460,1.363534463,0.2413724407,1.342000588,2.684001175,39.82613047,9.039291434,-0.7679915135
1461,1.968130229,1.188782213,1.56854501,3.13709002,23.40666808,15.38023262,-0.9177083994
1462,1.310946686,0.6587773043,1.133399169,2.266798339,37.65969308,9.559291927,-0.7916535394
1463,2.293118715,-0.5570542085,2.224428927,4.448857854,23.94793137,15.03261365,-0.9139147101
1464,1.642297404,0.9024463704,1.372126565,2.74425313,29.27961195,12.29524492,-0.8722433584
1465,1.824698831,-0.07767925004,1.823044639,3.646089278,30.62505537,11.75508079,-0.8605193415
1466,2.983524844,1.237837874,2.714622975,5.429245949,17.42069501,20.66507678,-0.9541322539
1467,2.279702459,0.773636796,2.144418198,4.288836396,23.43551253,15.36130262,-0.917508293
1468,2.21188186,0.5456492389,2.143522398,4.287044796,24.78395493,14.52552674,-0.907894906
1469,1.239046672,-0.4598911746,1.150537597,2.301075194,41.83474989,8.605286297,-0.7450716106
1470,1.688993444,0.8513512901,1.458732269,2.917464539,29.26928292,12.29958387,-0.872331512
1471,2.211496178,-0.9221972744,2.010041674,4.020083348,23.41897352,15.37215112,-0.9176230597
1472,0.9148889061,0.6761144181,0.6163529866,1.232705973,46.3962614,7.759245878,-0.6896667951
1473,1.789008815,1.150512452,1.36999038,2.739980759,24.90622229,14.45421934,-0.9069982847
1474,1.969099889,0.396805103,1.928704249,3.857408499,28.00007041,12.85711052,-0.8829470159
1475,2.089926745,0.467830762,2.036891793,4.073783586,26.31958133,13.67802913,-0.8963349546
1476,2.056289193,-0.1381002666,2.051646548,4.103293097,27.28043347,13.19627125,-0.8887738098
1477,1.898576114,0.262344571,1.880363419,3.760726838,29.2721252,12.2983896,-0.8723072572
1478,2.215057412,0.4481355041,2.169251923,4.338503847,24.9787714,14.41223807,-0.9064643087
1479,2.179625149,1.447248779,1.629796541,3.259593081,19.90610093,18.0849078,-0.9402518776
1480,1.575986362,-0.309574714,1.545282016,3.090564032,34.67523372,10.38204971,-0.8223900371
1481,2.271279745,0.739574856,2.147496383,4.294992766,23.62874113,15.23568259,-0.9161617882
1482,1.397902623,-0.6639188108,1.230180294,2.460360588,35.82480148,10.04890425,-0.8108105338
1483,1.930016943,0.8828158293,1.716275506,3.432551012,26.28463481,13.69621464,-0.8966052179
1484,2.343642375,0.0156675988,2.343590004,4.687180009,24.08574702,14.94659891,-0.9129357259
1485,1.364398374,-0.3298531312,1.323925917,2.647851834,39.40332814,9.13628409,-0.7726967026
1486,2.102749561,0.6015788975,2.014859436,4.029718872,25.78052061,13.96403142,-0.900466689
1487,2.250585492,0.278954554,2.233230712,4.466461424,24.88158703,14.46853047,-0.9071792745
1488,1.435654023,1.155063848,0.8526018876,1.705203775,25.20936895,14.28040506,-0.9047574173
1489,1.598082813,1.252374759,0.9926863258,1.985372652,23.31014688,15.44391813,-0.9183763172
1490,1.773948404,0.4464833619,1.716841736,3.433683472,30.65307495,11.74433562,-0.8602701161
1491,1.451127682,-0.06864222053,1.449503293,2.899006585,37.99263068,9.475521794,-0.7880899328
1492,2.104775633,0.7951542037,1.948797131,3.897594261,24.99542427,14.40263611,-0.9063415351
1493,1.915449711,0.767430414,1.754992352,3.509984703,27.17204701,13.2489098,-0.8896392726
1494,1.57224066,0.04700506749,1.571537851,3.143075702,35.27106813,10.20666566,-0.8164292789
1495,2.814884558,-0.7497473913,2.713199942,5.426399885,19.47242495,18.48768199,-0.942802035
1496,2.214494548,0.4464459973,2.169025605,4.33805121,24.98823065,14.40678234,-0.9063945796
1497,1.505331286,0.9011106223,1.205828316,2.411656632,30.88459395,11.65629701,-0.8582029589
1498,2.356433683,0.4839970391,2.30619309,4.612386181,23.50435114,15.31631305,-0.9170297901
1499,2.335431442,-0.2376241951,2.323311163,4.646622326,24.05725514,14.9643007,-0.9131385534
1500,2.262954978,-0.2759231785,2.246070264,4.492140528,24.7550883,14.54246479,-0.9081059901
1501,1.190253176,-0.2749363962,1.158064161,2.316128322,44.78709901,8.038028985,-0.7097293773
1502,1.170551344,0.8401265778,0.8150937267,1.630187453,36.0410791,9.988602145,-0.8085953647
1503,1.9484722,0.6455310022,1.838432386,3.676864772,27.4010013,13.13820601,-0.8878073426
1504,2.097933917,1.545331907,1.418899579,2.837799158,18.87013286,19.07776711,-0.9462540819
1505,1.582818333,0.5356722436,1.489419056,2.978838111,33.44094539,10.76524589,-0.8344542591
1506,2.254356509,1.476158628,1.703842415,3.40768483,19.42302733,18.53470079,-0.9430890853
1507,1.970403427,0.1301583226,1.966099813,3.932199626,28.42464804,12.66506447,-0.879443883
1508,2.158066598,0.6633650692,2.053581804,4.107163607,24.98341107,14.40956157,-0.9064301104
1509,1.835299141,0.7661081812,1.667753336,3.335506673,28.13893189,12.79366258,-0.8818066147
1510,1.831564473,1.269941991,1.319801408,2.639602817,23.0307179,15.63129737,-0.9202952391
1511,2.15785308,0.6969490141,2.042202729,4.084405457,24.86631868,14.47741439,-0.9072913634
1512,2.545383933,0.8543312462,2.397727567,4.795455135,21.05326494,17.09948557,-0.9332468668
1513,1.748307284,1.261756977,1.210184982,2.420369964,23.32550568,15.433749,-0.9182702101
1514,1.849582921,0.7166432262,1.705103946,3.410207893,28.26804607,12.73522758,-0.8807416161
1515,1.965939678,1.015260707,1.683497703,3.366995406,24.97178636,14.41626942,-0.9065157832
1516,1.695732006,1.342586367,1.035842113,2.071684227,21.53073721,16.7202821,-0.9302208188
1517,1.340960198,0.7071040712,1.139376183,2.278752365,36.35114621,9.903401613,-0.8053994889
1518,2.108492972,-0.01621531347,2.108430619,4.216861238,26.68029082,13.49310629,-0.8935258968
1519,1.902114218,0.6123763157,1.80084251,3.601685019,28.13278514,12.79645788,-0.8818572046
1520,1.976821348,-0.3780841302,1.940328589,3.880657178,27.94416188,12.88283404,-0.8834047013
1521,1.274234834,-0.6869042526,1.073236674,2.146473348,38.00011917,9.4736545,-0.7880094731
1522,1.272337611,-0.6140147426,1.114373767,2.228747535,39.14900216,9.195636673,-0.7755067384
1523,1.842430537,1.321874081,1.283432583,2.566865166,22.20258314,16.21432955,-0.9258535492
1524,1.70086278,0.8813410994,1.454706864,2.909413729,28.82898345,12.48743303,-0.8760628697
1525,1.341056112,0.7352290267,1.121547937,2.243095874,35.91627543,10.02331104,-0.809875043
1526,1.339582104,1.119134499,0.736218843,1.472437686,25.48608351,14.1253559,-0.902689824
1527,2.179337401,1.405807084,1.665298156,3.330596312,20.3098374,17.7254004,-0.9378293537
1528,1.266257028,1.084291953,0.6540013931,1.308002786,25.79104143,13.95833515,-0.9003868116
1529,2.018154545,0.9356431839,1.788160955,3.576321909,25.0675614,14.36118952,-0.9058088187
1530,1.357237739,-0.4193305968,1.290835439,2.581670879,39.0343878,9.222637276,-0.7767681158
1531,1.785725718,0.6127140584,1.67731864,3.354637281,29.71540513,12.11492821,-0.8684982689
1532,1.231623745,-0.2412741227,1.207759847,2.415519693,43.63105573,8.251003647,-0.7237979642
1533,2.14379666,0.6912694407,2.02928822,4.058576441,25.03008166,14.38269379,-0.9060857774
1534,2.472103179,-0.6562781823,2.383399478,4.766798957,22.1283139,16.26874969,-0.9263425987
1535,1.388287185,0.786029734,1.14433324,2.28866648,34.30299721,10.49470977,-0.8260688146
1536,1.874715751,1.326156648,1.325091578,2.650183156,22.09233928,16.29524132,-0.9265789255
1537,1.364721066,-0.5310112493,1.25717566,2.514351321,37.94216793,9.488124154,-0.7886317762
1538,1.787994464,0.4067183377,1.741121592,3.482243183,30.57572912,11.77404466,-0.8609575832
1539,1.951745744,0.3538064297,1.919409404,3.838818808,28.33639796,12.70450819,-0.8801760046
1540,1.647812108,-0.7001876954,1.491650741,2.983301483,31.17654924,11.54714068,-0.8555762133
1541,1.370207473,1.03499107,0.8979209346,1.795841869,28.88677794,12.46244911,-0.87557603
1542,1.297020397,-0.2238638888,1.277555036,2.555110071,41.73245854,8.626378904,-0.7462612039
1543,2.687823793,0.1978292037,2.680533594,5.361067187,21.02372138,17.1235146,-0.9334319764
1544,1.699992184,0.07550013786,1.698314799,3.396629598,32.75348209,10.99119779,-0.8410061343
1545,2.80973407,1.042531885,2.60916324,5.21832648,18.84517161,19.10303644,-0.9463948938
1546,1.410828391,0.3313383789,1.371368524,2.742737048,38.2361676,9.415169527,-0.7854663703
1547,2.063210133,0.500900199,2.001483211,4.002966422,26.54291337,13.5629422,-0.8945999175
1548,2.250743574,1.17571599,1.919254686,3.838509371,21.72871712,16.56793625,-0.9289471347
1549,1.704860571,1.411751983,0.9557750277,1.911550055,19.78774773,18.19307609,-0.940953184
1550,1.537370375,1.298862932,0.8224735572,1.644947114,21.26354781,16.93038261,-0.9319221434
1551,1.52167135,1.22876875,0.8975583857,1.795116771,23.48741311,15.32735846,-0.9171476505
1552,2.035399233,0.5659152443,1.95514449,3.910288979,26.66762715,13.49951377,-0.8936251167
1553,2.245499189,1.469786865,1.697643419,3.395286838,19.50651002,18.45537718,-0.9426035574
1554,1.773502205,0.3585030005,1.736889653,3.473779307,30.95944363,11.62811594,-0.8575316516
1555,2.370874133,0.3523512274,2.344545322,4.689090644,23.58202677,15.26586343,-0.9164882708
1556,1.975725174,0.6651883307,1.860380189,3.720760379,26.9854821,13.34050652,-0.89112153
1557,1.680768463,0.3851086192,1.636054393,3.272108787,32.43045719,11.10067607,-0.8440429724
1558,1.97982616,0.5781667952,1.893524433,3.787048867,27.29315743,13.1901192,-0.8886720007
1559,1.528883388,0.9101062999,1.228491325,2.456982651,30.47694886,11.81220606,-0.8618332826
1560,2.439110234,1.075663049,2.189111175,4.37822235,21.01200942,17.13305914,-0.9335052907
1561,2.106538902,0.9393729893,1.885493181,3.770986362,24.24043571,14.8512182,-0.9118305915
1562,1.731757414,0.001696324429,1.731756583,3.463513166,32.2093883,11.17686547,-0.8461058394
1563,2.69322259,0.4827960828,2.649595415,5.29919083,20.72299786,17.37200392,-0.9353020748
1564,2.418029953,0.9516853,2.222872903,4.445745806,21.66117738,16.61959522,-0.9293828922
1565,1.891202485,0.105566521,1.888253836,3.776507672,29.57988361,12.17043328,-0.8696682975
1566,1.47018689,0.1614567552,1.46129436,2.92258872,37.39774643,9.626248487,-0.7944385094
1567,1.972805422,1.374337125,1.415329891,2.830659783,21.23699781,16.95154858,-0.9320900937
1568,2.063428534,-0.686114279,1.946017603,3.892035206,25.89959421,13.89983168,-0.8995608725
1569,1.440352644,1.021014989,1.015944945,2.031889891,29.10903402,12.36729463,-0.87369553
1570,1.364027369,0.9632392552,0.9657850694,1.931570139,30.94917573,11.63197376,-0.8576238284
1571,1.890450203,0.2585726484,1.872683143,3.745366286,29.3976054,12.24589537,-0.871234327
1572,1.431335617,0.3993329958,1.374501657,2.749003315,37.38542508,9.629421071,-0.7945690993
1573,2.020225179,1.219536332,1.610602654,3.221205308,22.80086831,15.78887238,-0.9218572787
1574,2.216212475,0.8747444108,2.036276,4.072552,23.59663555,15.25641227,-0.9163862368
1575,1.516095392,0.7413428367,1.322481015,2.64496203,32.84510656,10.96053683,-0.8401398789
1576,1.631667103,0.9784790867,1.305724401,2.611448801,28.42532576,12.66476251,-0.8794382526
1577,2.229118711,-0.04182951286,2.22872621,4.457452421,25.28093479,14.23997977,-0.9042247032
1578,1.862015128,0.1582265849,1.855280217,3.710560435,29.9717609,12.01130628,-0.8662717313
1579,2.187733812,1.413243,1.670007023,3.340014046,20.21132468,17.81179639,-0.9384247552
1580,1.523536822,0.6814867353,1.362622574,2.725245147,33.34098505,10.79752141,-0.8354144183
1581,1.566964653,1.039722936,1.17232864,2.34465728,27.99409034,12.85985705,-0.8829960109
1582,2.511388044,1.115558715,2.250021925,4.50004385,20.3785391,17.66564317,-0.9374124861
1583,1.669752954,0.5281363063,1.584028715,3.168057429,31.96854932,11.26106776,-0.8483388506
1584,2.407757444,1.453904044,1.919233946,3.838467893,19.08441687,18.86355777,-0.945037873
1585,1.844843611,-0.736269034,1.691554273,3.383108547,28.20974087,12.76154934,-0.8812231009
1586,1.766074391,1.162643999,1.329389967,2.658779934,24.86114324,14.48042821,-0.9073293431
1587,1.174035249,0.09827551564,1.169914821,2.339829642,46.03587632,7.819987991,-0.6942078126
1588,1.202639966,0.8846196766,0.8147336475,1.629467295,34.25565303,10.50921434,-0.8265342165
1589,2.002725821,0.9389370285,1.768985011,3.537970022,25.1904547,14.29112751,-0.9048979734
1590,2.559735129,-0.1080212239,2.557454857,5.114909715,22.08734752,16.29892406,-0.9266116889
1591,1.737073293,-0.03561340073,1.736708182,3.473416364,32.11049716,11.21128702,-0.8470245496
1592,1.694813104,1.220479648,1.175934048,2.351868097,24.15244134,14.90532551,-0.9124600607
1593,1.913963295,0.5644162748,1.8288493,3.6576986,28.18275813,12.77376751,-0.8814456157
1594,1.374615475,0.721005982,1.170349554,2.340699108,35.51985082,10.1351777,-0.8139142779
1595,1.824668177,0.657407574,1.702124918,3.404249837,28.93132186,12.44326138,-0.8752002004
1596,1.949405387,1.312621263,1.441251812,2.882503624,22.09546458,16.29293644,-0.9265584091
1597,1.315665321,0.3773438306,1.260391555,2.52078311,40.39961483,8.910976045,-0.7615426645
1598,1.603287438,0.6523300407,1.464580529,2.929161059,32.2576772,11.160134,-0.8456563138
1599,2.578283383,0.4022405119,2.546713132,5.093426264,21.70634487,16.58501245,-0.9290916205
1600,1.649558338,-0.01644288784,1.649476385,3.298952769,33.72399827,10.67489083,-0.8317216532
1601,0.9827807214,-0.5572672477,0.809512916,1.619025832,48.51344515,7.420623271,-0.6624442785
1602,1.527507346,-0.6517892776,1.381466406,2.762932812,33.54920438,10.73050782,-0.8334115231
1603,2.020735063,0.03706918821,2.020395029,4.040790057,27.79167457,12.95351955,-0.8846487347
1604,1.711092731,1.320296359,1.088418972,2.176837944,22.11949617,16.27523508,-0.9264005585
1605,2.700601906,0.5715355997,2.639431323,5.278862647,20.54329462,17.52396617,-0.9364072934
1606,2.317587001,0.09368115004,2.315692844,4.631385688,24.33138591,14.79570466,-0.9111777175
1607,2.147680348,0.8423964429,1.97557564,3.951151279,24.36343346,14.77624246,-0.9109471212
1608,2.577570662,0.08785612153,2.576072946,5.152145891,21.94437073,16.4051184,-0.9275471283
1609,2.525182798,0.7149227379,2.421865736,4.843731472,21.56922083,16.69044991,-0.9299741074
1610,2.54614321,1.436803592,2.102008725,4.204017451,18.63652726,19.31690357,-0.9475648742
1611,2.077426226,0.628587526,1.98004481,3.960089619,25.96664078,13.86394193,-0.899049126
1612,1.246757434,0.5914444212,1.097541615,2.19508323,40.07766832,8.982558495,-0.7651723973
1613,1.586589959,0.5091871675,1.502663011,3.005326023,33.53497721,10.73506022,-0.8335487271
1614,1.944283709,0.8121794408,1.766523053,3.533046106,26.58327109,13.54235146,-0.894284933
1615,0.9914120233,0.8720181777,0.4716800799,0.9433601598,32.76461703,10.98746247,-0.8409009747
1616,2.021592263,0.6148973148,1.92580803,3.851616061,26.6532722,13.50678436,-0.8937375351
1617,1.48350872,-0.2608937952,1.460387808,2.920775616,36.81890884,9.777584706,-0.8005336366
1618,1.662803364,-0.6956209165,1.510306779,3.020613559,30.98649603,11.61796415,-0.8572886655
1619,1.471683548,0.6724729372,1.309057911,2.618115821,34.3438968,10.48221179,-0.8256663102
1620,1.473547247,0.9123121311,1.157163802,2.314327604,31.05923865,11.59075417,-0.8566343399
1621,0.978525312,0.7682432947,0.6060643747,1.212128749,40.58381637,8.870530969,-0.7594550931
1622,1.552142377,0.5041755376,1.467975812,2.935951624,34.21128452,10.52284371,-0.8269698547
1623,2.526845305,0.4439067807,2.487547782,4.975095564,22.07116423,16.31087496,-0.9267178593
1624,1.97765293,0.1570320894,1.971408642,3.942817283,28.30125465,12.72028411,-0.8804669718
1625,1.359982122,1.119820666,0.7717208349,1.54344167,25.75548735,13.97760388,-0.9006566274
1626,2.547140366,0.1995703194,2.53931009,5.07862018,22.15006598,16.25277325,-0.9261995263
1627,1.855557865,1.329894407,1.294015401,2.588030802,22.06046239,16.31878759,-0.9267880281
1628,2.450791024,1.463134277,1.966116662,3.932233324,18.8578353,19.09020809,-0.9463234776
1629,1.605921097,0.5720724624,1.50057178,3.001143561,32.79382783,10.97767549,-0.840624954
1630,2.125068596,0.6055065941,2.036977737,4.073955474,25.52450369,14.10409402,-0.9024010851
1631,1.892809479,0.8275702123,1.702308805,3.404617609,27.05728371,13.30510497,-0.8905521841
1632,1.600829182,0.5822069977,1.491203903,2.982407806,32.81400265,10.97092616,-0.8404341891
1633,2.294634432,0.7820666725,2.157247991,4.314495982,23.27395894,15.46793138,-0.9186260628
1634,1.37002634,1.017192445,0.9177645138,1.835529028,29.42706474,12.23363605,-0.8709818263
1635,2.285681974,0.5141882119,2.227095097,4.454190194,24.11885062,14.9260844,-0.9126997849
1636,1.790096034,-0.2424368685,1.773603162,3.547206325,30.97711414,11.62148283,-0.8573729558
1637,1.055342235,0.9255665703,0.5070244138,1.014048828,30.41317027,11.8369771,-0.8623973272
1638,2.138546739,0.2434017699,2.124650026,4.249300051,26.17099662,13.75568555,-0.8974817469
1639,1.540878116,0.5509487477,1.439013845,2.87802769,34.11388637,10.55288735,-0.8279244322
1640,1.498486617,0.228199362,1.481008843,2.962017686,36.58237587,9.840804252,-0.8030008355
1641,1.499301208,-0.6955646593,1.328191973,2.656383947,33.61566796,10.70929188,-0.8327698805
1642,1.890364046,-0.5963879661,1.79382207,3.58764414,28.35763168,12.69499527,-0.8800000406
1643,1.629380283,0.4853465546,1.555415967,3.110831934,32.89377266,10.94432079,-0.8396788959
1644,1.474887014,0.8752038821,1.187143575,2.37428715,31.65817148,11.37147167,-0.8511945008
1645,1.423538032,0.8854529595,1.114645049,2.229290099,32.10632881,11.21274257,-0.8470632186
1646,1.252732086,0.6413420459,1.076112475,2.152224951,39.20226681,9.183142437,-0.7749194829
1647,1.917314393,-0.9094809083,1.687880019,3.375760037,26.22735862,13.72612489,-0.8970474492
1648,1.81449235,0.5223505386,1.737680179,3.475360357,29.73318031,12.10768563,-0.8683444459
1649,1.37965149,0.9375406397,1.012154031,2.024308063,31.47293015,11.43840114,-0.8528869278
1650,2.203141666,1.488918127,1.623870688,3.247741376,19.4288388,18.52915677,-0.9430553511
1651,1.990750515,1.263753314,1.538185676,3.076371352,22.50229736,15.99836649,-0.9238641875
1652,1.711711386,1.414193228,0.964372015,1.92874403,19.79107639,18.19001619,-0.9409335147
1653,1.749768775,0.9033913332,1.49852423,2.997048459,28.05591848,12.83151718,-0.8824889862
1654,1.463912918,0.5665672159,1.34983059,2.699661179,35.490722,10.14349609,-0.8142095418
1655,1.585237372,0.1932902986,1.57340916,3.146818321,34.81022163,10.34178994,-0.8210473802
1656,1.966013555,1.186927292,1.567294772,3.134589544,23.43808664,15.35961555,-0.917490424
1657,1.853240769,-1.06496222,1.516692723,3.033385446,25.46720968,14.13582424,-0.9028315176
1658,1.693376387,0.06399506134,1.692166724,3.384333447,32.88170684,10.94833677,-0.8397932442
1659,1.358150848,0.8199827572,1.08268278,2.165365561,34.17569848,10.5338008,-0.8273189028
1660,1.903225463,1.339898891,1.351642751,2.703285501,21.84147023,16.48240692,-0.9282167906
1661,2.373128213,1.506060273,1.833990176,3.667980353,18.81809939,19.13051858,-0.9465474111
1662,0.7183662797,-0.4272349982,0.5775122233,1.155024447,65.26527558,5.515950049,-0.4184176034
1663,1.535748924,1.088933586,1.082935087,2.165870174,27.18496281,13.24261513,-0.8895363073
1664,1.863115762,1.452688272,1.166574957,2.333149913,19.90812553,18.08306861,-0.9402398458
1665,1.969570782,0.5919343828,1.878516104,3.757032208,27.36655074,13.15474513,-0.8880838983
1666,1.788025252,0.3922857955,1.744461566,3.488923132,30.62290185,11.75590745,-0.8605384879
1667,1.636003591,1.175296123,1.138062727,2.276125454,25.12716946,14.32712111,-0.9053675433
1668,2.003079183,-0.5563293631,1.924272292,3.848544584,27.08784205,13.29009521,-0.8903094495
1669,1.517245986,0.5764650418,1.40346836,2.80693672,34.36977215,10.47432024,-0.8254114462
1670,1.527907562,0.5897513608,1.409501632,2.819003264,34.06583535,10.56777256,-0.8283944884
1671,2.02624087,1.24826607,1.596083921,3.192167842,22.48757549,16.00884009,-0.9239624952
1672,1.785528683,-0.4066532686,1.738604555,3.477209109,30.61458368,11.7591016,-0.8606124312
1673,2.136847898,1.010648307,1.882739743,3.765479486,23.56737245,15.27535582,-0.916590563
1674,2.014278257,1.30371987,1.535458041,3.070916082,21.96379503,16.39061007,-0.9274203819
1675,1.591864429,0.6509795334,1.452672712,2.905345424,32.45686278,11.09164501,-0.8437957324
1676,2.706788685,0.097607844,2.705028224,5.410056448,20.91905725,17.20918852,-0.9340857674
1677,2.221248586,-0.01900955717,2.221167242,4.442334485,25.3707113,14.18959034,-0.9035544397
1678,2.521570266,0.6565075984,2.434607644,4.869215287,21.73087146,16.56629375,-0.9289332139
1679,1.60435496,0.4252503499,1.546970257,3.093940514,33.65022894,10.69829274,-0.8324357843
1680,1.219978073,0.9257385397,0.7945782865,1.589156573,32.6860391,11.01387656,-0.8416423939
1681,2.079354455,0.5233610989,2.012413503,4.024827006,26.28935292,13.6937566,-0.8965687493
1682,1.889935769,0.9291029551,1.645790057,3.291580114,26.35578146,13.65924211,-0.8960546447
1683,2.25728987,0.6365948209,2.165664931,4.331329862,24.08257459,14.94856784,-0.9129583208
1684,2.173294561,0.925386947,1.966435416,3.932870833,23.73042624,15.17039754,-0.9154490146
1685,1.265346829,-0.009509008428,1.265311099,2.530622198,43.12195972,8.348414644,-0.7299003451
1686,1.998752167,1.051096404,1.700060756,3.400121513,24.4158429,14.74452475,-0.9105693982
1687,1.542945573,1.008550892,1.167692656,2.335385312,28.72438423,12.53290574,-0.8769417083
1688,2.473242576,0.7098000453,2.369200865,4.738401729,21.98998981,16.37108535,-0.9272492882
1689,1.412312497,0.9084041356,1.081401181,2.162802363,31.79257131,11.32339994,-0.8499610084
1690,1.439465243,0.9382645453,1.09165921,2.183318419,30.92728184,11.64020821,-0.8578202817
1691,2.331845402,0.4116397776,2.295224536,4.590449072,23.8671222,15.08351099,-0.9144862854
1692,1.988727285,0.7177399237,1.854692863,3.709385726,26.59194971,13.53793174,-0.8942171399
1693,1.789477739,0.142589974,1.783787733,3.567575466,31.14108269,11.56029171,-0.8558964956
1694,1.748252083,-0.1498419858,1.741818798,3.483637596,31.82633303,11.31138795,-0.8496504154
1695,2.073461807,1.210813833,1.683203413,3.366406825,22.57184451,15.94907319,-0.9233989507
1696,2.206649444,0.5037263971,2.148385786,4.296771573,24.94261358,14.43313063,-0.9067306192
1697,1.161561346,-0.5731999834,1.010280426,2.020560852,42.58563368,8.453555081,-0.7362667835
1698,2.466047394,0.6651738468,2.374643868,4.749287736,22.15701251,16.24767779,-0.926153808
1699,2.250962689,0.7732719507,2.113973396,4.227946792,23.69532767,15.19286861,-0.9156953681
1700,1.296273276,0.3222283761,1.255584836,2.511169671,41.27770352,8.721415421,-0.7515209143
1701,1.406598736,0.3280497374,1.367809699,2.735619398,38.35521722,9.385946061,-0.7841787113
1702,2.346154634,0.651958134,2.253750687,4.507501373,23.21560477,15.5068112,-0.9190280133
1703,2.850288215,-0.1220066077,2.847675771,5.695351542,19.88247236,18.10640013,-0.9403922102
1704,1.865629102,1.467680915,1.151731165,2.30346233,19.62165877,18.34707271,-0.9419305792
1705,1.835149491,-0.3133709153,1.808195876,3.616391751,30.11218138,11.95529462,-0.8650447773
1706,1.529379727,0.5639689531,1.421598174,2.843196349,34.23588851,10.51528135,-0.8267283384
1707,2.073860267,0.4539594592,2.023565471,4.047130942,26.54374377,13.5625179,-0.8945934409
1708,1.685425164,-0.5251269368,1.60153042,3.203060839,31.7241271,11.34782996,-0.8505897593
1709,1.966811537,-0.7696431488,1.809971559,3.619943118,26.57515603,13.54648679,-0.8943483052
1710,1.891961551,1.325718046,1.349811162,2.699622324,22.06799356,16.31321846,-0.9267386519
1711,1.626413116,-0.1637166935,1.618152177,3.236304354,34.04200449,10.57517045,-0.8286273962
1712,2.092261371,0.5047614401,2.030461409,4.060922817,26.19386724,13.74367506,-0.897305622
1713,2.789489174,0.5566367939,2.733387153,5.466774307,19.94782827,18.04707736,-0.9400036639
1714,2.697030276,-0.4231800321,2.663623654,5.327247307,20.76767844,17.33462895,-0.9350258497
1715,2.030235793,-0.06640828799,2.029149407,4.058298813,27.65797662,13.01613654,-0.8857343243
1716,2.206603208,1.255621024,1.814528468,3.629056936,21.44647839,16.78597267,-0.9307595212
1717,2.381472972,-0.5634989779,2.313845807,4.627691614,23.11266892,15.57587318,-0.9197347234
1718,1.908837745,0.6388750531,1.798749622,3.597499245,27.92502649,12.8916619,-0.8835611565
1719,1.959488366,0.3415693439,1.929488284,3.858976569,28.25903464,12.73928868,-0.8808160922
1720,1.626387219,-0.8221181412,1.403302229,2.806604459,30.36590228,11.8554027,-0.862814666
1721,1.690475653,1.245288831,1.143225114,2.286450228,23.67275497,15.20735548,-0.9158536222
1722,2.636792212,0.794918975,2.514115549,5.028231098,20.56063992,17.50918266,-0.936301017
1723,1.885062106,0.3510503097,1.852086074,3.704172148,29.27719226,12.29626109,-0.8722640119
1724,2.482640623,-0.3876591596,2.452187766,4.904375531,22.52260677,15.98394021,-0.923728468
1725,1.838743575,1.103515419,1.470792866,2.941585731,25.1620307,14.30727131,-0.9051090132
1726,1.259740576,0.8543227241,0.9257856134,1.851571227,34.70116135,10.37429256,-0.8221325019
1727,1.696013949,1.162824409,1.234626546,2.469253092,25.17689767,14.29882286,-0.9049986581
1728,2.15524392,1.262940015,1.746441775,3.49288355,21.67105387,16.61202091,-0.929319251
1729,1.656461951,-0.1785477353,1.646811131,3.293622263,33.43856312,10.76601284,-0.8344771713
1730,1.741224959,1.35164741,1.097685581,2.195371163,21.53351323,16.71812659,-0.9302030363
1731,1.887991825,0.9704712729,1.619474803,3.238949606,26.04018613,13.82478597,-0.8984863603
1732,2.450677885,0.5111243463,2.396784095,4.793568191,22.60735212,15.92402322,-0.9231608972
1733,1.818072746,0.7838968692,1.640394529,3.280789057,28.23071701,12.75206719,-0.8810499849
1734,1.494022215,1.129075325,0.9784126377,1.956825275,26.27203664,13.70278235,-0.8967025657
1735,1.6747016,1.08181807,1.278395523,2.556791047,26.5844761,13.54173762,-0.8942755213
1736,1.915659573,-0.840469898,1.721441823,3.442883645,26.7198665,13.47312121,-0.8932155397
1737,1.657435847,0.9937197271,1.32650469,2.653009379,27.97810939,12.86720253,-0.8831268962
1738,1.65880252,0.4050424236,1.608591445,3.21718289,32.74176379,10.99513155,-0.8411167688
1739,1.596671372,0.9205194018,1.304608562,2.609217125,29.56967166,12.17463637,-0.8697562656
1740,1.039148035,0.2822122904,1.000092426,2.000184852,50.31574305,7.154818317,-0.638556387
1741,1.447574941,-0.5890444404,1.322308533,2.644617067,35.62215129,10.10607128,-0.812875644
1742,1.366767923,0.9609509647,0.9719196456,1.943839291,30.99204808,11.61588286,-0.8572387731
1743,2.208841212,-0.1921692151,2.200465972,4.400931943,25.42489118,14.15935264,-0.903148864
1744,1.615897842,1.202316496,1.079611448,2.159222896,24.57198107,14.65083336,-0.909439571
1745,1.892014398,1.230672373,1.437067845,2.874135691,23.34446713,15.421213,-0.9181391228
1746,1.909926157,0.4600345276,1.853695271,3.707390542,28.61487862,12.58086762,-0.8778586387
1747,2.182405527,1.282508737,1.765804413,3.531608826,21.3694047,16.84651515,-0.9312505232
1748,2.141110496,1.221552015,1.75845524,3.51691048,22.08248262,16.30251481,-0.9266436128
1749,2.400298511,0.311201598,2.380039182,4.760078364,23.35646059,15.41329426,-0.9180561558
1750,2.67644637,0.4993916376,2.629443509,5.258887017,20.82391441,17.28781597,-0.9346773786
1751,1.440048497,1.115649678,0.9105303235,1.821060647,26.53137487,13.56884073,-0.8946898918
1752,2.245157713,0.5560082088,2.175221375,4.35044275,24.42031458,14.74182484,-0.9105371348
1753,1.987457846,1.339530195,1.468212364,2.936424727,21.64393858,16.63283227,-0.9294939078
1754,1.689703556,-0.6352423419,1.565747513,3.131495025,31.00721715,11.61020024,-0.8571024181
1755,2.6469515,-0.07745907652,2.645817895,5.29163579,21.38553427,16.83380904,-0.9311479083
1756,1.442447804,1.300650107,0.6236705585,1.247341117,18.81302804,19.13567551,-0.9465759582
1757,1.072593527,0.1476044617,1.062388722,2.124777444,49.71613677,7.241109695,-0.6465749561
1758,1.681408999,-0.2741031605,1.658916417,3.317832834,32.76960121,10.9857913,-0.8408538933
1759,2.337083336,0.5462756319,2.272342723,4.544685446,23.55654408,15.28237753,-0.9166661102
1760,2.019295814,0.4422594699,1.970269562,3.940539123,27.23756303,13.21704146,-0.8891165094
1761,2.557883467,1.462200434,2.098746702,4.197493405,18.44443285,19.51808456,-0.9486309407
1762,1.307239789,-0.3967494755,1.245578468,2.491156936,40.49047837,8.890979176,-0.7605138829
1763,2.348339944,1.058468665,2.096269204,4.192538409,21.71118336,16.58131637,-0.9290603843
1764,1.467796859,0.709605678,1.284868632,2.569737264,34.00653336,10.58620107,-0.8289738032
1765,1.241998492,0.9848209882,0.756761438,1.513522876,30.34789721,11.86243638,-0.862973482
1766,1.316239835,0.572679678,1.185126698,2.370253395,38.63946151,9.316900026,-0.7810906004
1767,1.165567426,-0.1907323691,1.149855898,2.299711797,46.04788075,7.817949364,-0.6940569925
1768,1.337200866,-0.05294672533,1.336152237,2.672304473,40.98083398,8.784594285,-0.7549289964
1769,1.455842102,1.099442988,0.9543067334,1.908613467,27.04283147,13.31221549,-0.8906668945
1770,2.094226451,1.356624085,1.595417037,3.190834075,21.09458134,17.06599407,-0.9329875768
1771,1.714787578,1.152483603,1.269755087,2.539510174,25.26453731,14.24922196,-0.9043468856
1772,2.353946059,1.170653645,2.042212549,4.084425097,21.10529332,17.05733223,-0.9329202723
1773,1.743570713,-0.05685148337,1.742643607,3.485287214,31.98868328,11.25397994,-0.8481527461
1774,2.080969795,0.958185231,1.847245611,3.694491223,24.35664214,14.78036249,-0.9109960116
1775,1.496541221,0.1274846711,1.491101366,2.982202732,36.84915158,9.769560072,-0.8002171998
1776,1.841156368,0.4262836324,1.791127867,3.582255733,29.70254963,12.12017165,-0.8686094659
1777,2.319926176,1.740743701,1.533580395,3.067160789,16.63739206,21.63800665,-0.958135926
1778,1.936206927,0.1167008445,1.932686776,3.865373553,28.91495476,12.4503048,-0.8753383558
1779,1.414283324,-0.09941253379,1.410785054,2.821570109,38.87131493,9.261328069,-0.77855744
1780,2.040698265,0.8871895794,1.837755169,3.675510337,25.14911001,14.31462186,-0.9052048718
1781,2.054211274,0.7325048008,1.919171873,3.838343745,25.80120878,13.95283465,-0.900309589
1782,2.066902967,0.485386778,2.00910118,4.018202359,26.5429068,13.56294556,-0.8945999688
1783,2.295578535,0.486662352,2.243399332,4.486798665,24.08085697,14.94963408,-0.9129705531
1784,1.781158703,1.403233211,1.097024559,2.194049118,20.57455749,17.49733865,-0.9362156807
1785,1.631072021,1.100110162,1.204223222,2.408446444,26.54651219,13.56110352,-0.8945718475
1786,1.834665016,-0.09781517254,1.832055652,3.664111305,30.4534809,11.82130874,-0.8620409526
1787,1.682158519,0.8881818464,1.428562316,2.857124631,28.97680203,12.42373122,-0.8748159256
1788,1.648506682,-0.9017487233,1.380008523,2.760017045,29.21641424,12.32184063,-0.8727822782
1789,1.689368378,0.8514051098,1.459134968,2.918269936,29.26413855,12.30174602,-0.8723754062
1790,2.170843824,-1.01721505,1.917768612,3.835537224,23.25542209,15.48026084,-0.9187538501
1791,2.308287382,0.2081612035,2.29888224,4.59776448,24.35612544,14.78067605,-0.9109997308
1792,2.417063397,-0.6305351604,2.33337114,4.66674228,22.64857812,15.89503757,-0.9228840613
1793,1.879931034,1.064588652,1.549448836,3.098897672,25.25781365,14.25301512,-0.9043969642
1794,1.68251847,-0.2817894353,1.658753482,3.317506965,32.7293163,10.99931318,-0.8412342492
1795,1.584945191,0.7327776141,1.405378322,2.810756643,31.8520606,11.30225151,-0.8494135349
1796,1.96992379,0.8751179367,1.764870628,3.529741256,25.92484733,13.886292,-0.8993682675
1797,1.56797582,0.07217098687,1.566313992,3.132627984,35.34446659,10.18546988,-0.8156888758
1798,1.778623624,0.3837919685,1.736722696,3.473445392,30.79893982,11.68871403,-0.8589693714
1799,2.353615163,1.367469896,1.915601843,3.831203686,19.9079294,18.08324677,-0.9402410115
1800,1.113162251,0.948056339,0.5833689876,1.166737975,30.53124423,11.79119977,-0.8613522642
1801,1.896729209,-0.1378629956,1.891712316,3.783424631,29.47071212,12.21551751,-0.8706072943
1802,1.194392698,0.3396154547,1.145091813,2.290183626,44.22310903,8.140540272,-0.7166293627
1803,2.414106923,0.6951532062,2.311855155,4.623710309,22.51234596,15.99122547,-0.9237970514
1804,1.950833741,0.1290625436,1.946559823,3.893119646,28.698045,12.54440851,-0.877162549
1805,1.441961334,0.9070916966,1.12090907,2.24181814,31.4986725,11.42905308,-0.85265227
1806,2.482841253,-0.1150943618,2.480172167,4.960344333,22.75013341,15.82408303,-0.9222000712
1807,1.806991494,0.7512679184,1.643415581,3.286831163,28.59216599,12.59086143,-0.8780484184
1808,2.105567842,1.202521305,1.728397653,3.456795306,22.44819341,16.03692526,-0.9242251755
1809,1.43218139,0.454406859,1.358181851,2.716363702,37.01871949,9.724809636,-0.7984388444
1810,2.177529815,0.09579032063,2.175421869,4.350843738,25.8421727,13.93071721,-0.8999981746
1811,1.787515547,1.233011433,1.294177204,2.588354409,23.72152026,15.1760931,-0.9155115574
1812,1.845697606,1.400764225,1.20185658,2.40371316,20.84403428,17.27112877,-0.9345524853
1813,2.472159801,1.127601232,2.200020351,4.400040702,20.57258355,17.49901753,-0.9362277874
1814,2.262424091,-0.7121932743,2.1474039,4.294807799,23.80110211,15.12535001,-0.9149519053
1815,1.322762294,0.1332491819,1.316033716,2.632067431,41.26796359,8.72347382,-0.7516330499
1816,1.857424097,1.325374261,1.301309857,2.602619713,22.12942437,16.26793332,-0.926335298
1817,1.070175931,-0.4755024295,0.9587356065,1.917471213,46.96035326,7.66604114,-0.6825042688
1818,1.965219629,0.3702907753,1.930018894,3.860037788,28.11657946,12.80383343,-0.8819905342
1819,1.271343512,0.9740405915,0.8170429925,1.634085985,30.87902293,11.65839997,-0.8582528654
1820,1.726058254,0.5348471914,1.64110194,3.282203881,31.0183023,11.60605105,-0.8570027356
1821,1.913462927,0.9645751292,1.652554142,3.305108283,25.84691987,13.92815863,-0.8999620561
1822,1.318155873,-0.2828161553,1.287458709,2.574917418,40.87612764,8.807096484,-0.7561262022
1823,1.946563855,0.2848383266,1.925611064,3.851222128,28.55037258,12.60929254,-0.8783972706
1824,1.743821019,0.02896752178,1.743580405,3.487160811,31.99446581,11.25194595,-0.848099277
1825,1.699834478,0.4967744949,1.625623682,3.251247364,31.62882555,11.38202237,-0.8514632087
1826,1.398995254,0.9951071532,0.9833358913,1.966671783,29.94183577,12.02331089,-0.8665325361
1827,1.95701095,1.246071008,1.509039065,3.01807813,22.85698117,15.75011141,-0.921477308
1828,1.486991032,-0.04241733881,1.486385919,2.972771837,37.15915907,9.688055623,-0.7969606791
1829,2.036624929,-0.0367077056,2.036294096,4.072588192,27.58328153,13.05138403,-0.8863387277
1830,2.008770119,1.285795031,1.543336816,3.086673632,22.1823855,16.22909312,-0.925986701
1831,1.972089031,1.058068771,1.664219223,3.328438445,24.57517445,14.64892958,-0.909416393
1832,1.512386643,0.2055585311,1.49835211,2.996704221,36.33280521,9.908400904,-0.8055891877
1833,1.616784188,0.6548229392,1.478241533,2.956483065,32.01840219,11.2435342,-0.8478778535
1834,1.494758211,1.222353578,0.8603219394,1.720643879,23.43981823,15.35848087,-0.9174784025
1835,1.776110868,1.15010865,1.353447417,2.706894833,24.98418829,14.40911331,-0.906424381
1836,1.733257291,1.365756373,1.067188066,2.134376132,21.18031836,16.99691166,-0.9324479677
1837,1.842410768,0.3917238455,1.800286051,3.600572103,29.79213521,12.08372604,-0.867833663
1838,2.005978196,-0.4280509327,1.959775732,3.919551465,27.44242487,13.11837426,-0.8874743851
1839,1.770652665,0.182203721,1.761253152,3.522506304,31.40163369,11.46437168,-0.8535359413
1840,1.871628738,-0.6728264778,1.746510425,3.493020849,28.23104863,12.75191739,-0.881047247
1841,1.615416376,-0.2810330034,1.590782989,3.181565978,33.98719541,10.59222438,-0.8291625215
1842,1.949415768,1.459327828,1.292510783,2.585021567,20.00478399,17.99569544,-0.9396640601
1843,2.095231103,0.9306520199,1.877200094,3.754400189,24.39099859,14.75954331,-0.91074855
1844,2.115859247,0.9349831454,1.898069248,3.796138496,24.18243737,14.88683686,-0.9122457252
1845,1.21667138,-0.4268372325,1.139341575,2.27868315,42.80203678,8.410814696,-0.7337057109
1846,1.426397155,0.2405832858,1.40596178,2.81192356,38.23196956,9.416203353,-0.785511715
1847,2.01440333,0.9186795684,1.792721011,3.585442023,25.21104384,14.27945635,-0.9047449661
1848,1.477533986,-0.04870060569,1.476731164,2.953462328,37.37678921,9.631645938,-0.7946606061
1849,1.349121881,1.122489425,0.748429916,1.496859832,25.48562174,14.12561183,-0.9026932918
1850,2.434502669,0.177010196,2.428059026,4.856118052,23.15716593,15.54594379,-0.9194295916
1851,1.780940491,-0.9868179126,1.48254492,2.96508984,26.90400856,13.38090564,-0.8917658739
1852,1.704378324,0.993366947,1.384964829,2.769929659,27.54936379,13.0674524,-0.8866126796
1853,1.908048622,0.7843787224,1.739367576,3.478735152,27.15734682,13.2560814,-0.8897564081
1854,2.446033113,1.083453959,2.192990084,4.385980169,20.93261759,17.19804025,-0.9340012376
1855,1.858809174,1.221043134,1.401508191,2.803016383,23.61805822,15.24257399,-0.9162365039
1856,1.994115189,1.061984941,1.687804305,3.37560861,24.36672324,14.77424751,-0.9109234337
1857,1.410846902,-0.2200050119,1.393587736,2.787175471,38.68381828,9.30621681,-0.7806069599
1858,2.42060653,0.2675878233,2.405770714,4.811541429,23.21385916,15.50797726,-0.9190400226
1859,2.003297908,0.2780818297,1.983903477,3.967806954,27.79752045,12.9507954,-0.8846011579
1860,1.37866768,-0.2805507339,1.349820677,2.699641353,39.27334904,9.166521542,-0.7741347412
1861,1.55905891,-0.3333826753,1.522997267,3.045994535,34.93082005,10.30608498,-0.8198439935
1862,2.225209983,0.004382912715,2.225205666,4.450411332,25.32777137,14.21364694,-0.9038753024
1863,1.840536552,-0.1114193459,1.837160997,3.674321994,30.35048188,11.86142617,-0.8629506888
1864,2.009931074,-0.6867115425,1.888981255,3.777962509,26.49328245,13.5883502,-0.8949866692
1865,2.234439743,0.6987561851,2.122371494,4.244742987,24.10855478,14.93245876,-0.9127731996
1866,1.689018467,0.4341432461,1.632269286,3.264538572,32.09283309,11.21745777,-0.8471883854
1867,2.107910917,-0.4963868445,2.048630893,4.097261786,26.03782005,13.82604225,-0.8985044886
1868,1.470431092,0.26523859,1.446311199,2.892622399,37.10286298,9.702755288,-0.7975537865
1869,1.327738154,-0.457166862,1.246550066,2.493100132,39.48694031,9.11693834,-0.7717695476
1870,2.133254092,1.215188709,1.753308137,3.506616275,22.1793854,16.23128836,-0.9260064692
1871,1.454790072,-0.06068661726,1.453523749,2.907047498,37.91070198,9.495999314,-0.7889693319
1872,2.014868527,1.393922936,1.454879386,2.909758772,20.90128971,17.22381752,-0.934196444
1873,2.448486393,0.8390355178,2.300240208,4.600480416,21.82037256,16.49834342,-0.9283537216
1874,1.516896384,0.9873027399,1.15161102,2.303222039,29.3139718,12.28083327,-0.8719499087
1875,1.658211797,0.02152886374,1.658072035,3.31614407,33.5570065,10.72801294,-0.8333362591
1876,2.009595431,0.9783515332,1.755363801,3.510727602,24.86033002,14.48090189,-0.9073353101
1877,1.667106702,1.159484961,1.197847812,2.395695624,25.34218877,14.20556067,-0.903767627
1878,2.134106749,1.248012408,1.731148938,3.462297876,21.90901276,16.43159388,-0.9277775706
1879,1.298822211,-0.5309095487,1.185358252,2.370716505,39.51986634,9.109342549,-0.7714039877
1880,1.233806903,-0.4318575978,1.155758837,2.311517674,42.25250516,8.520204864,-0.7401887287
1881,1.290160618,0.9778988455,0.8415629908,1.683125982,30.75045905,11.7071423,-0.859402315
1882,1.283850464,1.090540374,0.6774907417,1.354981483,25.85111581,13.92589792,-0.8999301264
1883,1.367481959,0.7354313907,1.152886629,2.305773258,35.43776099,10.15865534,-0.8147458414
1884,1.40946937,-0.2998997594,1.377194263,2.754388526,38.4157812,9.371148751,-0.7835223425
1885,1.476055429,-0.4474749477,1.406593687,2.813187373,36.10257073,9.971589079,-0.8079634472
1886,1.229809042,0.5992157992,1.073950979,2.147901959,40.38785329,8.913571055,-0.7616756919
1887,1.684524637,-0.1306074593,1.679453763,3.358907526,32.98491503,10.91407996,-0.8388139327
1888,2.120125633,0.2972380296,2.099186093,4.198372185,26.31312081,13.68138742,-0.896384943
1889,2.309310472,0.3819942177,2.27749759,4.55499518,24.13568161,14.91567572,-0.9125797077
1890,2.318254426,-0.6435813832,2.227129675,4.454259349,23.49077525,15.32516472,-0.917124262
1891,1.962596755,0.6820729495,1.840261534,3.680523069,27.06386469,13.30186964,-0.8904999307
1892,0.7924731006,-0.3263286938,0.7221656311,1.444331262,62.3704393,5.771965118,-0.4637531938
1893,1.760986575,0.3392830346,1.727993269,3.455986538,31.21942872,11.53128083,-0.8551885505
1894,2.286825054,1.042074156,2.035595805,4.071191609,22.23423192,16.19124966,-0.9256446749
1895,1.447844367,1.227894084,0.7671567179,1.534313436,22.56390262,15.95468683,-0.9234521469
1896,1.339750398,-0.505859927,1.240579245,2.481158491,38.76445415,9.286858487,-0.779726555
1897,1.748738832,1.095470267,1.36309662,2.726193239,25.89277755,13.90349101,-0.8996128331
1898,1.41954182,0.6496300587,1.262172636,2.524345273,35.56749295,10.12160178,-0.8134309005
1899,1.991422588,0.05658809337,1.990618425,3.98123685,28.17895682,12.77549067,-0.8814769476
1900,1.442227881,1.207432189,0.7887513985,1.577502797,23.31636527,15.43979929,-0.918333365
1901,2.117864359,-0.7200299416,1.991709398,3.983418797,25.18565806,14.29384927,-0.9049336027
1902,1.26051177,0.6989000088,1.049013203,2.098026405,38.0785124,9.454150841,-0.7871663732
1903,1.717458499,0.004494122223,1.717452619,3.434905238,32.4634092,11.08940832,-0.8437344094
1904,1.6764089,-0.4922741244,1.602502102,3.205004203,32.04214466,11.23520301,-0.8476580777
1905,1.909331606,0.2387149068,1.894350119,3.788700238,29.15681775,12.34702645,-0.8732895157
1906,1.191327332,0.9712288808,0.6899096118,1.379819224,30.54226716,11.78694424,-0.8612545144
1907,1.913801372,-0.3346195919,1.884320944,3.768641887,28.90572376,12.45428079,-0.8754162435
1908,2.46854645,1.077194593,2.221119849,4.442239699,20.81112306,17.29844175,-0.9347567205
1909,1.390901793,-0.08537374307,1.388279195,2.776558389,39.49181157,9.115813777,-0.7717154807
1910,2.666074452,1.563402248,2.159566252,4.319132503,17.47919091,20.59591899,-0.9538261003
1911,1.881136799,-0.1637593055,1.873995343,3.747990686,29.67591016,12.13105169,-0.8688397518
1912,2.464967552,0.8653067302,2.308096466,4.616192932,21.61185154,16.65752698,-0.92970032
1913,1.709314278,0.2203153026,1.695056479,3.390112959,32.39249312,11.11368608,-0.8443981222
1914,1.980785952,1.136329154,1.622426898,3.244853796,23.82890997,15.10769903,-0.9147559328
1915,1.903932951,0.7949764473,1.730021136,3.460042272,27.13989616,13.26460491,-0.8898953841
1916,2.140959673,0.1581128944,2.13511326,4.27022652,26.22835252,13.72560475,-0.897039783
1917,1.48727495,0.3749381037,1.439238755,2.87847751,36.26235308,9.92765139,-0.806317098
1918,2.169583936,1.322509151,1.719902323,3.439804645,21.10058975,17.06113451,-0.9329498293
1919,2.211650798,0.6371201843,2.117894503,4.235789006,24.52745948,14.67742716,-0.9097624212
1920,1.760551173,0.726140945,1.603826599,3.207653198,29.37241626,12.25639719,-0.8714500445
1921,2.003571997,0.8473824969,1.815556017,3.631112034,25.74843027,13.98143484,-0.9007101415
1922,1.768030285,0.06410514074,1.766867743,3.533735485,31.56505696,11.40501665,-0.8520463396
1923,1.489056354,-0.5654852383,1.377503274,2.755006548,34.99985947,10.28575558,-0.8191534511
1924,2.18467366,-0.8419919585,2.015898942,4.031797884,24.02345692,14.98535374,-0.9133788629
1925,2.216930452,0.6637596718,2.115231365,4.23046273,24.39177918,14.75907097,-0.9107429238
1926,2.070973781,1.111596427,1.747365384,3.494730768,23.39478147,15.38804714,-0.9177907943
1927,1.893897156,0.2991796645,1.8701171,3.740234199,29.26820883,12.30003524,-0.8723406772
1928,1.401826536,0.9468417869,1.033735105,2.067470209,31.07819597,11.58368396,-0.8564635905
1929,2.544990574,0.8043441277,2.414540856,4.829081712,21.19404645,16.98590219,-0.9323613723
1930,1.344806598,1.122483201,0.740632331,1.481264662,25.41799243,14.16319566,-0.903200551
1931,1.573122494,-0.9124082031,1.281493524,2.562987049,29.94306491,12.02281734,-0.8665218285
1932,1.391803642,0.9815089109,0.9867915868,1.973583174,30.32328,11.87206661,-0.8631904834
1933,2.26223543,0.544372511,2.195761305,4.39152261,24.27952648,14.82730729,-0.911550265
1934,2.451774862,0.4924585631,2.401808597,4.803617194,22.63095312,15.90741663,-0.923002473
1935,1.984650966,1.076031831,1.66763154,3.335263081,24.32652931,14.79865851,-0.911212638
1936,1.893704522,1.165203737,1.492788354,2.985576707,24.10674268,14.93358123,-0.9127861178
1937,1.754233351,0.4458565076,1.696628016,3.393256032,30.96714224,11.62522512,-0.8574625218
1938,2.042106574,-0.8578714694,1.85317452,3.706349041,25.30125218,14.22854479,-0.9040732097
1939,3.236243756,0.5854231233,3.18285303,6.365706061,17.29314305,20.81749969,-0.9547963814
1940,2.778939448,-0.3859035411,2.752014337,5.504028674,20.218016,17.80590143,-0.9383844013
1941,1.640205619,1.303891413,0.9950586191,1.990117238,22.18391757,16.22797231,-0.925976605
1942,2.241514624,0.6132000144,2.156008708,4.312017417,24.30289031,14.81305291,-0.9113825164
1943,1.699561795,-0.3388905269,1.665431928,3.330863856,32.26018642,11.15926596,-0.8456329389
1944,2.262476738,0.973479145,2.042336737,4.084673473,22.75679554,15.81945047,-0.9221550995
1945,1.726428656,1.297076369,1.13936333,2.278726661,22.64903226,15.89471885,-0.922881009
1946,1.621423369,1.323428062,0.9367774041,1.873554808,21.49288959,16.74972546,-0.9304630437
1947,1.985650584,-0.9526806011,1.74218481,3.484369621,25.25689627,14.25353282,-0.9044037959
1948,2.149265842,0.5734951563,2.071339414,4.142678827,25.36384827,14.19342981,-0.9036057568
1949,2.047630106,1.052959726,1.756150582,3.512301165,24.00858339,14.9946373,-0.9134845148
1950,1.73492826,0.4341482272,1.679729556,3.359459113,31.3248169,11.49248537,-0.8542337273
1951,2.230781738,0.7132034746,2.113700066,4.227400132,24.09479677,14.94098512,-0.9128712554
1952,1.622407255,1.313929758,0.951732049,1.903464098,21.77755981,16.5307777,-0.9286312038
1953,1.757774363,1.229827016,1.255904544,2.511809088,23.85767957,15.08948089,-0.9145529559
1954,1.849086264,0.5463271063,1.766535226,3.533070452,29.13622974,12.35575101,-0.8734645247
1955,2.067318923,1.07309628,1.766995162,3.533990325,23.70796438,15.18477058,-0.9156067119
1956,1.840842158,0.3786779793,1.801472408,3.602944817,29.85388367,12.05873259,-0.8672976918
1957,1.955329306,1.123268091,1.600494139,3.200988278,24.12770618,14.9206061,-0.9126366166
1958,2.524134226,1.011278379,2.312697479,4.625394959,20.69728471,17.39358592,-0.9354607812
1959,1.138311619,-0.6587633943,0.9283232906,1.856646581,41.59571122,8.654738421,-0.7478477855
1960,2.420858774,1.178831477,2.114453488,4.228906976,20.64994609,17.43345955,-0.9357524714
1961,2.042804971,-0.2496476558,2.027493082,4.054986164,27.33060927,13.17204445,-0.8883720804
1962,1.299624018,0.9218411627,0.9160957698,1.83219154,32.48122681,11.08332521,-0.8435674489
1963,2.052098843,0.6447398833,1.948183807,3.896367613,26.18924151,13.74610257,-0.8973412559
1964,1.833486513,0.07777398907,1.831836237,3.663672474,30.48524624,11.80899105,-0.8617598239
1965,1.286235202,-0.2961990078,1.251665747,2.503331494,41.70887099,8.631257367,-0.7465351771
1966,1.73341177,1.283579375,1.16496367,2.32992734,22.92339817,15.7044779,-0.9210264202
1967,2.110827458,0.04907393205,2.110256929,4.220513858,26.64630686,13.51031503,-0.8937920627
1968,2.012334841,0.9230775228,1.788132937,3.576265874,25.20281415,14.28411914,-0.9048061387
1969,0.9041467828,0.2727940833,0.8620120608,1.724024122,56.64221521,6.35568363,-0.5498654795
1970,1.443734745,1.12541997,0.9043228977,1.808645795,26.24275656,13.71807108,-0.8969286493
1971,1.857178597,-0.9428782509,1.600029045,3.20005809,26.57182609,13.54818441,-0.8943743042
1972,2.07613312,0.4410879785,2.028736091,4.057472183,26.54892526,13.55987094,-0.894553024
1973,1.466572954,-0.3669616464,1.419920906,2.839841812,36.75965855,9.793344502,-0.8011529396
1974,1.774678304,0.3575078944,1.738295484,3.476590967,30.94349221,11.63411025,-0.8576748385
1975,1.802711337,-0.2218171332,1.789012388,3.578024776,30.8111551,11.68407996,-0.8588601894
1976,1.782473604,-0.5171017419,1.705818847,3.411637694,30.23128876,11.9081923,-0.863999978
1977,1.586650087,0.3879538078,1.53848963,3.07697926,34.15722164,10.5394989,-0.8275000082
1978,1.502185794,0.2959497989,1.472744335,2.94548867,36.27732756,9.923553476,-0.8061624839
1979,2.002326071,0.4004549822,1.961872957,3.923745915,27.5587292,13.06301163,-0.8865370667
1980,1.741404799,1.351466566,1.098193424,2.196386848,21.53815819,16.71452112,-0.930173277
1981,2.578047751,0.5162110152,2.525837761,5.051675523,21.54849749,16.70650124,-0.9301070131
1982,2.277376214,0.5368290623,2.213200619,4.426401238,24.14856339,14.90771911,-0.9124877521
1983,1.385515841,1.046434273,0.9080911062,1.816182212,28.5408747,12.61348868,-0.8784764849
1984,1.111905651,0.06764698286,1.109845963,2.219691926,48.37210112,7.442306446,-0.6642902572
1985,1.679655552,0.3426720488,1.644329237,3.288658474,32.59922319,11.04320793,-0.8424597015
1986,2.484155018,0.4601937207,2.441157081,4.882314162,22.40567572,16.06735742,-0.9245082802
1987,2.360164908,0.3733568965,2.330446957,4.660893915,23.65451406,15.21908246,-0.9159814028
1988,1.852783655,1.466201487,1.132722592,2.265445185,19.59002883,18.37669578,-0.9421158171
1989,1.432625852,1.122508995,0.8901631244,1.780326249,26.28347433,13.69681936,-0.8966141869
1990,1.977759321,0.5103940945,1.910766809,3.821533619,27.55775988,13.06347111,-0.8865448937
1991,1.903024063,0.247338236,1.886882186,3.773764372,29.23384116,12.31449531,-0.8726337757
1992,2.221674449,0.928225598,2.018473333,4.036946667,23.3044654,15.44768326,-0.9184155513
1993,2.279203448,1.387732982,1.808028078,3.616056155,20.08466865,17.92411945,-0.9391861758
1994,2.064236003,1.493943846,1.424500636,2.849001273,19.55210158,18.41234297,-0.9423375561
1995,2.020194995,0.4793465041,1.962502165,3.925004329,27.12351229,13.27261736,-0.8900257891
1996,1.544048842,0.1201238187,1.539369057,3.078738114,35.80383399,10.05478911,-0.8110246743
1997,1.57900328,0.9619058016,1.252193511,2.504387022,29.17046128,12.34125153,-0.8731734763
1998,2.450598365,0.7605955875,2.329576506,4.659153012,22.03619912,16.33675563,-0.9269469954
1999,1.843686676,0.4849430273,1.778766656,3.557533313,29.45927133,12.22026153,-0.870705515
