draw,midpoint_residual,valence_offset,markedness,markedness_ratio,apex_angle_deg,effective_vertices,step_cosine
0,0.7927058719,0.4491586382,0.6531761762,1.306352352,59.91644219,6.008367434,-0.5012624437
1,0.8294257773,0.3356165333,0.7584910432,1.516982086,59.99818074,6.000181931,-0.5000274978
2,0.762968784,0.4496117859,0.6164175592,1.232835118,61.68453087,5.836147166,-0.4743259094
3,0.8781375076,0.4590548471,0.74859477,1.49718954,55.15674584,6.526853507,-0.5713333132
4,0.8816649465,0.4913228087,0.732075799,1.464151598,54.23382121,6.637924306,-0.5844788091
5,0.7961658801,0.406778265,0.6844059846,1.368811969,60.71213739,5.929621579,-0.4891977038
6,0.7256354695,0.2790086648,0.6698514758,1.339702952,67.56681561,5.328059296,-0.3816057881
7,0.8444707783,0.2811476322,0.7962957392,1.592591478,59.81743271,6.018312449,-0.5027569606
8,0.7653595794,0.4161501749,0.642335051,1.284670102,62.40205706,5.769040589,-0.4632642179
9,0.8535570473,0.4496888295,0.7254926531,1.450985306,56.58979791,6.361570695,-0.5506293844
10,0.8406706112,0.4588580311,0.7043978874,1.408795775,57.04088321,6.311262725,-0.5440404659
11,0.8797489454,0.488982514,0.7313373421,1.462674684,54.3807317,6.619991838,-0.5823963791
12,0.7994008254,0.4675094026,0.6484416998,1.2968834,59.03775991,6.097792338,-0.5144730601
13,0.8384738044,0.2420993706,0.8027616181,1.605523236,60.56180073,5.94434108,-0.4914844853
14,0.7991851637,0.3925225705,0.6961486605,1.392297321,60.8230473,5.918809003,-0.4875084856
15,0.7896007031,0.3365845494,0.714268935,1.42853787,62.39631504,5.769571484,-0.46335303
16,0.8667399017,0.4612929623,0.7337893841,1.467578768,55.66373429,6.467406554,-0.5640488199
17,0.8020757733,0.500230441,0.6269729276,1.253945855,57.89828382,6.217800878,-0.531423953
18,0.8187069634,0.3875728364,0.7211576724,1.442315345,59.76693701,6.023397183,-0.5035185996
19,0.9409490965,0.3278308607,0.8819932703,1.763986541,54.23113948,6.63825255,-0.5845167864
20,0.8486442804,0.3854130706,0.7560779588,1.512155918,58.12294379,6.193767496,-0.5280983262
21,0.7925538137,0.4115269635,0.6773382508,1.354676502,60.82643441,5.918479416,-0.4874568693
22,0.8835489861,0.3817910597,0.7968026089,1.593605218,56.33696896,6.390120141,-0.5543075102
23,0.8088187888,0.390000075,0.7085815229,1.417163046,60.29877565,5.970270476,-0.49547723
24,0.8124644945,0.3990289795,0.7077248253,1.415449651,59.90940396,6.009073304,-0.501368733
25,0.7753991176,0.363403093,0.6849686004,1.369937201,62.8517858,5.727760881,-0.4562938568
26,0.8785604251,0.3445943998,0.8081603307,1.616320661,57.14770317,6.29946577,-0.5424752132
27,0.8853787615,0.3969574477,0.7914040283,1.582808057,55.99568143,6.429067221,-0.5592553892
28,0.8447988686,0.4857858368,0.6911564578,1.382312916,56.14301079,6.412196192,-0.5571218783
29,0.7786233831,0.3053856034,0.7162359988,1.432471998,63.55433856,5.66444413,-0.4453488687
30,0.8542439534,0.4923078513,0.6981158296,1.396231659,55.50384552,6.486037078,-0.5663509228
31,0.8121721298,0.3887169183,0.713107794,1.426215588,60.12606737,5.987419696,-0.4980932836
32,0.8280662714,0.4377345904,0.7029097938,1.405819588,58.20758331,6.184761151,-0.5268433043
33,0.7678480612,0.4909637633,0.5903771915,1.180754383,60.09207252,5.990806856,-0.4986076794
34,0.733319974,0.2906123684,0.6732775323,1.346555065,66.85818215,5.384531683,-0.3930083523
35,0.8210612595,0.4015242773,0.7161842267,1.432368453,59.36495844,6.064183475,-0.5095677422
36,0.73642445,0.4290992121,0.5984938068,1.196987614,63.96783406,5.627828506,-0.4388756621
37,0.805879586,0.4753170014,0.6507808043,1.301561609,58.45886766,6.158176072,-0.5231105359
38,0.867276995,0.4928806698,0.7136091587,1.427218317,54.86580812,6.561463548,-0.5754933894
39,0.8028706643,0.4263905202,0.6802884887,1.360576977,59.8841254,6.011609882,-0.5017504203
40,0.8064096768,0.3909546925,0.7053020596,1.410604119,60.42277621,5.958018194,-0.493596186
41,0.8706692289,0.3867360811,0.7800641703,1.560128341,56.92333191,6.324295995,-0.5457607811
42,0.7991363366,0.3376655199,0.7242933668,1.448586734,61.7842618,5.826726573,-0.4727928265
43,0.8272468846,0.3958738411,0.7263754608,1.452750922,59.12261675,6.089040368,-0.5132025024
44,0.8955699338,0.5145214023,0.7330165297,1.466033059,53.01606002,6.79039521,-0.6015911418
45,0.8587025099,0.4048134909,0.757295212,1.514590424,57.23601549,6.289746009,-0.5411797325
46,0.7328998712,0.4038481234,0.6115953846,1.223190769,64.85008364,5.551265007,-0.4249881976
47,0.7989762207,0.5022044354,0.6214126699,1.24282534,57.99593739,6.207331344,-0.5299793945
48,0.813947502,0.4615309992,0.6704473676,1.340894735,58.39698939,6.164701361,-0.5240306592
49,0.796347767,0.3078545544,0.7344353881,1.468870776,62.38675393,5.770455703,-0.4635009019
50,0.914530606,0.4797113173,0.7786162606,1.557232521,53.01705095,6.790268293,-0.6015773265
51,0.8234087624,0.3111451932,0.7623586156,1.524717231,60.68935358,5.93184766,-0.489544487
52,0.8877772539,0.3500926393,0.8158330689,1.631666138,56.58993454,6.361555336,-0.5506273939
53,0.7827319514,0.2648486445,0.7365626268,1.473125254,63.78524971,5.643938083,-0.4417368293
54,0.8106748455,0.3924933097,0.7093255296,1.418651059,60.14169414,5.985863969,-0.4978567671
55,0.8041557952,0.4984188211,0.6310667332,1.262133466,57.84796355,6.223209563,-0.5321677226
56,0.9006371758,0.380236915,0.8164356747,1.632871349,55.49873077,6.48663483,-0.5664244931
57,0.8200386218,0.3419486647,0.7453418356,1.490683671,60.45522669,5.954820116,-0.4931035419
58,0.8175035315,0.2848378917,0.7662763205,1.532552641,61.36977111,5.866080213,-0.4791550095
59,0.7947080291,0.3864437332,0.6944221285,1.388844257,61.21273327,5.881129314,-0.481558914
60,0.776297599,0.4099266531,0.6592405489,1.318481098,61.85698476,5.819876307,-0.4716740118
61,0.910510934,0.4795615525,0.7739837713,1.547967543,53.19922523,6.767015843,-0.5990344262
62,0.8304602642,0.2923392621,0.7773043202,1.55460864,60.50633092,5.949790617,-0.4923273868
63,0.9302609085,0.2847015531,0.8856242903,1.771248581,55.20608844,6.521019877,-0.5706263065
64,0.8595139125,0.4451732213,0.735244836,1.470489672,56.38547768,6.384622687,-0.5536026456
65,0.8741410221,0.3724943947,0.7908036751,1.58160735,56.97103239,6.319000813,-0.5450629805
66,0.795454371,0.2137190479,0.7662061243,1.532412249,63.45621415,5.673203244,-0.4468815981
67,0.8483333657,0.4130526985,0.7409837837,1.481967567,57.63160278,6.246572759,-0.5353610053
68,0.7973022217,0.3855708377,0.6978724539,1.395744908,61.07203478,5.894678331,-0.483709627
69,0.747963394,0.4210121105,0.6182216768,1.236443354,63.4098644,5.6773501,-0.4476051381
70,0.7759989322,0.4626628354,0.622990725,1.24598145,60.52068527,5.948379441,-0.492109307
71,0.7841135102,0.3749226774,0.6886704458,1.377340892,62.0868907,5.798325475,-0.468132008
72,0.7693753013,0.3064726756,0.7057002575,1.411400515,64.14806407,5.612016594,-0.4360470171
73,0.8099623719,0.5089033861,0.6301241048,1.26024821,57.2030987,6.293365363,-0.5416627496
74,0.8057043902,0.3255098097,0.7370230174,1.474046035,61.56075211,5.84788177,-0.476226661
75,0.8744982497,0.475861959,0.733691069,1.467382138,54.94704804,6.551762339,-0.5743332402
76,0.789543926,0.3055279484,0.7280331612,1.456066322,62.84849433,5.728060852,-0.4563449741
77,0.8381667002,0.3871434988,0.7433998443,1.486799689,58.67022942,6.135991005,-0.519963014
78,0.95222652,0.3410127071,0.8890701204,1.778140241,53.5475831,6.722992507,-0.5941549932
79,0.8125370632,0.3951173684,0.7099991157,1.419998231,59.98194913,6.00180563,-0.500272814
80,0.8094221117,0.2727059639,0.7620994766,1.524198953,62.00300828,5.806169894,-0.4694252035
81,0.8560368615,0.3561098406,0.778450313,1.556900626,58.19258603,6.186355076,-0.5270657657
82,0.8427343036,0.3525126209,0.7654645378,1.530929076,58.98550476,6.103194361,-0.5152549129
83,0.8210916945,0.2856279907,0.7698105103,1.539621021,61.14375248,5.887764251,-0.482613716
84,0.8332033795,0.3048364514,0.7754370442,1.550874088,60.19271797,5.980789905,-0.4970842461
85,0.8398233735,0.4438265156,0.7129665649,1.42593313,57.43753597,6.267678338,-0.5382187567
86,0.8152061464,0.4279126538,0.6938672941,1.387734588,59.14318258,6.086923028,-0.5128944014
87,0.7720186319,0.2983961337,0.7120200246,1.424040049,64.08213351,5.617790487,-0.4370822754
88,0.8468688812,0.4038889831,0.7443524644,1.488704929,57.88588997,6.219132161,-0.5316071811
89,0.8251781516,0.4676964042,0.6798375213,1.359675043,57.63119471,6.24661699,-0.535367021
90,0.7879553134,0.4330944223,0.6582573944,1.316514789,60.60233903,5.940364774,-0.490868187
91,0.7512295628,0.3784727755,0.6489254304,1.297850861,64.15399619,5.611497668,-0.4359538412
92,0.8378325018,0.3270568388,0.7713605676,1.542721135,59.63268271,6.036957985,-0.5055416861
93,0.8170942792,0.3703758323,0.7283301476,1.456660295,60.16894222,5.983153213,-0.4974442694
94,0.8406665454,0.3153625658,0.7792731823,1.558546365,59.62607672,6.03762682,-0.5056411605
95,0.7747675613,0.4062903475,0.6596915397,1.319383079,62.03382757,5.803285306,-0.4689501865
96,0.7522895989,0.3730699756,0.6532675056,1.306535011,64.19020501,5.608332299,-0.4353850069
97,0.8578370024,0.4209210568,0.7474689202,1.49493784,56.97454151,6.31861162,-0.5450116315
98,0.8047157645,0.4411753277,0.6730020742,1.346004148,59.42806706,6.057743719,-0.5086197093
99,0.7610570568,0.4956004506,0.577570807,1.155141614,60.3174226,5.968424785,-0.4951945105
100,0.8535825788,0.2934373251,0.8015595768,1.603119154,59.1589964,6.08529593,-0.5126574465
101,0.8567117682,0.4247150041,0.7440243403,1.488048681,56.9577717,6.320471978,-0.5452570064
102,0.8626242391,0.4156689164,0.7558703129,1.511740626,56.82692182,6.335025521,-0.547169989
103,0.8359030214,0.3768855792,0.7461173644,1.492234729,58.97623432,6.104153718,-0.5153935745
104,0.8994415646,0.4911749,0.7534867921,1.506973584,53.4291005,6.737901193,-0.5958170475
105,0.9345460261,0.542954669,0.7606421645,1.521284329,50.66402858,7.105633131,-0.6338665799
106,0.7314850572,0.4288046367,0.5926187412,1.185237482,64.31081444,5.597814351,-0.4334890007
107,0.7041815642,0.1707684629,0.6831616262,1.366323252,70.20606192,5.127762335,-0.3386383728
108,0.8643513956,0.4983860902,0.7061973096,1.412394619,54.85768618,6.562435004,-0.5756093114
109,0.7557708857,0.3889733299,0.6479887193,1.295977439,63.63368949,5.657380594,-0.4441084306
110,0.8251534554,0.3894974276,0.7274407047,1.454881409,59.36086075,6.064602087,-0.5096292774
111,0.7512670864,0.2751425737,0.699069953,1.398139906,65.78447276,5.472415981,-0.4101702047
112,0.7438659559,0.4014207163,0.6262571108,1.252514222,64.156111,5.611312694,-0.4359206227
113,0.8476052543,0.4726087448,0.703616118,1.407232236,56.34618245,6.389075255,-0.5541736625
114,0.8408119923,0.2974402963,0.7864439437,1.572887887,59.84118589,6.015923559,-0.5023985506
115,0.8698315932,0.4316510953,0.7551717239,1.510343448,56.14431271,6.4120475,-0.5571030084
116,0.7960722511,0.4246278893,0.6733663079,1.346732616,60.32249673,5.96792274,-0.495117569
117,0.8392173689,0.3714635834,0.7525294668,1.505058934,58.88152626,6.113971951,-0.5168093861
118,0.7902909784,0.5020885794,0.6103006546,1.220601309,58.46131019,6.157918782,-0.5230742033
119,0.7959990173,0.3273560536,0.7255704305,1.451140861,62.13426159,5.793904856,-0.4674012586
120,0.792350822,0.4351562788,0.6621622446,1.324324489,60.2915689,5.970984112,-0.4955864825
121,0.8290938208,0.3263307779,0.7621711009,1.524342202,60.14924543,5.985112488,-0.4977424624
122,0.7946584085,0.4595801833,0.6482808352,1.29656167,59.5252425,6.047854404,-0.5071587103
123,0.7488633588,0.355038109,0.659351402,1.318702804,64.76236865,5.558783712,-0.426373482
124,0.8281670079,0.3910982882,0.7300018644,1.460003729,59.15993549,6.085199333,-0.5126433739
125,0.762278725,0.3638986185,0.6698109062,1.339621812,63.69809671,5.651660232,-0.4431009707
126,0.8273188833,0.2357365723,0.7930225741,1.586045148,61.28391769,5.87429808,-0.4804696841
127,0.8668964664,0.5240890678,0.6905361196,1.381072239,54.01055721,6.665363563,-0.5876361745
128,0.8086147182,0.5035569494,0.6326833025,1.265366605,57.44887972,6.266440734,-0.5380518828
129,0.857090789,0.4592684897,0.7236553565,1.447310713,56.1912759,6.40668848,-0.5564221383
130,0.7349427826,0.3233935992,0.6599677823,1.319935565,66.26832287,5.4324598,-0.4024539578
131,0.8474690953,0.3998689758,0.7472005551,1.49440111,57.92830139,6.214578908,-0.5309800768
132,0.7876063659,0.4027521073,0.6768415824,1.353683165,61.31538297,5.87128356,-0.4799879809
133,0.8093079979,0.4315892214,0.6846241154,1.369248231,59.39418056,6.061199879,-0.5091288373
134,0.8021408019,0.4415954086,0.669644205,1.33928841,59.56488039,6.043829815,-0.5065623492
135,0.8432411206,0.4693184247,0.7005682006,1.401136401,56.65042026,6.354763095,-0.5497458613
136,0.8409445997,0.3564927194,0.7616434604,1.523286921,59.02508561,6.0991017,-0.514662735
137,0.8120928667,0.400796924,0.7062978479,1.412595696,59.8958542,6.010432689,-0.5015733364
138,0.8461934597,0.4542318511,0.7139445334,1.427889067,56.86460174,6.330827773,-0.5466194129
139,0.8651694162,0.2950297334,0.8133114872,1.626622974,58.49384444,6.154493749,-0.5225901649
140,0.8205415393,0.4994587458,0.6510217961,1.302043592,56.96844584,6.319287716,-0.5451008284
141,0.9107423845,0.4049629293,0.8157553045,1.631510609,54.6128556,6.591854537,-0.5790982654
142,0.8110179964,0.4216248629,0.6928078128,1.385615626,59.5211744,6.048267757,-0.507219902
143,0.824870953,0.2163429427,0.7959948619,1.591989724,61.59892658,5.844257684,-0.475640689
144,0.8779155112,0.4009893255,0.7809886079,1.561977216,56.30604353,6.393629839,-0.5547566703
145,0.7688510596,0.3696837808,0.6741408266,1.348281653,63.15946007,5.699858733,-0.4515089816
146,0.7759284726,0.2914467377,0.7191131994,1.438226399,63.91445438,5.632528721,-0.4397126046
147,0.8585489738,0.3486854307,0.7845538929,1.569107786,58.16507552,6.189281056,-0.5274737473
148,0.8384904841,0.4400901716,0.7137134809,1.427426962,57.59256396,6.250806966,-0.5359363702
149,0.7811734454,0.3273843934,0.7092611724,1.418522345,63.07410038,5.707572488,-0.4528377856
150,0.8520954034,0.4436086859,0.7275148866,1.455029773,56.80032123,6.337992325,-0.5475585322
151,0.8938032358,0.4804293079,0.7537054494,1.507410899,53.93610868,6.674563828,-0.5886870328
152,0.8006938155,0.4007816877,0.6931699828,1.386339966,60.56679885,5.943850539,-0.4914085129
153,0.790957484,0.3431285209,0.7126545865,1.425309173,62.20795221,5.787041482,-0.4662638628
154,0.8755336571,0.3418280824,0.8060476082,1.612095216,57.34604032,6.277678424,-0.5395639458
155,0.7873619663,0.4377559752,0.6544528801,1.30890576,60.52207299,5.94824305,-0.4920882223
156,0.906556046,0.3058301195,0.8534118598,1.70682372,56.17523112,6.40851836,-0.5566547969
157,0.8717219364,0.4692617985,0.734637665,1.46927533,55.23616246,6.517469425,-0.5701951824
158,0.8540200104,0.3793023311,0.7651665962,1.530333192,57.93429174,6.213936327,-0.5308914788
159,0.7381943748,0.4465146668,0.5878397633,1.175679527,63.3561665,5.682161972,-0.4484430195
160,0.7704277186,0.3531555372,0.6847189468,1.369437894,63.35471482,5.682292171,-0.4484656655
161,0.7393327008,0.3155209407,0.6686249909,1.337249982,66.07715302,5.448176617,-0.4055061179
162,0.896862822,0.4336331485,0.7850638279,1.570127656,54.77265531,6.572622744,-0.576822237
163,0.7575948738,0.2963682712,0.6972200805,1.394440161,65.07896297,5.531741497,-0.4213688202
164,0.7718678142,0.4055217169,0.656758753,1.313517506,62.23343825,5.784671555,-0.4658703128
165,0.8362598775,0.4588002482,0.6991658708,1.398331742,57.27249755,6.285739498,-0.5406441903
166,0.8201787306,0.4339289712,0.6959876422,1.391975284,58.72849606,6.12990327,-0.5190940825
167,0.8514705695,0.5442826231,0.6547965768,1.309593154,54.04214096,6.661468135,-0.5871900625
168,0.6921466641,0.3499722985,0.5971485535,1.194297107,69.01311785,5.216399595,-0.3581541972
169,0.8234645443,0.4841836076,0.666078141,1.332156282,57.27081415,6.285924259,-0.5406689068
170,0.7315044861,0.412960709,0.6037899187,1.207579837,64.72415582,5.562065591,-0.4269766656
171,0.8674062559,0.4509037953,0.740998907,1.481997814,55.86292246,6.444345983,-0.5611747357
172,0.8485960379,0.4807094011,0.6993094503,1.398618901,56.08878105,6.418395859,-0.557907621
173,0.8442020608,0.3862864034,0.7506396832,1.501279366,58.35127,6.169531528,-0.5247101092
174,0.8632733043,0.4830433493,0.7154788051,1.43095761,55.3097558,6.508797495,-0.569139528
175,0.7593220427,0.2829999689,0.704614066,1.409228132,65.13352584,5.527107513,-0.4205049969
176,0.8742326585,0.4281123686,0.7622352269,1.524470454,55.9923241,6.429452711,-0.5593039643
177,0.8115758416,0.4752418765,0.6578757523,1.315751505,58.15252256,6.19061709,-0.5276598675
178,0.7529142674,0.3802826895,0.6498191826,1.299638365,64.00413835,5.624636302,-0.4383062277
179,0.7895997274,0.3167840139,0.7232673213,1.446534643,62.68989047,5.742552703,-0.458806339
180,0.7912852211,0.4081966962,0.6778700158,1.355740032,60.97525426,5.904034421,-0.4851873186
181,0.8805029404,0.3859263435,0.7914204228,1.582840846,56.42678063,6.379949307,-0.5530021729
182,0.7982940123,0.4162554081,0.6811789525,1.362357905,60.38030161,5.96220937,-0.4942407713
183,0.8277057017,0.4096490877,0.7192248283,1.438449657,58.82806169,6.119528498,-0.5176080164
184,0.783011486,0.371153834,0.6894576265,1.378915253,62.2261978,5.785344641,-0.4659821277
185,0.8526723607,0.5304871788,0.6675578685,1.335115737,54.44964452,6.611613413,-0.5814182322
186,0.8768060863,0.3207849632,0.8160183334,1.632036667,57.55357654,6.255041331,-0.5365107291
187,0.8061610379,0.3225979225,0.738800514,1.477601028,61.57434224,5.846591079,-0.4760180789
188,0.7397979787,0.2912603529,0.6800503335,1.360100667,66.3862505,5.422809652,-0.4005689242
189,0.8533039981,0.4432624318,0.729140679,1.458281358,56.74548628,6.344116927,-0.5483591099
190,0.9369993409,0.4133418035,0.840902086,1.681804172,53.24840801,6.760765504,-0.5983468636
191,0.8464613393,0.40920481,0.7409778825,1.481955765,57.80674855,6.227646582,-0.5327766041
192,0.8127903851,0.4752013549,0.6594026709,1.318805342,58.08834066,6.197457112,-0.5286110842
193,0.8538349687,0.5073463943,0.6867559901,1.37351198,55.10300027,6.533219575,-0.5721029258
194,0.8434365973,0.4157292081,0.7338627387,1.467725477,57.84210085,6.223840329,-0.5322543508
195,0.800839521,0.4851170269,0.6371855371,1.274371074,58.44276057,6.159873293,-0.5233501054
196,0.8389816998,0.2796523931,0.791002422,1.582004844,60.15208211,5.98483024,-0.4976995211
197,0.8654294965,0.4326341124,0.7495304786,1.499060957,56.34798785,6.388870548,-0.5541474331
198,0.8023364379,0.3615612701,0.7162521955,1.432504391,61.20118048,5.882239479,-0.4817356192
199,0.8253844956,0.3030114546,0.7677523194,1.535504639,60.67633542,5.933120343,-0.4897425963
200,0.8470787954,0.4575975316,0.712844292,1.425688584,56.7398104,6.34475155,-0.5484419477
201,0.7813385834,0.4338334345,0.6498296185,1.299659237,60.98087949,5.903489799,-0.4851014677
202,0.8565556626,0.2715635365,0.8123674346,1.624734869,59.23022138,6.077978295,-0.5115897244
203,0.7635121774,0.4266766868,0.6331649468,1.266329894,62.2622871,5.781991263,-0.4654247237
204,0.8300581057,0.2782898904,0.7820173884,1.564034777,60.6917114,5.931617213,-0.4895086031
205,0.8043077505,0.4473729068,0.6684073906,1.336814781,59.29748455,6.071083837,-0.5105806674
206,0.8060077957,0.4543122006,0.6657694729,1.331538946,59.02441916,6.099170566,-0.514672708
207,0.8380695571,0.3601989557,0.7567148041,1.513429608,59.12921455,6.088360935,-0.5131036665
208,0.7812152561,0.3059578541,0.7188094795,1.437618959,63.37806234,5.6801989,-0.4481014127
209,0.8432633002,0.4119479801,0.7357933509,1.471586702,57.92623245,6.214800873,-0.5310106753
210,0.7375636121,0.3687153238,0.6387872039,1.277574408,65.28587651,5.514209493,-0.4180910097
211,0.7591558385,0.3700092294,0.6628806509,1.325761302,63.79026784,5.643494097,-0.4416582532
212,0.7838603963,0.3591692146,0.6967313658,1.393462732,62.38742275,5.770393841,-0.4634905584
213,0.8111506049,0.353189881,0.7302206596,1.460441319,60.80844458,5.920230364,-0.4877309975
214,0.8204501231,0.3546408658,0.7398434029,1.479686806,60.23347917,5.976742585,-0.496466822
215,0.8176188699,0.4621919707,0.6744473284,1.348894657,58.18002741,6.18769045,-0.5272520254
216,0.8388625393,0.4837097492,0.6853577448,1.37071549,56.49639802,6.372087649,-0.5519894077
217,0.7588246464,0.3904335691,0.6506738601,1.30134772,63.40129213,5.678117715,-0.4477389228
218,0.8185151698,0.2984711228,0.7621561992,1.524312398,61.14413907,5.887727025,-0.4826078065
219,0.8464409874,0.4461774174,0.7192969187,1.438593837,57.0366869,6.311727058,-0.5441019166
220,0.7063407851,0.3636649991,0.605528755,1.21105751,67.65369622,5.321217023,-0.3802037469
221,0.8109940133,0.4714034407,0.6599167264,1.319833453,58.2913017,6.175878553,-0.52560081
222,0.8418654428,0.5008147854,0.6766993236,1.353398647,55.86648345,6.443935214,-0.5611232924
223,0.8712314035,0.3651995666,0.7909952181,1.581990436,57.23673487,6.289666956,-0.5411691744
224,0.8835619608,0.2305182733,0.8529613498,1.7059227,58.11161826,6.194974616,-0.5282661721
225,0.824956825,0.3074268909,0.7655341076,1.531068215,60.64561081,5.936126212,-0.4902100607
226,0.7734048046,0.3897582228,0.6680146102,1.33602922,62.47243359,5.762541641,-0.4621753225
227,0.7956042537,0.3826959852,0.6975169613,1.395033923,61.23010121,5.879461129,-0.4812932266
228,0.7825639844,0.4918960386,0.6086416655,1.217283331,59.22896202,6.078107529,-0.5116086102
229,0.784590008,0.4115574928,0.6679834659,1.335966932,61.30849963,5.871942751,-0.4800933705
230,0.8490293116,0.2950737452,0.7961044258,1.592208852,59.39808437,6.060801519,-0.5090701935
231,0.8437013238,0.4511555668,0.7129450038,1.425890008,57.06561767,6.308527178,-0.5436781954
232,0.8592450845,0.4926517661,0.7039860457,1.407972091,55.25386733,6.515381047,-0.569941302
233,0.7928770176,0.3901626098,0.6902369904,1.380473981,61.25146849,5.877410107,-0.4809662982
234,0.7484559491,0.4230419989,0.6174315953,1.234863191,63.32588576,5.68487903,-0.448915335
235,0.8141293761,0.449585452,0.6787337935,1.357467587,58.69198692,6.133716353,-0.5196386068
236,0.7933998998,0.3572158665,0.7084350539,1.416870108,61.82363315,5.823015919,-0.472187208
237,0.8229274252,0.4874239237,0.6630440904,1.326088181,57.20569136,6.293080136,-0.5416247116
238,0.8085976653,0.3439197653,0.7318123935,1.463624787,61.10911948,5.891101084,-0.4831430339
239,0.8779385862,0.4195914901,0.7711803567,1.542360713,55.96894184,6.432138758,-0.5596422154
240,0.8243029427,0.4254999331,0.7059923146,1.411984629,58.6866532,6.134273815,-0.5197181403
241,0.8668471544,0.4438120702,0.7446172409,1.489234482,56.04374212,6.423553931,-0.5585598169
242,0.7898523492,0.348972718,0.7085794067,1.417158813,62.18259085,5.789401746,-0.4666553961
243,0.8498843413,0.4242215698,0.7364369989,1.472873998,57.32649481,6.279818802,-0.5398511298
244,0.8492209719,0.4704426871,0.707007735,1.41401547,56.31903532,6.392154943,-0.5545679976
245,0.7420645854,0.3682134123,0.6442660412,1.288532082,64.98293396,5.539916068,-0.4228881946
246,0.8141128291,0.3956305972,0.7115167806,1.423033561,59.88024367,6.011999583,-0.5018090228
247,0.7623327167,0.4283969884,0.6305768718,1.261153744,62.29352481,5.779091825,-0.464942104
248,0.8580109454,0.4352265886,0.7394326196,1.478865239,56.67476457,6.352033444,-0.5493908888
249,0.7844894548,0.4756585054,0.6238370709,1.247674142,59.63959917,6.036257872,-0.5054375291
250,0.8078923481,0.4348526481,0.6808768028,1.361753606,59.39871401,6.060737274,-0.5090607348
251,0.8549753401,0.4930505606,0.6984869196,1.396973839,55.44843821,6.492518303,-0.5671476575
252,0.9327846132,0.3470186024,0.8658320993,1.731664199,54.39071584,6.61877665,-0.5822547167
253,0.8240800992,0.388321382,0.7268524707,1.453704941,59.44389927,6.056130308,-0.5083817772
254,0.8048136174,0.3872382887,0.7055292103,1.411058421,60.58892588,5.941679849,-0.4910721325
255,0.8582714829,0.4279355159,0.7439765673,1.487953135,56.81157789,6.336736513,-0.5473941254
256,0.7824240647,0.4163051643,0.6624782466,1.324956493,61.33386936,5.86951392,-0.4797049045
257,0.8265481229,0.3010071473,0.7697899042,1.539579808,60.63235404,5.937424098,-0.4904117144
258,0.9129002477,0.4116266016,0.8148315182,1.629663036,54.3988475,6.617787261,-0.5821393255
259,0.8102844443,0.4183037058,0.6939617355,1.387923471,59.63588637,6.036633676,-0.5054934421
260,0.8111821255,0.4439987105,0.6788826009,1.357765202,58.99363694,6.102353044,-0.5151332656
261,0.7686367131,0.3836548637,0.666041547,1.332083094,62.90192811,5.723194993,-0.4555149497
262,0.8044501083,0.3095560878,0.7425058958,1.485011792,61.85925914,5.819662327,-0.4716390091
263,0.8289919746,0.4018061248,0.725106566,1.450213132,58.91069316,6.110944901,-0.516373514
264,0.7762076058,0.4259761226,0.6488779472,1.297755894,61.48729889,5.854867696,-0.4773535613
265,0.8037651996,0.3508916003,0.723127638,1.446255276,61.29160767,5.873561058,-0.4803519712
266,0.9223376857,0.3163467534,0.8663899458,1.732779892,55.26470378,6.514103494,-0.5697858851
267,0.8277910457,0.3495541712,0.7503665083,1.500733017,59.88481329,6.011540827,-0.5017400349
268,0.8417981223,0.4156842692,0.732004554,1.464009108,57.93155077,6.214230332,-0.5309320187
269,0.8329407565,0.2782746259,0.785081866,1.570163732,60.52143517,5.948305736,-0.4920979131
270,0.8014642239,0.3543865882,0.7188567648,1.43771353,61.37472525,5.865606706,-0.4790791139
271,0.8409371658,0.3303275202,0.7733427741,1.546685548,59.40978932,6.059607417,-0.5088943456
272,0.824077871,0.541013841,0.6216175362,1.243235072,55.382572,6.500239823,-0.5680940971
273,0.830818808,0.3737444951,0.7420073747,1.484014749,59.3178067,6.069003896,-0.5102756635
274,0.8551536436,0.380707295,0.7657347515,1.531469503,57.84938001,6.223057187,-0.532146792
275,0.7921683039,0.3695042422,0.7007119498,1.4014239,61.68503515,5.836099454,-0.4743181611
276,0.7927780412,0.46148452,0.6446154361,1.289230872,59.57994283,6.04230187,-0.5063356678
277,0.8918033438,0.3165310282,0.8337393551,1.66747871,56.81301962,6.336575708,-0.5473730671
278,0.8241768649,0.3813104603,0.7306639703,1.461327941,59.56562305,6.04375446,-0.5065511734
279,0.7914409401,0.4106653243,0.676559497,1.353118994,60.91224895,5.910141329,-0.4861485703
280,0.8017561327,0.3936739344,0.69845095,1.3969019,60.64634469,5.936054379,-0.4901988966
281,0.8491593544,0.3904671877,0.7540603321,1.508120664,58.00642582,6.206208966,-0.5298241509
282,0.7836528835,0.2610611816,0.7388903175,1.477780635,63.76675227,5.645575276,-0.4420264417
283,0.8861336784,0.1968382328,0.8639951424,1.727990285,58.22236479,6.183190966,-0.5266240089
284,0.8131453357,0.4797214174,0.656561268,1.313122536,57.94102258,6.213214472,-0.5307919218
285,0.8461559336,0.4757695122,0.6997308306,1.399461661,56.33870309,6.389923449,-0.5542823189
286,0.8677657977,0.5515827906,0.6699058925,1.339811785,53.09792668,6.779925743,-0.6004491625
287,0.7734599653,0.4695170552,0.6146495365,1.229299073,60.46552814,5.9538056,-0.4929471183
288,0.7635681758,0.4348852807,0.6276234156,1.255246831,62.04819828,5.801941233,-0.4687286448
289,0.739935344,0.3688912951,0.6414230473,1.282846095,65.11722521,5.528491099,-0.4207631036
290,0.8096439279,0.399213625,0.7043804169,1.408760834,60.07026417,5.992981802,-0.4989375817
291,0.8114222381,0.4593772597,0.6688636496,1.337727299,58.59189177,6.144194856,-0.5211304171
292,0.7885670531,0.3866122763,0.6872910191,1.374582038,61.58573774,5.845509256,-0.4758431595
293,0.7672922444,0.4305336311,0.6351206034,1.270241207,61.92706357,5.813290333,-0.4705951574
294,0.8364710776,0.4474692513,0.7067213968,1.413442794,57.53157383,6.257433545,-0.5368347613
295,0.8734487716,0.4497486401,0.7487582503,1.497516501,55.58816105,6.476199126,-0.5651374835
296,0.8415506449,0.4124548641,0.7335451404,1.467090281,58.00912295,6.205920408,-0.5297842266
297,0.7826083781,0.3820155684,0.6830373188,1.366074638,62.04589522,5.802156592,-0.4687641511
298,0.9060862364,0.4504765508,0.7861699212,1.572339842,54.00923655,6.665526547,-0.5876548245
299,0.7707319205,0.4574004973,0.6203325546,1.240665109,60.98786708,5.902813416,-0.4849948183
300,0.7744212478,0.3086868982,0.7102398664,1.420479733,63.78396519,5.644051745,-0.4417569425
301,0.8135266931,0.3738728146,0.7225266769,1.445053354,60.31772922,5.968394444,-0.4951898612
302,0.7705541604,0.356818112,0.6829601373,1.365920275,63.28255722,5.688771375,-0.4495909504
303,0.8337070059,0.3392747484,0.7615510598,1.52310212,59.69703529,6.030450227,-0.5045722987
304,0.8300637366,0.319685293,0.7660333676,1.532066735,60.18342371,5.981713532,-0.4972249942
305,0.8312604908,0.280535821,0.7824919531,1.564983906,60.59541804,5.941043261,-0.4909734233
306,0.808885568,0.2745058182,0.7608826571,1.521765314,62.0160067,5.804952933,-0.4692248757
307,0.7693653882,0.41406799,0.6484371984,1.296874397,62.19716881,5.788044808,-0.4664303501
308,0.7424529208,0.3718486041,0.6426234942,1.285246988,64.88468437,5.548304712,-0.4244414735
309,0.8895389049,0.4129324042,0.7878872336,1.575774467,55.51088863,6.485214143,-0.5662496078
310,0.8690345542,0.5186802719,0.6972745743,1.394549149,54.07421179,6.657517291,-0.5867368883
311,0.8421994615,0.2829146772,0.7932586075,1.586517215,59.92898562,6.007109853,-0.5010729976
312,0.7793364109,0.4378706013,0.6446972761,1.289394552,60.99974807,5.901663718,-0.4848134659
313,0.9363246124,0.5268853256,0.774012683,1.548025366,51.00354693,7.05833264,-0.6292722802
314,0.7935728448,0.4429874777,0.6584223225,1.316844645,60.0249665,5.997504389,-0.4996225841
315,0.8327926848,0.4426637792,0.705402321,1.410804642,57.83909413,6.224163871,-0.5322987764
316,0.8420310252,0.337248483,0.7715437176,1.543087435,59.25022098,6.075926707,-0.5112897716
317,0.7737174163,0.3574077878,0.6862203098,1.37244062,63.06686057,5.708227692,-0.4529504423
318,0.9360680082,0.4354414911,0.8286217616,1.657243523,52.92016878,6.802699392,-0.6029271916
319,0.7999850101,0.3851625194,0.7011603597,1.402320719,60.91777328,5.909605368,-0.4860643109
320,0.8352603792,0.3916511111,0.7377461001,1.4754922,58.75087541,6.127568271,-0.5187601962
321,0.8417580574,0.5157992266,0.6652125863,1.330425173,55.42001007,6.495848694,-0.567556237
322,0.8110984237,0.4368798092,0.6833861904,1.366772381,59.16903581,6.084263417,-0.5125069952
323,0.8294999914,0.4610350525,0.689577346,1.379154692,57.57328536,6.25290007,-0.5362204118
324,0.86304029,0.4658637434,0.7265049999,1.45301,55.74036144,6.458515709,-0.5629439724
325,0.6953753597,0.3541543518,0.5984326077,1.196865215,68.68107282,5.241618763,-0.363558987
326,0.9072879935,0.4424250209,0.7921058035,1.584211607,54.11032324,6.653074283,-0.5862263983
327,0.8204029285,0.3951831958,0.7189514635,1.437902927,59.52567317,6.047810648,-0.5071522321
328,0.7710390939,0.3787397771,0.6716081191,1.343216238,62.84445115,5.728429375,-0.4564077635
329,0.8074147112,0.3806390699,0.712062086,1.424124172,60.55774537,5.944739154,-0.4915461249
330,0.8148785858,0.3656680645,0.7282265967,1.456453193,60.37996872,5.962242241,-0.4942458221
331,0.8006346163,0.3450993802,0.7224418361,1.444883672,61.57589144,5.846443983,-0.4759943
332,0.8634167345,0.4552649092,0.7336363675,1.467272735,55.96542022,6.432543499,-0.5596931515
333,0.8695880561,0.4663330169,0.7339733678,1.467946736,55.40798335,6.497258667,-0.5677290473
334,0.8296291913,0.4398559132,0.7034282982,1.406856596,58.07423245,6.198962687,-0.5288200881
335,0.9352478158,0.4836345863,0.8004911392,1.600982278,52.03218148,6.918795057,-0.6152187741
336,0.8060843484,0.3499711787,0.7261488489,1.452297698,61.16557931,5.885663212,-0.4822800322
337,0.6953087224,0.3927113168,0.573787453,1.147574906,67.86029683,5.305016583,-0.3768662117
338,0.8033956659,0.4238803123,0.682473499,1.364946998,59.91077496,6.008935792,-0.5013480291
339,0.8738056341,0.4536979313,0.7467894437,1.493578887,55.48530156,6.488204802,-0.5666176365
340,0.795271083,0.4122161033,0.6800985073,1.360197015,60.64860273,5.935833371,-0.4901645459
341,0.7726892011,0.393657503,0.6648927522,1.329785504,62.43716221,5.765796959,-0.4627211435
342,0.7732496619,0.2325694991,0.7374459083,1.474891817,64.74282036,5.560462117,-0.4266820723
343,0.7879294832,0.4230949952,0.6646980484,1.329396097,60.84299484,5.916868507,-0.4872044798
344,0.8195748943,0.5055175224,0.6451007998,1.2902016,56.82731663,6.334981508,-0.5471642212
345,0.7633098505,0.3994825826,0.6504272396,1.300854479,62.91385926,5.722109631,-0.4553295606
346,0.7593383929,0.3971051451,0.6472266208,1.294453242,63.22418923,5.694023196,-0.4505006671
347,0.7810689838,0.4465478096,0.6408305635,1.281661127,60.66931481,5.933806919,-0.4898494249
348,0.7976841177,0.2762593835,0.748318585,1.49663717,62.69613501,5.741980744,-0.4587094967
349,0.8068230015,0.3356876749,0.733673729,1.467347458,61.34275435,5.86866377,-0.4795688336
350,0.8418419178,0.2680675461,0.7980210557,1.596042111,60.10996377,5.989023739,-0.4983369783
351,0.8661783307,0.2873404985,0.8171293279,1.634258656,58.52409711,6.151312327,-0.5221399203
352,0.7678676751,0.3212138466,0.6974542503,1.394908501,64.03653768,5.621790512,-0.4377978941
353,0.9478523594,0.4330343387,0.8431520365,1.686304073,52.43800003,6.865250387,-0.6096195629
354,0.7554888476,0.3123118314,0.6879133076,1.375826615,65.00108399,5.538369176,-0.422601115
355,0.8884113287,0.3485998265,0.8171614589,1.634322918,56.57772245,6.362928454,-0.5508053012
356,0.8251386019,0.4807168936,0.6706451972,1.341290394,57.2814217,6.284760212,-0.5405131541
357,0.8480362467,0.2966502844,0.7944583592,1.588916718,59.43612719,6.056922229,-0.5084985836
358,0.8348656808,0.3898224282,0.7382676882,1.476535376,58.8062521,6.12179806,-0.5179336692
359,0.8124900629,0.3638940733,0.7264442207,1.452888441,60.55154355,5.945348027,-0.4916403849
360,0.8901023006,0.4714324227,0.7550056797,1.510011359,54.31223885,6.628340272,-0.5833677304
361,0.7878610865,0.4493790936,0.647134856,1.294269712,60.19283578,5.980778199,-0.4970824619
362,0.8183967024,0.4202014871,0.7022847518,1.404569504,59.13218316,6.088055281,-0.5130591941
363,0.8228422512,0.3985903475,0.7198576979,1.439715396,59.320651,6.0687129,-0.5102329699
364,0.827687194,0.3108144923,0.7671117536,1.534223507,60.44033594,5.956287211,-0.4933296242
365,0.8695219337,0.3830516935,0.7806021992,1.561204398,57.04445256,6.310867821,-0.543988194
366,0.7973688967,0.3354767043,0.7233619691,1.446723938,61.92725978,5.813271914,-0.4705921359
367,0.7806861693,0.2841064083,0.7271550341,1.454310068,63.69439637,5.651988566,-0.4431588667
368,0.8039226623,0.4403058012,0.6726235562,1.345247112,59.49455578,6.05097383,-0.5076202324
369,0.8081360931,0.423911165,0.688028538,1.376057076,59.63594483,6.036627759,-0.5054925617
370,0.8217850328,0.3808553371,0.728203167,1.456406334,59.71155207,6.028984134,-0.5043535344
371,0.7867741321,0.4360288426,0.6548987581,1.309797516,60.60019592,5.940574853,-0.4909007745
372,0.7935563069,0.3616009699,0.706382581,1.412765162,61.73876261,5.831020655,-0.4734924268
373,0.7863241381,0.4509285839,0.6441809236,1.288361847,60.2415587,5.975940991,-0.4963444087
374,0.8158127169,0.3692559959,0.7274616131,1.454923226,60.2635482,5.973760436,-0.4960111949
375,0.7743849379,0.4162581708,0.6529940025,1.305988005,61.83137718,5.822286619,-0.4720680613
376,0.8021629474,0.3777770641,0.7076368306,1.415273661,60.92474596,5.908929029,-0.4859579542
377,0.8884866354,0.384972288,0.8007526701,1.60150534,56.03473374,6.424586608,-0.5586902231
378,0.7537973244,0.4100040349,0.6325401945,1.265080389,63.29451815,5.687696352,-0.449404471
379,0.871494913,0.4535603267,0.7441682696,1.488336539,55.60205824,6.474580463,-0.5649373624
380,0.8304706842,0.4882440102,0.6717881688,1.343576338,56.7954798,6.338532595,-0.5476292361
381,0.7428047706,0.4732337678,0.5725458307,1.145091661,62.20863335,5.786978119,-0.466253346
382,0.8920518842,0.4310245695,0.7810085689,1.562017138,55.0547526,6.538945014,-0.5727933821
383,0.7572300302,0.2260199795,0.7227117596,1.445423519,65.89255374,5.463439791,-0.4084490905
384,0.7166062194,0.4113883249,0.5867572921,1.173514584,65.8141949,5.4699446,-0.4096970456
385,0.8140817482,0.4230004207,0.6955571413,1.391114283,59.31599059,6.069189715,-0.5103029232
386,0.7361513352,0.4067062173,0.6136031626,1.227206325,64.55745298,5.57642818,-0.4296058189
387,0.9734136184,0.394684733,0.8898078635,1.779615727,51.90655665,6.935540002,-0.6169458181
388,0.7631517444,0.2703719442,0.713652294,1.427304588,65.02512687,5.536321378,-0.4222207629
389,0.7459123073,0.3733125729,0.6457730972,1.291546194,64.61813474,5.571191454,-0.4286491965
390,0.8456624968,0.3490693871,0.7702568542,1.540513708,58.87293369,6.114864292,-0.5169377685
391,0.7813173351,0.415984441,0.6613726053,1.322745211,61.40903429,5.862329609,-0.4785534133
392,0.8580143327,0.3709079101,0.7737027319,1.547405464,57.85507509,6.222444608,-0.532062634
393,0.827918912,0.3802263186,0.7354438601,1.47088772,59.37060463,6.063606767,-0.509482949
394,0.8317937878,0.4263289582,0.7142300223,1.428460045,58.25568757,6.179654125,-0.5261295093
395,0.8622619752,0.3023778489,0.8075043966,1.615008793,58.56935959,6.146558585,-0.5214660158
396,0.85538361,0.4320962798,0.7382234927,1.476446985,56.87608039,6.329550094,-0.5464516408
397,0.7912162295,0.4826900716,0.6269237726,1.253847545,59.045057,6.097038741,-0.5143638454
398,0.8205366005,0.3628433101,0.7359517953,1.471903591,60.09477788,5.990537159,-0.4985667493
399,0.9326226312,0.4566051289,0.81320153,1.62640306,52.68700978,6.832803788,-0.6061687361
400,0.7115336578,0.4157769494,0.5774163788,1.154832758,66.06646525,5.449057985,-0.4056766227
401,0.7939602101,0.3635546915,0.7058334092,1.411666818,61.67982338,5.836592589,-0.4743982384
402,0.7780368856,0.3952163529,0.6701831315,1.340366263,62.06677757,5.800204459,-0.4684421789
403,0.8015231119,0.5270733732,0.6038484563,1.207696913,56.98028138,6.317975118,-0.5449276353
404,0.7411948231,0.3133416367,0.6717043878,1.343408776,65.97809897,5.456356057,-0.4070858115
405,0.8725541499,0.2603855008,0.8327965751,1.66559315,58.44939314,6.159174299,-0.5232514607
406,0.7946158052,0.4510824598,0.6541703847,1.308340769,59.75566124,6.024533786,-0.5036886214
407,0.775145226,0.3349476556,0.6990423373,1.398084675,63.34787488,5.682905712,-0.4485723637
408,0.7424231056,0.4324044352,0.6035051551,1.20701031,63.47753573,5.671297662,-0.4465486606
409,0.7721458387,0.409801954,0.6544245982,1.308849196,62.1198884,5.79524544,-0.467623015
410,0.8049986911,0.2673501866,0.7593067696,1.518613539,62.33681005,5.775078958,-0.4642731229
411,0.7436334293,0.3706971495,0.6446505259,1.289301052,64.82611658,5.553317382,-0.4253668088
412,0.8058957427,0.3018916088,0.7472144301,1.49442886,61.8706158,5.818594099,-0.471464219
413,0.8535079523,0.5570751603,0.646639846,1.293279692,53.50071518,6.728882012,-0.5948127527
414,0.785527644,0.3945277001,0.679265466,1.358530932,61.61460824,5.84277025,-0.4753999167
415,0.7547757232,0.4336305491,0.6177790375,1.235558075,62.63947834,5.747174299,-0.4595879469
416,0.7525123455,0.3949963118,0.6405097531,1.281019506,63.72047913,5.649675032,-0.4427507329
417,0.8678838732,0.3579917618,0.7906100909,1.581220182,57.52329369,6.258334266,-0.5369566818
418,0.7306418543,0.3932134234,0.6158089987,1.231617997,65.25416813,5.516888964,-0.4185936713
419,0.8590612071,0.421041871,0.7488056493,1.497611299,56.9082757,6.325969212,-0.5459809567
420,0.747764651,0.331254809,0.6703896067,1.340779213,65.24308347,5.517826272,-0.4187693621
421,0.7180335934,0.401174567,0.5955092007,1.191018401,65.96512379,5.45742931,-0.4072926471
422,0.8058796197,0.4522250191,0.6670341022,1.334068204,59.08543811,6.092871806,-0.5137593152
423,0.819610458,0.404590622,0.7127887004,1.425577401,59.3869452,6.06193834,-0.5092375219
424,0.815641987,0.3537822396,0.7349217495,1.469843499,60.53112513,5.947353518,-0.4919506789
425,0.8296787953,0.4990609449,0.6628009328,1.325601866,56.51992917,6.369434734,-0.5516469018
426,0.8433916746,0.3812464994,0.7523035448,1.50460709,58.48354126,6.155578001,-0.5227434718
427,0.8345268147,0.3677897812,0.749109926,1.498219852,59.20700567,6.080361537,-0.5119378343
428,0.8828459077,0.5408666953,0.6977679518,1.395535904,52.81134881,6.816716636,-0.6044413311
429,0.7602904407,0.3374033194,0.6813226506,1.362645301,64.29022952,5.599606701,-0.4338127363
430,0.888086058,0.3627193502,0.8106364902,1.62127298,56.39454523,6.383596118,-0.5534708439
431,0.7863395933,0.405140808,0.6739368529,1.347873706,61.34185939,5.868749392,-0.4795825402
432,0.8088587955,0.4187727421,0.6920129634,1.384025927,59.7078499,6.029357959,-0.5044093282
433,0.8586916842,0.4868631286,0.7073299814,1.414659963,55.43310049,6.494314711,-0.5673681141
434,0.8609571541,0.4055751901,0.7594445249,1.51888905,57.10316333,6.304379284,-0.5431280932
435,0.8403465882,0.4239134352,0.7255892693,1.451178539,57.84217499,6.223832352,-0.5322532554
436,0.8090730216,0.4437522559,0.6765227931,1.353045586,59.11817313,6.08949805,-0.5132690643
437,0.8619741361,0.4032427863,0.7618363778,1.523672756,57.09229415,6.305579506,-0.5432873675
438,0.7511375813,0.4617806327,0.5924240992,1.184848198,62.05958337,5.800876842,-0.468553109
439,0.7722433837,0.2264756856,0.7382876184,1.476575237,64.86687395,5.549828103,-0.4247229143
440,0.7534452375,0.3734350931,0.6543897594,1.308779519,64.10530472,5.615759906,-0.4367185011
441,0.8217445674,0.3650571839,0.7362047178,1.472409436,59.98738552,6.001261713,-0.5001906556
442,0.9124060982,0.2699848209,0.8715463754,1.743092751,56.24380947,6.400704423,-0.5556600661
443,0.8626117939,0.4450030448,0.7389664384,1.477932877,56.23191174,6.402058704,-0.5558327001
444,0.8235128482,0.4526380038,0.687962389,1.375924778,58.102729,6.195922398,-0.5283978976
445,0.7923651011,0.4381214259,0.6602212277,1.320442455,60.2176348,5.978315176,-0.496706852
446,0.8052345202,0.3732401894,0.7135085098,1.42701702,60.82226515,5.918885117,-0.4875204046
447,0.7991441418,0.3480460863,0.7193714487,1.438742897,61.62042372,5.842218834,-0.4753106183
448,0.8995479374,0.4526958261,0.7773371088,1.554674218,54.27020839,6.633473699,-0.5839633848
449,0.7818083376,0.4583193861,0.6333779418,1.266755884,60.30328471,5.969824061,-0.4954088699
450,0.7666189969,0.4572931812,0.6152947528,1.230589506,61.23980672,5.87852933,-0.4811447365
451,0.8519240085,0.3384375296,0.7818149109,1.563629822,58.67734041,6.135247397,-0.5198569964
452,0.8009238307,0.5299397984,0.6005354217,1.201070843,56.90034372,6.32685106,-0.5460969355
453,0.9113841024,0.4287617695,0.8042290266,1.608458053,54.17223185,6.645471078,-0.5853506848
454,0.800934593,0.4860411208,0.6366005429,1.273201086,58.40934054,6.163397783,-0.5238470478
455,0.7948923667,0.2510751788,0.7541983354,1.508396671,63.14670943,5.701009653,-0.451707536
456,0.803687192,0.488250002,0.6383768778,1.276753756,58.1933445,6.186274446,-0.5270545158
457,0.8046884261,0.2760234889,0.7558667188,1.511733438,62.25933674,5.782265261,-0.4654702993
458,0.7707280046,0.3838966881,0.6683150379,1.336630076,62.76241505,5.735916945,-0.457681269
459,0.8460621329,0.4613640274,0.7091998075,1.418399615,56.70203557,6.348978417,-0.5489931236
460,0.8178490155,0.3199690166,0.7526598438,1.505319688,60.90279462,5.911058799,-0.4862927614
461,0.8136090091,0.4724438418,0.6623869232,1.324773846,58.12119746,6.193953595,-0.5281242083
462,0.782246698,0.3527202276,0.6982108117,1.396421623,62.6005312,5.750749924,-0.4601915537
463,0.8128247208,0.3972629756,0.7091305627,1.418261125,59.92326336,6.007683491,-0.5011594251
464,0.8326084802,0.3692686115,0.7462423024,1.492484605,59.29145024,6.071701713,-0.5106712206
465,0.7692677339,0.2829803005,0.715328593,1.430657186,64.46225645,5.584663334,-0.4311055807
466,0.7549341679,0.4127550076,0.6321067169,1.264213434,63.15484562,5.700275196,-0.4515808408
467,0.7840539746,0.4286103222,0.6565316648,1.31306333,60.94534113,5.906932234,-0.4856437669
468,0.8564396938,0.4864838549,0.704856303,1.409712606,55.55222538,6.480388455,-0.5656548068
469,0.7911553943,0.4078697409,0.6779152841,1.355830568,60.99015566,5.90259192,-0.4849598869
470,0.8502176392,0.3774407766,0.7618454529,1.523690906,58.1725294,6.188487998,-0.527363218
471,0.8216520301,0.4024236908,0.7163569164,1.432713833,59.31357637,6.069436746,-0.5103391595
472,0.8367083736,0.3880971423,0.7412567103,1.482513421,58.73445061,6.129281815,-0.5190052519
473,0.7924098598,0.4639794473,0.6423678529,1.284735706,59.53114569,6.04725469,-0.5070699108
474,0.7868700395,0.4671136381,0.6332213738,1.266442748,59.75805786,6.024292169,-0.5036524855
475,0.9638079309,0.324076878,0.9076893218,1.815378644,53.20455912,6.766337433,-0.5989598811
476,0.8866230165,0.3741857618,0.8037943698,1.60758874,56.29821569,6.394518824,-0.5548703359
477,0.7578254853,0.2837020544,0.7027180164,1.405436033,65.22700541,5.519186382,-0.4190241701
478,0.8361380087,0.4812361369,0.6837679066,1.367535813,56.70145136,6.349043832,-0.549001646
479,0.8853987418,0.4543664136,0.7599224264,1.519844853,54.90764639,6.556463874,-0.5748960609
480,0.8330907088,0.4621785951,0.693131355,1.38626271,57.35519255,6.276676688,-0.5394294496
481,0.8184016267,0.2813070546,0.7685359872,1.537071974,61.35623867,5.867374008,-0.4793623034
482,0.8593117685,0.4272521061,0.7455684766,1.491136953,56.77147122,6.341213153,-0.5479797982
483,0.7125724708,0.3619339165,0.6138105296,1.227621059,67.22083936,5.355482071,-0.3871802649
484,0.7715343234,0.2051661497,0.7437553786,1.487510757,65.09838638,5.53009099,-0.4210613582
485,0.8891462732,0.4491948974,0.7673363274,1.534672655,54.83567108,6.565069651,-0.5759234682
486,0.7965596937,0.4002264814,0.6887133722,1.377426744,60.82546129,5.918574103,-0.4874716989
487,0.79939985,0.4533953724,0.6583864795,1.316772959,59.42118826,6.058444984,-0.5087230743
488,0.7872617212,0.4182597357,0.6669631258,1.333926252,60.99491922,5.902130941,-0.4848871764
489,0.8115879045,0.4031884173,0.7043536235,1.408707247,59.877148,6.012310406,-0.5018557566
490,0.7818456378,0.4276053192,0.6545504506,1.309100901,61.10326468,5.891665558,-0.483232499
491,0.7989124753,0.2870895626,0.7455472662,1.491094532,62.49070114,5.760857111,-0.4618925652
492,0.8000633438,0.4140896292,0.6845663833,1.369132767,60.32327119,5.967846122,-0.4951058252
493,0.8610187691,0.5399445523,0.6706811472,1.341362294,53.77281048,6.694833258,-0.5909885414
494,0.8444514567,0.3824081801,0.7529025478,1.505805096,58.40499502,6.16385636,-0.5239116508
495,0.8053234452,0.4134492259,0.6910901454,1.382180291,60.02831418,5.997169918,-0.4995719703
496,0.8291292608,0.2303150311,0.7964987869,1.592997574,61.22340374,5.880104307,-0.4813956869
497,0.8974199915,0.3871038409,0.8096377322,1.619275464,55.55222798,6.480388151,-0.5656547692
498,0.7958955177,0.4305929179,0.6693574637,1.338714927,60.19322983,5.980739047,-0.4970764942
499,0.8483113716,0.3564212779,0.7698026083,1.539605217,58.61395619,6.141881958,-0.5208017072
500,0.7498486409,0.2602963189,0.7032203145,1.406440629,66.05584125,5.449934376,-0.4058460961
501,0.8302035747,0.3709356984,0.7427278661,1.485455732,59.40057497,6.060547397,-0.5090327781
502,0.7835424878,0.406120376,0.6700784062,1.340156812,61.49234408,5.854387329,-0.4772761844
503,0.7821386549,0.4229150969,0.6579389762,1.315877952,61.19760183,5.882583455,-0.4817903523
504,0.8510785138,0.4487145305,0.723180411,1.446360822,56.73909768,6.344831249,-0.5484523493
505,0.8032472971,0.4397420752,0.6721853372,1.344370674,59.54692678,6.045652051,-0.5068324954
506,0.8616779909,0.3943130591,0.7661632798,1.53232656,57.26713258,6.286328366,-0.5407229597
507,0.8296987437,0.4853417795,0.6729363732,1.345872746,56.91683493,6.325017905,-0.5458557948
508,0.8573982415,0.4355532433,0.7385290223,1.477058045,56.69952028,6.349260069,-0.549029816
509,0.8540933047,0.394171911,0.7576964285,1.515392857,57.67409748,6.241970239,-0.5347344244
510,0.7895195893,0.55636602,0.5601767879,1.120353576,56.31772302,6.392303891,-0.5545870566
511,0.8194343107,0.4667948485,0.6734798876,1.346959775,57.96112487,6.211059582,-0.5304945421
512,0.744900695,0.4174132597,0.6169628968,1.233925794,63.70335952,5.651193324,-0.4430186249
513,0.8212529724,0.412535381,0.7101204153,1.420240831,59.13220039,6.088053508,-0.5130589361
514,0.7743789929,0.2479702888,0.7336031356,1.467206271,64.51577646,5.580030494,-0.4302625526
515,0.7989762398,0.3292924047,0.7279625979,1.455925196,61.92038622,5.813917224,-0.4706979847
516,0.8337283251,0.4171706984,0.7218528441,1.443705688,58.34153002,6.170561517,-0.5248548149
517,0.7743375187,0.4268665655,0.6460522642,1.292104528,61.58082752,5.845975354,-0.4759185329
518,0.8062007558,0.4476752132,0.6704823354,1.340964671,59.18285551,6.08284269,-0.5122998666
519,0.808338989,0.3943476127,0.7056216277,1.411243255,60.24290466,5.975807475,-0.496324015
520,0.81432813,0.437385951,0.6868943392,1.373788678,58.97533583,6.104246715,-0.5154070128
521,0.828497851,0.409443643,0.7202531447,1.440506289,58.78790247,6.123708873,-0.5182076008
522,0.7985159807,0.3795464505,0.702546983,1.405093966,61.11244021,5.890780973,-0.4830922887
523,0.7690647838,0.3051924191,0.7059165878,1.411833176,64.18636787,5.608667572,-0.435445296
524,0.7830421224,0.3110673086,0.7186042687,1.437208537,63.189721,5.697129127,-0.4510376655
525,0.8033005284,0.3722789525,0.7118287157,1.423657431,60.95577068,5.905921556,-0.4854846361
526,0.7451457673,0.3698185007,0.6468975893,1.293795179,64.73945859,5.56075086,-0.4267351365
527,0.7339256553,0.3027350999,0.6685793348,1.33715867,66.6486134,5.401462711,-0.3963690662
528,0.7989353072,0.4075726265,0.6871551348,1.37431027,60.53007723,5.947456479,-0.4919666019
529,0.8198410858,0.3594067317,0.7368624072,1.473724814,60.19213556,5.980847775,-0.4970930662
530,0.7365416064,0.3243614028,0.661273936,1.322547872,66.13931831,5.443055798,-0.4045140994
531,0.7904121545,0.4421663078,0.6551643536,1.310328707,60.23061723,5.977026578,-0.496510181
532,0.7587257898,0.1706055175,0.739296004,1.478592008,66.22618841,5.435916042,-0.4031270499
533,0.7669595819,0.4655169241,0.6095252199,1.21905044,60.97400121,5.904155753,-0.4852064417
534,0.8568390729,0.4286161652,0.7419308457,1.483861691,56.87212232,6.329990606,-0.5465094945
535,0.8386753552,0.5489094595,0.6340936498,1.2681873,54.43526837,6.613359514,-0.5816223564
536,0.8393177885,0.3917862052,0.7422653969,1.484530794,58.52281548,6.151447039,-0.5221589975
537,0.790062028,0.4105156396,0.675036975,1.35007395,60.9987727,5.901758086,-0.4848283549
538,0.8772237672,0.3067844879,0.8218301623,1.643660325,57.70089283,6.23907157,-0.5343391778
539,0.8066305606,0.464497387,0.6594657223,1.318931445,58.71957827,6.130834222,-0.5192271084
540,0.8524967909,0.2710659336,0.8082536966,1.616507393,59.46564791,6.053915372,-0.5080548675
541,0.9085334706,0.3955124391,0.8179260222,1.635852044,54.87257751,6.560654088,-0.575396763
542,0.9052325902,0.3958531918,0.8140923123,1.628184625,55.02775597,6.542153022,-0.5731795447
543,0.8301418221,0.4222681117,0.7147202856,1.429440571,58.43277657,6.160925787,-0.5234985821
544,0.8448567709,0.4712019,0.7012501214,1.402500243,56.52070644,6.369347141,-0.5516355866
545,0.9261112677,0.3398464651,0.8615024436,1.723004887,54.80182265,6.569124576,-0.5764063215
546,0.7800749125,0.4118617389,0.6624853033,1.324970607,61.57909777,5.846139568,-0.4759450845
547,0.8558182648,0.3108316362,0.7973760695,1.594752139,58.82541058,6.11980429,-0.5176476059
548,0.7938065273,0.3863633486,0.6934350478,1.386870096,61.26922764,5.875706515,-0.4806945249
549,0.804066385,0.4002549355,0.6973655698,1.39473114,60.37739705,5.962496192,-0.4942848403
550,0.8267251417,0.2437742626,0.7899674479,1.579934896,61.24534639,5.877997615,-0.4810599758
551,0.8139300975,0.48964947,0.6501735154,1.300347031,57.60819633,6.249110768,-0.5357060059
552,0.7831934466,0.2810289654,0.7310367264,1.462073453,63.56843025,5.663188451,-0.4451286454
553,0.837710047,0.2567857843,0.7973827085,1.594765417,60.46622612,5.953736873,-0.4929365191
554,0.837350785,0.4360781943,0.7148371462,1.429674292,57.74268037,6.234556444,-0.5337225546
555,0.7885967577,0.3352998579,0.7137638625,1.427527725,62.47961033,5.761879725,-0.4620642417
556,0.8334966727,0.4278643304,0.715296315,1.43059263,58.1298021,6.193036738,-0.5279966751
557,0.776740486,0.4976377948,0.5963911534,1.192782307,59.35581679,6.065117447,-0.5097050191
558,0.9052668173,0.4211434341,0.8013402638,1.602680528,54.59880631,6.593550745,-0.5792981545
559,0.7871464349,0.4554787245,0.6419802501,1.2839605,60.07019625,5.992988578,-0.4989386091
560,0.8470234313,0.3744501953,0.7597603203,1.519520641,58.39775565,6.164620472,-0.5240192688
561,0.7868166619,0.349594971,0.7048856756,1.409771351,62.36329763,5.772626107,-0.4638636219
562,0.832256242,0.3093039907,0.7726457751,1.54529155,60.19151051,5.980909882,-0.497102532
563,0.7498256175,0.3029382863,0.6859058619,1.371811724,65.52399566,5.494170439,-0.4143121115
564,0.7907480242,0.4371833986,0.6589029623,1.317805925,60.33604459,5.966582703,-0.4949121171
565,0.8035175584,0.3450774717,0.7256459227,1.451291845,61.39966731,5.863223952,-0.478696956
566,0.7528022992,0.4676625185,0.5899178506,1.179835701,61.76982443,5.828088445,-0.4730148493
567,0.7859085891,0.288806955,0.7309191838,1.461838368,63.29760647,5.687418847,-0.4493563188
568,0.8003947575,0.4844541969,0.6371309904,1.274261981,58.48709669,6.155203804,-0.5226905705
569,0.8878515618,0.4265472399,0.7786769857,1.557353971,55.34484095,6.504671326,-0.5686359209
570,0.8025287911,0.4409834325,0.6705117991,1.341023598,59.55771133,6.044557321,-0.5066702274
571,0.7899518835,0.4039947742,0.6788314965,1.357662993,61.14602413,5.887545513,-0.4825789907
572,0.8405986031,0.3340685366,0.7713651693,1.542730339,59.37678671,6.062975448,-0.5093901022
573,0.8319389795,0.4122109505,0.722637252,1.445274504,58.54095547,6.1495409,-0.5218889574
574,0.8290519989,0.2547931187,0.7889281865,1.577856373,60.99904546,5.901731696,-0.4848241913
575,0.8263032792,0.4282173244,0.7066873653,1.413374731,58.51659314,6.15210115,-0.522251614
576,0.8034645555,0.4194537945,0.6852837414,1.370567483,60.00586095,5.999413962,-0.4999114092
577,0.8780910939,0.4365598945,0.7618788799,1.52375776,55.63203166,6.47109209,-0.5645056289
578,0.7722765216,0.44366984,0.632113992,1.264227984,61.27638332,5.875020367,-0.4805850065
579,0.7573622368,0.4212363421,0.6294104399,1.25882088,62.7910332,5.733302697,-0.4572371152
580,0.8142965799,0.4025435018,0.7078401296,1.415680259,59.73316547,6.026802651,-0.5040277657
581,0.7953724396,0.4029321247,0.6857572607,1.371514521,60.84072768,5.917088991,-0.4872390349
582,0.7597340727,0.3122092267,0.6926191305,1.385238261,64.71377491,5.562957817,-0.4271404937
583,0.7838680513,0.3137430724,0.7183414275,1.436682855,63.09912996,5.70530846,-0.4524482513
584,0.7012528494,0.3739338732,0.5932360553,1.186472111,67.82812152,5.307533099,-0.377386312
585,0.6888708227,0.3589529695,0.5879589918,1.175917984,69.0980181,5.209990241,-0.3567703138
586,0.8268632818,0.4065880637,0.7199923841,1.439984768,58.93643881,6.108275411,-0.5159886581
587,0.8990830787,0.4251466823,0.7922125226,1.584425045,54.82386721,6.566483146,-0.5760918752
588,0.9758159739,0.3448960825,0.912832683,1.825665366,52.42991631,6.866308881,-0.6097313961
589,0.7753979332,0.4409686692,0.6377998022,1.275599604,61.15803674,5.886389086,-0.4823953493
590,0.7768561363,0.4793816899,0.6113089659,1.222617932,59.96022486,6.003980153,-0.5006010805
591,0.8298449614,0.50322109,0.6598569501,1.3197139,56.38586109,6.384579273,-0.5535970729
592,0.7626130618,0.3564505538,0.6741822341,1.348364468,63.81095527,5.641664484,-0.441334284
593,0.8310680257,0.3965493294,0.7303579209,1.460715842,58.89459372,6.112615391,-0.5166141217
594,0.8453575565,0.5285425646,0.6597515864,1.319503173,54.84491644,6.563962958,-0.5757915467
595,0.899546326,0.4320711151,0.7889855158,1.577971032,54.67337074,6.584558354,-0.5782368769
596,0.7833654144,0.4240576157,0.6586626687,1.317325337,61.0959969,5.892366411,-0.4833435484
597,0.7478910656,0.3556833693,0.6578984624,1.315796925,64.81729085,5.554073539,-0.4255062114
598,0.8227612045,0.3991242484,0.7194691335,1.438938267,59.31492868,6.069298371,-0.5103188622
599,0.7660680812,0.4860394676,0.5921367587,1.184273517,60.36491255,5.963729339,-0.4944742452
600,0.8421728984,0.4084308906,0.7365048529,1.473009706,58.05397271,6.201126007,-0.5291201667
601,0.7856627913,0.4994978194,0.6064387438,1.212877488,58.80043802,6.122403372,-0.5180204703
602,0.8537659896,0.493581506,0.696630219,1.393260438,55.49242147,6.487372338,-0.5665152394
603,0.8188813399,0.4610573035,0.6767516618,1.353503324,58.1411564,6.19182731,-0.5278283697
604,0.7815492312,0.3185609993,0.713679263,1.427358526,63.17992829,5.698012165,-0.4511902013
605,0.8719128851,0.4554053168,0.7435308175,1.487061635,55.54097371,6.481701273,-0.5658167379
606,0.8015156841,0.2652541709,0.7563515167,1.512703033,62.57779225,5.752839579,-0.4605438661
607,0.8024898477,0.4612039187,0.6567198041,1.313439608,59.03893319,6.097671156,-0.5144555003
608,0.7508700133,0.3461038581,0.6663466787,1.332693357,64.78262634,5.557045466,-0.4260536404
609,0.8138916361,0.3322998537,0.7429646039,1.485929208,60.96534849,5.90499372,-0.4853384866
610,0.8674635621,0.3899818959,0.7748594404,1.549718881,57.03676379,6.31171855,-0.5441007907
611,0.8502881642,0.433987963,0.7311938253,1.462387651,57.10223934,6.304481298,-0.5431416339
612,0.8050025761,0.4604107612,0.6603416377,1.320683275,58.92000508,6.109979106,-0.5162343279
613,0.8180033618,0.4678754195,0.6709859102,1.34197182,58.00915314,6.205917179,-0.5297837797
614,0.8068248511,0.4743179091,0.652678222,1.305356444,58.43592991,6.16059333,-0.5234516891
615,0.8136835554,0.3817535612,0.7185716018,1.437143204,60.16692213,5.983354097,-0.4974748546
616,0.8913789925,0.356989106,0.8167712571,1.633542514,56.30787644,6.393421716,-0.5547300536
617,0.8523935238,0.3265940582,0.787344296,1.574688592,58.81373518,6.121019162,-0.5178219431
618,0.7937946468,0.3388914035,0.7178179142,1.435635828,62.09719967,5.797362874,-0.4679730077
619,0.8142361414,0.342333682,0.7387747587,1.477549517,60.79449032,5.921589245,-0.4879435989
620,0.8396320258,0.4080020877,0.7338366543,1.467673309,58.20090596,6.185470725,-0.5269423569
621,0.7942006374,0.4081245328,0.6813141846,1.362628369,60.80121595,5.920934218,-0.4878411336
622,0.8084623245,0.4960359423,0.6384040053,1.276808011,57.69813593,6.239369681,-0.534379849
623,0.8892676954,0.3493766869,0.817760946,1.635521892,56.5227646,6.369115215,-0.5516056246
624,0.8449580233,0.4274433509,0.7288664095,1.457732819,57.5215356,6.258525546,-0.5369825673
625,0.8277151913,0.3227443595,0.7621997877,1.524399575,60.27950868,5.972178737,-0.495769295
626,0.7737910911,0.4455695047,0.6326298042,1.265259608,61.13317418,5.888783052,-0.4827754095
627,0.8724359219,0.4911373957,0.7210606746,1.442121349,54.66799064,6.585206366,-0.5783134847
628,0.7664996353,0.3510178316,0.6814016237,1.362803247,63.64920124,5.656001851,-0.4438658465
629,0.7828390688,0.3198124696,0.7145327087,1.429065417,63.07871201,5.707155212,-0.4527660215
630,0.8279680642,0.4591360623,0.6890030419,1.378006084,57.70228906,6.238920602,-0.5343185794
631,0.7926192938,0.3885998962,0.6908223112,1.381644622,61.29801058,5.872947533,-0.4802539534
632,0.7258260233,0.3934426156,0.6099396071,1.219879214,65.5888963,5.488733922,-0.413280909
633,0.7981099205,0.4436608962,0.6634338357,1.326867671,59.74508521,6.025600244,-0.5038480744
634,0.8286901427,0.4117135743,0.7191795918,1.438359184,58.73146034,6.129593883,-0.5190498618
635,0.8310932937,0.4441839551,0.7024362441,1.404872488,57.89539726,6.218110887,-0.5314666296
636,0.8974637811,0.5059480776,0.7412541948,1.48250839,53.15481567,6.772669521,-0.5996548812
637,0.8241968353,0.4212005686,0.7084423084,1.416884617,58.78506066,6.124004908,-0.5182500201
638,0.8048835964,0.4228730561,0.6848474153,1.369694831,59.84708673,6.015330397,-0.5023094998
639,0.7919649971,0.4446082921,0.6553869264,1.310773853,60.07738104,5.992271863,-0.4988299303
640,0.9206740832,0.4137357167,0.8224740264,1.644948053,53.99642511,6.66710804,-0.5878357286
641,0.7470252919,0.3955944637,0.6336811557,1.267362311,64.07456197,5.618454328,-0.4372011286
642,0.8039190797,0.4435472008,0.6704862172,1.340972434,59.41510561,6.059065221,-0.5088144698
643,0.8434788651,0.3932533147,0.7461959705,1.492391941,58.26685307,6.178469937,-0.525963777
644,0.8190296686,0.3607539166,0.7353000814,1.470600163,60.21764879,5.978313788,-0.4967066402
645,0.8141245746,0.4079154338,0.7045593103,1.409118621,59.63411246,6.036813246,-0.5055201556
646,0.8741055263,0.3576835011,0.7975731843,1.595146369,57.19697352,6.294039315,-0.54175261
647,0.9072352409,0.5262572265,0.7390054897,1.478010979,52.20753443,6.895556436,-0.6128031425
648,0.7857590243,0.3636459478,0.6965478224,1.393095645,62.1891081,5.788795031,-0.4665547903
649,0.8666420172,0.4269815495,0.7541585658,1.508317132,56.39965041,6.383018288,-0.5533966313
650,0.8059885302,0.3218536434,0.7389369006,1.477873801,61.59545123,5.84458743,-0.4756940438
651,0.8596962703,0.2941289724,0.8078154645,1.615630929,58.80792781,6.121623621,-0.5179086508
652,0.8420216798,0.3927209361,0.7448293601,1.48965872,58.35658064,6.168970081,-0.5246312033
653,0.8335013049,0.3563640289,0.753478005,1.50695601,59.4496715,6.055542292,-0.5082950204
654,0.8673584296,0.4007383198,0.7692330235,1.538466047,56.85538602,6.331853941,-0.5467540942
655,0.7768579017,0.3812959065,0.6768468299,1.35369366,62.42252663,5.767148808,-0.4629475762
656,0.8978917573,0.4423859301,0.7813477438,1.562695488,54.5544863,6.598907338,-0.5799284976
657,0.8076269343,0.3750332413,0.7152701119,1.430540224,60.64700352,5.935989894,-0.4901888741
658,0.775527722,0.3648840474,0.6843265884,1.368653177,62.81674914,5.730955596,-0.4568379066
659,0.8560089547,0.4252474351,0.7429104585,1.485820917,56.9837488,6.317590674,-0.544876891
660,0.8650147949,0.481869023,0.7183681786,1.436736357,55.25533868,6.515207554,-0.569920201
661,0.8642780867,0.2842787238,0.8161876122,1.632375224,58.66276624,6.136771637,-0.5200742737
662,0.8137931704,0.3445141446,0.7372715431,1.474543086,60.78743653,5.922276387,-0.4880510565
663,0.8276815046,0.4313471007,0.7063967382,1.412793476,58.37185343,6.167355992,-0.5244042538
664,0.8509550943,0.4240816044,0.7377529162,1.475505832,57.27275132,6.285711647,-0.5406404644
665,0.7835606351,0.3577319856,0.6971334846,1.394266969,62.43133405,5.766335214,-0.4628113168
666,0.8374228018,0.4132168872,0.7283740475,1.456748095,58.21898692,6.183549716,-0.5266741255
667,0.757712412,0.4161456672,0.6332068247,1.266413649,62.8928443,5.724021611,-0.4556560828
668,0.7826528869,0.3109674789,0.7182233416,1.436446683,63.21622044,5.694740962,-0.4506248316
669,0.7517804238,0.4486746622,0.6032121129,1.206424226,62.41326983,5.76800416,-0.463090776
670,0.8777685363,0.4318155967,0.7642073631,1.528414726,55.74245351,6.458273315,-0.5629137939
671,0.8515084645,0.3341401535,0.7832094375,1.566418875,58.76050686,6.126563899,-0.5186164764
672,0.815227336,0.3224338803,0.7487536325,1.497507265,61.02607298,5.899117908,-0.4844115662
673,0.7598176795,0.4548414534,0.6086395965,1.217279193,61.72888944,5.831953292,-0.4736441982
674,0.7298655728,0.4378385586,0.5839530384,1.167906077,64.16741503,5.610324178,-0.4357430537
675,0.8567443393,0.4290995366,0.7415419412,1.483083882,56.86716654,6.330542242,-0.5465819276
676,0.901212654,0.3299883108,0.8386250428,1.677250086,56.16351319,6.40985543,-0.556824686
677,0.7835617709,0.4091691888,0.6682436859,1.336487372,61.42440985,5.86086217,-0.4783177654
678,0.7970674097,0.4104917484,0.6832371332,1.366474266,60.57886507,5.942666631,-0.4912250885
679,0.7516250149,0.4237816842,0.6207650499,1.2415301,63.09940699,5.705283412,-0.4524439393
680,0.7832292008,0.4082752876,0.6684005315,1.336801063,61.4645199,5.857037533,-0.4777028714
681,0.8035473474,0.3522467689,0.7222261095,1.444452219,61.28284566,5.87440084,-0.4804860933
682,0.8741782241,0.4504740291,0.7491733555,1.498346711,55.53663671,6.482207446,-0.5658791491
683,0.8345496315,0.4398777931,0.7092112624,1.418422525,57.80816188,6.227494324,-0.532755729
684,0.8972338875,0.4040156555,0.8011242094,1.602248419,55.28530941,6.511675594,-0.5694903017
685,0.8155112647,0.4390846079,0.6872141805,1.374428361,58.86916875,6.115255364,-0.5169940172
686,0.7826297637,0.4637085632,0.630463096,1.260926192,60.10157169,5.989859997,-0.4984639596
687,0.9364031783,0.371197293,0.8596880143,1.719376029,53.90193061,6.678796027,-0.5891691314
688,0.7837404439,0.3668004364,0.6926084921,1.385216984,62.25971111,5.782230492,-0.4654645163
689,0.8263159143,0.4552744327,0.6895818886,1.379163777,57.88664076,6.219051499,-0.5315960823
690,0.7175168916,0.4204601749,0.5814152828,1.162830566,65.51107552,5.495254003,-0.4145173355
691,0.8037005397,0.3935011798,0.7007791228,1.401558246,60.5339017,5.947080725,-0.4919084877
692,0.9115712403,0.4507300613,0.7923411752,1.58468235,53.75030381,6.697636561,-0.5913053721
693,0.7971230827,0.3896515181,0.6953969394,1.390793879,61.00375712,5.901275872,-0.4847522667
694,0.8156323892,0.3594768991,0.7321424406,1.464284881,60.43898072,5.956420769,-0.4933501985
695,0.8042736771,0.4284666646,0.6806412161,1.361282432,59.75515601,6.024584723,-0.503696239
696,0.7816685883,0.2237045223,0.7489740107,1.497948021,64.26591412,5.601725346,-0.4341950684
697,0.9753175808,0.4337358455,0.8735660249,1.74713205,51.2446738,7.025120336,-0.6259959673
698,0.7971566079,0.3945180362,0.6926862036,1.385372407,60.90540209,5.910805736,-0.4862529953
699,0.8475948022,0.4206621103,0.7358398859,1.471679772,57.52020699,6.258670107,-0.5370021289
700,0.8097555572,0.3615001509,0.7245838138,1.449167628,60.75495856,5.925442278,-0.4885457311
701,0.7553270975,0.3210018316,0.6837227861,1.367445572,64.88351843,5.548404413,-0.4244598989
702,0.7979885732,0.4620261811,0.6506285968,1.301257194,59.2693585,6.073964847,-0.5110026897
703,0.7930093554,0.4466174681,0.6552836599,1.31056732,59.96488651,6.003513406,-0.5005306464
704,0.7979062348,0.501199459,0.6208489848,1.24169797,58.0860404,6.197702538,-0.5286451634
705,0.8573715737,0.4154373327,0.7499985586,1.499997117,57.10591432,6.304075581,-0.5430877778
706,0.8781496673,0.4766410428,0.7375365446,1.475073089,54.75479038,6.574767203,-0.5770769103
707,0.8487481336,0.3845394916,0.7566391305,1.513278261,58.13237552,6.192762583,-0.5279585309
708,0.8609040131,0.2816056785,0.8135440748,1.62708815,58.87963062,6.114168792,-0.5168377102
709,0.8784990815,0.4769959031,0.7377232168,1.475446434,54.72983515,6.577765108,-0.5774325656
710,0.9056478755,0.383269629,0.8205500996,1.641100199,55.20466623,6.521187874,-0.5706466906
711,0.8482845996,0.484274137,0.6964663109,1.392932622,56.01050094,6.42736619,-0.5590409514
712,0.8163691057,0.3906975776,0.716808147,1.433616294,59.84383155,6.015657599,-0.5023586251
713,0.7629096353,0.3195474845,0.6927629586,1.385525917,64.39228412,5.590731947,-0.4322071924
714,0.8347985563,0.3258981703,0.768556447,1.537112894,59.8235,6.017702073,-0.5026654199
715,0.8747838466,0.4316175361,0.760889664,1.521779328,55.8955729,6.44058163,-0.560702975
716,0.8693337761,0.4417499319,0.7487310679,1.497462136,55.96237268,6.432893795,-0.5597372289
717,0.7987381662,0.3982104797,0.6923951705,1.384790341,60.7359713,5.927294687,-0.4888348549
718,0.899817104,0.4310672271,0.7898429378,1.579685876,54.67918766,6.58385787,-0.5781540432
719,0.9241685539,0.4972430148,0.7789973686,1.557994737,52.20756773,6.895552037,-0.6128026833
720,0.8562303122,0.3934199437,0.7604939811,1.520987962,57.57282102,6.2529505,-0.5362272523
721,0.8714101097,0.4454723032,0.7489392542,1.497878508,55.78027589,6.453894217,-0.5623680675
722,0.8830953723,0.4865776009,0.7369529665,1.473905933,54.28446698,6.631731322,-0.5837613476
723,0.8327050268,0.4585753925,0.6950584659,1.390116932,57.46503271,6.264679284,-0.5378142252
724,0.8566840791,0.4800126486,0.7095741459,1.419148292,55.70722224,6.462357762,-0.5634219133
725,0.8072186662,0.5000959042,0.6336450597,1.267290119,57.63362311,6.246353787,-0.5353312224
726,0.8208205707,0.3267634576,0.7529754658,1.505950932,60.63081948,5.937574374,-0.4904350555
727,0.8705274753,0.3511371848,0.7965681155,1.593136231,57.48218705,6.262809724,-0.5375617883
728,0.933210885,0.3476981017,0.8660188139,1.732037628,54.36178987,6.622298509,-0.5826650916
729,0.8028907789,0.4023086276,0.6948247053,1.389649411,60.40509773,5.9597619,-0.4938645038
730,0.7481505243,0.3398543721,0.6665044732,1.333008946,65.07538315,5.5320458,-0.4214254815
731,0.771170974,0.3165008606,0.7032296043,1.406459209,63.88712024,5.634938602,-0.4401410302
732,0.9198010697,0.43603324,0.8098821034,1.619764207,53.6487315,6.710317093,-0.5927340896
733,0.7011415067,0.3330861344,0.6169708579,1.233941716,68.61520229,5.246650712,-0.3646297344
734,0.9004810633,0.3938536553,0.8097811084,1.619562217,55.29296454,6.510774074,-0.5693804718
735,0.7330962779,0.3373572619,0.6508611453,1.301722291,66.1730197,5.440283693,-0.4039761016
736,0.7686474581,0.4009863612,0.6557658523,1.311531705,62.53790313,5.756508964,-0.461161724
737,0.8553989727,0.5622908159,0.6446211607,1.289242321,53.23026393,6.76306998,-0.5986005645
738,0.8214075009,0.4145398646,0.7091311467,1.418262293,59.08191601,6.093235025,-0.5138120533
739,0.7894654171,0.2790269555,0.7385117486,1.477023497,63.18723643,5.697353142,-0.4510763676
740,0.7700109046,0.5147028,0.5727109401,1.14542188,59.08848354,6.092557778,-0.5137137129
741,0.8464107952,0.4823233635,0.6955396518,1.391079304,56.15519805,6.410804565,-0.5569452266
742,0.7770432591,0.3743402512,0.6809299544,1.361859909,62.54460393,5.755892233,-0.4610579483
743,0.9027285954,0.3345336398,0.8384546265,1.676909253,56.02940531,6.425197591,-0.5587673517
744,0.8048731892,0.3507852459,0.7244104927,1.448820985,61.22595237,5.879859537,-0.4813566978
745,0.8016251586,0.3912148403,0.6996812443,1.399362489,60.70248535,5.930564423,-0.4893446231
746,0.7838062505,0.4094761068,0.6683423945,1.336684789,61.40263446,5.862940624,-0.4786514878
747,0.8630677886,0.3516143302,0.7881962766,1.576392553,57.87645794,6.220145683,-0.5317466056
748,0.8364307789,0.3921283093,0.7388178645,1.477635729,58.67689661,6.1352938,-0.5198636132
749,0.7550425424,0.370490258,0.6578952877,1.315790575,64.05544583,5.62013105,-0.4375011677
750,0.81636344,0.3618226175,0.7318016532,1.463603306,60.35692262,5.964518805,-0.4945954498
751,0.7470826433,0.4583000267,0.5899945435,1.179989087,62.42358844,5.767050709,-0.4629311494
752,0.9343914199,0.3741363303,0.85621804,1.71243608,53.95585425,6.672121218,-0.5884084162
753,0.7831523091,0.3214135662,0.7141574468,1.428314894,63.03528763,5.711086814,-0.4534416558
754,0.7410571518,0.4723551702,0.5710046369,1.142009274,62.34866793,5.773980615,-0.464089811
755,0.8294237306,0.2810419062,0.7803583612,1.560716722,60.69849037,5.930954754,-0.4894054289
756,0.8526894179,0.3090427448,0.7947149334,1.589429867,59.02297734,6.099319557,-0.5146942834
757,0.8275631861,0.2614322017,0.7851840745,1.570368149,61.02087043,5.899620859,-0.4844910012
758,0.767341042,0.3999214938,0.6548855424,1.309771085,62.64471488,5.746693886,-0.4595067742
759,0.8266849337,0.3868959785,0.730561073,1.461122146,59.32131076,6.068645406,-0.5102230666
760,0.7920612316,0.4249569826,0.6684104709,1.336820942,60.55245849,5.945258194,-0.4916264794
761,0.7409700841,0.2875402366,0.6829035641,1.365807128,66.35186783,5.425619681,-0.4011186953
762,0.8624774496,0.4207284765,0.7528976691,1.505795338,56.73690871,6.34507604,-0.5484842951
763,0.8568894324,0.5099765999,0.6886097348,1.37721947,54.88349139,6.559349467,-0.5752409614
764,0.8186050701,0.22931162,0.7858310516,1.571662103,61.87053079,5.818602094,-0.4714655274
765,0.7639481451,0.371007561,0.6678099716,1.335619943,63.45473468,5.673335517,-0.4469046978
766,0.8116830656,0.4253503432,0.6913078073,1.382615615,59.40054641,6.06055031,-0.5090332071
767,0.7100802384,0.4615714689,0.5395977429,1.079195486,64.77405426,5.557780875,-0.4261889884
768,0.8827894652,0.4388721734,0.765968965,1.53193793,55.3538722,6.503610059,-0.5685062533
769,0.7429449209,0.2172475695,0.7104721311,1.420944262,66.97338096,5.375269919,-0.3911587436
770,0.7149527385,0.4222247821,0.576960702,1.153921404,65.64643163,5.483923362,-0.4123662901
771,0.8568474353,0.3955831677,0.7600667634,1.520133527,57.50152305,6.260703733,-0.537277189
772,0.7429304157,0.3484212232,0.6561617588,1.312323518,65.28955661,5.51389868,-0.418032662
773,0.7286966511,0.4030008084,0.6071154403,1.214230881,65.1632964,5.524582393,-0.4200335173
774,0.8325900032,0.3312825984,0.7638441945,1.527688389,59.8763623,6.0123893,-0.5018676177
775,0.872994531,0.4525946929,0.746510211,1.493020422,55.54917574,6.480744227,-0.5656986985
776,0.7823570173,0.2184561016,0.7512386,1.5024772,64.26683086,5.601645439,-0.434180655
777,0.9122699349,0.5240054967,0.746762796,1.493525592,52.05715029,6.91547651,-0.6148751594
778,0.8263397468,0.330317763,0.7574480527,1.514896105,60.25455312,5.974652227,-0.496147509
779,0.8030605448,0.4620147504,0.6568474777,1.313694955,58.98510422,6.103235804,-0.5152609042
780,0.8120744529,0.4834558663,0.6524839787,1.304967957,57.8897619,6.218716198,-0.5315499421
781,0.8447983684,0.5131077518,0.6711219846,1.342243969,55.35905232,6.503001495,-0.5684318724
782,0.7589845365,0.4504843377,0.6108366297,1.221673259,61.90721612,5.815154073,-0.470900778
783,0.8300037076,0.3362873518,0.7588260483,1.517652097,59.95484555,6.004518846,-0.5006823539
784,0.7951516316,0.4526974736,0.6537056789,1.307411358,59.68227325,6.031941821,-0.5047947257
785,0.7568069994,0.2730037988,0.7058510892,1.411702178,65.42731992,5.502288653,-0.4158472006
786,0.7603126589,0.3508651623,0.6745138821,1.349027764,64.0622758,5.619531862,-0.4373939729
787,0.741393663,0.3167318352,0.6703323863,1.340664773,65.91350543,5.461703146,-0.408115281
788,0.8867527913,0.4248485403,0.7783535383,1.556707077,55.43091585,6.494570665,-0.5673995117
789,0.8220899848,0.4384694588,0.6953966327,1.390793265,58.51843234,6.151907794,-0.5222242391
790,0.7770095768,0.3041177606,0.7150218669,1.430043734,63.67694494,5.653537561,-0.4434318891
791,0.7319063233,0.3330670062,0.6517309533,1.303461907,66.32971333,5.427431869,-0.4014728642
792,0.8299221524,0.5194621562,0.6472479025,1.294495805,55.86656824,6.443925434,-0.5611220676
793,0.788974356,0.4126933243,0.6724319701,1.34486394,61.01659699,5.900034053,-0.484556247
794,0.7710191009,0.4542610827,0.6229906281,1.245981256,61.06046041,5.895795701,-0.4838864227
795,0.8460478964,0.382083399,0.7548571515,1.509714303,58.32265562,6.172558437,-0.5251351864
796,0.8944345841,0.5033681819,0.7393468054,1.478693611,53.35378544,6.747412522,-0.5968722305
797,0.8528996013,0.3668982659,0.7699502532,1.539900506,58.19740136,6.18584321,-0.5269943417
798,0.8494368817,0.3597306305,0.7695043142,1.539008628,58.50053233,6.153790156,-0.5224906429
799,0.8608325896,0.456389364,0.7298914274,1.459782855,56.06939855,6.420614619,-0.5581883357
800,0.9327645888,0.2143418104,0.9078035947,1.815607189,55.66606649,6.467135595,-0.5640152081
801,0.8893635543,0.3989067595,0.7948842236,1.589768447,55.76230779,6.455973834,-0.5626273538
802,0.8022628552,0.4127251123,0.6879561545,1.375912309,60.22324203,5.97775855,-0.4966219111
803,0.7590312708,0.3031028595,0.6958858574,1.391771715,64.88975721,5.547870965,-0.4243613048
804,0.7727226725,0.3594746858,0.6840162855,1.368032571,63.09473341,5.705706016,-0.4525166809
805,0.8322233483,0.3488478479,0.7555798306,1.511159661,59.6395245,6.03626543,-0.5054386536
806,0.799033455,0.4311581149,0.6727236744,1.345447349,59.99634203,6.00036582,-0.5000552892
807,0.8720590174,0.4020377001,0.7738556826,1.547711365,56.58848765,6.361717991,-0.5506484736
808,0.7775242973,0.4694262328,0.6198250115,1.239650023,60.23015612,5.977072337,-0.4965171668
809,0.8318221575,0.3535723822,0.7529373628,1.505874726,59.5896768,6.041314861,-0.5061891584
810,0.8086127406,0.3595627297,0.7242715013,1.448543003,60.85591568,5.915612245,-0.4870075312
811,0.8806737911,0.310610332,0.824079819,1.648159638,57.47085161,6.264044988,-0.5377286018
812,0.8061583393,0.5125609938,0.6222318665,1.244463733,57.27226272,6.285765271,-0.5406476383
813,0.821561508,0.4260378477,0.7024635675,1.404927135,58.82768275,6.119567917,-0.5176136753
814,0.8232999313,0.3977994164,0.7208178696,1.441635739,59.30984792,6.069818295,-0.5103951201
815,0.8416326044,0.3882720302,0.7467196738,1.493439348,58.4579013,6.158277872,-0.5231249103
816,0.8056799611,0.3855314541,0.7074501378,1.414900276,60.56973206,5.943562696,-0.4913639257
817,0.8405361189,0.3343822993,0.7711611019,1.542322204,59.37592003,6.063063947,-0.509403119
818,0.7760947449,0.3814495554,0.6758840801,1.35176816,62.46798988,5.762951565,-0.4622440982
819,0.8188104742,0.4251017947,0.6998135872,1.399627174,59.00239618,6.101447115,-0.5150022266
820,0.879908729,0.4674468898,0.7454748665,1.490949733,54.8840105,6.559287427,-0.5752335502
821,0.8402560483,0.3683103899,0.755233529,1.510467058,58.87529643,6.114618895,-0.5169024678
822,0.8212864245,0.4594948345,0.6807171866,1.361434373,58.0513562,6.201405507,-0.5291589165
823,0.7982914963,0.4701266965,0.6451745519,1.290349104,59.02549764,6.099059125,-0.5146565693
824,0.7779540456,0.352871162,0.6933213108,1.386642622,62.87236623,5.725885975,-0.4559742041
825,0.8528709261,0.4580959723,0.719400373,1.438800746,56.43203951,6.379354762,-0.5529256974
826,0.9122936715,0.3718110598,0.833088398,1.666176796,55.04871751,6.53966189,-0.5728797197
827,0.8367591159,0.4165172285,0.7257266816,1.451453363,58.18881209,6.186756304,-0.5271217405
828,0.7515750502,0.4948032958,0.5657161431,1.131432286,60.90065803,5.911266178,-0.4863253453
829,0.7457321445,0.4263973711,0.6118020213,1.223604043,63.41881163,5.67654913,-0.4474654906
830,0.8974996434,0.2667960806,0.8569279207,1.713855841,57.04657754,6.310632741,-0.5439570734
831,0.8787702763,0.3005435145,0.8257789016,1.651557803,57.69001485,6.240248004,-0.5344996482
832,0.8304950436,0.4015936448,0.7269419247,1.453883849,58.83055366,6.119269284,-0.5175708024
833,0.7046509528,0.4348145664,0.5544991056,1.108998211,66.02983917,5.452080522,-0.406260821
834,0.8297377512,0.5099185727,0.6545592296,1.309118459,56.18334922,6.407592374,-0.5565370852
835,0.7974139286,0.3675699693,0.7076448906,1.415289781,61.39697588,5.863480975,-0.478738198
836,0.7963510184,0.4022505364,0.6872913869,1.374582774,60.79613974,5.92142859,-0.4879184706
837,0.8816043799,0.4061579729,0.7824717143,1.564943429,56.02806932,6.425350799,-0.5587866892
838,0.8025266325,0.3922278399,0.7001473541,1.400294708,60.62881388,5.937770788,-0.4904655606
839,0.8075541836,0.279729435,0.7575587124,1.515117425,62.03877314,5.802822683,-0.468873948
840,0.8246805242,0.4333786754,0.701627316,1.403254632,58.49167775,6.154721728,-0.5226224057
841,0.8241334055,0.4368026937,0.698855691,1.397711382,58.44421221,6.159720294,-0.5233285161
842,0.7987768657,0.5110108668,0.6139318979,1.227863796,57.70447792,6.238683946,-0.5342862868
843,0.8201937352,0.4222390843,0.7031585304,1.406317061,58.98698071,6.103041649,-0.5152328353
844,0.8146239527,0.2668351889,0.7696825101,1.53936502,61.74729363,5.83021504,-0.4733612755
845,0.7600535764,0.4598272196,0.6051779632,1.210355926,61.56609694,5.847374089,-0.4761446314
846,0.8212237862,0.3297925477,0.7520939984,1.504187997,60.56385513,5.944139441,-0.4914532585
847,0.7316466189,0.3421756631,0.6467013148,1.29340263,66.19425143,5.438538729,-0.4036370936
848,0.7849977232,0.4150004531,0.6663302855,1.332660571,61.20638878,5.881738935,-0.4816559582
849,0.7607728015,0.3469246378,0.677066135,1.35413227,64.0993423,5.616282275,-0.4368121145
850,0.7892429936,0.2473754814,0.7494730644,1.498946129,63.54710244,5.665089142,-0.4454619435
851,0.8827555044,0.4012526245,0.7862910479,1.572582096,56.0552635,6.422233659,-0.5583930118
852,0.8216477534,0.3546601478,0.7411620675,1.482324135,60.16290275,5.983753834,-0.4975357081
853,0.7803517284,0.4626774054,0.6283935379,1.256787076,60.26427507,5.973688385,-0.4960001792
854,0.8689941435,0.4265017977,0.7571307932,1.514261586,56.28914069,6.395549756,-0.5550020984
855,0.850837458,0.334558391,0.7823011332,1.564602266,58.79217854,6.123263484,-0.5181437705
856,0.80442261,0.3428947092,0.7276805301,1.45536106,61.37867417,5.86522933,-0.4790186153
857,0.8983845063,0.434932598,0.7860841916,1.572168383,54.67495215,6.584367902,-0.5782143579
858,0.865666266,0.3775948184,0.778973836,1.557947672,57.33721677,6.278644488,-0.5396935989
859,0.8131188437,0.4292234019,0.6906008436,1.381201687,59.23174757,6.077821688,-0.5115668369
860,0.8082549074,0.4713637482,0.6565761283,1.313152257,58.44131433,6.16002573,-0.5233716141
861,0.8214969929,0.470940578,0.6731064414,1.346212883,57.74033435,6.234809758,-0.5337571805
862,0.907904743,0.5394106452,0.7302925292,1.460585058,51.81902388,6.947255525,-0.6181474337
863,0.7475265901,0.3212645067,0.6749704583,1.349940917,65.41611461,5.503231156,-0.4160250504
864,0.7629361583,0.3204888315,0.6923571987,1.384714397,64.37647541,5.592104845,-0.4324559882
865,0.6897184126,0.346780032,0.5962005519,1.192401104,69.26417818,5.197491827,-0.3540596224
866,0.8784622534,0.5038239603,0.7196230595,1.439246119,54.05949489,6.659329702,-0.5869448671
867,0.9060556107,0.3808058212,0.8221457878,1.644291576,55.22206544,6.519133197,-0.5703972889
868,0.8443818528,0.4017554344,0.7426797993,1.485359599,58.06091285,6.200384774,-0.5290173798
869,0.9008213782,0.441432998,0.7852490457,1.570498091,54.43397245,6.61351696,-0.5816407551
870,0.8418321191,0.3430443621,0.768766468,1.537532936,59.17776075,6.083366377,-0.51237623
871,0.7437646533,0.401787583,0.6259014281,1.251802856,64.15451101,5.611452638,-0.4359457547
872,0.7486407067,0.4119170916,0.6251297604,1.250259521,63.58927974,5.661331619,-0.4448027625
873,0.7989789096,0.4550054705,0.6567627577,1.313525515,59.40265744,6.060334933,-0.5090014931
874,0.8687609144,0.4297311286,0.7550342267,1.510068453,56.23700255,6.401479163,-0.5557588362
875,0.9257744066,0.4323263168,0.8186282475,1.637256495,53.44101469,6.736399039,-0.5956500323
876,0.7343616198,0.3101281443,0.6656632202,1.33132644,66.5109761,5.412640456,-0.3985733813
877,0.8435256108,0.4212358248,0.7308186068,1.461637214,57.72627188,6.236328594,-0.5339647146
878,0.7820905156,0.3241578724,0.7117494281,1.423498856,63.06323268,5.708556074,-0.4530068922
879,0.8857553467,0.4051563768,0.7876616308,1.575323262,55.83642782,6.447403855,-0.5615574185
880,0.903284591,0.4897452746,0.7589944785,1.517988957,53.29097474,6.755365271,-0.5977514357
881,0.912509427,0.4113022216,0.8145575099,1.62911502,54.4229072,6.614861618,-0.581797841
882,0.8251184702,0.3431701357,0.7503697408,1.500739482,60.13795876,5.986235773,-0.4979133067
883,0.7191843298,0.4018107861,0.5964680983,1.192936197,65.86694902,5.465563615,-0.4088569593
884,0.7860868158,0.4851839096,0.6184893337,1.236978667,59.25205298,6.075738846,-0.5112622922
885,0.8033060156,0.3280626299,0.7332635717,1.466527143,61.67100421,5.837427241,-0.4745337332
886,0.8176269597,0.403226536,0.711282086,1.422564172,59.5277159,6.047603114,-0.5071215046
887,0.8265086107,0.4314621123,0.7049517212,1.409903442,58.43377967,6.160820026,-0.5234836653
888,0.8098274129,0.3732615352,0.7186767458,1.437353492,60.54756932,5.945738269,-0.4917007853
889,0.8545417683,0.4075214927,0.7511110882,1.502222176,57.4061694,6.271102981,-0.5386800698
890,0.8287985207,0.4550268782,0.6927174952,1.38543499,57.75977437,6.232711328,-0.5334702313
891,0.747252069,0.4611019746,0.5880226388,1.176045278,62.32545187,5.776131407,-0.4644486913
892,0.7896042264,0.4302759617,0.6620705636,1.324141127,60.57260059,5.943281227,-0.4913203205
893,0.7592178555,0.4075605123,0.6405514663,1.281102933,62.99755168,5.714507793,-0.4540285731
894,0.8396966031,0.4082956007,0.7337472914,1.467494583,58.19166493,6.186452999,-0.5270794276
895,0.8245668914,0.462620485,0.6825634369,1.365126874,57.79534669,6.228875171,-0.5329449984
896,0.7713760835,0.4136913219,0.6510610973,1.302122195,62.07924919,5.799039207,-0.468249857
897,0.7745828538,0.3966418961,0.6653223307,1.330644661,62.25434474,5.782728924,-0.4655474104
898,0.7436746194,0.4481716234,0.5934594641,1.186918928,62.94872843,5.718939984,-0.4547876419
899,0.8166458041,0.4495259274,0.6817894176,1.363578835,58.55445019,6.14812365,-0.5216880351
900,0.7730697656,0.4212790939,0.6481981083,1.296396217,61.79477662,5.825735113,-0.472631107
901,0.7632877618,0.3529751072,0.6767693706,1.353538741,63.82751559,5.640200729,-0.4410749046
902,0.8077933614,0.47571827,0.6528569845,1.305713969,58.34338359,6.170365478,-0.5248272778
903,0.7858741541,0.3943749373,0.679754805,1.35950961,61.59633899,5.844503194,-0.4756804147
904,0.8500090211,0.392744714,0.7538348132,1.507669626,57.91987708,6.215482804,-0.5311046636
905,0.8527981017,0.3428662926,0.780837568,1.561675136,58.56583531,6.146928462,-0.5215184998
906,0.82537786,0.3560979624,0.7446091948,1.48921839,59.92225024,6.007785064,-0.5011747265
907,0.7980129955,0.2721337593,0.7501786174,1.500357235,62.72239849,5.73957643,-0.4583021347
908,0.7896321612,0.3983942059,0.6817631602,1.36352632,61.28289889,5.874395738,-0.4804852785
909,0.7588006354,0.3991940325,0.6453080882,1.290616176,63.21345369,5.694990211,-0.4506679391
910,0.9219183666,0.3934512418,0.8337443223,1.667488645,54.26251963,6.634413633,-0.5840723157
911,0.850253079,0.3598800695,0.7703354035,1.540670807,58.45308043,6.15878577,-0.5231966173
912,0.7813200231,0.4240803296,0.6562140295,1.312428059,61.21983251,5.880447319,-0.4814503181
913,0.8744599332,0.4605069737,0.7433797832,1.486759566,55.30314626,6.509575392,-0.5692343765
914,0.7753200533,0.4107608385,0.6575687938,1.315137588,61.89917636,5.815909374,-0.471024562
915,0.8115302313,0.4255408944,0.6910110444,1.382022089,59.40500537,6.060095403,-0.5089662192
916,0.8137373976,0.4295352532,0.6911353113,1.382270623,59.18965077,6.082144349,-0.5121980088
917,0.8519644086,0.3615800959,0.7714293149,1.54285863,58.332329,6.171534828,-0.5249914995
918,0.8221958492,0.4536493886,0.6857173227,1.371434645,58.14913388,6.190977853,-0.5277101065
919,0.7710754057,0.205202541,0.7432692637,1.486538527,65.12897904,5.527493372,-0.4205769951
920,0.7974467461,0.3521501983,0.7154799443,1.430959889,61.65810813,5.838648167,-0.4747318442
921,0.8150513421,0.4405848668,0.6857066905,1.371413381,58.85934026,6.116276506,-0.5171408455
922,0.8203342287,0.3898453702,0.7217817081,1.443563416,59.63063297,6.037165499,-0.5055725522
923,0.8754424456,0.3512356758,0.8018933693,1.603786739,57.2194675,6.291565017,-0.541422578
924,0.7424106306,0.36621857,0.6457998942,1.291599788,64.99766018,5.538660915,-0.4226552728
925,0.8246671519,0.4999626689,0.6558301922,1.311660384,56.74420835,6.344259801,-0.5483777613
926,0.8874731098,0.4637278,0.7566802813,1.513360563,54.60685117,6.592579361,-0.5791836989
927,0.7375334649,0.4483258215,0.5856275007,1.171255001,63.34564591,5.683105679,-0.4486071326
928,0.8371228603,0.2864058473,0.7866043312,1.573208662,60.18452748,5.981603828,-0.4972082798
929,0.800009049,0.360512149,0.7141746767,1.428349353,61.36081828,5.866936102,-0.4792921547
930,0.7462479849,0.3710840382,0.6474431956,1.294886391,64.63919417,5.569376361,-0.428317091
931,0.9389161508,0.4722993753,0.8114781811,1.622956362,52.10681454,6.908885204,-0.6141913452
932,0.8550791551,0.3684367816,0.771631194,1.543262388,58.05387761,6.201136166,-0.5291215751
933,0.8370507079,0.4607844466,0.6988072562,1.397614512,57.18243061,6.295640045,-0.5419659393
934,0.854969824,0.4285826765,0.7397907064,1.479581413,56.9701743,6.319095991,-0.5450755368
935,0.8767625295,0.3204098874,0.8161188867,1.632237773,57.56059204,6.254278965,-0.5364073958
936,0.7901869936,0.4396753176,0.6565676659,1.313135332,60.30685479,5.969470655,-0.4953547429
937,0.8385124642,0.3840145951,0.7454099164,1.490819833,58.70635199,6.132215472,-0.5194243806
938,0.7348761611,0.3680695823,0.6360564085,1.272112817,65.48692098,5.497280901,-0.4149009504
939,0.940626287,0.3494365997,0.8733108694,1.746621739,53.98796449,6.668152864,-0.5879551809
940,0.7540491645,0.4396209428,0.6126365718,1.225273144,62.52416045,5.757774233,-0.4613745379
941,0.7591768002,0.3717733947,0.6619168807,1.323833761,63.75500422,5.646615578,-0.4422103556
942,0.8728645431,0.2809832527,0.8264023973,1.652804795,58.22498058,6.182913183,-0.5265851979
943,0.8571784757,0.4008830231,0.7576593832,1.515318766,57.38864741,6.273017683,-0.538937698
944,0.8472675135,0.4562649309,0.7139219511,1.427843902,56.761536,6.342323083,-0.5481248396
945,0.8304528398,0.3858929936,0.735349248,1.470698496,59.12556578,6.088736661,-0.5131583263
946,0.79030636,0.3990161415,0.6821805198,1.36436104,61.22888767,5.879577659,-0.4813117922
947,0.8204617717,0.4793843818,0.6658439256,1.331687851,57.56320156,6.253995439,-0.5363689574
948,0.799876073,0.5032240823,0.6217453298,1.24349066,57.91444374,6.21606592,-0.531185011
949,0.7934667953,0.3279988695,0.7225000324,1.445000065,62.2833072,5.780039888,-0.4650999804
950,0.8630605539,0.4658115676,0.7265625253,1.453125051,55.74058793,6.458489466,-0.5629407053
951,0.8267988647,0.4023524524,0.722294169,1.444588338,59.02342135,6.099273675,-0.5146876394
952,0.781931876,0.381108978,0.6827689255,1.365537851,62.1059043,5.796550329,-0.4678387402
953,0.8350194834,0.4501804615,0.7032745479,1.406549096,57.54509418,6.255963348,-0.5366356576
954,0.8620059912,0.5022584657,0.7005646026,1.401129205,54.86228324,6.561885119,-0.5755437004
955,0.7746697059,0.4221890289,0.6495148783,1.299029757,61.67364875,5.837176935,-0.4744931046
956,0.8546665531,0.4855730403,0.7033304625,1.406660925,55.66246843,6.467553635,-0.5640670633
957,0.7835477919,0.3983895533,0.6747094975,1.349418995,61.65699512,5.838753564,-0.4747489412
958,0.7945619428,0.3723301715,0.7019251559,1.403850312,61.4864845,5.854945245,-0.4773660512
959,0.7691048881,0.4110219001,0.6500640942,1.300128188,62.28403825,5.779972046,-0.4650886852
960,0.7950346863,0.4372657647,0.6639870507,1.327974101,60.08245101,5.991766213,-0.4987532361
961,0.8081218062,0.3802709706,0.7130601956,1.426120391,60.52247715,5.948203328,-0.4920820814
962,0.8523757673,0.4411213121,0.7293534374,1.458706875,56.84022977,6.333542307,-0.5469755612
963,0.8984297418,0.3655339188,0.8207075942,1.641415188,55.82753108,6.448431321,-0.5616858941
964,0.868448526,0.3328137072,0.8021457964,1.604291593,57.8478629,6.223220391,-0.5321692099
965,0.7702392387,0.3276695687,0.6970660934,1.394132187,63.78217268,5.644210363,-0.4417850092
966,0.838398203,0.2658318942,0.7951383218,1.590276644,60.33411967,5.966773063,-0.4949413101
967,0.7657478123,0.3766492521,0.6667121215,1.333424243,63.22813438,5.693667914,-0.4504391932
968,0.8223403069,0.4343240245,0.6982880652,1.39657613,58.599598,6.143386854,-0.5210156206
969,0.8578455324,0.3636441863,0.7769567962,1.553913592,57.97865989,6.209181114,-0.5302350874
970,0.8301284146,0.4580634879,0.6923084759,1.384616952,57.61411089,6.248469246,-0.5356188364
971,0.8723259835,0.4636616957,0.7388981347,1.477796269,55.33590251,6.50572203,-0.5687642423
972,0.8044385361,0.4541756714,0.6639622111,1.327924422,59.11600277,6.089721617,-0.5133015736
973,0.7277622811,0.4851159765,0.5424946333,1.084989267,62.73040043,5.738844285,-0.4581780006
974,0.8292737959,0.4129788134,0.7191269208,1.438253842,58.67330709,6.135669146,-0.51991713
975,0.89907844,0.4617702366,0.771433918,1.542867836,54.10404447,6.653846372,-0.586315175
976,0.8085194572,0.45469136,0.6685502822,1.337100564,58.87434488,6.114717722,-0.5169166846
977,0.8492195459,0.3760874875,0.7614013652,1.52280273,58.2497619,6.180282773,-0.5262174574
978,0.8423560278,0.4301315083,0.72425863,1.44851726,57.60365607,6.249603317,-0.535772917
979,0.8514267341,0.3876648557,0.7580524013,1.516104803,57.93244081,6.21413486,-0.5309188548
980,0.7846301514,0.4565088549,0.6381568302,1.27631366,60.18860174,5.981198924,-0.497146582
981,0.7582449776,0.4488333097,0.6111334602,1.22226692,62.00072935,5.806383309,-0.4694603233
982,0.8056083373,0.4112130059,0.6927543987,1.385508797,60.05940763,5.994065113,-0.4991017853
983,0.7927205653,0.3023818431,0.73278313,1.46556626,62.68837419,5.742691602,-0.4588298532
984,0.8273571734,0.3671787859,0.7414173127,1.482834625,59.62685871,6.037547638,-0.5056293855
985,0.8353207918,0.4037000052,0.7312914132,1.462582826,58.52137193,6.151598777,-0.5221804845
986,0.7594086812,0.3814361795,0.6566642872,1.313328574,63.54888123,5.664930571,-0.445434148
987,0.8425893144,0.5031832764,0.6758426911,1.351685382,55.76205894,6.456002645,-0.5626309443
988,0.7717376042,0.3074394626,0.7078558515,1.415711703,63.97812767,5.62692303,-0.4387142243
989,0.8155004622,0.3528046227,0.7352345898,1.47046918,60.55520837,5.944988213,-0.4915846848
990,0.8804238354,0.3262448277,0.8177471751,1.63549435,57.29197412,6.283602643,-0.5403581923
991,0.7968474553,0.4748970771,0.6398739198,1.27974784,58.96771943,6.105035153,-0.5155209231
992,0.8218683924,0.4502150708,0.6875856634,1.375171327,58.25140183,6.180108781,-0.5261931183
993,0.8337032268,0.4641309276,0.6925630314,1.385126063,57.27402497,6.285571866,-0.5406217637
994,0.7757143348,0.394081536,0.6681560239,1.336312048,62.23664731,5.784373284,-0.4658207526
995,0.7483936078,0.4570551518,0.5926158794,1.185231759,62.37867546,5.771203017,-0.4636258333
996,0.7486269156,0.472881607,0.5803664743,1.160732949,61.85734871,5.819842064,-0.4716684106
997,0.8439170116,0.3890421014,0.7488939616,1.497787923,58.31830267,6.173019164,-0.5251998396
998,0.8767321425,0.3892581517,0.7855808941,1.571161788,56.56625535,6.364218344,-0.5509723325
999,0.7542138774,0.4538338901,0.6023897186,1.204779437,62.10819943,5.796336125,-0.4678033363
1000,0.7816734464,0.3969277897,0.6733956538,1.346791308,61.8038466,5.824880162,-0.4724915967
1001,0.7971226994,0.3312286838,0.7250463137,1.450092627,62.00673805,5.805820647,-0.4693677239
1002,0.849840504,0.5089885511,0.680558254,1.361116508,55.24381537,6.516566561,-0.5700854495
1003,0.7760447354,0.4242304707,0.6498260837,1.299652167,61.53960217,5.849891571,-0.4765512182
1004,0.8080429887,0.3336154599,0.7359580127,1.471916025,61.2995071,5.872804155,-0.4802310432
1005,0.8427849864,0.4369599073,0.7206612053,1.441322411,57.4336165,6.268106067,-0.5382764099
1006,0.8496444799,0.4126096572,0.742730781,1.485461562,57.57006825,6.253249491,-0.5362678051
1007,0.7298281507,0.3139033585,0.6588731373,1.317746275,66.78121457,5.390737535,-0.3942432431
1008,0.7949865534,0.3157399879,0.729597067,1.459194134,62.36427176,5.772535939,-0.4638485598
1009,0.7968021861,0.4024155838,0.687717545,1.37543509,60.76564267,5.924400437,-0.4883830178
1010,0.8419806161,0.3828576653,0.7499009041,1.499801808,58.53381217,6.150291373,-0.5219953021
1011,0.8913077879,0.4291901984,0.7811692175,1.562338435,55.12574291,6.530524234,-0.5717773227
1012,0.787985403,0.425216343,0.6634094188,1.326818838,60.78986605,5.922039698,-0.4880140459
1013,0.8300701819,0.4111696982,0.7210797363,1.442159473,58.66560215,6.136474984,-0.5200319975
1014,0.7916345376,0.4473814012,0.6530965648,1.30619313,60.02502475,5.997498569,-0.4996217034
1015,0.8351713409,0.3634166769,0.7519571048,1.50391421,59.24191362,6.07677872,-0.5114143725
1016,0.8198438335,0.4441487181,0.6891123476,1.378224695,58.50874598,6.152926267,-0.5223684064
1017,0.8510418502,0.3516950688,0.7749727797,1.549945559,58.53396534,6.150275279,-0.5219930219
1018,0.7120474848,0.325914134,0.6330810358,1.266162072,67.90434553,5.301575285,-0.3761539905
1019,0.8488095096,0.3783910472,0.7598011576,1.519602315,58.23373381,6.181983817,-0.5264553162
1020,0.8077481487,0.4488914666,0.6715307312,1.343061462,59.06519663,6.094959816,-0.5140623746
1021,0.8519631224,0.3488761114,0.7772558272,1.554511654,58.52475593,6.151243081,-0.5221301135
1022,0.7131439729,0.3729997507,0.6078202959,1.215640592,66.95449436,5.376786181,-0.3914620916
1023,0.8451725451,0.344475422,0.7717857958,1.543571592,58.96832301,6.104972664,-0.5155118964
1024,0.8507679716,0.4886402347,0.6964458791,1.392891758,55.77175781,6.454879928,-0.5624909935
1025,0.8125276508,0.5155055218,0.6280567175,1.256113435,56.8503378,6.332416199,-0.5468278643
1026,0.8357707216,0.3031449174,0.7788554796,1.557710959,60.06402665,5.993604161,-0.4990319256
1027,0.8910149227,0.4287706821,0.7810654868,1.562130974,55.14795158,6.527894322,-0.5714592774
1028,0.7702880318,0.3927132472,0.662661269,1.325322538,62.61004131,5.749876417,-0.4600441846
1029,0.8072746805,0.4335353715,0.6809842079,1.361968416,59.46490469,6.053991037,-0.5080660403
1030,0.8024653032,0.5257870732,0.6062165591,1.212433118,56.98212596,6.317770598,-0.5449006409
1031,0.762359122,0.4467987556,0.6177072955,1.235414591,61.80146356,5.825104767,-0.4725282527
1032,0.8701059366,0.482425278,0.7241202884,1.448240577,54.99735304,6.545769571,-0.5736142791
1033,0.8059881947,0.3453262995,0.7282628075,1.456525615,61.24526443,5.878005481,-0.4810612299
1034,0.7617939797,0.2151147386,0.7307911581,1.461582316,65.67622017,5.481436037,-0.4118925886
1035,0.8324614152,0.4863150546,0.6756401967,1.351280393,56.74864279,6.34376405,-0.5483130391
1036,0.8074893674,0.4037826131,0.6992844056,1.398568811,60.10414349,5.989603696,-0.4984250466
1037,0.7723142624,0.4448445298,0.6313340354,1.262668071,61.2424941,5.878271375,-0.4811036184
1038,0.8189208617,0.2775224137,0.7704626452,1.54092529,61.36782154,5.866266571,-0.4791848753
1039,0.8597411107,0.4878582687,0.7079188422,1.415837684,55.35646601,6.503305322,-0.5684690096
1040,0.8335289897,0.4038247132,0.729174998,1.458349996,58.61830777,6.14142601,-0.5207368695
1041,0.8203071385,0.2020137888,0.7950435401,1.59008708,61.99035698,5.807354846,-0.4696201584
1042,0.7585039871,0.4300770073,0.6247896175,1.249579235,62.49398215,5.760554658,-0.4618417745
1043,0.8307604063,0.4310871597,0.7101596393,1.420319279,58.20902089,6.184608408,-0.5268219783
1044,0.8368340819,0.4917742766,0.6770888727,1.354177745,56.37449911,6.385866051,-0.5537622064
1045,0.8219950616,0.3430847799,0.7469730351,1.49394607,60.32257712,5.967914788,-0.4951163501
1046,0.8002668362,0.397795971,0.6943956902,1.38879138,60.65293861,5.935409037,-0.4900985835
1047,0.8701685008,0.4398519715,0.7508151989,1.501630398,55.96005398,6.433160342,-0.5597707639
1048,0.859444784,0.3437645348,0.7876999945,1.575399989,58.18683283,6.186966749,-0.5271510958
1049,0.7954537326,0.310451399,0.7323705139,1.464741028,62.40782885,5.768507039,-0.4631749407
1050,0.7537819339,0.2944875894,0.6938762596,1.387752519,65.36547808,5.507494332,-0.4168285507
1051,0.8463468163,0.3622764142,0.7648913212,1.529782642,58.63213966,6.139977188,-0.5205307567
1052,0.8360176968,0.3481839583,0.7600615241,1.520123048,59.43204273,6.057338491,-0.5085599652
1053,0.9149183786,0.4654600698,0.7876690694,1.575338139,53.30162689,6.754015234,-0.5976023807
1054,0.8647205917,0.4202267055,0.7557454715,1.511490943,56.63069078,6.356977021,-0.5500334705
1055,0.8319094054,0.3929632081,0.7332483726,1.466496745,58.91435016,6.110565576,-0.5163188541
1056,0.8266585011,0.4261848296,0.708329562,1.416659124,58.54121952,6.149513163,-0.5218850263
1057,0.9192304269,0.5071050527,0.7667000999,1.5334002,52.18735709,6.898222483,-0.6130813947
1058,0.7202755361,0.4037137619,0.5964998294,1.192999659,65.74255301,5.475905384,-0.410837355
1059,0.8712438549,0.4449405159,0.7490619413,1.498123883,55.79979672,6.451636406,-0.5620863122
1060,0.8312208477,0.4686857731,0.6864850645,1.372970129,57.28744122,6.284099836,-0.54042476
1061,0.8542627542,0.3257739189,0.7897064056,1.579412811,58.72035418,6.130753212,-0.5192155348
1062,0.7136364879,0.361246098,0.6154496678,1.230899336,67.15524953,5.360712715,-0.388235483
1063,0.8679573733,0.4848237966,0.7199276964,1.439855393,55.04000735,6.540696801,-0.5730043155
1064,0.7356154588,0.2651831888,0.6861544867,1.372308973,67.00885877,5.372423984,-0.3905888002
1065,0.8228280838,0.382303625,0.7286219828,1.457243966,59.62539087,6.037696269,-0.5056514878
1066,0.796418603,0.4012680301,0.687943718,1.375887436,60.81245025,5.919840403,-0.4876699636
1067,0.7925655776,0.4701725289,0.6380423088,1.276084618,59.34527487,6.066194837,-0.5098633071
1068,0.7428046719,0.4359743645,0.6014026388,1.202805278,63.35440985,5.682319523,-0.4484704229
1069,0.7364848733,0.3763337556,0.633074145,1.26614829,65.20830541,5.520769138,-0.4193204896
1070,0.7330895674,0.3914394289,0.6198350484,1.239670097,65.122632,5.528032098,-0.4206774956
1071,0.7424415189,0.3345264152,0.6628057683,1.325611537,65.56005303,5.4911487,-0.4137392636
1072,0.8013563992,0.4415485933,0.6687353126,1.337470625,59.6110024,6.039153604,-0.5058681279
1073,0.860574814,0.4310665378,0.7448292761,1.489658552,56.62871499,6.357198818,-0.5500622694
1074,0.8336018802,0.5020632228,0.6654506855,1.330901371,56.23499268,6.401707955,-0.5557879984
1075,0.8465777103,0.471484044,0.7031334268,1.406266854,56.42640347,6.379991952,-0.5530076575
1076,0.8580885564,0.2155259788,0.8305808348,1.66116167,59.65046741,6.035158073,-0.5052738464
1077,0.8762882618,0.3503484343,0.8032042656,1.606408531,57.18733643,6.295099973,-0.5418939799
1078,0.7462572137,0.3786347975,0.6430672742,1.286134548,64.48748245,5.582478744,-0.4307082766
1079,0.8483812243,0.3662644417,0.7652457517,1.530491503,58.45606681,6.158471133,-0.5231521974
1080,0.7180113506,0.4096458013,0.5896868805,1.179373761,65.75761498,5.474651112,-0.4105976699
1081,0.8210175341,0.3348505656,0.7496298354,1.499259671,60.50291605,5.950126432,-0.492379263
1082,0.7882323101,0.4167071497,0.6690779671,1.338155934,60.97156481,5.90439168,-0.4852436235
1083,0.8129697633,0.4226638894,0.6944602743,1.388920549,59.38672695,6.061960618,-0.5092408003
1084,0.8303752741,0.4215316297,0.7154258739,1.430851748,58.43544367,6.160644591,-0.52345892
1085,0.8474574569,0.3916996828,0.7515021621,1.503004324,58.07718748,6.198647277,-0.528776314
1086,0.8186540824,0.3832866983,0.7233849691,1.446769938,59.84886991,6.015151172,-0.5022825885
1087,0.75108797,0.4728127208,0.5835934114,1.167186823,61.70757646,5.833967571,-0.4739717757
1088,0.7226357698,0.2881509992,0.6627001263,1.325400253,67.66971265,5.319957569,-0.3799451853
1089,0.8422844869,0.5237968533,0.6596059532,1.319211906,55.14117372,6.52869672,-0.5715563507
1090,0.8090386327,0.2610074678,0.7657797405,1.531559481,62.15355494,5.792106346,-0.4671035454
1091,0.8242535713,0.2505151654,0.7852618046,1.570523609,61.32944281,5.869937562,-0.4797726914
1092,0.8270068757,0.3483799668,0.7500478459,1.500095692,59.94846121,6.00515831,-0.5007788062
1093,0.8424704915,0.4087462143,0.7366702528,1.473340506,58.03167816,6.203508349,-0.5294503075
1094,0.8346695069,0.4237475448,0.7191044459,1.438208892,58.15343306,6.190520165,-0.5276463686
1095,0.7269479597,0.3854872227,0.6163221051,1.23264421,65.686624,5.480567855,-0.4117271193
1096,0.7530155187,0.3873629609,0.6457416727,1.291483345,63.85087703,5.638137121,-0.4407089389
1097,0.7631174372,0.3020286938,0.70080446,1.40160892,64.62790671,5.57034907,-0.4284951005
1098,0.8812446634,0.5328019865,0.701936037,1.403872074,53.12278268,6.776753435,-0.600102197
1099,0.9229987689,0.3777640152,0.8421526442,1.684305288,54.44479593,6.61220221,-0.5814870805
1100,0.7580311018,0.2887739714,0.7008714181,1.401742836,65.14861468,5.525827399,-0.4202660476
1101,0.7833119827,0.4644516307,0.6307633034,1.261526607,60.04046337,5.99595639,-0.4993882717
1102,0.8560305022,0.4583345545,0.7229921554,1.445984311,56.26642258,6.39813202,-0.5553318876
1103,0.805510421,0.4058712381,0.695784145,1.39156829,60.17720451,5.982331731,-0.4973191677
1104,0.8271935864,0.377317958,0.7361252529,1.472250506,59.46312909,6.054171812,-0.5080927324
1105,0.766727117,0.4253680327,0.6379126184,1.275825237,62.0920646,5.797842322,-0.4680522103
1106,0.8352415472,0.4054144237,0.7302517286,1.460503457,58.49260775,6.154623872,-0.5226085672
1107,0.866370874,0.3442752426,0.7950302187,1.590060437,57.80303217,6.22804698,-0.5328314936
1108,0.7403412627,0.350329095,0.6522075671,1.304415134,65.43623273,5.501539208,-0.4157057259
1109,0.6947815216,0.4184434494,0.554640823,1.109281646,67.23759936,5.354147136,-0.3869105464
1110,0.8124653034,0.3359208204,0.7397682554,1.479536511,60.99765214,5.901866504,-0.4848454599
1111,0.7962224728,0.4260630493,0.6726369781,1.345273956,60.28040977,5.972089463,-0.4957556368
1112,0.9286761425,0.4154312108,0.8305758766,1.661151753,53.59615545,6.716899691,-0.5934728936
1113,0.8409135805,0.442190209,0.7152646147,1.430529229,57.41678332,6.26994372,-0.5385239872
1114,0.833139917,0.4514640957,0.7002158892,1.400431778,57.61449188,6.248427926,-0.5356132211
1115,0.7837947692,0.4631025818,0.6323529385,1.264705877,60.05132603,5.994871783,-0.4992240067
1116,0.8196309175,0.3844291852,0.7238846886,1.447769377,59.77139917,6.022947513,-0.5034513115
1117,0.8507885107,0.475383269,0.7055861659,1.411172332,56.11640195,6.415236677,-0.5575074801
1118,0.746800132,0.4262731094,0.6131897531,1.226379506,63.35162011,5.682569749,-0.4485139415
1119,0.8124063902,0.3556936323,0.7304013846,1.460802769,60.69272223,5.931518423,-0.489493219
1120,0.8085297137,0.3687243383,0.7195572668,1.439114534,60.70462719,5.930355175,-0.4893120221
1121,0.7875281723,0.4222309935,0.6647718483,1.329543697,60.88727801,5.912565182,-0.4865293813
1122,0.7986699878,0.4896174726,0.6309900791,1.261980158,58.42068427,6.162201016,-0.5236783911
1123,0.8341489106,0.4455668665,0.7051769795,1.410353959,57.69941811,6.239231032,-0.5343609338
1124,0.8368851558,0.3991027246,0.7355907689,1.471181538,58.52230695,6.151500493,-0.522166567
1125,0.8306838172,0.4750402694,0.6814487116,1.362897423,57.148235,6.299407147,-0.5424674155
1126,0.8676469033,0.4830373449,0.7207538222,1.441507644,55.09966216,6.533615377,-0.5721507093
1127,0.8925746396,0.4113018772,0.7921617594,1.584323519,55.38952897,6.499423387,-0.567994167
1128,0.82606222,0.5152829849,0.6456486946,1.291297389,56.19052345,6.406774273,-0.5564330502
1129,0.7965879886,0.3096425357,0.7339440876,1.467888175,62.34756105,5.774083122,-0.4641069231
1130,0.7569384194,0.3976345859,0.6440826864,1.288165373,63.36990986,5.680929652,-0.4482286108
1131,0.842312772,0.4021110058,0.7401334642,1.480266928,58.16709834,6.189065816,-0.5274437529
1132,0.8440861771,0.3572304458,0.7647665545,1.529533109,58.83715771,6.118582441,-0.5174721759
1133,0.7522818641,0.4594506713,0.5956786749,1.19135735,62.06001972,5.800836055,-0.4685463809
1134,0.7808200784,0.3108961406,0.7162566472,1.432513294,63.33573617,5.683994878,-0.4487617032
1135,0.7811199622,0.401868434,0.6698135241,1.339627048,61.73376641,5.831492567,-0.4735692305
1136,0.8524102046,0.4642045059,0.7149247048,1.42984941,56.31067113,6.393104411,-0.5546894694
1137,0.76059328,0.3143136258,0.6926103394,1.385220679,64.62521349,5.57058121,-0.4285375715
1138,0.8058012547,0.3827908202,0.7090746434,1.418149287,60.6139465,5.939227205,-0.4906916749
1139,0.7885311893,0.3647134651,0.699117676,1.398235352,61.99655161,5.806774581,-0.4695247028
1140,0.6967667821,0.3232945086,0.6172233059,1.234446612,69.11707279,5.208553914,-0.3564596126
1141,0.7970568798,0.4196429257,0.6776425936,1.355285187,60.37794514,5.962442067,-0.4942765247
1142,0.8333083742,0.3903820868,0.7362096664,1.472419333,58.88329646,6.113788148,-0.5167829359
1143,0.8214573809,0.4568595152,0.6826943767,1.365388753,58.10892889,6.195261328,-0.5283060258
1144,0.9593712852,0.360079336,0.8892334534,1.778466907,52.98735293,6.794074059,-0.6019912937
1145,0.8957089284,0.383299042,0.8095531661,1.619106332,55.69735537,6.463502577,-0.563564179
1146,0.8252381425,0.4418030556,0.697013667,1.394027334,58.26826078,6.178320671,-0.5259428806
1147,0.8365726948,0.3330324057,0.7674264072,1.534852814,59.62180631,6.038059265,-0.5057054617
1148,0.7746209247,0.4400943486,0.6374594428,1.274918886,61.22821779,5.879641986,-0.4813220406
1149,0.8235582773,0.3978654687,0.7210764904,1.442152981,59.29387025,6.071453903,-0.5106349056
1150,0.8748399397,0.3371231135,0.8072750005,1.614550001,57.44681938,6.266665481,-0.5380821933
1151,0.8822166302,0.3738815621,0.7990736887,1.598147377,56.52938498,6.368369302,-0.5515092421
1152,0.7839480826,0.2978290649,0.7251706311,1.450341262,63.30934829,5.686364016,-0.4491732316
1153,0.8642194905,0.3301503906,0.7986714265,1.597342853,58.11312753,6.194813724,-0.5282438056
1154,0.8068306863,0.3377721268,0.7327248779,1.465449756,61.31079406,5.871723006,-0.4800582417
1155,0.7970059438,0.2998139942,0.7384646528,1.476929306,62.45130097,5.764491602,-0.4625023686
1156,0.7470504373,0.4119246009,0.623219447,1.246438894,63.69481923,5.651951043,-0.4431522506
1157,0.8021768946,0.5009331722,0.6265410818,1.253082164,57.86986931,6.220853862,-0.5318439903
1158,0.8524920992,0.3777389555,0.7642356055,1.528471211,58.04340473,6.202255048,-0.5292766687
1159,0.8368375729,0.4758791829,0.6883575573,1.376715115,56.80882672,6.337043392,-0.5474343089
1160,0.888855427,0.3784492202,0.8042637365,1.608527473,56.11859666,6.414985788,-0.5574756801
1161,0.8391926438,0.5005953719,0.6735343844,1.347068769,56.0035307,6.428166144,-0.5591418152
1162,0.7428635015,0.3305172974,0.6652852757,1.330570551,65.59575775,5.488159789,-0.4131718568
1163,0.8519390224,0.3812162467,0.7618886212,1.523777242,58.01518677,6.205271758,-0.5296944627
1164,0.7646656235,0.3349593151,0.6873978273,1.374795655,64.03723447,5.621729342,-0.4377869604
1165,0.7557524834,0.2921976762,0.6969808708,1.393961742,65.26022234,5.51637716,-0.4184977059
1166,0.7354774337,0.3678042387,0.6369043079,1.273808616,65.44988567,5.500391579,-0.4154889907
1167,0.8584031257,0.4455239173,0.7337331704,1.467466341,56.43442662,6.379084923,-0.5528909821
1168,0.7904925871,0.4462900384,0.652459755,1.30491951,60.1199651,5.988027428,-0.4981856334
1169,0.8025734972,0.3904762989,0.7011793483,1.402358697,60.66019899,5.934698633,-0.4899881241
1170,0.8537391204,0.3319724923,0.7865524459,1.573104892,58.66602252,6.136431013,-0.5200257307
1171,0.7439785386,0.4013715543,0.6264223346,1.252844669,64.14963067,5.611879542,-0.4360224109
1172,0.7900121832,0.3731402198,0.6963372932,1.392674586,61.75231611,5.829740853,-0.4732840579
1173,0.8643312992,0.3380967519,0.7954616151,1.59092323,57.99953322,6.206946504,-0.5299261731
1174,0.8693037948,0.3640969825,0.7893810709,1.578762142,57.35577984,6.276612418,-0.5394208185
1175,0.8293645612,0.4129587281,0.719243119,1.438486238,58.6686674,6.136154373,-0.5199863011
1176,0.8247588865,0.4218637467,0.7087017709,1.417403542,58.73957624,6.128746972,-0.5189287828
1177,0.7955142155,0.3407322118,0.7188493771,1.437698754,61.96124794,5.810083108,-0.4700686378
1178,0.7911662968,0.4335474071,0.6618011446,1.323602289,60.40073741,5.960192134,-0.4939306759
1179,0.8279615045,0.3170914622,0.7648354447,1.529670889,60.3415154,5.966041747,-0.494829145
1180,0.7138995083,0.3281282517,0.6340223642,1.268044728,67.72932548,5.315275141,-0.3789825634
1181,0.861655758,0.4620547406,0.727293656,1.454587312,55.89806506,6.440294482,-0.5606669587
1182,0.825239164,0.4464831785,0.6940262597,1.388052519,58.15796914,6.190037329,-0.5275791152
1183,0.7901274549,0.4467437752,0.6517065246,1.303413049,60.12950758,5.987077135,-0.498041218
1184,0.7910424104,0.5233012371,0.5932148939,1.186429788,57.64943187,6.244640898,-0.5350981526
1185,0.8926614137,0.4949516591,0.7428776849,1.48575537,53.64260842,6.711083048,-0.5928201575
1186,0.7831159912,0.4241120789,0.65833092,1.31666184,61.10984231,5.891031402,-0.4831319883
1187,0.7829362049,0.3653543491,0.6924632124,1.384926425,62.33647917,5.775109612,-0.4642782377
1188,0.8348252998,0.4652934579,0.6931343876,1.386268775,57.18606382,6.295240063,-0.5419126471
1189,0.8802299569,0.3433763716,0.8104921002,1.6209842,57.07638809,6.307336748,-0.5435204159
1190,0.8710361322,0.4598738582,0.7397431839,1.479486368,55.48461375,6.488285232,-0.566627528
1191,0.8455952819,0.5011054078,0.6811202178,1.362240436,55.67689039,6.465878347,-0.5638592006
1192,0.7665038463,0.4104675634,0.6473364857,1.294672971,62.46198338,5.763505744,-0.4623370567
1193,0.9097961857,0.377899436,0.8275996108,1.655199222,55.08195341,6.535715924,-0.5724041703
1194,0.8546354152,0.4264433603,0.7406400971,1.481280194,57.03133146,6.312319751,-0.5441803374
1195,0.814928252,0.3537642079,0.7341382302,1.46827646,60.57379889,5.943163654,-0.4913021045
1196,0.8688170274,0.4432327169,0.7472534949,1.49450699,55.9571151,6.433498213,-0.559813267
1197,0.8416012557,0.2837115133,0.7923385961,1.584677192,59.9546933,6.004534094,-0.5006846542
1198,0.7509727111,0.4582868854,0.5949228046,1.189845609,62.17793919,5.789834863,-0.4667271994
1199,0.8261590895,0.2819483542,0.7765590556,1.553118111,60.88244948,5.913034102,-0.4866030065
1200,0.7499565119,0.4759136507,0.5796041466,1.159208293,61.6731775,5.837221537,-0.4745003445
1201,0.8029803239,0.2953616077,0.7466852894,1.493370579,62.13429856,5.79390141,-0.4674006882
1202,0.83963838,0.4971466948,0.6766371059,1.353274212,56.08184137,6.419190084,-0.558008135
1203,0.8600558938,0.4990770444,0.7004414638,1.400882928,55.04164037,6.540502746,-0.5729809567
1204,0.7245543298,0.3390493313,0.6403315765,1.280663153,66.75975836,5.392470088,-0.3945873663
1205,0.8749800233,0.5475619422,0.6824704834,1.364940967,52.92983009,6.801457691,-0.6027926572
1206,0.773673336,0.3036058118,0.7116136184,1.423227237,63.90295341,5.633542439,-0.4398928789
1207,0.8593730946,0.3689573529,0.7761395413,1.552279083,57.81263717,6.227012253,-0.5326896266
1208,0.8316333561,0.4958685662,0.6676289419,1.335257884,56.51670764,6.3697978,-0.551693798
1209,0.8635430065,0.4331596015,0.7470470425,1.494094085,56.43355284,6.379183693,-0.5529036895
1210,0.8942343392,0.3991763127,0.800195804,1.600391608,55.51480037,6.484757175,-0.5661933337
1211,0.8698347275,0.3803937095,0.7822487322,1.564497464,57.07145237,6.307882226,-0.5435927232
1212,0.8291370772,0.3016756769,0.7723082796,1.544616559,60.47093727,5.953273031,-0.4928649763
1213,0.8385084506,0.4355493041,0.7165146372,1.433029274,57.69230662,6.240000116,-0.534465842
1214,0.9253606387,0.3686532464,0.8487562051,1.69751241,54.46062904,6.610279872,-0.5812622403
1215,0.8255314989,0.379910289,0.7329191142,1.465838228,59.51277546,6.04912134,-0.5073462296
1216,0.7558074711,0.4978386884,0.568684072,1.137368144,60.53825394,5.946653175,-0.4918423511
1217,0.7792223835,0.3027708781,0.717995347,1.435990694,63.55062483,5.664775145,-0.4454069019
1218,0.7001511298,0.3836678438,0.5856710597,1.171342119,67.69912928,5.31764594,-0.3794702198
1219,0.8346598424,0.2985672104,0.7794322763,1.558864553,60.18494715,5.981562119,-0.4972019248
1220,0.805514032,0.2507183891,0.765501891,1.531003782,62.47893389,5.761942107,-0.4620747119
1221,0.7895894304,0.3314231443,0.7166660087,1.433332017,62.47618055,5.762196038,-0.4621173284
1222,0.7629876634,0.4439649555,0.6205201792,1.241040358,61.84088145,5.821391797,-0.4719218206
1223,0.8008354406,0.4568770905,0.6577238988,1.315447798,59.24788953,6.076165799,-0.5113247417
1224,0.7234766563,0.3376636864,0.6398450649,1.27969013,66.86202155,5.384222488,-0.3929467332
1225,0.8569737687,0.4763585407,0.7123809241,1.424761848,55.78512219,6.453333539,-0.5622981243
1226,0.8700239381,0.2591000317,0.8305473053,1.661094611,58.60133629,6.143204622,-0.5209897246
1227,0.8169702452,0.4831053093,0.6588244392,1.317648878,57.64108104,6.245545599,-0.5352212746
1228,0.7562314887,0.3600560792,0.665015552,1.330031104,64.17172389,5.609947469,-0.4356753637
1229,0.8098773389,0.3930420276,0.7081096445,1.416219289,60.17788223,5.982264358,-0.4973089057
1230,0.8689606322,0.3430885565,0.7983625885,1.596725177,57.68007368,6.241323511,-0.5346462821
1231,0.9151516908,0.4979783342,0.7678021853,1.535604371,52.57770655,6.84700843,-0.6076848958
1232,0.7514488441,0.445078553,0.6054588731,1.210917746,62.53773009,5.756524892,-0.4611644038
1233,0.8322113144,0.3331976673,0.7625975258,1.525195052,59.87113998,6.012913737,-0.5019464524
1234,0.7758634159,0.304865243,0.7134572333,1.426914467,63.74186974,5.647779104,-0.4424159518
1235,0.9792403002,0.2063817902,0.9572450691,1.914490138,53.47728467,6.731830201,-0.5951414349
1236,0.7635670189,0.4426048644,0.6222021588,1.244404318,61.84202004,5.821284618,-0.4719043004
1237,0.8309053716,0.2723496145,0.7850028178,1.570005636,60.70662248,5.930160258,-0.4892816512
1238,0.8030305559,0.3558688827,0.7198718025,1.439743605,61.25471834,5.877098284,-0.4809165684
1239,0.7768547622,0.4055950384,0.6625677221,1.325135444,61.91850102,5.814094238,-0.4707270146
1240,0.8367751536,0.3430944048,0.7632030445,1.526406089,59.46480489,6.054001197,-0.5080675406
1241,0.8071700765,0.3896079564,0.7069152514,1.413830503,60.40369033,5.959900761,-0.4938858627
1242,0.8366884113,0.4223072499,0.7222908585,1.444581717,58.07364847,6.199025022,-0.5288287387
1243,0.8204627192,0.4712490845,0.6716274071,1.343254814,57.78700772,6.229774031,-0.5330681435
1244,0.824889224,0.4504061777,0.6910691044,1.382138209,58.08269773,6.198059217,-0.5286946844
1245,0.8359353845,0.4627403815,0.6961747671,1.392349534,57.19221178,6.294563347,-0.5418224635
1246,0.8837011627,0.3758065246,0.7998107282,1.599621456,56.42312755,6.380362373,-0.5530552939
1247,0.8605943933,0.3666468954,0.7785838194,1.557167639,57.78301948,6.230204016,-0.5331270356
1248,0.8730642748,0.4308100101,0.7593707679,1.518741536,55.99796837,6.42880466,-0.5592222996
1249,0.7995565877,0.4259055769,0.6766795228,1.353359046,60.08837242,5.991175755,-0.4986636572
1250,0.7924230633,0.4664137121,0.6406188886,1.281237777,59.46144077,6.054343711,-0.5081181119
1251,0.7402356601,0.3398903189,0.6575890841,1.315178168,65.62506544,5.485708815,-0.4127059894
1252,0.8253917115,0.3494874995,0.7477499348,1.49549987,60.025416,5.997459476,-0.4996157881
1253,0.8933117673,0.3812322155,0.807878649,1.615757298,55.84989516,6.445849164,-0.5613629143
1254,0.8576294174,0.488114862,0.7051752258,1.410350452,55.45175783,6.492129629,-0.5670999377
1255,0.7946740426,0.4375217967,0.6633863968,1.326772794,60.09722615,5.990293114,-0.4985297081
1256,0.86445201,0.382141262,0.7754001118,1.550800224,57.32725684,6.279735327,-0.5398399345
1257,0.8373902027,0.4570021,0.7016918356,1.403383671,57.25698941,6.287442,-0.5408718705
1258,0.8700839258,0.2842554373,0.8223410997,1.644682199,58.34249512,6.170459444,-0.5248404773
1259,0.8336827944,0.4512915655,0.7009728416,1.401945683,57.5897393,6.251113555,-0.5359779911
1260,0.7877573309,0.4551010066,0.6429966455,1.285993291,60.04497556,5.995505813,-0.4993200407
1261,0.8443715051,0.4004844077,0.7433542075,1.486708415,58.08522534,6.197789505,-0.5286572385
1262,0.8221512337,0.4036291552,0.7162514616,1.432502923,59.26135626,6.074785032,-0.5111227381
1263,0.7900146241,0.4368954335,0.6582138607,1.316427721,60.38647189,5.961600152,-0.4941471493
1264,0.7880895765,0.3248825991,0.718008689,1.436017378,62.66892735,5.744473621,-0.4591314019
1265,0.7840793901,0.3820572131,0.6846990404,1.369398081,61.95307914,5.810849194,-0.4701944718
1266,0.8237005992,0.3384403593,0.7509599192,1.501919838,60.29178571,5.970962641,-0.495583196
1267,0.8226560349,0.3989568283,0.7194417287,1.438883457,59.32416411,6.068353519,-0.5101802357
1268,0.8928939126,0.4185186715,0.7887342143,1.577468429,55.2453342,6.516387405,-0.5700636703
1269,0.8362124233,0.4849013712,0.6812649096,1.362529819,56.59766853,6.360686038,-0.5505147111
1270,0.7742043048,0.3653826452,0.6825597616,1.365119523,62.89276088,5.724029204,-0.4556573789
1271,0.7601237065,0.4287014688,0.6276966623,1.255393325,62.42608846,5.766819753,-0.4628924725
1272,0.8750971219,0.4946358167,0.7218936082,1.443787216,54.45408868,6.611073819,-0.581355123
1273,0.8495725788,0.4008352747,0.7490691886,1.498138377,57.79674004,6.228725007,-0.5329244211
1274,0.8065582645,0.3689758678,0.717211993,1.434423986,60.81826524,5.919274392,-0.4875813568
1275,0.8694615795,0.4944919194,0.7151511587,1.430302317,54.72091395,6.578837486,-0.5775596815
1276,0.8356506938,0.4364072725,0.7126435115,1.425287023,57.82669041,6.225498942,-0.5324820314
1277,0.8518269615,0.4287003203,0.7360877717,1.472175543,57.13224208,6.301170528,-0.5427018843
1278,0.8436744407,0.1774707577,0.8247973642,1.649594728,60.75646019,5.925295827,-0.4885228631
1279,0.8243103896,0.4485377306,0.6915934663,1.383186933,58.15923615,6.189902479,-0.5275603297
1280,0.8726156497,0.5259463029,0.696303496,1.392606992,53.70148025,6.703725825,-0.5919923572
1281,0.7575973993,0.3236646622,0.6849781062,1.369956212,64.68864134,5.565119201,-0.4275370858
1282,0.8397522961,0.3751890464,0.7512769784,1.502553957,58.78915352,6.12357856,-0.5181889264
1283,0.8217271204,0.4375533422,0.6955447743,1.391089549,58.5596206,6.147580812,-0.5216110452
1284,0.7837142395,0.5759306055,0.5315185292,1.063037058,55.58021335,6.477125191,-0.5652519162
1285,0.8345442035,0.49075982,0.6749954271,1.349990854,56.51804763,6.369646778,-0.5516742917
1286,0.748747823,0.3525977407,0.6605286789,1.321057358,64.81405592,5.554350748,-0.4255573046
1287,0.7618271284,0.3538663486,0.6746548605,1.349309721,63.90886535,5.633021304,-0.4398002132
1288,0.8694335608,0.4302535322,0.7555108303,1.511021661,56.192444,6.406555301,-0.5564051984
1289,0.8571725264,0.377353311,0.7696422667,1.539284533,57.7959949,6.228805311,-0.5329354255
1290,0.8239089287,0.434105509,0.7002701835,1.400540367,58.51785988,6.151967976,-0.5222327597
1291,0.8245868549,0.3626911806,0.7405393905,1.481078781,59.86134171,6.013897946,-0.5020943531
1292,0.8836695052,0.4069446695,0.7843901009,1.568780202,55.91002982,6.438916258,-0.5604940312
1293,0.8026685803,0.3810990328,0.7064278994,1.412855799,60.83291162,5.917849244,-0.4873581582
1294,0.8696365922,0.4029272966,0.7706603637,1.541320727,56.6979972,6.349430629,-0.5490520337
1295,0.8520302837,0.4206032497,0.7409780771,1.481956154,57.28597721,6.284260434,-0.5404462589
1296,0.9096110782,0.4510924669,0.7898784082,1.579756816,53.83361244,6.68727183,-0.5901321646
1297,0.8393220224,0.3516508841,0.7621043978,1.524208796,59.19134434,6.081970329,-0.5121726219
1298,0.8283496321,0.5100034358,0.6527324172,1.305464834,56.24871013,6.400146762,-0.5555889513
1299,0.7549492455,0.263532702,0.7074594535,1.414918907,65.66515049,5.482360084,-0.4120686331
1300,0.8896812632,0.404649946,0.7923327402,1.58466548,55.64870835,6.469152846,-0.564265353
1301,0.83654752,0.4527918932,0.7034139995,1.406827999,57.40232789,6.271522658,-0.5387365563
1302,0.8588226498,0.2850461824,0.8101388878,1.620277776,58.95866628,6.105972586,-0.5156563095
1303,0.7891841619,0.4284195821,0.6627731913,1.325546383,60.64213342,5.936466607,-0.4902629592
1304,0.8067655987,0.4047324084,0.6978985663,1.395797133,60.12707657,5.9873192,-0.4980780101
1305,0.7756064329,0.3156902083,0.7084525609,1.416905122,63.60736931,5.659721568,-0.4445199701
1306,0.8853776589,0.2923636495,0.8357135247,1.671427049,57.42762191,6.268760364,-0.5383645818
1307,0.8666368495,0.3913315477,0.7732522542,1.546504508,57.05718168,6.309459904,-0.5438017635
1308,0.7210811418,0.356666277,0.6266954442,1.253390888,66.69534863,5.39767776,-0.3956200623
1309,0.8691210358,0.3609399642,0.7906286847,1.581257369,57.41320803,6.270334168,-0.5385765655
1310,0.774291766,0.3965213195,0.6650553226,1.330110645,62.27529481,5.780783553,-0.4652237726
1311,0.8307251663,0.4994168441,0.6638426906,1.327685381,56.45702493,6.376531538,-0.5525622915
1312,0.7886591958,0.3101569195,0.7251110345,1.450222069,62.84209092,5.728644524,-0.4564444162
1313,0.8521224735,0.2955973877,0.7992089177,1.598417835,59.21647528,6.079389195,-0.5117958515
1314,0.8599297315,0.3817162593,0.7705659222,1.541131844,57.57545697,6.252664225,-0.5361884194
1315,0.762353171,0.3318698072,0.6863270273,1.372654055,64.24068866,5.603924981,-0.4345916273
1316,0.7894893013,0.4459996237,0.6514427776,1.302885555,60.18618907,5.981438691,-0.4971831181
1317,0.7239606826,0.5031968093,0.5204921143,1.040984229,62.22630281,5.785334878,-0.465980506
1318,0.863289651,0.4739384223,0.7215617738,1.443123548,55.5348887,6.482411479,-0.5659043028
1319,0.854413021,0.4800736202,0.7067891692,1.413578338,55.81729464,6.449613911,-0.5618336993
1320,0.8151479892,0.4848620273,0.6552671659,1.310534332,57.68603726,6.240678283,-0.5345583202
1321,0.8347868324,0.4483498972,0.7041671856,1.408334371,57.60052374,6.249943171,-0.5358190769
1322,0.7539132082,0.457874441,0.5989458421,1.197891684,62.00596856,5.805892696,-0.4693795827
1323,0.840351324,0.3571602959,0.7606752728,1.521350546,59.04814232,6.096720165,-0.5143176652
1324,0.8767768786,0.4415616971,0.7574701066,1.514940213,55.59551543,6.47534243,-0.5650315837
1325,0.8257982416,0.3776059803,0.7344089185,1.468817837,59.53807835,6.046550544,-0.5069656186
1326,0.7934484857,0.3916518424,0.6900502401,1.38010048,61.18711108,5.883592045,-0.4819507907
1327,0.8318323387,0.2741879527,0.7853445144,1.570689029,60.63178684,5.937479641,-0.4904203417
1328,0.861234699,0.4381451271,0.7414540136,1.482908027,56.44804324,6.377546135,-0.5526929397
1329,0.7707666469,0.261157842,0.7251743277,1.450348655,64.61656303,5.571326965,-0.4286739798
1330,0.8335163655,0.4409830515,0.7073072034,1.414614407,57.83862264,6.224214609,-0.5323057428
1331,0.7777733331,0.3717731248,0.6831662326,1.366332465,62.54637315,5.755729419,-0.4610305472
1332,0.8338973497,0.4713869843,0.6878801501,1.3757603,57.07797642,6.307161231,-0.5434971462
1333,0.8398879116,0.449404467,0.7095402238,1.419080448,57.30600595,6.282064053,-0.5401521073
1334,0.8687254289,0.4553401458,0.7398305363,1.479661073,55.69969893,6.463230626,-0.5635303897
1335,0.8179389787,0.3333770073,0.7469162897,1.493832579,60.70733366,5.930090786,-0.4892708259
1336,0.821572994,0.3639674015,0.736552724,1.473105448,60.01556389,5.998444014,-0.4997647334
1337,0.8651976725,0.4623419679,0.7313049413,1.462609883,55.71579693,6.461363202,-0.5632982653
1338,0.8152020789,0.4474442307,0.6814309135,1.362861827,58.68539562,6.134405267,-0.5197368918
1339,0.8778720837,0.5316286763,0.6985916875,1.397183375,53.30288939,6.753855262,-0.5975847131
1340,0.8338799406,0.430368747,0.7142398035,1.428479607,58.05488732,6.201028313,-0.5291066213
1341,0.8888449679,0.4029068483,0.7922824298,1.58456486,55.72039,6.460830586,-0.5632320274
1342,0.8104003517,0.4060046521,0.701362212,1.402724424,59.88879476,6.011141173,-0.5016799238
1343,0.8516089,0.4008508996,0.7513695993,1.502739199,57.68684044,6.240591394,-0.534546473
1344,0.7842894091,0.3829773189,0.6844254894,1.368850979,61.92210709,5.81375565,-0.470671485
1345,0.8002553341,0.4320960158,0.6735737769,1.347147554,59.90308556,6.009707124,-0.5014641453
1346,0.7501403886,0.3966087302,0.6367198111,1.273439622,63.84307629,5.638826023,-0.4408311485
1347,0.7611891137,0.3561310136,0.6727403422,1.345480684,63.91121207,5.632814468,-0.4397634286
1348,0.7465516053,0.2949850705,0.68580107,1.37160214,65.86063349,5.46608772,-0.4089575496
1349,0.7453469848,0.4475802603,0.5959983542,1.191996708,62.85778234,5.727214461,-0.4562007255
1350,0.8284639589,0.4056375384,0.7223646714,1.444729343,58.86545113,6.11564157,-0.5170495567
1351,0.8667560858,0.4153633034,0.7607492612,1.521498522,56.61867039,6.358326636,-0.5502086676
1352,0.8148039981,0.3444579499,0.7384133504,1.476826701,60.72790108,5.928082374,-0.4889577258
1353,0.8911613656,0.1485643601,0.8786906227,1.757381245,58.23028014,6.182350474,-0.5265065638
1354,0.8117479146,0.2919974197,0.7574115022,1.514823004,61.63490923,5.840845788,-0.4750881677
1355,0.8075510633,0.2915051524,0.75310256,1.50620512,61.89885139,5.815939907,-0.4710295652
1356,0.9155597972,0.4318867851,0.8072939657,1.614587931,53.92035266,6.676514197,-0.5889093053
1357,0.8502050329,0.4474887978,0.7229124248,1.44582485,56.8117683,6.336715276,-0.5473913443
1358,0.7216566269,0.3167177986,0.6484428449,1.29688569,67.33469347,5.346426655,-0.3853473607
1359,0.7682918195,0.4685974694,0.6088421236,1.217684247,60.79985958,5.921066307,-0.4878617985
1360,0.7345653255,0.4093081836,0.6099614974,1.219922995,64.60343375,5.572459219,-0.4288809955
1361,0.8512490858,0.3268020449,0.7860187209,1.572037442,58.8749836,6.114651384,-0.5169071417
1362,0.7558986792,0.3976409652,0.6428564973,1.285712995,63.43818852,5.674815255,-0.4471630208
1363,0.8256871742,0.4496345333,0.6925229932,1.385045986,58.05817505,6.200677161,-0.5290579289
1364,0.7745448718,0.4201989716,0.6506555023,1.301311005,61.7288254,5.831959343,-0.4736451826
1365,0.8253094298,0.3178670332,0.7616404691,1.523280938,60.48745268,5.951647557,-0.4926141493
1366,0.8066515467,0.4316235258,0.6814600866,1.362920173,59.54520988,6.045826368,-0.5068583268
1367,0.7947695386,0.449127479,0.6557004858,1.311400972,59.79792288,6.020276001,-0.5030512785
1368,0.8573708955,0.4462417995,0.7320881838,1.464176368,56.47136981,6.374911768,-0.5523536016
1369,0.7884003377,0.4128421496,0.6716669205,1.343333841,61.04804672,5.89699457,-0.484076017
1370,0.760259763,0.3680668209,0.6652230623,1.330446125,63.75393554,5.64671023,-0.4422270846
1371,0.7926734588,0.4097769046,0.6785382087,1.357076417,60.85735978,5.915471872,-0.4869855177
1372,0.7414328515,0.3740306717,0.6401747652,1.28034953,64.91153143,5.546009963,-0.4240171581
1373,0.855439367,0.3754834317,0.7686278053,1.537255611,57.92048193,6.215417898,-0.5310957189
1374,0.8310860644,0.3869267986,0.735521379,1.471042758,59.071126,6.094348023,-0.5139736055
1375,0.833802504,0.3759284791,0.7442475356,1.488495071,59.11113057,6.090223559,-0.5133745504
1376,0.7994552513,0.2880016839,0.7457772649,1.49155453,62.44552673,5.765024636,-0.4625917193
1377,0.7849691463,0.4933686419,0.6105439737,1.221087947,59.04658284,6.096881186,-0.5143410073
1378,0.8164848706,0.38916106,0.7177751829,1.435550366,59.86608571,6.013421384,-0.5020227463
1379,0.8749908389,0.4919266232,0.7236139617,1.447227923,54.52834116,6.602071369,-0.5803001852
1380,0.8551584913,0.4830966664,0.7056299711,1.411259942,55.70288628,6.462860797,-0.5634844335
1381,0.821473554,0.3956549774,0.7199138412,1.439827682,59.4552844,6.054970615,-0.5082106533
1382,0.8136587079,0.311462788,0.7516857219,1.503371444,61.27041726,5.875592432,-0.4806763181
1383,0.752827467,0.4970600774,0.5654029312,1.130805862,60.74164314,5.926741217,-0.4887484939
1384,0.8402610571,0.3642417477,0.757209742,1.514419484,58.94104273,6.10779829,-0.515919826
1385,0.8308927839,0.3698933023,0.7440173138,1.488034628,59.37876887,6.062773056,-0.5093603315
1386,0.7991415409,0.3510279094,0.7179182468,1.435836494,61.57220223,5.846794283,-0.4760509257
1387,0.8038242482,0.3481511626,0.7245165215,1.449033043,61.33212258,5.869681088,-0.4797316546
1388,0.8456445525,0.3980707679,0.7460927375,1.492185475,58.06055908,6.200422554,-0.5290226195
1389,0.7680493734,0.3760408293,0.6696963004,1.339392601,63.09023576,5.706112771,-0.4525866811
1390,0.7715814952,0.439436514,0.6342188533,1.268437707,61.43130116,5.860204704,-0.4782121372
1391,0.8170096436,0.3605456946,0.7331517986,1.466303597,60.33997375,5.966194176,-0.4948525266
1392,0.8455036651,0.2396199716,0.8108382803,1.621676561,60.17313692,5.982736125,-0.4973807575
1393,0.856580741,0.4278966834,0.7420478382,1.484095676,56.90023485,6.326863166,-0.5460985273
1394,0.9417724411,0.3503820231,0.8741668998,1.7483338,53.92217721,6.676288285,-0.5888835683
1395,0.7508541936,0.4208533723,0.6218234951,1.24364699,63.22376263,5.694061616,-0.4505073144
1396,0.8434402357,0.4317389653,0.7245639357,1.449127871,57.51162814,6.259603695,-0.5371284316
1397,0.6984540688,0.3981583139,0.5738536776,1.147707355,67.48806056,5.334276864,-0.3828759445
1398,0.822617635,0.5169315314,0.6399074662,1.279814932,56.3040567,6.393855454,-0.5547855214
1399,0.7814063085,0.4268934218,0.6544905083,1.308981017,61.1471464,5.887437455,-0.4825618351
1400,0.935688657,0.45459377,0.8178372497,1.635674499,52.58985577,6.845426646,-0.6075164814
1401,0.8276337208,0.3826254931,0.7338769023,1.467753805,59.34427296,6.066297252,-0.50987835
1402,0.8655553057,0.4630506413,0.7312797624,1.462559525,55.68178408,6.465310083,-0.5637886601
1403,0.8759045394,0.4243266535,0.7662608259,1.532521652,55.98153845,6.430691438,-0.5594600026
1404,0.8365548333,0.3581774179,0.7559979673,1.511995935,59.24706347,6.076250517,-0.5113371318
1405,0.8194668844,0.351669961,0.7401717457,1.480343491,60.33859438,5.966330566,-0.4948734467
1406,0.8611969023,0.3889571708,0.7683569638,1.536713928,57.38543109,6.273369271,-0.5389849825
1407,0.8249848834,0.339306523,0.7519781522,1.503956304,60.20355109,5.979713713,-0.4969201775
1408,0.8074881149,0.4230148201,0.6878193932,1.375638786,59.69330307,6.03082727,-0.5046285371
1409,0.8895736569,0.3918953567,0.7985983474,1.597196695,55.86805709,6.443753707,-0.5611005584
1410,0.7723380061,0.2910562562,0.7153965693,1.430793139,64.15653475,5.611275631,-0.4359139665
1411,0.7151268695,0.3608082121,0.6174332948,1.23486659,67.05336676,5.368857932,-0.3898735772
1412,0.7444351304,0.4580173838,0.5868592161,1.173718432,62.60117439,5.750690837,-0.4601815871
1413,0.7507700797,0.3794877915,0.647799914,1.295599828,64.1643796,5.610589586,-0.4357907373
1414,0.7302359497,0.4263311228,0.5928628138,1.185725628,64.46352045,5.584553829,-0.4310856749
1415,0.8741485286,0.459418145,0.7436871776,1.487374355,55.34260695,6.504933899,-0.5686679938
1416,0.8315267087,0.4271952535,0.7134009271,1.426801854,58.25169707,6.180077459,-0.5261887365
1417,0.7832809883,0.3935434411,0.6772390026,1.354478005,61.7739366,5.827700481,-0.472951614
1418,0.7117518602,0.3460190686,0.6219819247,1.243963849,67.5820288,5.326859912,-0.3813603475
1419,0.8512125662,0.3299944785,0.7846441722,1.569288344,58.83391458,6.118919718,-0.5175206105
1420,0.8168115092,0.4076783196,0.7077990035,1.415598007,59.48464365,6.051982123,-0.5077692776
1421,0.8700661533,0.322342074,0.8081526455,1.616305291,57.8968502,6.217954841,-0.5314451487
1422,0.8177063085,0.3624925983,0.7329684326,1.465936865,60.26664025,5.973453946,-0.4959643342
1423,0.7939288758,0.4937024302,0.6217563592,1.243512718,58.54623021,6.148986855,-0.5218104254
1424,0.7924901623,0.4817157979,0.6292777982,1.258555596,59.00452184,6.101227309,-0.5149704248
1425,0.783847435,0.3456965738,0.7034988843,1.406997769,62.61556215,5.749369448,-0.4599586276
1426,0.8320789388,0.285193828,0.7816775812,1.563355162,60.49425551,5.95097827,-0.4925108198
1427,0.8395893921,0.4306041337,0.7207568434,1.441513687,57.74166267,6.234666328,-0.5337375753
1428,0.7731924351,0.3229769093,0.7025044183,1.405008837,63.65890059,5.655140077,-0.4437141445
1429,0.8793222337,0.4992253186,0.7238657831,1.447731566,54.14073193,6.649337517,-0.585796345
1430,0.7519450715,0.3386217542,0.6713841659,1.342768332,64.83550482,5.552513256,-0.4252185102
1431,0.7653006873,0.4815277467,0.5948244877,1.189648975,60.56208643,5.944313039,-0.4914801428
1432,0.8182532092,0.4143624125,0.7055792694,1.411158539,59.26423065,6.074490398,-0.5110796181
1433,0.7813774045,0.3743856218,0.6858469614,1.371693923,62.26903621,5.781364574,-0.4653204624
1434,0.6972080356,0.3317640248,0.6132142177,1.226428435,68.94235283,5.221753903,-0.359307074
1435,0.9391816827,0.4416783906,0.8288440339,1.657688068,52.67147845,6.834818589,-0.6063843079
1436,0.7992897982,0.3812192179,0.7025212377,1.405042475,61.03430607,5.89832216,-0.4842858514
1437,0.7383524476,0.4040668828,0.6179759632,1.235951926,64.46942341,5.584042496,-0.4309927111
1438,0.8398406278,0.401408572,0.7377014562,1.475402912,58.31582506,6.173281431,-0.5252366375
1439,0.8958014286,0.3258891175,0.8344198479,1.668839696,56.4918956,6.372595505,-0.5520549316
1440,0.8543417868,0.3531113712,0.7779538857,1.555907771,58.33062384,6.171715238,-0.5250168288
1441,0.8108544969,0.3995851878,0.7055612609,1.411122522,59.99214204,6.000785899,-0.5001187683
1442,0.8417894364,0.3987781668,0.7413402922,1.482680584,58.25815099,6.179392821,-0.5260929458
1443,0.7904239163,0.5026441373,0.6100154414,1.220030883,58.43503801,6.16068736,-0.5234649527
1444,0.8195837618,0.4758522015,0.6672947061,1.334589412,57.70789345,6.2383147,-0.5342358954
1445,0.8022189713,0.4897113599,0.6354038573,1.270807715,58.22682988,6.182716812,-0.5265577587
1446,0.7139430156,0.3726639495,0.6089632257,1.217926451,66.90240394,5.380972563,-0.3922985237
1447,0.7798475956,0.4393808329,0.6442877898,1.28857558,60.93013467,5.908406438,-0.4858757533
1448,0.8799902667,0.4422036111,0.760814587,1.521629174,55.42388468,6.495394577,-0.5675005579
1449,0.8391873066,0.5232707375,0.6560663617,1.312132723,55.30274796,6.509622275,-0.569240092
1450,0.8530575652,0.4193086934,0.7428912634,1.485782527,57.25744773,6.287391672,-0.5408651424
1451,0.6734459893,0.3319363738,0.5859588247,1.171917649,70.84561707,5.081471725,-0.3281146603
1452,0.7655586631,0.3833393033,0.662669635,1.32533927,63.10766265,5.704537055,-0.4523154377
1453,0.7944680121,0.4470442643,0.6567578306,1.313515661,59.86930473,6.013098058,-0.5019741558
1454,0.8971631144,0.3796636712,0.8128697009,1.625739402,55.68078565,6.465426013,-0.5638030523
1455,0.7859546009,0.3477063179,0.7048581072,1.409716214,62.44894051,5.76470949,-0.4625388951
1456,0.7773051195,0.2825748039,0.7241234211,1.448246842,63.93454133,5.630759094,-0.4393977051
1457,0.8160264988,0.3912409177,0.7161213522,1.432242704,59.85341812,6.014694086,-0.5022139457
1458,0.8721270141,0.3461700573,0.8004822423,1.600964485,57.4673207,6.264429864,-0.5377805588
1459,0.7336599718,0.3585925262,0.6400533997,1.280106799,65.75491755,5.474875696,-0.4106405969
1460,0.8495466688,0.3624107596,0.7683670892,1.536734178,58.45266631,6.158829404,-0.5232027769
1461,0.7442472167,0.4264099377,0.6099823641,1.219964728,63.51670851,5.667799992,-0.4459368147
1462,0.8195696749,0.3640739436,0.7342646769,1.468529354,60.13088216,5.986940272,-0.498020414
1463,0.7729452154,0.4672833083,0.6157033505,1.231406701,60.56375775,5.944148999,-0.4914547387
1464,0.7735234165,0.2775137275,0.7220281206,1.444056241,64.24527152,5.603525232,-0.4345195883
1465,0.8606222841,0.5412221549,0.6691407139,1.338281428,53.74797052,6.697927317,-0.5913382131
1466,0.7773623398,0.4463312162,0.6364594667,1.272918933,60.89701633,5.911619677,-0.4863808814
1467,0.8085827892,0.4259578978,0.687288874,1.374577748,59.56428225,6.043890506,-0.5065713502
1468,0.7374020751,0.2672161543,0.6872825818,1.374565164,66.85692102,5.384633251,-0.3930285918
1469,0.7462741873,0.3139320267,0.6770316427,1.354063285,65.61333748,5.486689351,-0.4128924271
1470,0.7624732958,0.3369022998,0.6840046544,1.368009309,64.1521678,5.6116576,-0.4359825602
1471,0.8113714937,0.3357951527,0.7386239342,1.477247868,61.06544634,5.895314316,-0.4838102663
1472,0.8127417926,0.4180777284,0.6969650167,1.393930033,59.49966728,6.050454002,-0.5075433666
1473,0.7637180965,0.3373116258,0.685190629,1.370381258,64.06248191,5.619513782,-0.4373907378
1474,0.8514705211,0.3456548615,0.7781547179,1.556309436,58.59922863,6.143425578,-0.5210211232
1475,0.8325795689,0.3707545007,0.7454728961,1.490945792,59.26822695,6.07408081,-0.5110196655
1476,0.8190378746,0.4730732751,0.66859907,1.33719814,57.81327228,6.226943845,-0.5326802454
1477,0.7499765159,0.3794134157,0.6469236696,1.293847339,64.21941129,5.605781691,-0.4349260546
1478,0.7250512716,0.3773783591,0.6191000893,1.238200179,65.99550286,5.454917144,-0.4068083459
1479,0.8346006326,0.3694317815,0.7483838419,1.496767684,59.17560919,6.083587562,-0.5124084777
1480,0.8460626692,0.3346958688,0.7770461477,1.554092295,59.05824164,6.095677589,-0.5141664912
1481,0.8650514316,0.4164271398,0.7582231971,1.516446394,56.68657104,6.350710466,-0.549218699
1482,0.8025847215,0.414674097,0.6871590998,1.3743182,60.1621846,5.983825261,-0.4975465807
1483,0.792533551,0.2959650521,0.7351966522,1.470393304,62.78337727,5.734001828,-0.4573559465
1484,0.837396301,0.3383945235,0.7659776181,1.531955236,59.49793055,6.050630613,-0.5075694835
1485,0.8240825688,0.4465857358,0.6925844791,1.385168958,58.21843768,6.183608051,-0.5266822742
1486,0.8699736039,0.4702119639,0.7319527174,1.463905435,55.29862536,6.510107578,-0.5692992482
1487,0.8315736144,0.2940227576,0.7778594308,1.555718862,60.4206632,5.958226556,-0.4936282591
1488,0.7900430268,0.4782648994,0.628832784,1.257665568,59.24651481,6.076306786,-0.5113453612
1489,0.7726879301,0.4730969059,0.6109222168,1.221844434,60.40038886,5.960226528,-0.4939359654
1490,0.8912666977,0.4726978376,0.755587904,1.511175808,54.22948432,6.63845516,-0.5845402254
1491,0.6986189762,0.3673468976,0.5942429896,1.188485979,68.16773689,5.281090681,-0.3718906047
1492,0.810220703,0.4618796102,0.6656762075,1.331352415,58.59203088,6.144180268,-0.5211283449
1493,0.8471856221,0.4422243342,0.7226071662,1.445214332,57.08614328,6.306258916,-0.5433774923
1494,0.705740225,0.2869481576,0.6447712928,1.289542586,68.95627265,5.220699817,-0.3590803409
1495,0.8186732102,0.4094678317,0.7089160176,1.417832035,59.3417094,6.066559316,-0.5099168391
1496,0.7740594385,0.4227801969,0.6484018194,1.296803639,61.69728693,5.834940528,-0.4741299009
1497,0.8303784234,0.4608158943,0.6907800211,1.381560042,57.53228863,6.257355801,-0.5368242357
1498,0.7847316603,0.3089857753,0.7213401204,1.442680241,63.10966285,5.704356254,-0.4522843025
1499,0.8035006275,0.4045381925,0.6942349092,1.388469818,60.32312929,5.96786016,-0.495107977
1500,0.8120493042,0.338592732,0.738091481,1.476182962,60.98258731,5.903324471,-0.4850754024
1501,0.7112326286,0.3694171064,0.60776875,1.2155375,67.17041217,5.35950262,-0.3879915895
1502,0.7921219577,0.330445796,0.7199046964,1.439809393,62.33128043,5.775591284,-0.4643585989
1503,0.8084538319,0.4490011227,0.6723061729,1.344612346,59.02284191,6.099333552,-0.5146963101
1504,0.8745868454,0.2897539452,0.8251937963,1.650387593,58.03677523,6.202963527,-0.5293748364
1505,0.8278003506,0.3275292775,0.7602486388,1.520497278,60.2082341,5.979248609,-0.4968492475
1506,0.8508176673,0.407062573,0.7471216532,1.494243306,57.61351198,6.2485342,-0.5356276634
1507,0.8014395149,0.3769512786,0.7072573998,1.4145148,60.98351124,5.903235033,-0.4850613009
1508,0.8134315262,0.4879991155,0.6507900668,1.301580134,57.68374617,6.240926152,-0.5345921142
1509,0.771703211,0.4335824292,0.6383824269,1.276764854,61.57543808,5.846487029,-0.4760012587
1510,0.7335916438,0.3939705814,0.6188245962,1.237649192,65.03088065,5.535831538,-0.4221297286
1511,0.7535582088,0.3770144755,0.6524646039,1.304929208,64.02684072,5.622641941,-0.4379500506
1512,0.8156506503,0.3901273552,0.7163006562,1.432601312,59.89634707,6.01038323,-0.5015658944
1513,0.8635030779,0.4762123241,0.7203189487,1.440637897,55.46889023,6.490124437,-0.5668536275
1514,0.8013148597,0.2329373176,0.7667109694,1.533421939,62.91423394,5.722075554,-0.4553237384
1515,0.8148368091,0.3124773324,0.7525403259,1.505080652,61.18559122,5.883738194,-0.4819740331
1516,0.7518124974,0.3838839163,0.6464171796,1.292834359,64.00405952,5.624643229,-0.4383074643
1517,0.8243147368,0.3651068853,0.7390478656,1.478095731,59.83715425,6.016328893,-0.5024593898
1518,0.8494851085,0.3134729888,0.7895312755,1.579062551,59.14809983,6.086416994,-0.5128207253
1519,0.8470530319,0.3431226841,0.7744453903,1.548890781,58.88245473,6.113875545,-0.516795513
1520,0.8108366303,0.3940314524,0.7086573612,1.417314722,60.10243139,5.989774318,-0.4984509519
1521,0.9014700498,0.4933741894,0.7544734322,1.508946864,53.28628025,6.755960414,-0.5978171188
1522,0.8253074934,0.4565341002,0.6875384165,1.375076833,57.90954405,6.216591857,-0.5312574627
1523,0.8347745973,0.2633872594,0.7921336882,1.584267376,60.57232501,5.943308268,-0.4913245098
1524,0.8540536198,0.4850634883,0.7029374067,1.405874813,55.70577438,6.462525726,-0.5634427903
1525,0.9089208152,0.4144711192,0.808919489,1.617838978,54.54037494,6.60061469,-0.5801291242
1526,0.8084453225,0.2640676327,0.7641021691,1.528204338,62.15786092,5.791705099,-0.4670370932
1527,0.9369135917,0.3739192636,0.8590642948,1.71812859,53.84053963,6.686411438,-0.5900345551
1528,0.8681726243,0.366887764,0.7868399292,1.573679858,57.37320765,6.27470582,-0.5391646692
1529,0.7959110413,0.4309823331,0.6691252605,1.338250521,60.18306187,5.981749496,-0.4972304735
1530,0.8551068298,0.4493264579,0.7275392942,1.455078588,56.51862657,6.369581531,-0.551665864
1531,0.7967303346,0.331657651,0.7244186832,1.448837366,62.02473255,5.804136273,-0.469090382
1532,0.8509093173,0.4364262,0.7304648097,1.460929619,57.01780861,6.313816837,-0.544378334
1533,0.8341293148,0.4693105044,0.6895791211,1.379158242,57.11974533,6.302549108,-0.5428850671
1534,0.7872166487,0.4028997065,0.6763001394,1.352600279,61.33608795,5.869301614,-0.4796709286
1535,0.9024385279,0.4620011483,0.775209801,1.550419602,53.94332584,6.673670828,-0.5885852044
1536,0.8267959604,0.4103418562,0.7177820848,1.43556417,58.86503051,6.11568527,-0.5170558405
1537,0.8365894267,0.3441255165,0.7625349158,1.525069832,59.4601605,6.054474071,-0.5081373572
1538,0.7893132727,0.4253056201,0.6649289976,1.329857995,60.7082123,5.930004959,-0.4892574516
1539,0.8226884058,0.4523784533,0.6871462348,1.37429247,58.15379798,6.190481318,-0.5276409583
1540,0.7998133727,0.4344264755,0.6715467731,1.343093546,59.87322538,6.012704306,-0.5019149723
1541,0.8174984561,0.3860088735,0.7206253363,1.441250673,59.86598158,6.013431844,-0.5020243181
1542,0.822766211,0.3876764895,0.7257073635,1.451414727,59.53107936,6.047261428,-0.5070709087
1543,0.8604878489,0.3782065215,0.7729160144,1.545832029,57.6035979,6.249609627,-0.5357737742
1544,0.8301471926,0.3915880782,0.7319857501,1.4639715,59.03895372,6.097669035,-0.514455193
1545,0.7962117402,0.444053579,0.660885432,1.321770864,59.84479288,6.015560965,-0.5023441174
1546,0.7808445938,0.4443470243,0.6420856655,1.284171331,60.74096421,5.926807464,-0.4887588318
1547,0.8940440676,0.3622225258,0.8173797383,1.634759477,56.09717965,6.417434927,-0.5577859652
1548,0.8182557968,0.5015831067,0.6464958902,1.29299178,57.01850468,6.313739759,-0.5443681432
1549,0.8202757804,0.4377078477,0.6937320779,1.387464156,58.63632823,6.139538591,-0.5204683356
1550,0.8176608282,0.4167158305,0.7035034802,1.40700696,59.24827719,6.076126043,-0.5113189271
1551,0.8783181503,0.420420494,0.7711610606,1.542322121,55.93427523,6.436125229,-0.5601435356
1552,0.8180644193,0.2937558094,0.7635030574,1.527006115,61.22939583,5.879528863,-0.4813040181
1553,0.8315071888,0.3501226418,0.7542004646,1.508400929,59.66122088,6.034070284,-0.5051118745
1554,0.8415970261,0.2772483156,0.7946187299,1.58923746,60.02638562,5.997362598,-0.4996011284
1555,0.8177842489,0.3883348789,0.7196993119,1.439398624,59.80618045,6.019444768,-0.5029267151
1556,0.7350535537,0.405058647,0.6133768982,1.226753796,64.67238307,5.56651824,-0.4277935872
1557,0.7920366967,0.3843501816,0.69252947,1.38505894,61.41640543,5.861626018,-0.4784404465
1558,0.769495517,0.3253386703,0.6973364327,1.394672865,63.86676238,5.636734767,-0.4404600469
1559,0.8192247878,0.3649502356,0.7334443253,1.466888651,60.13640813,5.986390129,-0.4979367768
1560,0.8213233142,0.3938681372,0.720721775,1.44144355,59.49796879,6.050626725,-0.5075689086
1561,0.7964955653,0.3350137717,0.722613976,1.445227952,61.98859536,5.807519882,-0.4696473028
1562,0.8618067332,0.4276641835,0.7482073186,1.496414637,56.63422408,6.356580422,-0.5499819682
1563,0.7995527718,0.3733572828,0.7070282698,1.41405654,61.16313853,5.885898086,-0.4823173497
1564,0.8187524048,0.4589865838,0.6780020769,1.356004154,58.20144045,6.185413922,-0.5269344286
1565,0.7576480697,0.3189570933,0.6872386559,1.374477312,64.75628809,5.559305677,-0.4264694753
1566,0.8389107107,0.4472796147,0.7097267972,1.419453594,57.40676383,6.271038045,-0.5386713288
1567,0.8435857418,0.3412153085,0.7714979048,1.54299581,59.10519854,6.090834798,-0.5134633963
1568,0.8086225729,0.3587003308,0.7247099683,1.449419937,60.86970348,5.91427228,-0.4867973404
1569,0.7876094302,0.3645184526,0.6981797134,1.396359427,62.0576182,5.801060538,-0.4685834094
1570,0.7660293529,0.3980941109,0.6544631758,1.308926352,62.76866534,5.735345782,-0.4575842743
1571,0.8298825615,0.3543514354,0.7504266294,1.500853259,59.68912175,6.03124974,-0.5046915402
1572,0.8582820572,0.1770588269,0.8398203746,1.679640749,59.90912884,6.0091009,-0.5013728877
1573,0.8328476607,0.3767898209,0.7427413121,1.485482624,59.15036446,6.08618397,-0.5127867926
1574,0.8549598458,0.44573639,0.7295720722,1.459144144,56.60590132,6.359760936,-0.5503947499
1575,0.7860647198,0.4069856836,0.6725030832,1.345006166,61.31881227,5.870955204,-0.4799354728
1576,0.8053615521,0.3900831419,0.7045866676,1.409173335,60.5017696,5.950239181,-0.4923966786
1577,0.852319923,0.3909705917,0.7573580709,1.514716142,57.82625736,6.225545564,-0.532488429
1578,0.8265632253,0.3937451959,0.7267540755,1.453508151,59.20148985,6.080928046,-0.5120205294
1579,0.9338340333,0.2522366205,0.8991232891,1.798246578,55.32311395,6.507225901,-0.5689478123
1580,0.8865858693,0.3831232125,0.7995318053,1.599063611,56.16069679,6.410176878,-0.5568655153
1581,0.8025500151,0.4174599665,0.6854295756,1.370859151,60.10332705,5.989685059,-0.4984374
1582,0.7962225146,0.4854425935,0.6311226356,1.262245271,58.6839815,6.13455309,-0.5197579774
1583,0.7561708309,0.3847008919,0.6509988857,1.301997771,63.6964184,5.651809145,-0.44312723
1584,0.8293797494,0.4555311476,0.6930816274,1.386163255,57.71637826,6.237397613,-0.5341107056
1585,0.7988413587,0.4635702005,0.6505768099,1.30115362,59.17882801,6.083256666,-0.5123602336
1586,0.861940381,0.4405808654,0.7408304269,1.481660854,56.36059962,6.387440915,-0.5539641903
1587,0.8500315218,0.4338823173,0.7309580855,1.461916171,57.11792959,6.302749462,-0.5429116808
1588,0.8288696247,0.4431269664,0.7004736586,1.400947317,58.03999971,6.202618914,-0.5293270902
1589,0.8806238587,0.4511557671,0.7562782916,1.512556583,55.20657631,6.520962248,-0.5706193138
1590,0.804368789,0.2841600943,0.7525039466,1.505007893,62.18458174,5.789216393,-0.4666246636
1591,0.8252591868,0.4867893631,0.666399911,1.332799822,57.10367993,6.304322251,-0.5431205227
1592,0.8772429956,0.4457658297,0.7555449017,1.511089803,55.4853932,6.488194086,-0.5666163186
1593,0.8262226174,0.3985200378,0.7237579657,1.447515931,59.13010833,6.088268907,-0.5130902771
1594,0.8002344982,0.4226287115,0.6795294139,1.359058828,60.1235451,5.987670877,-0.4981314555
1595,0.8214525107,0.4657439279,0.6766585705,1.353317141,57.88073548,6.219685997,-0.5316833766
1596,0.813008496,0.3701608515,0.7238534096,1.447706819,60.41335572,5.958947251,-0.4937391727
1597,0.8044522445,0.4590360508,0.6606279722,1.321255944,58.98737932,6.103000407,-0.5152268728
1598,0.7756644042,0.3740914456,0.6794930892,1.358986178,62.637265,5.74737738,-0.459622255
1599,0.863238734,0.5084293629,0.6976250388,1.395250078,54.63249287,6.589485141,-0.578818814
1600,0.7841516561,0.4181284336,0.6633720168,1.326744034,61.18660622,5.883640591,-0.4819585112
1601,0.7414016244,0.4175964222,0.6126088449,1.22521769,63.93301614,5.630893422,-0.4394216171
1602,0.7847580874,0.3569393066,0.6988845306,1.397769061,62.36928074,5.772072336,-0.4637711085
1603,0.751700171,0.3946465411,0.6397712519,1.279542504,63.78221837,5.64420632,-0.4417842939
1604,0.8311135945,0.4017416187,0.7275668208,1.455133642,58.793105,6.123166994,-0.5181299406
1605,0.8327950395,0.3363717173,0.7618409582,1.523681916,59.79182395,6.020890086,-0.5031432727
1606,0.7168291851,0.2854871016,0.657526574,1.315053148,68.13600966,5.283549797,-0.3724045758
1607,0.8037027327,0.3991406628,0.6975849869,1.395169974,60.42144887,5.95814908,-0.4936163335
1608,0.7750117334,0.4421171811,0.6365340408,1.273068082,61.15124815,5.887042553,-0.4824991317
1609,0.8318933034,0.502590983,0.6629093242,1.325818648,56.30353528,6.393914666,-0.5547930929
1610,0.7745535731,0.3089117753,0.7102863878,1.420572776,63.77214628,5.645097758,-0.441941993
1611,0.9441805464,0.2649133067,0.906254845,1.81250969,54.70788794,6.580403915,-0.5777452608
1612,0.8716458864,0.4366829977,0.7543702743,1.508740549,55.95109534,6.434190391,-0.5599003226
1613,0.7591457808,0.3731420551,0.6611106739,1.322221348,63.73058057,5.648779547,-0.4425926446
1614,0.7385849314,0.3495953203,0.6506080332,1.301216066,65.57233936,5.490119821,-0.4135440317
1615,0.8738555279,0.3787954073,0.7874881098,1.57497622,56.88639769,6.328402124,-0.5463008243
1616,0.8729492482,0.4843122439,0.7262795883,1.452559177,54.81546355,6.567489841,-0.576211756
1617,0.7890169176,0.4222932556,0.6664953882,1.332990776,60.79633091,5.92140997,-0.4879155581
1618,0.9269078057,0.4873379399,0.788454065,1.57690813,52.31039533,6.881997311,-0.6113834763
1619,0.8685549197,0.5072789736,0.7050217666,1.410043533,54.41925904,6.615305066,-0.5818496268
1620,0.8351091416,0.3922513799,0.7372558128,1.474511626,58.7483262,6.127834158,-0.5187982327
1621,0.8108275291,0.4510415948,0.6737972705,1.347594541,58.83889106,6.118402192,-0.5174462885
1622,0.8110703113,0.3263246814,0.7425276104,1.485055221,61.22210419,5.880229123,-0.4814155671
1623,0.894064782,0.4026452139,0.7982660371,1.596532074,55.46497484,6.490582589,-0.566909923
1624,0.842174424,0.3575199928,0.7625203048,1.52504061,58.9398977,6.107916947,-0.5159369454
1625,0.8166440573,0.3673506338,0.7293565851,1.45871317,60.24728309,5.975373188,-0.4962576723
1626,0.7508875411,0.460750047,0.5929093468,1.185818694,62.10733979,5.796416353,-0.4678165969
1627,0.8324146806,0.4100884279,0.7243905589,1.448781118,58.55712868,6.147842425,-0.5216481516
1628,0.8537210267,0.4077713223,0.7500414256,1.500082851,57.44512571,6.266850243,-0.5381071091
1629,0.7951841636,0.2904837442,0.7402277004,1.480455401,62.68424242,5.743070126,-0.4588939261
1630,0.7959264522,0.4010352395,0.6875097483,1.375019497,60.8468418,5.916494421,-0.4871458443
1631,0.7804396321,0.5372317463,0.5660989933,1.132197987,57.61236333,6.248658781,-0.5356445927
1632,0.8868420853,0.2708229829,0.8444784167,1.688956833,57.57260386,6.252974086,-0.5362304516
1633,0.789163923,0.4311414496,0.6609816547,1.321963309,60.57791952,5.94275939,-0.4912394631
1634,0.810062293,0.4770505395,0.6546935935,1.309387187,58.18270206,6.187406003,-0.5272123591
1635,0.8440555241,0.4517644457,0.7129786907,1.425957381,57.03302476,6.312132339,-0.5441555425
1636,0.8744895322,0.4174722676,0.7684066942,1.536813388,56.18308933,6.407622014,-0.5565408538
1637,0.7295772505,0.3838134993,0.6204596379,1.240919276,65.53646713,5.493124908,-0.4141139943
1638,0.8678170585,0.4338060966,0.7516107487,1.503221497,56.20279495,6.405375397,-0.5562550785
1639,0.7684791061,0.4438423034,0.6273469106,1.254693821,61.50433422,5.853246028,-0.4770922795
1640,0.8334418298,0.483350819,0.678967797,1.357935594,56.78102549,6.340146148,-0.5478403028
1641,0.8180950578,0.3977870321,0.7148741152,1.42974823,59.60802784,6.03945497,-0.5059129105
1642,0.8685086009,0.4811708976,0.7230364839,1.446072968,55.10480009,6.533006188,-0.5720771612
1643,0.8887086636,0.4062128383,0.7904392569,1.580878514,55.67023197,6.466651696,-0.5639551723
1644,0.847395621,0.4800492802,0.6983065423,1.396613085,56.16580046,6.409594399,-0.5567915265
1645,0.8096071707,0.3409283869,0.7343239107,1.468647821,61.09430758,5.892529341,-0.4833693595
1646,0.8840643244,0.5482592886,0.6935282851,1.38705657,52.53086042,6.853114477,-0.608334028
1647,0.8824327525,0.2906386009,0.8331967153,1.666393431,57.60368428,6.249600256,-0.5357725012
1648,0.8141827861,0.4813695454,0.6566406703,1.313281341,57.83844641,6.224233574,-0.5323083466
1649,0.8298656097,0.4162061844,0.717948008,1.435896016,58.57444816,6.146024612,-0.5213902328
1650,0.9142765971,0.3629454926,0.8391497276,1.678299455,55.07691707,6.536313562,-0.5724762442
1651,0.7689505442,0.3954591132,0.6594672313,1.318934463,62.63770554,5.747336958,-0.4596154264
1652,0.8160805197,0.4248626707,0.6967633212,1.393526642,59.1616035,6.085027766,-0.5126183778
1653,0.8153341489,0.4012555032,0.7097631968,1.419526394,59.69893792,6.030258034,-0.5045436284
1654,0.8508459087,0.3895285566,0.7564431664,1.512886333,57.93138131,6.214248511,-0.5309345251
1655,0.8673919436,0.3556194733,0.791140679,1.582281358,57.58473897,6.251656366,-0.5360516671
1656,0.8634788249,0.5036317603,0.7013919953,1.402783991,54.75540315,6.574693625,-0.5770681759
1657,0.7644681862,0.4331102775,0.6299421365,1.259884273,62.03791815,5.802902656,-0.4688871283
1658,0.7717008317,0.4294354422,0.6411765549,1.28235311,61.68031761,5.836545821,-0.4743906449
1659,0.8051305357,0.4149637904,0.6899566886,1.379913377,60.00694495,5.999305586,-0.4998950235
1660,0.8352711049,0.3995364548,0.7335178526,1.467035705,58.60360756,6.142966534,-0.5209558881
1661,0.8344925809,0.3928720084,0.7362264955,1.472452991,58.77135371,6.125433179,-0.5184546029
1662,0.862018342,0.3743608346,0.7764854071,1.552970814,57.58406415,6.251729629,-0.5360616097
1663,0.7903312157,0.4084994107,0.6765734712,1.353146942,61.02639639,5.899086646,-0.4844066281
1664,0.8475887183,0.4605639608,0.7115388067,1.423077613,56.64305413,6.355589499,-0.5498532498
1665,0.8215517338,0.4069401985,0.7136854532,1.427370906,59.22930924,6.078071897,-0.5116034032
1666,0.7452816808,0.4431859154,0.5991919794,1.198383959,62.98928044,5.715258175,-0.4541571916
1667,0.8354361388,0.2864432372,0.7847953962,1.569590792,60.28269781,5.971862792,-0.4957209554
1668,0.8478643409,0.4617994999,0.7110662152,1.42213243,56.59931715,6.360500765,-0.5504906898
1669,0.7521197577,0.4639602845,0.5919670467,1.183934093,61.92989646,5.813024413,-0.4705515307
1670,0.8669090869,0.4192466333,0.7587908971,1.517581794,56.5368424,6.367529291,-0.551400665
1671,0.8585400867,0.3966478647,0.7614207457,1.522841491,57.39240642,6.272606822,-0.5388824331
1672,0.9081716291,0.476876554,0.7728935632,1.545787126,53.36302292,6.746244502,-0.5967428665
1673,0.8397454069,0.4294885781,0.7216037068,1.443207414,57.75713834,6.232995788,-0.5335091446
1674,0.8175410451,0.4623421583,0.6742500196,1.348500039,58.1803234,6.187658971,-0.5272476358
1675,0.8162286664,0.4861069136,0.6556899453,1.311379891,57.59279046,6.250782383,-0.5359330327
1676,0.7890526269,0.4787418524,0.6272242715,1.254448543,59.2874714,6.072109191,-0.5107309255
1677,0.8299185449,0.3866047598,0.7343715346,1.468743069,59.1429592,6.086946018,-0.5128977483
1678,0.7274499468,0.4326832265,0.5847808569,1.169561714,64.47946894,5.583172534,-0.4308344967
1679,0.8613494736,0.3141763465,0.8020075679,1.604015136,58.47652805,6.156316253,-0.5228478159
1680,0.8206513875,0.3604518279,0.7372538095,1.474507619,60.12751827,5.987275217,-0.4980713253
1681,0.8444475699,0.3906876242,0.7486353442,1.497270688,58.25984681,6.179212952,-0.526067775
1682,0.81250622,0.3652523865,0.7257803054,1.451560611,60.52753896,5.94770589,-0.4920051707
1683,0.7810661374,0.280169757,0.7290879359,1.458175872,63.71726946,5.649959627,-0.4428009617
1684,0.8457372933,0.4341885373,0.7257767448,1.45155349,57.33740504,6.278623872,-0.5396908326
1685,0.8754442986,0.4773690672,0.7338402371,1.467680474,54.86598307,6.561442626,-0.5754908923
1686,0.8154169468,0.3806817333,0.7211006969,1.442201394,60.08486498,5.991525489,-0.4987167183
1687,0.7954814165,0.5126998574,0.6082183326,1.216436665,57.81516879,6.226739583,-0.5326522317
1688,0.7735804463,0.4614674736,0.6208659096,1.241731819,60.69908709,5.930896448,-0.4893963466
1689,0.8483140059,0.4542526789,0.7164434076,1.432886815,56.7547112,6.343085753,-0.5482244633
1690,0.8457330876,0.3690395079,0.7609693142,1.521938628,58.5579561,6.147755556,-0.5216358309
1691,0.8288019741,0.3946540649,0.7288078494,1.457615699,59.05775188,6.09572814,-0.5141738227
1692,0.8275089587,0.4463015114,0.6968400374,1.393680075,58.03921642,6.202702624,-0.5293386888
1693,0.8849082472,0.4126142322,0.782823161,1.565646322,55.74713527,6.457730936,-0.5628462556
1694,0.7592539707,0.4583797248,0.6052723518,1.210544704,61.65884621,5.838578276,-0.4747205064
1695,0.8503578631,0.5316369143,0.6636796566,1.327359313,54.51657406,6.60349639,-0.5804674306
1696,0.771526554,0.375578454,0.6739392023,1.347878405,62.87432914,5.725707215,-0.4559437133
1697,0.8251529955,0.3358739053,0.7537016557,1.507403311,60.24418544,5.975680431,-0.4963046087
1698,0.7922996602,0.308831611,0.7296312682,1.459262536,62.62886204,5.74814851,-0.4597525004
1699,0.8167774058,0.410305474,0.7062398662,1.412479732,59.43269428,6.057272085,-0.5085501739
1700,0.8004649501,0.3907133467,0.6986323905,1.397264781,60.78177488,5.92282803,-0.4881373007
1701,0.8142114832,0.3297437722,0.7444524056,1.488904811,60.98330408,5.903255086,-0.4850644627
1702,0.7771008095,0.2536563852,0.734536661,1.469073322,64.27612516,5.600835444,-0.4340345208
1703,0.791423966,0.4575742421,0.6457381102,1.29147622,59.7653263,6.023559516,-0.5035428878
1704,0.8431851143,0.3322071604,0.7749835737,1.549967147,59.25576867,6.075357861,-0.5112065565
1705,0.9008306647,0.322775513,0.8410183438,1.682036688,56.2714167,6.397564183,-0.5552593976
1706,0.8269429354,0.5354729558,0.630161354,1.260322708,55.45453019,6.491805066,-0.5670600833
1707,0.7818372807,0.4084052458,0.6666893495,1.333378699,61.5473622,5.849154003,-0.4764321439
1708,0.8105351962,0.4624985193,0.6656293443,1.331258689,58.55828907,6.1477206,-0.5216308728
1709,0.8774645,0.4141861726,0.773559153,1.547118306,56.09317468,6.417893122,-0.5578439796
1710,0.8313060811,0.4648912478,0.6891632087,1.378326417,57.38044157,6.273914772,-0.5390583323
1711,0.8272656711,0.447223384,0.6959595789,1.391919158,58.03052119,6.203632031,-0.5294674379
1712,0.9064514963,0.3804427751,0.8227500288,1.645500058,55.20807038,6.520785775,-0.5705978993
1713,0.8256705453,0.2886610885,0.7735674666,1.547134933,60.83389657,5.917753429,-0.4873431472
1714,0.7929626345,0.4101337193,0.6786604983,1.357320997,60.83222667,5.917915876,-0.4873685969
1715,0.8069863666,0.4734121385,0.6535349593,1.307069919,58.45284268,6.158810821,-0.5232001536
1716,0.7419103743,0.4123589602,0.6167585358,1.233517072,64.02869213,5.622479361,-0.4379210009
1717,0.7394040632,0.3897727769,0.6283275826,1.256655165,64.72167224,5.562279026,-0.4270158619
1718,0.8509779122,0.3029734984,0.7952172448,1.59043449,59.19368562,6.081729769,-0.5121375249
1719,0.8154199316,0.3733023085,0.7249517579,1.449903516,60.2163167,5.978446038,-0.4967268185
1720,0.8303831993,0.3120598545,0.7695160199,1.53903204,60.26562617,5.973554461,-0.4959797031
1721,0.7952454745,0.4316772154,0.6678848302,1.33576966,60.20554834,5.979515343,-0.4968899271
1722,0.8307137656,0.3682447348,0.7446349277,1.489269855,59.41656373,6.058916528,-0.5087925612
1723,0.7512396801,0.3502707106,0.6645836939,1.329167388,64.68493704,5.565437897,-0.4275955303
1724,0.7530604176,0.1814336993,0.7308774215,1.461754843,66.54580692,5.409807419,-0.3980157689
1725,0.8197621101,0.3828151922,0.724887885,1.44977577,59.79320521,6.020750999,-0.5031224387
1726,0.8686093901,0.3826291257,0.7797930653,1.559586131,57.09940357,6.304794402,-0.5431831901
1727,0.9080070064,0.3510012135,0.8374215616,1.674843123,55.54962012,6.480692383,-0.5656923029
1728,0.8027987197,0.4881571241,0.6373291195,1.274658239,58.24385351,6.180909715,-0.5263051434
1729,0.8878399481,0.4573140797,0.7610017122,1.522003424,54.72806685,6.577977639,-0.5774577627
1730,0.818510809,0.4968377276,0.6504707656,1.300941531,57.15271726,6.29891311,-0.5424016945
1731,0.7329839921,0.3878877592,0.6219394013,1.243878803,65.20841327,5.520760006,-0.4193187806
1732,0.8070332405,0.4472038756,0.6717971009,1.343594202,59.14772404,6.086455664,-0.512826356
1733,0.7880053083,0.2759686755,0.738101386,1.476202772,63.31697533,5.685679048,-0.449054295
1734,0.8593664428,0.500230356,0.6987705446,1.397541089,55.04259187,6.540389684,-0.5729673463
1735,0.8337197975,0.3324393118,0.7645736097,1.529147219,59.79461346,6.020609202,-0.5031011974
1736,0.7996116225,0.3563090167,0.7158370145,1.431674029,61.45606915,5.857842927,-0.4778324423
1737,0.8118218647,0.4253899895,0.6914463803,1.382892761,59.39174409,6.061448532,-0.5091654372
1738,0.8096722833,0.4759538019,0.6550093013,1.310018603,58.23500215,6.181849175,-0.5264364953
1739,0.8637373397,0.3269687404,0.7994583383,1.598916677,58.18152169,6.187531531,-0.5272298647
1740,0.832738457,0.417877323,0.7202998547,1.440599709,58.381428,6.166344543,-0.5242619593
1741,0.7682522078,0.3232313193,0.6969454562,1.393890912,63.98084713,5.626683861,-0.4386715717
1742,0.7585921341,0.2503387793,0.7160953299,1.43219066,65.55842259,5.491285265,-0.4137651701
1743,0.8071630207,0.3770035838,0.7137089322,1.427417864,60.63914447,5.93675922,-0.490308426
1744,0.8561885707,0.4550769413,0.7252336494,1.450467299,56.33347019,6.390517019,-0.5543583343
1745,0.7857836322,0.4223520811,0.6626270718,1.325254144,60.98970018,5.902636001,-0.4849668391
1746,0.8659503563,0.3713923195,0.7822645106,1.564529021,57.42126634,6.26945421,-0.5384580568
1747,0.8515121581,0.3486589694,0.7768589824,1.553717965,58.55294257,6.148281951,-0.5217104833
1748,0.7477684698,0.3637157519,0.6533517707,1.306703541,64.67708733,5.566113362,-0.4277193732
1749,0.7234658303,0.3262689643,0.6457177174,1.291435435,67.05175486,5.368986997,-0.3898994839
1750,0.8957156363,0.3747781205,0.8135403257,1.627080651,55.82770763,6.448410929,-0.5616833448
1751,0.8061834177,0.359182331,0.7217477094,1.443495419,61.00847717,5.900819307,-0.484680211
1752,0.8320512606,0.4644367302,0.6903678903,1.380735781,57.35286669,6.276931228,-0.5394636304
1753,0.8599741146,0.4682631531,0.7213079074,1.442615815,55.83505501,6.447562377,-0.5615772438
1754,0.8012428258,0.2782117726,0.7513908939,1.502781788,62.44958391,5.764650098,-0.4625289389
1755,0.8353488163,0.3771339656,0.7453707916,1.490741583,59.00318041,6.101366019,-0.5149904939
1756,0.8596866368,0.2992344008,0.8059279663,1.611855933,58.74937554,6.127724707,-0.5187825757
1757,0.8417879054,0.4296122922,0.7239061791,1.447812358,57.64504604,6.245116012,-0.5351628174
1758,0.7884499176,0.41268977,0.671818745,1.34363749,61.04842621,5.896957913,-0.4840702214
1759,0.8187874195,0.3364825511,0.7464531675,1.492906335,60.61118161,5.939498132,-0.4907337217
1760,0.7610235795,0.238040922,0.7228370549,1.44567411,65.51699726,5.494757316,-0.414423277
1761,0.8266138569,0.3905932464,0.7285103872,1.457020774,59.25741643,6.075188925,-0.5111818393
1762,0.8014653967,0.4219555191,0.6813958629,1.362791726,60.06672299,5.993335113,-0.4989911436
1763,0.715974724,0.388945901,0.601116371,1.202232742,66.40011842,5.421677077,-0.4003471385
1764,0.8083152604,0.4740334485,0.6547257822,1.309451564,58.36296731,6.168295009,-0.5245363036
1765,0.8173208776,0.4072039789,0.7086595349,1.41731907,59.46513552,6.053967536,-0.5080625703
1766,0.8124580595,0.2991584626,0.7553756103,1.510751221,61.5027765,5.853394278,-0.4771161731
1767,0.8454587392,0.4556659406,0.7121580093,1.424316019,56.86892884,6.330346067,-0.5465561706
1768,0.8549118291,0.3111945852,0.7962613676,1.592522735,58.87158957,6.115003903,-0.5169578501
1769,0.7756903933,0.3800950195,0.6761829356,1.352365871,62.52020207,5.758138779,-0.461435831
1770,0.8324560678,0.4108753097,0.7239921164,1.447984233,58.5391296,6.149732708,-0.5219161406
1771,0.9001179061,0.5142883647,0.73872845,1.4774569,52.82526078,6.814921398,-0.604247879
1772,0.8396281588,0.2599700594,0.798367718,1.596735436,60.32196015,5.967975826,-0.4951257056
1773,0.8089517557,0.4190568378,0.6919496439,1.383899288,59.69628312,6.03052621,-0.5045836327
1774,0.779377899,0.3569655817,0.6928242801,1.38564856,62.71066925,5.740649945,-0.458484074
1775,0.7836096681,0.408175448,0.6689072548,1.33781451,61.44332983,5.85905746,-0.4780277481
1776,0.7433871416,0.3627611598,0.6488673079,1.297734616,64.99618159,5.538786913,-0.4226786607
1777,0.887047631,0.3305426763,0.8231616116,1.646323223,56.88821998,6.328199408,-0.5462741845
1778,0.955696921,0.4924336173,0.8190639397,1.638127879,50.99612586,7.059359784,-0.6293729375
1779,0.742068273,0.3972327769,0.6267945779,1.253589156,64.3735631,5.592357836,-0.4325018182
1780,0.8626553713,0.4260289017,0.7501157675,1.500231535,56.62321342,6.35781649,-0.5501424558
1781,0.8483742519,0.468370074,0.7073671925,1.414734385,56.41319443,6.381485815,-0.5531997243
1782,0.8846623587,0.4086676971,0.7846134094,1.569226819,55.82974425,6.448175696,-0.5616539355
1783,0.8453954773,0.349894118,0.7695892535,1.539178507,58.87557383,6.114590085,-0.5168983232
1784,0.749355334,0.280935913,0.6947002442,1.389400488,65.8464877,5.467261999,-0.409182838
1785,0.7970297997,0.3809626289,0.7000885495,1.400177099,61.1761511,5.884646116,-0.4821183878
1786,0.775183668,0.4064163464,0.6601026227,1.320205245,62.00494478,5.805988559,-0.4693953603
1787,0.8609125393,0.4364068359,0.7421047594,1.484209519,56.50096771,6.371572286,-0.5519229011
1788,0.7776587596,0.3897333579,0.6729495197,1.345899039,62.20352343,5.78745351,-0.4663322417
1789,0.8542074813,0.2818644376,0.8063639749,1.61272795,59.25344966,6.075595633,-0.5112413421
1790,0.8597683304,0.4080025155,0.7567929236,1.513585847,57.12080474,6.302432216,-0.5428695388
1791,0.9207788852,0.4495583596,0.8035739149,1.60714783,53.35191084,6.747649603,-0.5968984809
1792,0.879049306,0.4002692051,0.7826316157,1.565263231,56.2606322,6.39879052,-0.5554159302
1793,0.8649213229,0.3958882342,0.7690002606,1.538000521,57.06847998,6.308210769,-0.5436362662
1794,0.8336842567,0.327544104,0.7666448329,1.533289666,59.86527569,6.01350275,-0.5020349731
1795,0.8409172782,0.4340352781,0.7202466565,1.440493313,57.59662916,6.250365781,-0.5358764678
1796,0.8215890672,0.2470347675,0.7835703025,1.567140605,61.52459223,5.851318749,-0.4767815145
1797,0.8571918314,0.4408068773,0.7351646977,1.470329395,56.59858594,6.360582938,-0.550501344
1798,0.8148747618,0.3098239213,0.75367766,1.50735532,61.21850458,5.880574876,-0.4814706318
1799,0.8595314776,0.3456266633,0.7869793965,1.573958793,58.15550762,6.190299333,-0.527615611
1800,0.8769513212,0.2706376883,0.8341455877,1.668291175,58.10823279,6.195335543,-0.5283163411
1801,0.8158327164,0.4548826432,0.6772479621,1.354495924,58.46526682,6.157502045,-0.5230153463
1802,0.8412894071,0.4088811178,0.7352442437,1.470488487,58.09333739,6.196924056,-0.5285370533
1803,0.879355458,0.4424182122,0.7599553585,1.519910717,55.45070875,6.492252455,-0.5671150186
1804,0.7458687644,0.4420841243,0.6007344178,1.201468836,62.98253148,5.7158706,-0.4542621316
1805,0.8129151915,0.4254584497,0.6926876758,1.385375352,59.32793982,6.067967321,-0.5101235573
1806,0.8813361921,0.4354718174,0.7662361123,1.532472225,55.4931955,6.487281851,-0.566504107
1807,0.7420492398,0.4551311207,0.5860825345,1.172165069,62.84397704,5.728472591,-0.4564151261
1808,0.8401672717,0.3855577426,0.7464759015,1.492951803,58.58712858,6.144694385,-0.5212013678
1809,0.8736226987,0.3851844984,0.7841234098,1.56824682,56.79485148,6.338602718,-0.5476384117
1810,0.7285386522,0.3459877823,0.6411404076,1.282280815,66.35040018,5.425739694,-0.4011421594
1811,0.8597627817,0.425972404,0.7468196247,1.493639249,56.77384904,6.340947569,-0.5479450828
1812,0.9188736964,0.3669377488,0.8424283699,1.68485674,54.79722865,6.569675308,-0.5764718402
1813,0.7880780709,0.4885262088,0.6183924233,1.236784847,59.03409125,6.098171283,-0.5145279653
1814,0.7682262848,0.4569688813,0.6175362873,1.235072575,61.15170362,5.886998704,-0.4824921687
1815,0.7768035217,0.3080570982,0.7131090629,1.426218126,63.63654224,5.65712698,-0.4440638196
1816,0.8161360792,0.4126890347,0.7041064269,1.408212854,59.4198557,6.058580853,-0.5087430974
1817,0.8306285814,0.5892751178,0.5854047112,1.170809422,53.07437491,6.782934337,-0.6007778179
1818,0.7514018095,0.2974186804,0.6900339179,1.380067836,65.49050539,5.496980025,-0.4148440286
1819,0.8271509773,0.4768869504,0.6758384243,1.351676849,57.28210245,6.284685523,-0.5405031578
1820,0.7775459616,0.3058826149,0.7148521164,1.429704233,63.61787626,5.658786824,-0.4443556958
1821,0.7532379472,0.3555785909,0.6640265588,1.328053118,64.4548196,5.585307696,-0.4312226935
1822,0.8178100887,0.3514378183,0.7384475615,1.476895123,60.44009545,5.956310912,-0.4933332753
1823,0.8237097658,0.3683356376,0.736767695,1.47353539,59.81808418,6.018246906,-0.5027471319
1824,0.7870315469,0.3419405769,0.7088690272,1.417738054,62.47426345,5.762372857,-0.4621470008
1825,0.831835106,0.4288764744,0.7127514386,1.425502877,58.19854676,6.185721466,-0.5269773519
1826,0.7277649291,0.3997065541,0.6081746975,1.216349395,65.30678991,5.51244366,-0.4177594069
1827,0.7964644023,0.4496605273,0.6573894997,1.314778999,59.68647901,6.031516785,-0.5047313589
1828,0.8172145366,0.3931708136,0.7164190884,1.432838177,59.74783162,6.025323267,-0.5038066688
1829,0.8369959393,0.4156314781,0.7265071761,1.453014352,58.19381007,6.186224954,-0.5270476103
1830,0.8562706524,0.3134232336,0.7968471038,1.593694208,58.76783234,6.125800216,-0.5185071563
1831,0.8149904857,0.3615612823,0.7303991586,1.460798317,60.44242018,5.95608182,-0.4932979818
1832,0.8442300787,0.533953688,0.653924984,1.307849968,54.71636019,6.57938501,-0.5776245616
1833,0.8250545961,0.3965806538,0.7234907543,1.446981509,59.23343131,6.077648923,-0.5115415863
1834,0.8906317745,0.3687749819,0.8106972126,1.621394425,56.17509426,6.408533973,-0.5566567812
1835,0.8610473151,0.4146992277,0.754603889,1.509207778,56.92758907,6.323823051,-0.5456985193
1836,0.8795085329,0.3472734192,0.8080448203,1.616089641,57.06064707,6.309076719,-0.5437510048
1837,0.7841713811,0.2747871316,0.7344499896,1.468899979,63.57868531,5.662274994,-0.4449683635
1838,0.8538054692,0.4032671625,0.7525685184,1.505137037,57.52466024,6.258185594,-0.5369365609
1839,0.8181228503,0.2917269046,0.7643431241,1.528686248,61.2504609,5.877506793,-0.4809817164
1840,0.8351572444,0.4941169409,0.6733023627,1.346604725,56.39134597,6.38395828,-0.5535173485
1841,0.7871028177,0.3204369262,0.7189235161,1.437847032,62.79657391,5.732796833,-0.4571511103
1842,0.8754473196,0.442177737,0.7555705516,1.511141103,55.64865783,6.469158719,-0.564266081
1843,0.7138623444,0.3540907764,0.6198541513,1.239708303,67.2757084,5.351114222,-0.3862971347
1844,0.7664280005,0.4446489611,0.6242589057,1.248517811,61.60878235,5.843322758,-0.4754893702
1845,0.8926638028,0.3660607379,0.8141548999,1.6283098,56.11167246,6.415777399,-0.5575760049
1846,0.8506880542,0.4894548393,0.6957759163,1.391551833,55.75375827,6.45696382,-0.5627507069
1847,0.8910156906,0.4920982223,0.7427976175,1.485595235,53.78677753,6.693094781,-0.5907918786
1848,0.7684599593,0.3361418102,0.6910422509,1.382084502,63.76691687,5.645560703,-0.4420238648
1849,0.7596300784,0.3370966852,0.6807376006,1.361475201,64.33958308,5.595311359,-0.4330364676
1850,0.8489796273,0.5001122918,0.686042348,1.372084696,55.54185051,6.481598951,-0.56580412
1851,0.7961553303,0.4410804459,0.6628056655,1.325611331,59.9227608,6.007733876,-0.5011670154
1852,0.8178312989,0.4512015412,0.6821035131,1.364207026,58.44784995,6.159336919,-0.5232744129
1853,0.7536688432,0.3784155805,0.6517809246,1.303561849,63.99134212,5.625761049,-0.4385069572
1854,0.7273818086,0.4286312111,0.5876730216,1.175346043,64.59708597,5.57300681,-0.428981076
1855,0.8052522422,0.5162707214,0.6179771158,1.235954232,57.18872755,6.294946844,-0.541873574
1856,0.7710696072,0.3778289096,0.6721559746,1.344311949,62.86024275,5.726990293,-0.4561625117
1857,0.8194941371,0.2659987285,0.7751227755,1.550245551,61.45929377,5.857535581,-0.4777830023
1858,0.8889272141,0.4706340285,0.7541188256,1.508237651,54.38515748,6.619453113,-0.582333585
1859,0.8470943566,0.4514645256,0.7167626044,1.433525209,56.88221028,6.328867993,-0.5463620373
1860,0.8507744424,0.4009935655,0.750347461,1.500694922,57.72907799,6.236025458,-0.5339233046
1861,0.8249454806,0.5494852019,0.6153056629,1.230611326,55.01916282,6.543174805,-0.5733024353
1862,0.7984037603,0.2270556263,0.7654373306,1.530874661,63.1524093,5.700495104,-0.4516187797
1863,0.7675580707,0.4715691725,0.6056136619,1.211227324,60.75104825,5.925823675,-0.4886052787
1864,0.8503647152,0.3494680765,0.775236875,1.55047375,58.60465572,6.142856665,-0.5209402726
1865,0.825334068,0.3911077863,0.7267812761,1.453562552,59.32068552,6.068709369,-0.5102324518
1866,0.7862212735,0.3596137774,0.6991579378,1.398315876,62.23080584,5.784916251,-0.4659109662
1867,0.8626462578,0.4256029942,0.7503470247,1.500694049,56.63216408,6.356811643,-0.5500119955
1868,0.7571420111,0.3514288927,0.6706427949,1.34128559,64.26494899,5.601809472,-0.4342102422
1869,0.7602866703,0.3318788417,0.684026502,1.368053004,64.37920979,5.591867331,-0.4324129571
1870,0.8515029507,0.4528943789,0.7210713949,1.44214279,56.62225254,6.357924383,-0.5501564604
1871,0.7970075261,0.481026083,0.635480058,1.270960116,58.77621892,6.124926146,-0.5183819907
1872,0.7981049398,0.4242223046,0.6760228778,1.352045756,60.21215674,5.978859079,-0.4967898316
1873,0.7060467879,0.3399805999,0.6188014693,1.237602939,68.12029145,5.284768934,-0.3726591636
1874,0.9095170482,0.3532598042,0.8381102384,1.676220477,55.44413199,6.493022563,-0.5672095571
1875,0.7471084279,0.3612746081,0.653950809,1.307901618,64.76808001,5.558293529,-0.4262833127
1876,0.7650123825,0.3410822514,0.6847677294,1.369535459,63.91486742,5.632492322,-0.4397061299
1877,0.7548584912,0.2582960144,0.7092915555,1.418583111,65.72993849,5.476956289,-0.4110380712
1878,0.8842940883,0.4429960979,0.7653303155,1.530660631,55.19709203,6.522082718,-0.5707552433
1879,0.8016650738,0.3803442735,0.7056947811,1.411389562,60.90730174,5.910621383,-0.4862240235
1880,0.7904744069,0.2228765086,0.7584034876,1.516806975,63.69857692,5.651617625,-0.4430934571
1881,0.8991854338,0.2910886206,0.8507654549,1.70153091,56.71477525,6.347552264,-0.5488072645
1882,0.7669154324,0.3178697062,0.6979384861,1.395876972,64.14927431,5.611910718,-0.4360280083
1883,0.7931053217,0.3037944747,0.7326151571,1.465230314,62.64536261,5.746634468,-0.4594967334
1884,0.7678502702,0.370929168,0.6723136097,1.344627219,63.20108664,5.696104595,-0.4508606123
1885,0.7606437211,0.4278439717,0.6289104915,1.257820983,62.4148547,5.767857696,-0.4630662594
1886,0.82629344,0.3473719533,0.7497290011,1.499458002,60.00546781,5.999453269,-0.4999173518
1887,0.8031353728,0.4521497414,0.6637673074,1.327534615,59.24194371,6.076775633,-0.5114139211
1888,0.7708841976,0.3951776542,0.6618890146,1.323778029,62.52010671,5.758147561,-0.4614373076
1889,0.6873369521,0.3841726363,0.5699504112,1.139900822,68.6810048,5.241623955,-0.3635600929
1890,0.7817555032,0.3515568994,0.6982473869,1.396494774,62.65146913,5.746074354,-0.4594020695
1891,0.8260138533,0.3173685908,0.7626113449,1.52522269,60.45254831,5.955083947,-0.4931442094
1892,0.8145800392,0.397307339,0.7111170921,1.422234184,59.82043032,6.018010872,-0.5027117348
1893,0.8385232258,0.430967013,0.7192973195,1.438594639,57.79113148,6.229329497,-0.5330072476
1894,0.8388472238,0.3055430644,0.7812221839,1.562444368,59.85577424,6.014457328,-0.5021783852
1895,0.8494308719,0.3385424575,0.7790518665,1.558103733,58.81494927,6.120892809,-0.5178038153
1896,0.7423444901,0.4593691743,0.5831426101,1.16628522,62.69278529,5.742287543,-0.458761446
1897,0.8110303727,0.4035568194,0.7034999353,1.406999871,59.90209604,6.009806398,-0.5014790872
1898,0.7306189252,0.3078715202,0.6625851953,1.325170391,66.81317745,5.38815865,-0.3937305074
1899,0.8504427848,0.3094664205,0.7921385388,1.584277078,59.14433975,6.086803936,-0.5128770637
1900,0.8154308629,0.4451894765,0.6831792021,1.366358404,58.72768285,6.129988151,-0.5191062136
1901,0.8141327106,0.4605302361,0.6713597933,1.342719587,58.41307931,6.16300329,-0.5237914626
1902,0.8241259914,0.4894906143,0.6630102474,1.326020495,57.08397548,6.3064984,-0.5434092542
1903,0.8986475461,0.3965330618,0.8064297508,1.612859502,55.33992761,6.505248842,-0.5687064592
1904,0.8123091211,0.4312107726,0.6884064045,1.376812809,59.23234024,6.077760874,-0.5115579488
1905,0.8297698714,0.4784011907,0.6779751767,1.355950353,57.10499112,6.304177497,-0.5431013073
1906,0.7898063683,0.4352901616,0.6590269908,1.318053982,60.43848801,5.956469327,-0.4933576786
1907,0.8674821836,0.4733801658,0.7269364191,1.453872838,55.3442045,6.504746129,-0.5686450584
1908,0.812702556,0.4593107075,0.6704618695,1.340923739,58.52324856,6.151401517,-0.522152551
1909,0.8724490566,0.4016121602,0.7745159967,1.549031993,56.57586909,6.363136896,-0.550832299
1910,0.7818560492,0.3729330234,0.6871825388,1.374365078,62.26602361,5.781644292,-0.4653670022
1911,0.7251900295,0.4233620735,0.5887827559,1.177565512,64.89245267,5.547640522,-0.4243187058
1912,0.7716530779,0.3400840772,0.6926696854,1.385339371,63.49363336,5.66985981,-0.4462972544
1913,0.7991104115,0.3760467295,0.7051002106,1.410200421,61.14104495,5.88802498,-0.4826551032
1914,0.8615086802,0.4099797251,0.7577029966,1.515405993,56.99260087,6.316609428,-0.5447473356
1915,0.9318423347,0.5063048798,0.7822950245,1.564590049,51.67696874,6.96635288,-0.6200944393
1916,0.7697764053,0.4298159939,0.6386031049,1.27720621,61.79026347,5.826160624,-0.4727005219
1917,0.8395044581,0.2293860139,0.8075579185,1.615115837,60.61442169,5.939180643,-0.4906844484
1918,0.8454486035,0.5300932047,0.6586232121,1.317246424,54.78979101,6.570567132,-0.5765779063
1919,0.8220092893,0.382886305,0.7273907816,1.454781563,59.66205804,6.033985616,-0.5050992642
1920,0.8486542386,0.5353644315,0.658482302,1.316964604,54.46984092,6.609161949,-0.5811314055
1921,0.8149335776,0.3917421086,0.7146011868,1.429202374,59.90738711,6.009275606,-0.5013991896
1922,0.7159348043,0.3802842238,0.6065859817,1.213171963,66.59447494,5.405853869,-0.3972363884
1923,0.9393775668,0.4401761117,0.8298645695,1.659729139,52.68939289,6.832494744,-0.6061356551
1924,0.6720526764,0.2565223527,0.6211691255,1.242338251,72.01462524,4.998984565,-0.308774219
1925,0.8159310277,0.4166827504,0.7015118869,1.403023774,59.3473558,6.065982134,-0.5098320631
1926,0.844000029,0.4710102335,0.7003466349,1.40069327,56.56907625,6.363900984,-0.5509312451
1927,0.7671317588,0.4308857042,0.6346878329,1.269375666,61.92814858,5.813188482,-0.4705784484
1928,0.759074811,0.4150244725,0.6355700244,1.271140049,62.83167599,5.729594099,-0.4566061431
1929,0.8771187004,0.3780862055,0.7914467991,1.582893598,56.72762938,6.346113948,-0.5486197081
1930,0.8271245526,0.5050738389,0.6550079715,1.310015943,56.46384149,6.375761736,-0.5524631283
1931,0.8997094017,0.3450275342,0.8309229857,1.661845971,56.0468318,6.423199822,-0.5585150871
1932,0.8259179222,0.4082618473,0.7179572956,1.435914591,58.95615262,6.10623292,-0.5156938979
1933,0.8355160884,0.4950006443,0.6730984297,1.346196859,56.34796873,6.388872716,-0.5541477109
1934,0.8372519962,0.3344824051,0.7675365957,1.535073191,59.5622596,6.044095748,-0.506601787
1935,0.7693916357,0.3128265163,0.7029246472,1.405849294,64.05769481,5.619933734,-0.437465871
1936,0.8443341538,0.4060503126,0.7402859629,1.480571926,57.98229415,6.20879193,-0.5301813073
1937,0.9105787879,0.3127989128,0.8551669832,1.710333966,55.89255124,6.44092982,-0.5607466422
1938,0.7817471685,0.3937386077,0.6753506825,1.350701365,61.86535534,5.819088859,-0.471545185
1939,0.8406873333,0.5423196076,0.6423742177,1.284748435,54.58556618,6.595150059,-0.5794864991
1940,0.8259649523,0.3653156127,0.7407851278,1.481570256,59.73817064,6.026297695,-0.5039523149
1941,0.9387661726,0.4627833993,0.8167701342,1.633540268,52.29955077,6.883424326,-0.6115332438
1942,0.9084991016,0.4690859794,0.7780288951,1.55605779,53.51620566,6.72693431,-0.5945953984
1943,0.856211066,0.4902397315,0.7019703663,1.403940733,55.46417479,6.490676213,-0.5669214257
1944,0.748219112,0.4085474882,0.6268339409,1.253667882,63.69770733,5.65169478,-0.443107063
1945,0.7067685333,0.4137731634,0.5729864997,1.145972999,66.46803971,5.416136861,-0.3992605542
1946,0.8230470252,0.267549113,0.7783468879,1.556693776,61.22789921,5.879672578,-0.4813269143
1947,0.8074509275,0.3550954013,0.7251787754,1.450357551,60.99976784,5.901661805,-0.4848131641
1948,0.8375123406,0.4221881528,0.723314651,1.446629302,58.03135698,6.203542684,-0.529455063
1949,0.8755087901,0.3802270618,0.7886336431,1.577267286,56.77720408,6.340572873,-0.5478960984
1950,0.854195487,0.3881196278,0.760929093,1.521858186,57.7748117,6.23108911,-0.533248227
1951,0.9055815685,0.4434737252,0.7895625576,1.579125115,54.17005689,6.645737897,-0.5853814617
1952,0.8214927922,0.4926072789,0.6574104322,1.314820864,57.12750136,6.30169343,-0.5427713788
1953,0.8262283238,0.509494169,0.650437495,1.30087499,56.3692348,6.386462425,-0.5538387098
1954,0.8252950996,0.3505785595,0.7471323008,1.494264602,60.01409528,5.998590803,-0.4997869347
1955,0.9051558052,0.3872880694,0.8181167294,1.636233459,55.16690577,6.525651475,-0.5711877709
1956,0.8784654825,0.4064064303,0.7788038375,1.557607675,56.18283865,6.407650604,-0.5565444888
1957,0.7850236418,0.4350639582,0.6534381917,1.306876383,60.72870163,5.928004228,-0.4889455378
1958,0.8469872201,0.5243542969,0.6651615761,1.330323152,54.90553755,6.556715699,-0.5749261764
1959,0.773135263,0.3876721571,0.6689158643,1.337831729,62.53218399,5.75703545,-0.4612502918
1960,0.8264397101,0.3705723198,0.7387007176,1.477401435,59.62254003,6.03798496,-0.505694414
1961,0.8079492441,0.4080468696,0.6973376035,1.394675207,59.98928325,6.001071867,-0.5001619749
1962,0.8849614458,0.4417433729,0.76682433,1.53364866,55.18992658,6.522929497,-0.5708579287
1963,0.7677965508,0.3446462434,0.6860980325,1.372196065,63.67176627,5.653997385,-0.4435129
1964,0.7489881761,0.3439674894,0.6653342425,1.330668485,64.94818478,5.542880085,-0.4234377048
1965,0.7939675247,0.4401897628,0.6607703104,1.321540621,60.07233586,5.992775124,-0.4989062456
1966,0.8184188087,0.4361253751,0.6925344783,1.385068957,58.77606222,6.124942475,-0.5183843294
1967,0.841640259,0.3236357056,0.7769287327,1.553857465,59.46101588,6.054386974,-0.5081244991
1968,0.726189196,0.3514678408,0.6354692009,1.270938402,66.42112083,5.419962739,-0.4000112084
1969,0.8164047194,0.3500926813,0.7375308674,1.475061735,60.54463995,5.946025946,-0.4917453044
1970,0.8996423856,0.3891810724,0.8111069688,1.622213938,55.40903708,6.497135105,-0.5677139073
1971,0.8291861591,0.4884414757,0.6700556778,1.340111356,56.8552638,6.331867552,-0.5467558803
1972,0.8383427279,0.4244499848,0.7229527923,1.445905585,57.9391966,6.213410284,-0.5308189309
1973,0.8484701527,0.376242796,0.7604886314,1.520977263,58.28831688,6.176194807,-0.5256451281
1974,0.8322692597,0.3519211458,0.7542039696,1.508407939,59.58964299,6.041318288,-0.5061896672
1975,0.8192411968,0.3526637868,0.7394487081,1.478897416,60.33614107,5.966573162,-0.494910654
1976,0.7111623478,0.3108356445,0.6396351203,1.279270241,68.20648003,5.278090877,-0.3712628234
1977,0.9164643329,0.4112996238,0.8189868699,1.63797374,54.2352256,6.63775242,-0.5844589202
1978,0.8845294202,0.3222718577,0.8237312334,1.647462467,57.12468787,6.3020038,-0.5428126203
1979,0.7793252174,0.4412347293,0.6423859495,1.284771899,60.91359641,5.910010592,-0.4861280187
1980,0.7635554632,0.3334826333,0.6868815609,1.373763122,64.1347602,5.613180729,-0.4362559644
1981,0.8610060335,0.4233142119,0.7497576059,1.499515212,56.76236032,6.342230978,-0.5481128062
1982,0.8308397144,0.4098230598,0.7227307179,1.445461436,58.64981779,6.138126487,-0.5202672859
1983,0.8903375676,0.4032527105,0.7937809747,1.587561949,55.63993148,6.470173316,-0.5643918151
1984,0.7793589605,0.452012816,0.6348895995,1.269779199,60.62339823,5.938301225,-0.4905479297
1985,0.797563945,0.4377509364,0.6666951058,1.333390212,59.9232518,6.00768465,-0.5011595997
1986,0.871993506,0.2781686743,0.8264350326,1.652870065,58.30220846,6.174723214,-0.5254388562
1987,0.8577327782,0.3268540535,0.7930144681,1.586028936,58.51336303,6.152440765,-0.5222996903
1988,0.7455141486,0.4135092611,0.6203236549,1.24064731,63.75879935,5.646279473,-0.4421509454
1989,0.754699181,0.4035609051,0.6377377593,1.275475519,63.38451751,5.679620421,-0.4480006903
1990,0.8122347036,0.4521201597,0.6747685344,1.349537069,58.73351883,6.129379053,-0.5190191527
1991,0.8462561923,0.395228269,0.7482941657,1.496588331,58.07917458,6.198435199,-0.5287468774
1992,0.8405551864,0.409570234,0.7340199213,1.468039843,58.11992832,6.194088851,-0.5281430179
1993,0.8405539232,0.4934446928,0.680472801,1.360945602,56.14224124,6.412284085,-0.5571330319
1994,0.8635493793,0.5072815481,0.698844018,1.397688036,54.65042388,6.587323107,-0.5785635846
1995,0.8175822114,0.4533966305,0.6803470936,1.360694187,58.40682169,6.163663585,-0.5238844948
1996,0.7878050745,0.4613565825,0.6385819753,1.277163951,59.86886168,6.013142557,-0.5019808436
1997,0.8407912054,0.3921934661,0.7437164354,1.487432871,58.43396708,6.160800267,-0.5234808783
1998,0.8295087182,0.347693465,0.7531228107,1.506245621,59.81382411,6.018675537,-0.5028114029
1999,0.8217074642,0.3205531676,0.7566034783,1.513206957,60.6644736,5.934280455,-0.4899230865
